"","p_val","avg_log2FC","pct.1","pct.2","p_val_adj","cluster","gene","score"
"CTSB",0,4.70881255540527,0.7,0.044,0,"Macrophages","CTSB",3.29616878878369
"SLC8A1",0,3.25452661625923,0.687,0.082,0,"Macrophages","SLC8A1",2.23585978537009
"MRC1",0,5.31664054521375,0.63,0.025,0,"Macrophages","MRC1",3.34948354348466
"KCNMA1",0,5.05198998218064,0.606,0.028,0,"Macrophages","KCNMA1",3.06150592920147
"PLXDC2",0,1.89173967013379,0.843,0.279,0,"Macrophages","PLXDC2",1.59473654192279
"DMXL2",0,3.35391322908872,0.653,0.1,0,"Macrophages","DMXL2",2.19010533859494
"SLC11A1",0,4.25569594546072,0.577,0.03,0,"Macrophages","SLC11A1",2.45553656053084
"CD163",0,4.76000338756505,0.563,0.021,0,"Macrophages","CD163",2.67988190719913
"ZEB2",0,2.16443271271368,0.763,0.222,0,"Macrophages","ZEB2",1.65146215980054
"PSAP",0,4.07784415499145,0.599,0.059,0,"Macrophages","PSAP",2.44262864883988
"SLCO2B1",0,4.82049534519585,0.552,0.023,0,"Macrophages","SLCO2B1",2.66091343054811
"MSR1",0,5.17787734891522,0.532,0.018,0,"Macrophages","MSR1",2.7546307496229
"TBXAS1",0,2.79837728308796,0.586,0.075,0,"Macrophages","TBXAS1",1.63984908788955
"ACSL1",0,3.13491968440353,0.591,0.083,0,"Macrophages","ACSL1",1.85273753348248
"RBM47",0,2.44858465100122,0.721,0.216,0,"Macrophages","RBM47",1.76542953337188
"GLUL",0,3.15643941852193,0.574,0.073,0,"Macrophages","GLUL",1.81179622623159
"KYNU",0,3.34024927407236,0.547,0.047,0,"Macrophages","KYNU",1.82711635291758
"TFRC",0,4.7661514027567,0.518,0.034,0,"Macrophages","TFRC",2.46886642662797
"FMNL2",0,2.56353238553446,0.765,0.285,0,"Macrophages","FMNL2",1.96110227493386
"FMN1",0,2.97234983750854,0.631,0.158,0,"Macrophages","FMN1",1.87555274746789
"LRMDA",0,1.784129061318,0.873,0.403,0,"Macrophages","LRMDA",1.55754467053062
"CTSD",0,5.5869790474534,0.49,0.023,0,"Macrophages","CTSD",2.73761973325216
"SAT1",0,2.08819615960264,0.7,0.239,0,"Macrophages","SAT1",1.46173731172185
"FRMD4A",0,3.45351347829811,0.52,0.072,0,"Macrophages","FRMD4A",1.79582700871502
"CCDC88A",0,2.53271142067917,0.562,0.12,0,"Macrophages","CCDC88A",1.42338381842169
"SLC16A10",0,4.60915800677368,0.47,0.033,0,"Macrophages","SLC16A10",2.16630426318363
"RAB31",0,2.27772485789466,0.604,0.178,0,"Macrophages","RAB31",1.37574581416838
"FTL",0,3.7563148621128,0.488,0.063,0,"Macrophages","FTL",1.83308165271105
"ARHGAP18",0,2.45480267710416,0.527,0.105,0,"Macrophages","ARHGAP18",1.29368101083389
"H2AFY",0,3.51260884754686,0.476,0.054,0,"Macrophages","H2AFY",1.67200181143231
"RBPJ",0,3.18273925295839,0.614,0.197,0,"Macrophages","RBPJ",1.95420190131645
"PDE4B",0,2.69996107988867,0.518,0.103,0,"Macrophages","PDE4B",1.39857983938233
"SLC1A3",0,5.0012539374258,0.433,0.019,0,"Macrophages","SLC1A3",2.16554295490537
"DOCK2",0,1.34684027976237,0.582,0.168,0,"Macrophages","DOCK2",0.783861042821698
"DOCK8",0,1.61784484430411,0.601,0.196,0,"Macrophages","DOCK8",0.972324751426771
"ABR",0,2.18741319809076,0.572,0.167,0,"Macrophages","ABR",1.25120034930791
"PIK3R5",0,2.12993864799857,0.496,0.092,0,"Macrophages","PIK3R5",1.05644956940729
"FTH1",0,3.14052430407274,0.453,0.051,0,"Macrophages","FTH1",1.42265750974495
"ARHGAP26",0,1.25352052433383,0.644,0.243,0,"Macrophages","ARHGAP26",0.807267217670987
"CHST11",0,1.23440065825195,0.727,0.329,0,"Macrophages","CHST11",0.897409278549167
"RNF149",0,1.89603429207953,0.614,0.217,0,"Macrophages","RNF149",1.16416505533683
"RAPGEF1",0,1.55465123631702,0.614,0.217,0,"Macrophages","RAPGEF1",0.954555859098652
"CD74",0,3.75704873497263,0.433,0.041,0,"Macrophages","CD74",1.62680210224315
"ALOX5",0,3.42730820393535,0.422,0.033,0,"Macrophages","ALOX5",1.44632406206072
"CTSS",0,3.70686605376062,0.422,0.034,0,"Macrophages","CTSS",1.56429747468698
"ATG7",0,1.90457591780526,0.622,0.237,0,"Macrophages","ATG7",1.18464622087487
"CIITA",0,3.28676033645212,0.431,0.048,0,"Macrophages","CIITA",1.41659370501086
"TNS3",0,1.83984264340221,0.617,0.235,0,"Macrophages","TNS3",1.13518291097916
"RNF13",0,2.15351189623503,0.548,0.169,0,"Macrophages","RNF13",1.18012451913679
"IRAK3",0,1.91863006444185,0.52,0.144,0,"Macrophages","IRAK3",0.99768763350976
"GRK3",0,1.96957807116402,0.521,0.149,0,"Macrophages","GRK3",1.02615017507645
"TYMP",0,3.21318469326852,0.423,0.056,0,"Macrophages","TYMP",1.35917712525258
"SDCBP",0,2.56879260964394,0.457,0.091,0,"Macrophages","SDCBP",1.17393822260728
"MYO9B",0,1.74126517376872,0.542,0.177,0,"Macrophages","MYO9B",0.943765724182646
"PPARG",0,3.80574337468669,0.423,0.06,0,"Macrophages","PPARG",1.60982944749247
"RNF130",0,2.09306548982647,0.487,0.124,0,"Macrophages","RNF130",1.01932289354549
"MS4A7",0,5.30459107064799,0.369,0.008,0,"Macrophages","MS4A7",1.95739410506911
"ABCA1",0,1.97528821697643,0.546,0.187,0,"Macrophages","ABCA1",1.07850736646913
"GRB2",0,1.97270578945988,0.485,0.126,0,"Macrophages","GRB2",0.956762307888042
"SRGN",0,2.6992665796393,0.412,0.058,0,"Macrophages","SRGN",1.11209783081139
"LAPTM5",0,3.5831984285579,0.382,0.029,0,"Macrophages","LAPTM5",1.36878179970912
"IQGAP2",0,1.27362943936554,0.518,0.165,0,"Macrophages","IQGAP2",0.659740049591349
"MERTK",0,3.87528935674986,0.392,0.041,0,"Macrophages","MERTK",1.51911342784595
"HLA-DRA",0,5.24737242952413,0.365,0.014,0,"Macrophages","HLA-DRA",1.91529093677631
"TFEC",0,4.11010641254476,0.362,0.015,0,"Macrophages","TFEC",1.4878585213412
"CTSZ",0,5.07671697448971,0.361,0.015,0,"Macrophages","CTSZ",1.83269482779078
"MOB3B",0,2.92409758437367,0.413,0.068,0,"Macrophages","MOB3B",1.20765230234633
"GPCPD1",0,1.85354451399994,0.548,0.205,0,"Macrophages","GPCPD1",1.01574239367197
"MANBA",0,2.20668381307575,0.47,0.127,0,"Macrophages","MANBA",1.0371413921456
"EPB41L3",0,2.44534974170676,0.443,0.1,0,"Macrophages","EPB41L3",1.0832899355761
"MT-CO1",0,1.31819717641346,0.628,0.286,0,"Macrophages","MT-CO1",0.827827826787656
"DOCK4",0,1.31472325331849,0.731,0.389,0,"Macrophages","DOCK4",0.961062698175819
"NPL",0,4.03237492976624,0.37,0.029,0,"Macrophages","NPL",1.49197872401351
"ITGAX",0,3.8221653719238,0.363,0.023,0,"Macrophages","ITGAX",1.38744603000834
"TRPS1",0,1.49925188835672,0.552,0.214,0,"Macrophages","TRPS1",0.827587042372912
"SYK",0,2.49289758716414,0.405,0.068,0,"Macrophages","SYK",1.00962352280148
"FAM49A",0,2.39590123081257,0.421,0.087,0,"Macrophages","FAM49A",1.00867441817209
"MITF",0,2.0897906496439,0.473,0.139,0,"Macrophages","MITF",0.988470977281566
"GK",0,3.079617490832,0.383,0.05,0,"Macrophages","GK",1.17949349898866
"MT-CO2",0,1.30916867832544,0.624,0.291,0,"Macrophages","MT-CO2",0.816921255275077
"SNTB1",0,2.10040162233064,0.488,0.155,0,"Macrophages","SNTB1",1.02499599169735
"CEP170",0,2.20180350389671,0.458,0.128,0,"Macrophages","CEP170",1.00842600478469
"APOE",0,5.84305098583431,0.342,0.013,0,"Macrophages","APOE",1.99832343715533
"SBF2",0,1.18764278844085,0.62,0.292,0,"Macrophages","SBF2",0.73633852883333
"MYO5A",0,2.00372661336439,0.446,0.118,0,"Macrophages","MYO5A",0.893662069560516
"DPYD",0,1.41023998011219,0.829,0.501,0,"Macrophages","DPYD",1.169088943513
"QKI",0,1.33437414336981,0.71,0.382,0,"Macrophages","QKI",0.947405641792567
"ANKUB1",0,1.92175161671999,0.538,0.211,0,"Macrophages","ANKUB1",1.03390236979535
"MGAT1",0,3.51947826247953,0.363,0.036,0,"Macrophages","MGAT1",1.27757060928007
"LRP1",0,1.7496715929042,0.451,0.124,0,"Macrophages","LRP1",0.789101888399795
"RNF144B",0,2.43518038122014,0.402,0.076,0,"Macrophages","RNF144B",0.978942513250498
"BMP2K",0,1.6503722379058,0.471,0.145,0,"Macrophages","BMP2K",0.777325324053632
"DAPK1",0,1.51315505008543,0.53,0.205,0,"Macrophages","DAPK1",0.80197217654528
"PRKAG2",0,1.96123085355738,0.479,0.154,0,"Macrophages","PRKAG2",0.939429578853986
"MARCH1",0,2.74664000124619,0.355,0.032,0,"Macrophages","MARCH1",0.975057200442399
"HLA-DRB1",0,4.1638875349071,0.345,0.022,0,"Macrophages","HLA-DRB1",1.43654119954295
"FAM49B",0,1.20260174928139,0.571,0.248,0,"Macrophages","FAM49B",0.686685598839675
"SAMHD1",0,1.50628738390014,0.468,0.147,0,"Macrophages","SAMHD1",0.704942495665266
"FCHO2",0,2.01244649816318,0.507,0.186,0,"Macrophages","FCHO2",1.02031037456873
"GNAQ",0,1.27646398428993,0.701,0.383,0,"Macrophages","GNAQ",0.894801252987243
"CYBB",0,3.82998309118814,0.332,0.017,0,"Macrophages","CYBB",1.27155438627446
"GRN",0,4.78376418713645,0.327,0.015,0,"Macrophages","GRN",1.56429088919362
"RASGEF1B",0,3.00672798486774,0.358,0.048,0,"Macrophages","RASGEF1B",1.07640861858265
"MCTP1",0,1.57996891938035,0.406,0.097,0,"Macrophages","MCTP1",0.641467381268422
"MARCO",0,5.09393902457146,0.315,0.008,0,"Macrophages","MARCO",1.60459079274001
"FYB1",0,1.23490309199844,0.414,0.109,0,"Macrophages","FYB1",0.511249880087354
"DOCK11",0,1.49575225492807,0.444,0.141,0,"Macrophages","DOCK11",0.664114001188063
"GAB2",0,1.56200951827455,0.502,0.201,0,"Macrophages","GAB2",0.784128778173825
"ASAH1",0,2.68949887604149,0.367,0.068,0,"Macrophages","ASAH1",0.987046087507225
"DENND1A",0,1.31157361613761,0.507,0.209,0,"Macrophages","DENND1A",0.66496782338177
"ATP1B3",0,2.31265148499309,0.423,0.126,0,"Macrophages","ATP1B3",0.978251578152075
"SGK3",0,1.9620843057403,0.415,0.118,0,"Macrophages","SGK3",0.814264986882225
"VAV3",0,1.14688226270805,0.406,0.112,0,"Macrophages","VAV3",0.465634198659467
"ABCG1",0,3.13558975579357,0.332,0.041,0,"Macrophages","ABCG1",1.04101579892347
"TXNIP",0,1.15757650046422,0.478,0.187,0,"Macrophages","TXNIP",0.553321567221899
"SMAP2",0,1.14203656599598,0.448,0.159,0,"Macrophages","SMAP2",0.511632381566198
"GPRIN3",0,1.33920346526697,0.397,0.108,0,"Macrophages","GPRIN3",0.531663775710986
"TLR2",0,2.87862208052372,0.337,0.048,0,"Macrophages","TLR2",0.970095641136493
"PDGFC",0,2.60391332280588,0.394,0.105,0,"Macrophages","PDGFC",1.02594184918552
"RREB1",0,1.40262146111781,0.515,0.226,0,"Macrophages","RREB1",0.722350052475672
"HLA-DPB1",0,3.64706402065804,0.311,0.022,0,"Macrophages","HLA-DPB1",1.13423691042465
"ALCAM",0,1.04799363006714,0.564,0.275,0,"Macrophages","ALCAM",0.591068407357867
"BACH1",0,1.37015812147558,0.485,0.198,0,"Macrophages","BACH1",0.664526688915656
"ACER3",0,2.04690620950464,0.381,0.095,0,"Macrophages","ACER3",0.779871265821267
"CYTH1",0,1.02655249386743,0.544,0.258,0,"Macrophages","CYTH1",0.55844455666388
"CPVL",0,3.50096921326058,0.305,0.02,0,"Macrophages","CPVL",1.06779561004448
"MFSD1",0,3.03638387043749,0.324,0.041,0,"Macrophages","MFSD1",0.983788374021746
"MS4A6A",0,4.15750492199869,0.297,0.014,0,"Macrophages","MS4A6A",1.23477896183361
"ARHGAP10",0,1.46484952236486,0.442,0.16,0,"Macrophages","ARHGAP10",0.647463488885268
"C20orf194",0,1.5348734476934,0.478,0.197,0,"Macrophages","C20orf194",0.733669507997444
"CTSC",0,2.97155985438665,0.324,0.044,0,"Macrophages","CTSC",0.962785392821273
"ETV6",0,1.05379501260485,0.636,0.356,0,"Macrophages","ETV6",0.670213628016683
"GNA13",0,2.1016897611065,0.364,0.084,0,"Macrophages","GNA13",0.765015073042765
"LGMN",0,3.83718926903929,0.318,0.039,0,"Macrophages","LGMN",1.2202261875545
"MYO1F",0,1.36211271727889,0.36,0.086,0,"Macrophages","MYO1F",0.490360578220399
"OLR1",0,5.38053641416291,0.279,0.006,0,"Macrophages","OLR1",1.50116965955145
"SNX10",0,3.04044341927934,0.302,0.029,0,"Macrophages","SNX10",0.91821391262236
"MT-ND4",0,1.12942581560463,0.502,0.23,0,"Macrophages","MT-ND4",0.566971759433526
"LAMP1",0,3.15595547259484,0.319,0.048,0,"Macrophages","LAMP1",1.00674979575776
"TPRG1",0,2.48232451184799,0.365,0.095,0,"Macrophages","TPRG1",0.906048446824517
"GPNMB",0,4.88296815913786,0.28,0.011,0,"Macrophages","GPNMB",1.3672310845586
"PLAUR",0,3.09824221662306,0.304,0.035,0,"Macrophages","PLAUR",0.941865633853411
"MT-CO3",0,1.0962113926672,0.52,0.251,0,"Macrophages","MT-CO3",0.570029924186944
"ITPR2",0,1.11536563789393,0.574,0.307,0,"Macrophages","ITPR2",0.640219876151116
"CPM",0,1.54583225572408,0.41,0.144,0,"Macrophages","CPM",0.633791224846874
"SAMSN1",0,1.53288660785838,0.363,0.098,0,"Macrophages","SAMSN1",0.55643783865259
"NCKAP1L",0,1.93512193753292,0.321,0.057,0,"Macrophages","NCKAP1L",0.621174141948069
"CORO1C",0,1.71427318674623,0.393,0.129,0,"Macrophages","CORO1C",0.673709362391268
"CTSL",0,4.29726575992383,0.28,0.017,0,"Macrophages","CTSL",1.20323441277867
"FGD4",0,1.13978526372358,0.495,0.232,0,"Macrophages","FGD4",0.564193705543173
"TNFAIP2",0,2.64666678978669,0.299,0.037,0,"Macrophages","TNFAIP2",0.791353370146221
"LDLRAD4",0,1.02611584227612,0.487,0.225,0,"Macrophages","LDLRAD4",0.499718415188471
"SNX29",0,1.14129801455754,0.537,0.276,0,"Macrophages","SNX29",0.612877033817398
"CEBPB",0,2.33754011438627,0.329,0.068,0,"Macrophages","CEBPB",0.769050697633081
"DLEU2",0,1.0646048520857,0.562,0.302,0,"Macrophages","DLEU2",0.598307926872166
"SH3PXD2B",0,1.36113189820747,0.408,0.148,0,"Macrophages","SH3PXD2B",0.555341814468648
"LCP2",0,1.76393719674495,0.327,0.068,0,"Macrophages","LCP2",0.576807463335597
"VPS8",0,1.43136093102947,0.446,0.188,0,"Macrophages","VPS8",0.638386975239145
"MS4A4A",0,5.04396518994139,0.264,0.006,0,"Macrophages","MS4A4A",1.33160681014453
"HIF1A",0,1.20039962868774,0.537,0.279,0,"Macrophages","HIF1A",0.644614600605317
"LYN",0,1.06917085521646,0.451,0.194,0,"Macrophages","LYN",0.482196055702623
"C1QA",0,7.3609913359842,0.258,0.002,0,"Macrophages","C1QA",1.89913576468392
"CYP27A1",0,4.06325690343097,0.277,0.023,0,"Macrophages","CYP27A1",1.12552216225038
"SLC39A11",0,1.20024476223024,0.466,0.213,0,"Macrophages","SLC39A11",0.559314059199292
"NCEH1",0,2.42685298496878,0.309,0.057,0,"Macrophages","NCEH1",0.749897572355352
"NCF2",0,3.93412299914781,0.262,0.011,0,"Macrophages","NCF2",1.03074022577673
"CLEC7A",0,4.34988508132113,0.26,0.009,0,"Macrophages","CLEC7A",1.13097012114349
"EMILIN2",0,3.333462048942,0.267,0.018,0,"Macrophages","EMILIN2",0.890034367067515
"SDCCAG8",0,1.22488975181114,0.507,0.259,0,"Macrophages","SDCCAG8",0.62101910416825
"ZNF438",0,1.69926322292504,0.372,0.124,0,"Macrophages","ZNF438",0.632125918928115
"DENND4C",0,1.40833183359726,0.461,0.214,0,"Macrophages","DENND4C",0.649240975288337
"PTK2B",0,1.27860047918244,0.385,0.138,0,"Macrophages","PTK2B",0.492261184485239
"KCNAB2",0,1.82968676335959,0.305,0.059,0,"Macrophages","KCNAB2",0.558054462824674
"SLA",0,1.702775982663,0.308,0.063,0,"Macrophages","SLA",0.524455002660205
"C1QB",0,7.40882696497514,0.245,0.001,0,"Macrophages","C1QB",1.81516260641891
"MT-ND2",0,1.15511276676433,0.437,0.193,0,"Macrophages","MT-ND2",0.504784279076011
"SOAT1",0,2.09622292139077,0.33,0.087,0,"Macrophages","SOAT1",0.691753564058954
"SKAP2",0,1.22998746053762,0.399,0.157,0,"Macrophages","SKAP2",0.490764996754511
"STX7",0,1.58547590024505,0.366,0.124,0,"Macrophages","STX7",0.580284179489689
"SIPA1L1",0,1.51318804080247,0.575,0.334,0,"Macrophages","SIPA1L1",0.870083123461418
"RGL1",0,2.31760779046239,0.352,0.112,0,"Macrophages","RGL1",0.815797942242762
"SH3BP5",0,1.96755125033896,0.326,0.087,0,"Macrophages","SH3BP5",0.641421707610501
"TBC1D14",0,2.05467508527441,0.333,0.094,0,"Macrophages","TBC1D14",0.684206803396378
"IFI30",0,4.65489100010694,0.247,0.008,0,"Macrophages","IFI30",1.14975807702641
"TGFBI",0,3.44183217141507,0.258,0.02,0,"Macrophages","TGFBI",0.887992700225089
"ST3GAL1",0,1.20141587789455,0.408,0.171,0,"Macrophages","ST3GAL1",0.490177678180975
"WDFY4",0,1.96276217134464,0.263,0.028,0,"Macrophages","WDFY4",0.516206451063639
"UBASH3B",0,1.62874502247982,0.321,0.087,0,"Macrophages","UBASH3B",0.522827152216022
"ATP6V1B2",0,2.85417586268685,0.269,0.036,0,"Macrophages","ATP6V1B2",0.767773307062762
"DISC1",0,1.51443347262107,0.344,0.111,0,"Macrophages","DISC1",0.520965114581647
"APBB1IP",0,1.09491564327657,0.347,0.114,0,"Macrophages","APBB1IP",0.37993572821697
"ELL2",0,1.0324667764169,0.539,0.307,0,"Macrophages","ELL2",0.55649959248871
"FAM102B",0,2.23245327062568,0.285,0.053,0,"Macrophages","FAM102B",0.636249182128318
"FNIP2",0,1.74210739113913,0.375,0.145,0,"Macrophages","FNIP2",0.653290271677172
"RIN3",0,1.33551174792859,0.331,0.102,0,"Macrophages","RIN3",0.442054388564363
"TET3",0,1.66841365406299,0.335,0.107,0,"Macrophages","TET3",0.558918574111103
"TET2",0,1.36615638595045,0.379,0.152,0,"Macrophages","TET2",0.517773270275219
"RAB20",0,3.1495022419199,0.264,0.037,0,"Macrophages","RAB20",0.831468591866855
"APLP2",0,1.63381666158987,0.356,0.129,0,"Macrophages","APLP2",0.581638731525992
"AP2A2",0,1.81870351298,0.369,0.143,0,"Macrophages","AP2A2",0.67110159628962
"B2M",0,1.65768935625568,0.372,0.147,0,"Macrophages","B2M",0.616660440527111
"FPR3",0,5.44867506641284,0.229,0.004,0,"Macrophages","FPR3",1.24774659020854
"SPI1",0,3.490542509359,0.238,0.013,0,"Macrophages","SPI1",0.830749117227442
"STAC",0,5.41793150262881,0.231,0.007,0,"Macrophages","STAC",1.25154217710725
"FLVCR2",0,2.98252306632993,0.259,0.035,0,"Macrophages","FLVCR2",0.772473474179452
"SLC8A1-AS1",0,3.23481966142949,0.245,0.022,0,"Macrophages","SLC8A1-AS1",0.792530817050225
"CSF2RA",0,3.75470522349818,0.236,0.013,0,"Macrophages","CSF2RA",0.886110432745569
"GSAP",0,1.30116455376719,0.365,0.144,0,"Macrophages","GSAP",0.474925062125025
"ARRB2",0,2.75625200998678,0.245,0.024,0,"Macrophages","ARRB2",0.675281742446761
"SLC38A6",0,2.46922181483435,0.28,0.06,0,"Macrophages","SLC38A6",0.691382108153617
"PIK3AP1",0,2.51574578326959,0.247,0.027,0,"Macrophages","PIK3AP1",0.621389208467588
"CLIP4",0,1.4712043105203,0.355,0.137,0,"Macrophages","CLIP4",0.522277530234708
"MAP3K8",0,1.77537091437657,0.321,0.105,0,"Macrophages","MAP3K8",0.569894063514878
"TIMP2",0,1.39218462819599,0.321,0.105,0,"Macrophages","TIMP2",0.446891265650911
"SLC43A2",0,2.35509410113575,0.272,0.057,0,"Macrophages","SLC43A2",0.640585595508924
"LITAF",0,1.38995926104602,0.313,0.098,0,"Macrophages","LITAF",0.435057248707405
"LCP1",0,1.34342863003883,0.285,0.07,0,"Macrophages","LCP1",0.382877159561067
"HEXA",0,2.1986727477343,0.282,0.067,0,"Macrophages","HEXA",0.620025714861073
"FGD2",0,3.25258437910381,0.231,0.017,0,"Macrophages","FGD2",0.75134699157298
"PDK4",0,2.14704267094174,0.281,0.067,0,"Macrophages","PDK4",0.603318990534629
"SPRED1",0,1.88028268287217,0.371,0.157,0,"Macrophages","SPRED1",0.697584875345575
"FKBP15",0,2.27741262688143,0.264,0.051,0,"Macrophages","FKBP15",0.601236933496698
"HCK",0,3.65484840560947,0.223,0.01,0,"Macrophages","HCK",0.815031194450912
"LDLRAD3",0,2.22581403844771,0.269,0.057,0,"Macrophages","LDLRAD3",0.598743976342435
"CPQ",0,1.3565949972191,0.352,0.141,0,"Macrophages","CPQ",0.477521439021125
"GAS7",0,1.09675093634258,0.353,0.142,0,"Macrophages","GAS7",0.387153080528932
"ZNF331",0,2.3343753975345,0.286,0.075,0,"Macrophages","ZNF331",0.667631363694867
"HCLS1",0,1.94982385165802,0.254,0.045,0,"Macrophages","HCLS1",0.495255258321136
"KCNE1",0,3.35065852375752,0.23,0.021,0,"Macrophages","KCNE1",0.770651460464229
"SUMF1",0,1.10819171564616,0.401,0.193,0,"Macrophages","SUMF1",0.444384877974111
"C9orf72",0,2.65971523409497,0.248,0.04,0,"Macrophages","C9orf72",0.659609378055553
"MT-ND5",0,1.08273708564543,0.364,0.156,0,"Macrophages","MT-ND5",0.394116299174937
"CERT1",0,1.0151513732558,0.418,0.212,0,"Macrophages","CERT1",0.424333274020924
"IGF2R",0,1.05944160718245,0.424,0.218,0,"Macrophages","IGF2R",0.44920324144536
"HMOX1",0,3.3554625275274,0.232,0.027,0,"Macrophages","HMOX1",0.778467306386357
"MGAT4A",0,1.28567760677927,0.297,0.092,0,"Macrophages","MGAT4A",0.381846249213443
"CD86",0,3.92086382737105,0.216,0.011,0,"Macrophages","CD86",0.846906586712147
"SDC2",0,3.16175220115751,0.247,0.043,0,"Macrophages","SDC2",0.780952793685905
"MT-CYB",0,1.04530596552396,0.381,0.177,0,"Macrophages","MT-CYB",0.398261572864629
"TTYH3",0,2.77896670459685,0.243,0.039,0,"Macrophages","TTYH3",0.675288909217034
"ANKS1A",0,1.06190211207819,0.406,0.203,0,"Macrophages","ANKS1A",0.431132257503743
"FCGR2A",0,3.52419840556946,0.215,0.012,0,"Macrophages","FCGR2A",0.757702657197435
"DDX60L",0,1.63190099537024,0.286,0.083,0,"Macrophages","DDX60L",0.466723684675887
"SLC22A15",0,2.23046860929999,0.26,0.058,0,"Macrophages","SLC22A15",0.579921838417998
"F13A1",0,6.37461243902714,0.208,0.006,0,"Macrophages","F13A1",1.32591938731765
"ACP5",0,6.63140944496352,0.205,0.003,0,"Macrophages","ACP5",1.35943893621752
"ITSN1",0,1.54461315341096,0.371,0.169,0,"Macrophages","ITSN1",0.573051479915465
"VSIG4",0,5.7179218785361,0.205,0.003,0,"Macrophages","VSIG4",1.1721739850999
"AGFG1",0,1.13287038977957,0.405,0.204,0,"Macrophages","AGFG1",0.458812507860725
"DENND5A",0,1.27017365565139,0.342,0.141,0,"Macrophages","DENND5A",0.434399390232774
"VIM",0,1.84637008746747,0.279,0.078,0,"Macrophages","VIM",0.515137254403425
"CSF1R",0,4.1766994560812,0.209,0.008,0,"Macrophages","CSF1R",0.87293018632097
"ZMIZ1",0,1.15003979857879,0.359,0.158,0,"Macrophages","ZMIZ1",0.412864287689785
"TMSB4X",0,1.82231502333724,0.282,0.081,0,"Macrophages","TMSB4X",0.513892836581101
"ACTR2",0,1.16317010682634,0.339,0.139,0,"Macrophages","ACTR2",0.394314666214129
"C5AR1",0,3.46539374971082,0.222,0.022,0,"Macrophages","C5AR1",0.769317412435802
"DAB2",0,2.85681024609356,0.238,0.038,0,"Macrophages","DAB2",0.679920838570268
"SNX2",0,1.75499190618764,0.281,0.082,0,"Macrophages","SNX2",0.493152725638727
"HLA-DQB1",0,3.87664534237694,0.211,0.013,0,"Macrophages","HLA-DQB1",0.817972167241535
"MAFB",0,4.32778715405524,0.207,0.009,0,"Macrophages","MAFB",0.895851940889435
"CTNNB1",0,1.00077868354819,0.45,0.253,0,"Macrophages","CTNNB1",0.450350407596687
"ZCCHC2",0,1.53539055322408,0.287,0.09,0,"Macrophages","ZCCHC2",0.440657088775312
"PLIN2",0,2.21411646924815,0.246,0.05,0,"Macrophages","PLIN2",0.544672651435046
"GPD2",0,1.36354521366923,0.321,0.126,0,"Macrophages","GPD2",0.437698013587824
"LHFPL2",0,1.88966361495357,0.277,0.082,0,"Macrophages","LHFPL2",0.52343682134214
"EPSTI1",0,1.41023486395401,0.306,0.111,0,"Macrophages","EPSTI1",0.431531868369927
"AGPAT4",0,1.72067128022756,0.285,0.09,0,"Macrophages","AGPAT4",0.490391314864856
"LTA4H",0,2.35920967905012,0.256,0.062,0,"Macrophages","LTA4H",0.603957677836831
"ALDH1A2",0,2.91811910906345,0.22,0.026,0,"Macrophages","ALDH1A2",0.641986203993958
"AQP9",0,4.09430586969622,0.202,0.008,0,"Macrophages","AQP9",0.827049785678636
"COLEC12",0,1.93777819903192,0.311,0.117,0,"Macrophages","COLEC12",0.602649019898926
"DPYD-AS1",0,1.29111369089609,0.339,0.146,0,"Macrophages","DPYD-AS1",0.437687541213774
"ARHGEF10L",0,2.38215269318034,0.242,0.049,0,"Macrophages","ARHGEF10L",0.576480951749643
"DIRC3",0,2.76680060606483,0.246,0.053,0,"Macrophages","DIRC3",0.680632949091949
"HAVCR2",0,2.45067600425766,0.22,0.027,0,"Macrophages","HAVCR2",0.539148720936684
"IFNGR1",0,1.52239937638849,0.291,0.099,0,"Macrophages","IFNGR1",0.443018218529052
"SH3BGRL",0,1.11607998903758,0.332,0.141,0,"Macrophages","SH3BGRL",0.370538556360477
"GPR137B",0,2.32120565437897,0.228,0.037,0,"Macrophages","GPR137B",0.529234889198405
"GLIPR2",0,3.01168943525014,0.216,0.025,0,"Macrophages","GLIPR2",0.650524918014029
"WDFY2",0,1.2773086842497,0.325,0.134,0,"Macrophages","WDFY2",0.415125322381152
"HEXB",0,3.3153478599984,0.212,0.022,0,"Macrophages","HEXB",0.702853746319661
"CD83",0,2.69463577556359,0.216,0.026,0,"Macrophages","CD83",0.582041327521735
"PLSCR1",0,1.64440515459332,0.295,0.106,0,"Macrophages","PLSCR1",0.485099520605029
"EEPD1",0,2.14277589606785,0.251,0.062,0,"Macrophages","EEPD1",0.53783674991303
"ITGAM",0,2.95660445231595,0.205,0.016,0,"Macrophages","ITGAM",0.606103912724771
"ZFYVE16",0,1.6143184747701,0.308,0.12,0,"Macrophages","ZFYVE16",0.497210090229192
"CDCP1",0,2.86063548310347,0.219,0.032,0,"Macrophages","CDCP1",0.626479170799659
"SLC2A9",0,3.08698044008357,0.211,0.024,0,"Macrophages","SLC2A9",0.651352872857634
"MIR181A1HG",0,1.72569009960491,0.265,0.079,0,"Macrophages","MIR181A1HG",0.457307876395301
"FIG4",0,2.11195623756318,0.24,0.054,0,"Macrophages","FIG4",0.506869497015163
"RAD51B",0,1.2456413960805,0.31,0.124,0,"Macrophages","RAD51B",0.386148832784954
"ATP6V0A1",0,1.52987684500703,0.287,0.101,0,"Macrophages","ATP6V0A1",0.439074654517016
"TSPAN14",0,1.04511137294695,0.295,0.11,0,"Macrophages","TSPAN14",0.308307855019352
"ETS2",0,1.41791775617615,0.303,0.118,0,"Macrophages","ETS2",0.429629080121374
"ADAM9",0,1.14852050143928,0.355,0.171,0,"Macrophages","ADAM9",0.407724778010944
"PDE8A",0,1.00553572453887,0.401,0.218,0,"Macrophages","PDE8A",0.403219825540088
"OSBPL1A",0,1.6522025298494,0.272,0.089,0,"Macrophages","OSBPL1A",0.449399088119037
"FGR",0,2.91270489812858,0.199,0.016,0,"Macrophages","FGR",0.579628274727588
"ARL8B",0,1.28276525671092,0.317,0.134,0,"Macrophages","ARL8B",0.406636586377361
"KLHL6",0,1.792635948205,0.232,0.049,0,"Macrophages","KLHL6",0.415891539983561
"TPK1",0,1.45705944653176,0.27,0.088,0,"Macrophages","TPK1",0.393406050563575
"TMEM51",0,2.55759119532239,0.221,0.039,0,"Macrophages","TMEM51",0.565227654166249
"CBL",0,1.19260825387781,0.284,0.102,0,"Macrophages","CBL",0.338700744101298
"RASSF3",0,1.11215770829313,0.298,0.116,0,"Macrophages","RASSF3",0.331422997071354
"CD68",0,5.76947435051431,0.185,0.003,0,"Macrophages","CD68",1.06735275484515
"ABCC3",0,1.78103432453061,0.26,0.078,0,"Macrophages","ABCC3",0.463068924377959
"SIRPA",0,2.96393142655221,0.206,0.024,0,"Macrophages","SIRPA",0.610569873869756
"SHTN1",0,1.61027624461735,0.272,0.091,0,"Macrophages","SHTN1",0.437995138535919
"ARPC5",0,2.52354738540786,0.219,0.038,0,"Macrophages","ARPC5",0.552656877404322
"KMO",0,4.82227200320986,0.187,0.006,0,"Macrophages","KMO",0.901764864600245
"SNX9",0,1.20463412100845,0.327,0.147,0,"Macrophages","SNX9",0.393915357569762
"MCL1",0,1.16074377979957,0.318,0.138,0,"Macrophages","MCL1",0.369116521976262
"IVNS1ABP",0,1.78535383477858,0.241,0.061,0,"Macrophages","IVNS1ABP",0.430270274181638
"ZNF804A",0,2.7400529010943,0.195,0.015,0,"Macrophages","ZNF804A",0.534310315713389
"FBP1",0,4.00571345997729,0.195,0.015,0,"Macrophages","FBP1",0.781114124695572
"RASSF4",0,2.94676669770966,0.207,0.027,0,"Macrophages","RASSF4",0.609980706425899
"SIGLEC1",0,5.05738089607254,0.184,0.004,0,"Macrophages","SIGLEC1",0.930558084877347
"KIF16B",0,1.43447194679643,0.31,0.13,0,"Macrophages","KIF16B",0.444686303506894
"GLDN",0,3.45067215188928,0.2,0.021,0,"Macrophages","GLDN",0.690134430377855
"FCGRT",0,3.52064350895191,0.198,0.019,0,"Macrophages","FCGRT",0.697087414772478
"TNFRSF1B",0,1.35354875683823,0.247,0.068,0,"Macrophages","TNFRSF1B",0.334326542939042
"ATP8B4",0,2.46216044280012,0.213,0.034,0,"Macrophages","ATP8B4",0.524440174316425
"ADAP2",0,3.98626261182042,0.19,0.011,0,"Macrophages","ADAP2",0.757389896245879
"P2RX7",0,3.13535605669344,0.196,0.018,0,"Macrophages","P2RX7",0.614529787111914
"SIPA1L2",0,1.44627630755678,0.258,0.08,0,"Macrophages","SIPA1L2",0.373139287349648
"CCL18",0,7.33690540683853,0.179,0.001,0,"Macrophages","CCL18",1.3133060678241
"ATP2B1",0,1.03903496933041,0.343,0.166,0,"Macrophages","ATP2B1",0.356388994480332
"TBC1D2",0,1.81219525659762,0.255,0.078,0,"Macrophages","TBC1D2",0.462109790432394
"ARHGAP22",0,3.41861514793319,0.196,0.02,0,"Macrophages","ARHGAP22",0.670048568994906
"SH2B3",0,2.15630618829627,0.218,0.042,0,"Macrophages","SH2B3",0.470074749048587
"ABHD12",0,2.10187748438783,0.229,0.054,0,"Macrophages","ABHD12",0.481329943924813
"PPARD",0,1.60826372150013,0.258,0.084,0,"Macrophages","PPARD",0.414932040147035
"GSN",0,1.52896029434009,0.285,0.111,0,"Macrophages","GSN",0.435753683886927
"ARAP1",0,1.7388075015113,0.244,0.07,0,"Macrophages","ARAP1",0.424269030368757
"CSGALNACT2",0,1.21327934536962,0.28,0.107,0,"Macrophages","CSGALNACT2",0.339718216703495
"ADAMTS2",0,1.7101170559703,0.256,0.083,0,"Macrophages","ADAMTS2",0.437789966328397
"PLA2G7",0,5.62710109433713,0.176,0.003,0,"Macrophages","PLA2G7",0.990369792603335
"LYZ",0,4.46152271153657,0.181,0.008,0,"Macrophages","LYZ",0.807535610788119
"HLA-DMB",0,3.8886667128386,0.181,0.009,0,"Macrophages","HLA-DMB",0.703848675023786
"SLC2A3",0,1.00728554384429,0.303,0.132,0,"Macrophages","SLC2A3",0.305207519784821
"CSTB",0,3.97878048779704,0.188,0.017,0,"Macrophages","CSTB",0.748010731705844
"LNCAROD",0,4.2739034951025,0.181,0.011,0,"Macrophages","LNCAROD",0.773576532613553
"LIPA",0,3.57562626855874,0.187,0.018,0,"Macrophages","LIPA",0.668642112220484
"COLGALT1",0,2.98500253591553,0.193,0.024,0,"Macrophages","COLGALT1",0.576105489431697
"THEMIS2",0,3.06530421901203,0.184,0.015,0,"Macrophages","THEMIS2",0.564015976298214
"ANPEP",0,3.27333589219379,0.182,0.013,0,"Macrophages","ANPEP",0.59574713237927
"CD84",0,2.29446795705237,0.193,0.025,0,"Macrophages","CD84",0.442832315711108
"UPP1",0,2.37492301727227,0.197,0.029,0,"Macrophages","UPP1",0.467859834402637
"STAB1",0,4.07591986943358,0.18,0.012,0,"Macrophages","STAB1",0.733665576498045
"AP1B1",0,2.55891905679846,0.205,0.037,0,"Macrophages","AP1B1",0.524578406643685
"ME1",0,2.24047698451005,0.239,0.072,0,"Macrophages","ME1",0.535473999297903
"IL10RA",0,1.8556651108059,0.204,0.037,0,"Macrophages","IL10RA",0.378555682604403
"B3GNT5",0,2.65947821882524,0.2,0.034,0,"Macrophages","B3GNT5",0.531895643765047
"RNASET2",0,2.0490612933402,0.201,0.035,0,"Macrophages","RNASET2",0.41186131996138
"ARPC1B",0,1.77157848877897,0.232,0.066,0,"Macrophages","ARPC1B",0.411006209396721
"GNS",0,2.27816121838661,0.211,0.045,0,"Macrophages","GNS",0.480692017079575
"TIAM1",0,2.98362525721792,0.181,0.015,0,"Macrophages","TIAM1",0.540036171556443
"MT-ND4L",0,1.08515949750235,0.272,0.107,0,"Macrophages","MT-ND4L",0.29516338332064
"GNAI2",0,1.6656566389261,0.223,0.058,0,"Macrophages","GNAI2",0.37144143048052
"EMC10",0,2.21853122118373,0.228,0.063,0,"Macrophages","EMC10",0.50582511842989
"NRIP1",0,1.08502742063974,0.306,0.141,0,"Macrophages","NRIP1",0.332018390715761
"HIF1A-AS3",0,1.10775931248104,0.348,0.183,0,"Macrophages","HIF1A-AS3",0.385500240743402
"MAP2K1",0,1.14408312786156,0.294,0.129,0,"Macrophages","MAP2K1",0.3363604395913
"GNB4",0,1.87360576236807,0.224,0.06,0,"Macrophages","GNB4",0.419687690770447
"GRAMD1B",0,1.56961315660412,0.203,0.039,0,"Macrophages","GRAMD1B",0.318631470790636
"SLC6A6",0,1.35786829730834,0.249,0.085,0,"Macrophages","SLC6A6",0.338109206029776
"GNA12",0,1.41785727209304,0.292,0.128,0,"Macrophages","GNA12",0.414014323451169
"SLC11A2",0,1.553642046507,0.253,0.09,0,"Macrophages","SLC11A2",0.393071437766271
"UBE2W",0,1.03576325610581,0.301,0.138,0,"Macrophages","UBE2W",0.311764740087849
"EIF4A1",0,1.60789193495148,0.24,0.077,0,"Macrophages","EIF4A1",0.385894064388355
"COTL1",0,1.4701800984614,0.211,0.049,0,"Macrophages","COTL1",0.310208000775356
"MKNK1",0,1.86785836723584,0.215,0.054,0,"Macrophages","MKNK1",0.401589548955707
"FCGR3A",0,3.92895358847549,0.168,0.007,0,"Macrophages","FCGR3A",0.660064202863882
"PLD1",0,1.40841000404963,0.25,0.089,0,"Macrophages","PLD1",0.352102501012409
"FAR2",0,1.24340299134411,0.229,0.068,0,"Macrophages","FAR2",0.284739285017801
"PFKFB3",0,1.26526634049209,0.299,0.138,0,"Macrophages","PFKFB3",0.378314635807133
"GAS2L3",0,3.62708010467088,0.172,0.011,0,"Macrophages","GAS2L3",0.623857778003392
"MIS18BP1",0,1.08264581945351,0.277,0.117,0,"Macrophages","MIS18BP1",0.299892891988621
"GGA2",0,1.24452866690609,0.264,0.104,0,"Macrophages","GGA2",0.328555568063208
"PLXNC1",0,1.44875221604374,0.25,0.09,0,"Macrophages","PLXNC1",0.362188054010936
"RHOQ",0,1.17279905574059,0.275,0.116,0,"Macrophages","RHOQ",0.322519740328663
"CPNE8",0,1.02155858396094,0.29,0.131,0,"Macrophages","CPNE8",0.296251989348673
"TEC",0,2.0200677161189,0.204,0.046,0,"Macrophages","TEC",0.412093814088255
"CCDC93",0,1.19217987476211,0.267,0.11,0,"Macrophages","CCDC93",0.318312026561483
"SLC25A13",0,1.05642882527665,0.302,0.145,0,"Macrophages","SLC25A13",0.319041505233547
"TLR4",0,3.9233058618833,0.166,0.009,0,"Macrophages","TLR4",0.651268773072629
"PIK3CB",0,1.04609553853068,0.296,0.139,0,"Macrophages","PIK3CB",0.30964427940508
"ATP6V0C",0,3.4707339944379,0.174,0.017,0,"Macrophages","ATP6V0C",0.603907715032194
"UBXN2B",0,2.46394539836788,0.191,0.035,0,"Macrophages","UBXN2B",0.470613571088265
"HLA-B",0,1.67088470150317,0.226,0.071,0,"Macrophages","HLA-B",0.377619942539716
"HLA-DPA1",0,4.06727615763756,0.164,0.009,0,"Macrophages","HLA-DPA1",0.66703328985256
"DSE",0,1.48723495306374,0.244,0.089,0,"Macrophages","DSE",0.362885328547552
"LGALS3",0,1.99097413022641,0.227,0.073,0,"Macrophages","LGALS3",0.451951127561395
"SRGAP2",0,1.38842401886175,0.251,0.097,0,"Macrophages","SRGAP2",0.3484944287343
"CMTM6",0,1.71059377283677,0.217,0.063,0,"Macrophages","CMTM6",0.37119884870558
"VAC14",0,1.84898383874547,0.21,0.056,0,"Macrophages","VAC14",0.388286606136549
"TYROBP",0,4.85276863757391,0.158,0.004,0,"Macrophages","TYROBP",0.766737444736677
"LAIR1",0,4.30943677428987,0.159,0.005,0,"Macrophages","LAIR1",0.685200447112089
"TRPM2",0,3.35225209004109,0.165,0.011,0,"Macrophages","TRPM2",0.553121594856779
"IFNGR2",0,1.25917812497679,0.27,0.117,0,"Macrophages","IFNGR2",0.339978093743733
"ZNF710",0,1.46063285514016,0.248,0.095,0,"Macrophages","ZNF710",0.362236948074759
"MMP19",0,2.9203982989999,0.178,0.026,0,"Macrophages","MMP19",0.519830897221982
"FMNL1",0,1.22028868012681,0.207,0.055,0,"Macrophages","FMNL1",0.252599756786251
"TG",0,1.47259944096581,0.199,0.048,0,"Macrophages","TG",0.293047288752197
"C1QC",0,6.05865222866695,0.153,0.002,0,"Macrophages","C1QC",0.926973790986043
"CYBA",0,2.0691998472075,0.181,0.03,0,"Macrophages","CYBA",0.374525172344557
"IL17RA",0,1.80338440350535,0.195,0.045,0,"Macrophages","IL17RA",0.351659958683543
"CD58",0,1.29289793589904,0.219,0.069,0,"Macrophages","CD58",0.283144647961889
"ARHGEF11",0,1.53087556415122,0.236,0.086,0,"Macrophages","ARHGEF11",0.361286633139689
"SH3TC1",0,2.32911128890787,0.178,0.028,0,"Macrophages","SH3TC1",0.4145818094256
"CMKLR1",0,3.78910180222051,0.16,0.01,0,"Macrophages","CMKLR1",0.606256288355282
"SPTLC2",0,1.2323036134252,0.249,0.099,0,"Macrophages","SPTLC2",0.306843599742874
"OAZ1",0,2.12617328643678,0.191,0.041,0,"Macrophages","OAZ1",0.406099097709424
"ARRB1",0,1.0348188074847,0.261,0.112,0,"Macrophages","ARRB1",0.270087708753506
"TTC7A",0,1.04056644633186,0.301,0.152,0,"Macrophages","TTC7A",0.31321050034589
"TTC7B",0,1.61881736537776,0.209,0.06,0,"Macrophages","TTC7B",0.338332829363951
"ADPGK",0,1.51364311807603,0.218,0.069,0,"Macrophages","ADPGK",0.329974199740575
"ATP6V1H",0,1.17033252002682,0.263,0.115,0,"Macrophages","ATP6V1H",0.307797452767055
"SNX6",0,1.20381930210329,0.258,0.11,0,"Macrophages","SNX6",0.310585379942649
"APOC1",0,7.01437162437304,0.149,0.001,0,"Macrophages","APOC1",1.04514137203158
"ALDH2",0,1.74593035846924,0.222,0.075,0,"Macrophages","ALDH2",0.387596539580171
"CXCL16",0,4.11550283053378,0.157,0.01,0,"Macrophages","CXCL16",0.646133944393803
"PLEKHB2",0,1.80464395197649,0.201,0.055,0,"Macrophages","PLEKHB2",0.362733434347274
"PLXND1",0,1.8249017571497,0.197,0.051,0,"Macrophages","PLXND1",0.359505646158491
"HLA-A",0,1.43645110722114,0.246,0.1,0,"Macrophages","HLA-A",0.3533669723764
"SEMA3C",0,1.38085450671301,0.24,0.094,0,"Macrophages","SEMA3C",0.331405081611122
"SLC49A4",0,2.03619814296492,0.197,0.052,0,"Macrophages","SLC49A4",0.40113103416409
"ANXA5",0,1.38852664701859,0.229,0.084,0,"Macrophages","ANXA5",0.317972602167256
"BCAT1",0,1.68096213040757,0.229,0.084,0,"Macrophages","BCAT1",0.384940327863334
"PLD3",0,1.76460212105516,0.225,0.08,0,"Macrophages","PLD3",0.397035477237411
"PCOLCE2",0,4.80978997470047,0.149,0.004,0,"Macrophages","PCOLCE2",0.71665870623037
"ADGRE5",0,1.08142986421587,0.236,0.091,0,"Macrophages","ADGRE5",0.255217447954945
"PDXK",0,1.16930125446781,0.264,0.12,0,"Macrophages","PDXK",0.308695531179502
"LAMP2",0,1.74019610298934,0.215,0.071,0,"Macrophages","LAMP2",0.374142162142709
"PNPLA6",0,2.30808571989751,0.174,0.03,0,"Macrophages","PNPLA6",0.401606915262167
"SLC7A7",0,2.93436449770541,0.158,0.015,0,"Macrophages","SLC7A7",0.463629590637454
"AGPS",0,1.18850167593853,0.241,0.098,0,"Macrophages","AGPS",0.286428903901185
"ADAMTSL4",0,2.96037810879477,0.159,0.017,0,"Macrophages","ADAMTSL4",0.470700119298368
"ARSB",0,1.78201670608602,0.186,0.044,0,"Macrophages","ARSB",0.331455107332
"ME2",0,1.64241663740604,0.203,0.061,0,"Macrophages","ME2",0.333410577393425
"DNAJC5",0,1.01923751035413,0.265,0.123,0,"Macrophages","DNAJC5",0.270097940243844
"OSBPL11",0,1.82695172363203,0.192,0.051,0,"Macrophages","OSBPL11",0.35077473093735
"PARVG",0,2.35397381691575,0.16,0.019,0,"Macrophages","PARVG",0.376635810706521
"HLA-DQA1",0,3.51247910945599,0.151,0.01,0,"Macrophages","HLA-DQA1",0.530384345527854
"CYB5R4",0,1.39308476183221,0.208,0.067,0,"Macrophages","CYB5R4",0.2897616304611
"DYSF",0,1.87156137336271,0.177,0.037,0,"Macrophages","DYSF",0.331266363085199
"PGD",0,2.80039721804825,0.161,0.022,0,"Macrophages","PGD",0.450863952105768
"REL",0,1.02338082589663,0.245,0.106,0,"Macrophages","REL",0.250728302344674
"ENG",0,1.23008741815216,0.2,0.061,0,"Macrophages","ENG",0.246017483630431
"MPP1",0,3.47444220046524,0.148,0.009,0,"Macrophages","MPP1",0.514217445668856
"IL18",0,1.99607904729146,0.189,0.051,0,"Macrophages","IL18",0.377258939938086
"ITGB2",0,2.30342696883114,0.159,0.021,0,"Macrophages","ITGB2",0.366244888044152
"NABP1",0,2.01275413246997,0.176,0.038,0,"Macrophages","NABP1",0.354244727314714
"MCF2L2",0,1.71980559865536,0.206,0.068,0,"Macrophages","MCF2L2",0.354279953323005
"HNMT",0,1.91972271099093,0.189,0.052,0,"Macrophages","HNMT",0.362827592377286
"CACUL1",0,1.06273611586334,0.268,0.131,0,"Macrophages","CACUL1",0.284813279051376
"HLA-DRB5",0,3.6707727749404,0.147,0.01,0,"Macrophages","HLA-DRB5",0.539603597916238
"RTN3",0,1.22821638372468,0.235,0.098,0,"Macrophages","RTN3",0.288630850175301
"EHBP1L1",0,1.27535744906853,0.204,0.067,0,"Macrophages","EHBP1L1",0.260172919609981
"ITM2B",0,1.18361867927253,0.228,0.092,0,"Macrophages","ITM2B",0.269865058874136
"RTN1",0,3.25497189839126,0.149,0.013,0,"Macrophages","RTN1",0.484990812860298
"HEATR5B",0,1.1726083708075,0.239,0.104,0,"Macrophages","HEATR5B",0.280253400622993
"NRP2",0,1.31716099117096,0.221,0.086,0,"Macrophages","NRP2",0.291092579048782
"ACTB",0,1.17531295855049,0.231,0.096,0,"Macrophages","ACTB",0.271497293425163
"ADCY7",0,1.14901187777711,0.197,0.062,0,"Macrophages","ADCY7",0.226355339922091
"CYFIP1",0,1.21354444653713,0.238,0.104,0,"Macrophages","CYFIP1",0.288823578275836
"IL13RA1",0,1.80792895933853,0.197,0.063,0,"Macrophages","IL13RA1",0.35616200498969
"PILRA",0,3.28917112965309,0.144,0.01,0,"Macrophages","PILRA",0.473640642670044
"TPP1",0,3.50878897731113,0.145,0.011,0,"Macrophages","TPP1",0.508774401710114
"MCOLN1",0,3.45254649715668,0.145,0.011,0,"Macrophages","MCOLN1",0.500619242087719
"ARHGAP30",0,1.05532355539761,0.188,0.055,0,"Macrophages","ARHGAP30",0.19840082841475
"STAT1",0,1.1989166055974,0.255,0.122,0,"Macrophages","STAT1",0.305723734427336
"CLN8",0,2.19893641290584,0.167,0.034,0,"Macrophages","CLN8",0.367222380955276
"TNFSF13B",0,2.16028174618778,0.172,0.039,0,"Macrophages","TNFSF13B",0.371568460344298
"TGOLN2",0,1.14855037378134,0.212,0.08,0,"Macrophages","TGOLN2",0.243492679241644
"CD81",0,2.09422519352843,0.179,0.047,0,"Macrophages","CD81",0.374866309641588
"CLMN",0,1.26942932036466,0.215,0.083,0,"Macrophages","CLMN",0.272927303878403
"LPCAT2",0,2.23279764355992,0.161,0.029,0,"Macrophages","LPCAT2",0.359480420613147
"GK-AS1",0,2.90276812601172,0.152,0.02,0,"Macrophages","GK-AS1",0.441220755153782
"NHSL1",0,1.04582966653785,0.295,0.163,0,"Macrophages","NHSL1",0.308519751628665
"PTAFR",0,4.36961928530953,0.136,0.005,0,"Macrophages","PTAFR",0.594268222802097
"OGFRL1",0,2.32013606230152,0.161,0.03,0,"Macrophages","OGFRL1",0.373541906030545
"RALA",0,1.30379827857343,0.225,0.094,0,"Macrophages","RALA",0.293354612679021
"CNTLN",0,1.14074056490325,0.23,0.099,0,"Macrophages","CNTLN",0.262370329927747
"TRIM14",0,1.35529893239065,0.184,0.053,0,"Macrophages","TRIM14",0.24937500355988
"STARD13",0,1.092457006532,0.328,0.197,0,"Macrophages","STARD13",0.358325898142497
"SGK1",0,1.68333311300764,0.173,0.042,0,"Macrophages","SGK1",0.291216628550322
"MS4A4E",0,4.83777446855784,0.134,0.004,0,"Macrophages","MS4A4E",0.648261778786751
"KCTD12",0,2.58962886617052,0.153,0.023,0,"Macrophages","KCTD12",0.39621321652409
"PLEKHM2",0,1.27624099157936,0.213,0.084,0,"Macrophages","PLEKHM2",0.271839331206404
"ATP6V1A",0,1.23439696224595,0.219,0.09,0,"Macrophages","ATP6V1A",0.270332934731863
"ST8SIA4",0,1.16889857510419,0.217,0.088,0,"Macrophages","ST8SIA4",0.253650990797608
"CPPED1",0,2.28931494491129,0.148,0.019,0,"Macrophages","CPPED1",0.338818611846871
"IRF8",0,2.30261809174992,0.145,0.016,0,"Macrophages","IRF8",0.333879623303738
"PDE4DIP",0,1.32586629827184,0.211,0.083,0,"Macrophages","PDE4DIP",0.279757788935358
"IL1RAP",0,1.89850368799471,0.185,0.057,0,"Macrophages","IL1RAP",0.351223182279022
"C6orf62",0,1.13436750788711,0.226,0.098,0,"Macrophages","C6orf62",0.256367056782486
"M6PR",0,1.9264780830249,0.163,0.035,0,"Macrophages","M6PR",0.314015927533059
"SLC16A3",0,1.75089386612182,0.176,0.048,0,"Macrophages","SLC16A3",0.308157320437439
"KIAA0930",0,2.92932775874745,0.146,0.018,0,"Macrophages","KIAA0930",0.427681852777128
"LRRC8D",0,1.2874392178165,0.192,0.065,0,"Macrophages","LRRC8D",0.247188329820768
"SLC36A1",0,2.48521366859148,0.154,0.027,0,"Macrophages","SLC36A1",0.382722904963087
"INSYN2B",0,1.18230822401455,0.174,0.047,0,"Macrophages","INSYN2B",0.205721630978532
"ATP6V1C1",0,1.51481833882851,0.198,0.071,0,"Macrophages","ATP6V1C1",0.299934031088045
"SLC31A1",0,2.45142091510465,0.156,0.029,0,"Macrophages","SLC31A1",0.382421662756325
"SORT1",0,1.11250341754508,0.23,0.104,0,"Macrophages","SORT1",0.255875786035369
"S100A11",0,2.42832406977218,0.154,0.028,0,"Macrophages","S100A11",0.373961906744916
"PARP12",0,1.24268371530356,0.193,0.067,0,"Macrophages","PARP12",0.239837957053586
"P2RX4",0,1.894919768328,0.166,0.04,0,"Macrophages","P2RX4",0.314556681542448
"IRS2",0,1.5778894295428,0.187,0.061,0,"Macrophages","IRS2",0.295065323324504
"TBC1D16",0,2.06494559318233,0.178,0.052,0,"Macrophages","TBC1D16",0.367560315586455
"NUCB1",0,1.84499831922841,0.174,0.048,0,"Macrophages","NUCB1",0.321029707545744
"STX6",0,1.64585316376276,0.177,0.052,0,"Macrophages","STX6",0.291316009986008
"CD163L1",0,5.7190870845277,0.128,0.003,0,"Macrophages","CD163L1",0.732043146819545
"ATP6V0D1",0,2.10901313375131,0.159,0.034,0,"Macrophages","ATP6V0D1",0.335333088266459
"SCPEP1",0,2.31570935493698,0.158,0.033,0,"Macrophages","SCPEP1",0.365882078080042
"PRAM1",0,3.28097640030676,0.133,0.008,0,"Macrophages","PRAM1",0.436369861240799
"SLC23A2",0,1.1443829162278,0.214,0.089,0,"Macrophages","SLC23A2",0.24489794407275
"GAB3",0,1.42139937122667,0.165,0.04,0,"Macrophages","GAB3",0.234530896252401
"ST3GAL6",0,1.45808897683008,0.187,0.063,0,"Macrophages","ST3GAL6",0.272662638667224
"SNX24",0,1.24412348620527,0.225,0.101,0,"Macrophages","SNX24",0.279927784396185
"SIRPB2",0,4.2373972571635,0.128,0.004,0,"Macrophages","SIRPB2",0.542386848916928
"CREG1",0,4.09188077075401,0.13,0.007,0,"Macrophages","CREG1",0.531944500198021
"MB21D2",0,1.80741891385254,0.177,0.054,0,"Macrophages","MB21D2",0.3199131477519
"TMLHE-AS1",0,1.33489172199408,0.187,0.064,0,"Macrophages","TMLHE-AS1",0.249624752012892
"HLA-DMA",0,3.27481202923358,0.136,0.014,0,"Macrophages","HLA-DMA",0.445374435975767
"ATP6AP1",0,3.28466859532921,0.136,0.014,0,"Macrophages","ATP6AP1",0.446714928964772
"TCF7L2",0,1.20453055730489,0.347,0.225,0,"Macrophages","TCF7L2",0.417972103384798
"RHBDF2",0,1.58079286627732,0.167,0.046,0,"Macrophages","RHBDF2",0.263992408668313
"CAPG",0,3.97316232310166,0.128,0.007,0,"Macrophages","CAPG",0.508564777357012
"SPP1",0,5.02297579728901,0.127,0.006,0,"Macrophages","SPP1",0.637917926255704
"MTSS1",0,1.02752592372254,0.272,0.152,0,"Macrophages","MTSS1",0.27948705125253
"ATP6V0B",0,3.08505701306544,0.136,0.016,0,"Macrophages","ATP6V0B",0.4195677537769
"MXD1",0,1.39794897743025,0.178,0.058,0,"Macrophages","MXD1",0.248834917982585
"NR1H3",0,4.13157695492253,0.127,0.007,0,"Macrophages","NR1H3",0.524710273275162
"PPT1",0,3.22166284195009,0.132,0.013,0,"Macrophages","PPT1",0.425259495137412
"DISP1",0,1.37037695243162,0.191,0.072,0,"Macrophages","DISP1",0.261741997914439
"ATG16L2",0,1.52718873072514,0.168,0.049,0,"Macrophages","ATG16L2",0.256567706761823
"PHC2",0,1.29024158310659,0.213,0.094,0,"Macrophages","PHC2",0.274821457201704
"H3F3A",0,1.24867560797262,0.185,0.066,0,"Macrophages","H3F3A",0.231004987474934
"NFAM1",0,4.2010989288783,0.124,0.005,0,"Macrophages","NFAM1",0.52093626718091
"GAA",0,3.3428737996345,0.13,0.012,0,"Macrophages","GAA",0.434573593952485
"NEK6",0,1.24244141296075,0.205,0.087,0,"Macrophages","NEK6",0.254700489656955
"MAF",0,1.20104752804476,0.187,0.069,0,"Macrophages","MAF",0.224595887744371
"ADA2",0,2.09308024207041,0.139,0.022,0,"Macrophages","ADA2",0.290938153647787
"PLEK",0,2.33541030792391,0.134,0.017,0,"Macrophages","PLEK",0.312944981261804
"LPL",0,3.22717914389458,0.136,0.019,0,"Macrophages","LPL",0.438896363569663
"RIPK2",0,1.55071273514212,0.172,0.055,0,"Macrophages","RIPK2",0.266722590444445
"SLC8B1",0,1.88930152047961,0.154,0.037,0,"Macrophages","SLC8B1",0.29095243415386
"BASP1",0,1.75559381411403,0.175,0.059,0,"Macrophages","BASP1",0.307228917469956
"CD164",0,1.4874685430338,0.176,0.06,0,"Macrophages","CD164",0.261794463573948
"IDH1",0,2.7034994172751,0.137,0.022,0,"Macrophages","IDH1",0.370379420166688
"TCIRG1",0,1.95529616792238,0.143,0.028,0,"Macrophages","TCIRG1",0.2796073520129
"MAN2B1",0,2.11323787989649,0.143,0.028,0,"Macrophages","MAN2B1",0.302193016825198
"FHAD1",0,1.83623174773188,0.138,0.024,0,"Macrophages","FHAD1",0.253399981186999
"DNMT3A",0,1.07605628699153,0.193,0.079,0,"Macrophages","DNMT3A",0.207678863389365
"SNX8",0,2.20375894087683,0.145,0.031,0,"Macrophages","SNX8",0.31954504642714
"GGA1",0,1.49928382600457,0.167,0.054,0,"Macrophages","GGA1",0.250380398942764
"AGAP3",0,1.2990776117449,0.188,0.075,0,"Macrophages","AGAP3",0.244226591008042
"LILRB3",0,3.11362050955627,0.123,0.01,0,"Macrophages","LILRB3",0.382975322675421
"RAC1",0,1.0986466855614,0.208,0.095,0,"Macrophages","RAC1",0.228518510596771
"NPC2",0,1.71778685693336,0.153,0.04,0,"Macrophages","NPC2",0.262821389110804
"ZNF267",0,1.6524151955194,0.155,0.042,0,"Macrophages","ZNF267",0.256124355305506
"TMEM170B",0,2.79983131687424,0.127,0.015,0,"Macrophages","TMEM170B",0.355578577243028
"ENTPD1",0,1.02156648222333,0.174,0.062,0,"Macrophages","ENTPD1",0.177752567906859
"LGALS9",0,3.27201086724386,0.121,0.01,0,"Macrophages","LGALS9",0.395913314936506
"FPR1",0,4.94530013217206,0.114,0.003,0,"Macrophages","FPR1",0.563764215067615
"DOP1B",0,1.54541771592016,0.16,0.049,0,"Macrophages","DOP1B",0.247266834547226
"CR1",0,3.69686042641923,0.118,0.007,0,"Macrophages","CR1",0.43622953031747
"GLB1",0,1.26376719217155,0.174,0.063,0,"Macrophages","GLB1",0.219895491437849
"ABHD5",0,2.01784504146503,0.151,0.04,0,"Macrophages","ABHD5",0.304694601261219
"CD63",0,1.58463330599036,0.169,0.059,0,"Macrophages","CD63",0.26780302871237
"PLEKHO2",0,2.67840088550147,0.126,0.016,0,"Macrophages","PLEKHO2",0.337478511573186
"NAIP",0,1.96375037940123,0.144,0.034,0,"Macrophages","NAIP",0.282780054633777
"RGS1",0,1.6849730411419,0.14,0.031,0,"Macrophages","RGS1",0.235896225759866
"LPAR6",0,1.51232043095802,0.167,0.058,0,"Macrophages","LPAR6",0.252557511969989
"SLC7A8",0,2.7705852650106,0.131,0.022,0,"Macrophages","SLC7A8",0.362946669716389
"DOCK7",0,1.17943220033525,0.206,0.097,0,"Macrophages","DOCK7",0.242963033269062
"PKM",0,1.06474079440531,0.195,0.087,0,"Macrophages","PKM",0.207624454909035
"RAB5C",0,2.27289280638747,0.135,0.027,0,"Macrophages","RAB5C",0.306840528862308
"GRAMD4",0,1.54237118558399,0.165,0.057,0,"Macrophages","GRAMD4",0.254491245621359
"TRIM25",0,1.2017401378751,0.176,0.068,0,"Macrophages","TRIM25",0.211506264266017
"HADHB",0,1.09023567526728,0.193,0.086,0,"Macrophages","HADHB",0.210415485326584
"CLEC12A",0,2.76091123149201,0.117,0.01,0,"Macrophages","CLEC12A",0.323026614084565
"SLC16A6",0,3.52995883354736,0.115,0.008,0,"Macrophages","SLC16A6",0.405945265857947
"MNDA",0,3.36236150905393,0.113,0.006,0,"Macrophages","MNDA",0.379946850523094
"PPFIBP2",0,1.69980771049687,0.15,0.043,0,"Macrophages","PPFIBP2",0.25497115657453
"TNFRSF14",0,1.77300319599666,0.142,0.035,0,"Macrophages","TNFRSF14",0.251766453831526
"LACTB",0,1.97795937081019,0.137,0.031,0,"Macrophages","LACTB",0.270980433800996
"GRINA",0,3.26504175487601,0.119,0.013,0,"Macrophages","GRINA",0.388539968830245
"SGPL1",0,1.8228369107857,0.156,0.05,0,"Macrophages","SGPL1",0.284362558082569
"TNFSF13",0,4.39444401675083,0.111,0.005,0,"Macrophages","TNFSF13",0.487783285859342
"STAT5A",0,1.7458345755005,0.133,0.028,0,"Macrophages","STAT5A",0.232195998541567
"MIR34AHG",0,1.26933398195794,0.187,0.082,0,"Macrophages","MIR34AHG",0.237365454626134
"EFHD2",0,2.0228782363047,0.126,0.021,0,"Macrophages","EFHD2",0.254882657774392
"NSMAF",0,1.03462937050335,0.181,0.076,0,"Macrophages","NSMAF",0.187267916061107
"OSTF1",0,1.02730468295198,0.174,0.069,0,"Macrophages","OSTF1",0.178751014833645
"HSPBAP1",0,1.92006496127973,0.137,0.033,0,"Macrophages","HSPBAP1",0.263048899695323
"ATP6AP2",0,2.20475135834573,0.132,0.028,0,"Macrophages","ATP6AP2",0.291027179301637
"RAP2B",0,2.83063120323201,0.121,0.017,0,"Macrophages","RAP2B",0.342506375591073
"SLC25A24",0,1.21751745786295,0.173,0.069,0,"Macrophages","SLC25A24",0.21063052021029
"SLC36A4",0,1.38518393339782,0.166,0.063,0,"Macrophages","SLC36A4",0.229940532944038
"ARPC3",0,1.20659297238449,0.163,0.06,0,"Macrophages","ARPC3",0.196674654498671
"MINK1",0,1.14798997434423,0.17,0.067,0,"Macrophages","MINK1",0.19515829563852
"TSPO",0,3.4211479658036,0.114,0.011,0,"Macrophages","TSPO",0.390010868101611
"TEX2",0,1.61331134780031,0.149,0.046,0,"Macrophages","TEX2",0.240383390822246
"CREBRF",0,1.34553571138082,0.167,0.065,0,"Macrophages","CREBRF",0.224704463800597
"CFL1",0,2.031681640959,0.132,0.03,0,"Macrophages","CFL1",0.268181976606588
"ZFYVE26",0,1.85105198509031,0.138,0.036,0,"Macrophages","ZFYVE26",0.255445173942462
"CCDC200",0,1.81038677619464,0.137,0.035,0,"Macrophages","CCDC200",0.248022988338665
"CD14",0,5.19194645400115,0.104,0.002,0,"Macrophages","CD14",0.53996243121612
"LY86",0,3.08983197588142,0.109,0.007,0,"Macrophages","LY86",0.336791685371075
"SNX27",0,1.19937103334634,0.17,0.069,0,"Macrophages","SNX27",0.203893075668878
"GSTO1",0,2.27928397178806,0.124,0.023,0,"Macrophages","GSTO1",0.282631212501719
"CTSA",0,3.06529167292137,0.117,0.016,0,"Macrophages","CTSA",0.3586391257318
"PLTP",0,3.47636932875976,0.115,0.014,0,"Macrophages","PLTP",0.399782472807373
"PARVB",0,1.10337508004674,0.153,0.052,0,"Macrophages","PARVB",0.168816387247152
"ATP6V0E1",0,1.11181724765174,0.185,0.084,0,"Macrophages","ATP6V0E1",0.205686190815572
"SLC15A3",0,3.70824130810445,0.107,0.006,0,"Macrophages","SLC15A3",0.396781819967177
"VASP",0,1.63649531298794,0.132,0.032,0,"Macrophages","VASP",0.216017381314408
"TMBIM6",0,1.11765381218259,0.184,0.084,0,"Macrophages","TMBIM6",0.205648301441597
"CLCN7",0,1.89737770198377,0.134,0.035,0,"Macrophages","CLCN7",0.254248612065825
"PTPRO",0,4.29167363583622,0.102,0.003,0,"Macrophages","PTPRO",0.437750710855294
"TUBGCP2",0,1.20457449745375,0.169,0.071,0,"Macrophages","TUBGCP2",0.203573090069683
"FCER1G",0,4.39110911369177,0.101,0.003,0,"Macrophages","FCER1G",0.443502020482869
"GM2A",0,3.28927755231938,0.108,0.01,0,"Macrophages","GM2A",0.355241975650493
"ACE",0,2.97415328738239,0.105,0.007,0,"Macrophages","ACE",0.31228609517515
"JUNB",0,1.07869041061689,0.169,0.072,0,"Macrophages","JUNB",0.182298679394255
"SH3BP2",0,1.69967762663479,0.127,0.03,0,"Macrophages","SH3BP2",0.215859058582619
"TLR1",0,3.0229630572893,0.107,0.01,0,"Macrophages","TLR1",0.323457047129955
"SETDB2",0,1.16848037951277,0.159,0.062,0,"Macrophages","SETDB2",0.185788380342531
"PPARGC1B",0,2.15034278529726,0.118,0.021,0,"Macrophages","PPARGC1B",0.253740448665076
"GCA",0,2.16802593390835,0.12,0.024,0,"Macrophages","GCA",0.260163112069002
"MTPN",0,1.09383848811925,0.154,0.058,0,"Macrophages","MTPN",0.168451127170365
"ARSG",0,1.56830129676997,0.136,0.04,0,"Macrophages","ARSG",0.213288976360717
"CAP1",0,1.17024576419951,0.148,0.053,0,"Macrophages","CAP1",0.173196373101527
"AKR1A1",0,1.87480086554045,0.126,0.031,0,"Macrophages","AKR1A1",0.236224909058097
"CREB5",0,1.04157434330156,0.148,0.053,0,"Macrophages","CREB5",0.154153002808631
"ARL6IP1",0,1.85263468174713,0.125,0.03,0,"Macrophages","ARL6IP1",0.231579335218391
"OSCAR",0,3.66652175111848,0.1,0.005,0,"Macrophages","OSCAR",0.366652175111848
"MTMR14",0,1.25184979831771,0.142,0.047,0,"Macrophages","MTMR14",0.177762671361114
"BRI3",0,1.17994601004657,0.169,0.075,0,"Macrophages","BRI3",0.19941087569787
"CREM",0,1.25340998478256,0.167,0.073,0,"Macrophages","CREM",0.209319467458687
"OLFML2B",0,2.80432246142313,0.114,0.02,0,"Macrophages","OLFML2B",0.319692760602237
"INHBA",0,2.33458732931123,0.123,0.029,0,"Macrophages","INHBA",0.287154241505282
"LY96",0,2.59896844358005,0.11,0.016,0,"Macrophages","LY96",0.285886528793805
"HS3ST2",0,3.95418124773267,0.112,0.018,0,"Macrophages","HS3ST2",0.442868299746059
"ADGRE2",0,2.12004110383646,0.113,0.019,0,"Macrophages","ADGRE2",0.23956464473352
"BCAP31",0,2.15496219079884,0.12,0.026,0,"Macrophages","BCAP31",0.258595462895861
"PLPP3",0,1.12965882769271,0.19,0.097,0,"Macrophages","PLPP3",0.214635177261615
"GCNT1",0,1.27099949648123,0.147,0.054,0,"Macrophages","GCNT1",0.186836925982741
"RMDN3",0,2.11347505448991,0.118,0.025,0,"Macrophages","RMDN3",0.249390056429809
"ZDHHC7",0,1.07968899759091,0.166,0.074,0,"Macrophages","ZDHHC7",0.179228373600092
"LAP3",0,1.68927310124494,0.126,0.034,0,"Macrophages","LAP3",0.212848410756862
"SCARB1",0,2.11087704161997,0.116,0.024,0,"Macrophages","SCARB1",0.244861736827916
"GPR183",0,2.64596959641352,0.106,0.014,0,"Macrophages","GPR183",0.280472777219833
"SLFN11",0,1.32742416343495,0.134,0.042,0,"Macrophages","SLFN11",0.177874837900284
"CYTH4",0,1.4823538254444,0.121,0.029,0,"Macrophages","CYTH4",0.179364812878772
"SMCO4",0,2.07512072919998,0.117,0.026,0,"Macrophages","SMCO4",0.242789125316398
"TANGO2",0,1.4202390545182,0.134,0.043,0,"Macrophages","TANGO2",0.190312033305439
"SDC3",0,3.00698041368007,0.104,0.013,0,"Macrophages","SDC3",0.312725963022727
"GASK1B",0,1.93757523807535,0.124,0.033,0,"Macrophages","GASK1B",0.240259329521343
"FERMT3",0,2.11154339548774,0.107,0.016,0,"Macrophages","FERMT3",0.225935143317188
"SIDT2",0,1.56488248205834,0.125,0.034,0,"Macrophages","SIDT2",0.195610310257293
"TOM1",0,1.34212292927143,0.151,0.06,0,"Macrophages","TOM1",0.202660562319985
"CNDP2",0,1.40543588938719,0.135,0.045,0,"Macrophages","CNDP2",0.189733845067271
"UNC93B1",0,2.46791359134281,0.109,0.019,0,"Macrophages","UNC93B1",0.269002581456366
"ITPK1",0,1.02555241177614,0.151,0.061,0,"Macrophages","ITPK1",0.154858414178198
"METRNL",0,2.36220919736321,0.108,0.018,0,"Macrophages","METRNL",0.255118593315227
"TMLHE",0,1.14072341568816,0.144,0.054,0,"Macrophages","TMLHE",0.164264171859095
"ZNF124",0,1.42108516541294,0.136,0.047,0,"Macrophages","ZNF124",0.193267582496159
"LRPAP1",0,1.93629151266167,0.117,0.028,0,"Macrophages","LRPAP1",0.226546106981415
"HPS5",0,1.26157323742665,0.137,0.048,0,"Macrophages","HPS5",0.172835533527451
"NAGK",0,2.24874918343203,0.11,0.021,0,"Macrophages","NAGK",0.247362410177523
"TBC1D12",0,1.23857788315468,0.157,0.068,0,"Macrophages","TBC1D12",0.194456727655285
"RILPL2",0,1.59056464874789,0.126,0.037,0,"Macrophages","RILPL2",0.200411145742235
"PSTPIP2",0,1.58143037614786,0.138,0.05,0,"Macrophages","PSTPIP2",0.218237391908405
"STX11",0,1.76814100694937,0.113,0.025,0,"Macrophages","STX11",0.199799933785278
"BNIP2",0,1.10003182762147,0.15,0.062,0,"Macrophages","BNIP2",0.165004774143221
"STXBP2",0,1.93372430946631,0.113,0.025,0,"Macrophages","STXBP2",0.218510846969693
"MTMR6",0,1.27912282322088,0.135,0.048,0,"Macrophages","MTMR6",0.172681581134819
"HEATR3",0,1.92354495455207,0.115,0.028,0,"Macrophages","HEATR3",0.221207669773488
"TMBIM1",0,1.50502654907491,0.127,0.04,0,"Macrophages","TMBIM1",0.191138371732513
"SLC17A5",0,1.17309719234912,0.144,0.057,0,"Macrophages","SLC17A5",0.168925995698274
"POR",0,1.22892106535273,0.153,0.066,0,"Macrophages","POR",0.188024922998968
"PLBD2",0,2.32851480042055,0.108,0.021,0,"Macrophages","PLBD2",0.251479598445419
"ADAM10",0,1.09938162015051,0.144,0.057,0,"Macrophages","ADAM10",0.158310953301673
"DHX34",0,1.72154168453972,0.122,0.035,0,"Macrophages","DHX34",0.210028085513846
"RPS6KA1",0,1.51678388253133,0.12,0.034,0,"Macrophages","RPS6KA1",0.18201406590376
"SNX3",0,1.19824807374089,0.144,0.058,0,"Macrophages","SNX3",0.172547722618688
"SCD",0,1.74589431145749,0.121,0.035,0,"Macrophages","SCD",0.211253211686357
"STX4",0,2.27506555136125,0.105,0.019,0,"Macrophages","STX4",0.238881882892931
"SUSD1",0,1.079593666763,0.137,0.052,0,"Macrophages","SUSD1",0.147904332346531
"DRAM2",0,1.27971115017426,0.135,0.05,0,"Macrophages","DRAM2",0.172761005273525
"TMSB10",0,1.55320236696063,0.118,0.033,0,"Macrophages","TMSB10",0.183277879301354
"PRKCD",0,1.58281682469794,0.119,0.034,0,"Macrophages","PRKCD",0.188355202139055
"PI4K2A",0,2.0361529569546,0.109,0.024,0,"Macrophages","PI4K2A",0.221940672308051
"EMP3",0,2.29058775223983,0.102,0.017,0,"Macrophages","EMP3",0.233639950728462
"MPHOSPH6",0,1.86690948008878,0.111,0.027,0,"Macrophages","MPHOSPH6",0.207226952289855
"PLEKHO1",0,1.87780447415874,0.108,0.024,0,"Macrophages","PLEKHO1",0.202802883209144
"ABCC5",0,1.34799169141294,0.144,0.06,0,"Macrophages","ABCC5",0.194110803563463
"AMZ1",0,1.34793184815694,0.147,0.063,0,"Macrophages","AMZ1",0.19814598167907
"WIPI1",0,1.25430965687787,0.15,0.066,0,"Macrophages","WIPI1",0.188146448531681
"PDE4A",0,1.35550420722482,0.122,0.038,0,"Macrophages","PDE4A",0.165371513281428
"MGST3",0,1.25641563260455,0.138,0.055,0,"Macrophages","MGST3",0.173385357299428
"MTMR10",0,1.12477162076711,0.139,0.056,0,"Macrophages","MTMR10",0.156343255286629
"MOB1A",0,1.13933559256061,0.128,0.045,0,"Macrophages","MOB1A",0.145834955847758
"TDP2",0,2.04674140780665,0.109,0.026,0,"Macrophages","TDP2",0.223094813450925
"CREBL2",0,1.96226403512986,0.109,0.026,0,"Macrophages","CREBL2",0.213886779829155
"ARPC4",0,2.08255333706137,0.105,0.022,0,"Macrophages","ARPC4",0.218668100391444
"CD109",0,1.58980243506462,0.119,0.036,0,"Macrophages","CD109",0.18918648977269
"GRK2",0,1.11565737246648,0.124,0.041,0,"Macrophages","GRK2",0.138341514185843
"PMP22",0,1.19296469025725,0.151,0.068,0,"Macrophages","PMP22",0.180137668228845
"IRAK1",0,1.89018153076918,0.108,0.025,0,"Macrophages","IRAK1",0.204139605323072
"RCBTB2",0,1.70012516044249,0.114,0.032,0,"Macrophages","RCBTB2",0.193814268290443
"PRCP",0,1.87258730950263,0.106,0.024,0,"Macrophages","PRCP",0.198494254807279
"CAMSAP1",0,1.03943550917911,0.138,0.057,0,"Macrophages","CAMSAP1",0.143442100266717
"DENND4B",0,1.2160468223438,0.122,0.041,0,"Macrophages","DENND4B",0.148357712325943
"NUS1",0,1.01399510675166,0.143,0.062,0,"Macrophages","NUS1",0.145001300265487
"IL10RB",0,1.18531482879249,0.133,0.053,0,"Macrophages","IL10RB",0.157646872229402
"ADCY3",0,1.22725427825582,0.119,0.039,0,"Macrophages","ADCY3",0.146043259112442
"SYNGR2",0,2.20038658287231,0.102,0.022,0,"Macrophages","SYNGR2",0.224439431452976
"JDP2",0,1.2586081212281,0.127,0.048,0,"Macrophages","JDP2",0.159843231395968
"GPX4",0,2.07238631686202,0.105,0.026,0,"Macrophages","GPX4",0.217600563270512
"TMEM38B",0,1.89829348079359,0.101,0.023,0,"Macrophages","TMEM38B",0.191727641560152
"RASSF2",0,1.35385406358496,0.111,0.033,0,"Macrophages","RASSF2",0.15027780105793
"YBX1",0,1.07146162520908,0.128,0.051,0,"Macrophages","YBX1",0.137147088026762
"PYGL",0,2.08023855232482,0.105,0.028,0,"Macrophages","PYGL",0.218425047994106
"TESK2",0,1.55035978144481,0.114,0.038,0,"Macrophages","TESK2",0.176741015084709
"MR1",0,1.66792936321369,0.106,0.03,0,"Macrophages","MR1",0.176800512500651
"MAT2A",0,1.32173975850979,0.133,0.058,0,"Macrophages","MAT2A",0.175791387881803
"RXRA",0,1.1785841786597,0.128,0.053,0,"Macrophages","RXRA",0.150858774868441
"ST14",0,1.49267922827385,0.115,0.04,0,"Macrophages","ST14",0.171658111251493
"CD4",0,1.59101004417979,0.1,0.025,0,"Macrophages","CD4",0.159101004417979
"PTPN18",0,1.57102573153241,0.107,0.033,0,"Macrophages","PTPN18",0.168099753273968
"GABARAPL1",0,1.20394808932245,0.121,0.047,0,"Macrophages","GABARAPL1",0.145677718808016
"MFSD12",0,1.56687928345639,0.104,0.03,0,"Macrophages","MFSD12",0.162955445479464
"BLVRB",0,1.74709307620781,0.107,0.033,0,"Macrophages","BLVRB",0.186938959154235
"ZNF577",0,1.84490875770712,0.102,0.028,0,"Macrophages","ZNF577",0.188180693286126
"ACOT9",0,1.21550473370013,0.124,0.05,0,"Macrophages","ACOT9",0.150722586978817
"SLC35E3",0,1.19720477283621,0.117,0.044,0,"Macrophages","SLC35E3",0.140072958421837
"TTL",0,1.49849745122228,0.105,0.032,0,"Macrophages","TTL",0.157342232378339
"ZNF217",0,1.01298481500446,0.121,0.048,0,"Macrophages","ZNF217",0.12257116261554
"ZYX",0,1.26903090215009,0.108,0.036,0,"Macrophages","ZYX",0.13705533743221
"TUBA1B",0,1.43107123752504,0.101,0.029,0,"Macrophages","TUBA1B",0.144538194990029
"NHLRC3",0,1.08780727251663,0.126,0.054,0,"Macrophages","NHLRC3",0.137063716337096
"DUSP10",0,1.45150283930793,0.106,0.034,0,"Macrophages","DUSP10",0.15385930096664
"HK2",0,1.38208357501498,0.108,0.037,0,"Macrophages","HK2",0.149265026101618
"SPG21",0,1.54184194203967,0.103,0.032,0,"Macrophages","SPG21",0.158809720030086
"PLA2G4A",0,1.26153630902434,0.111,0.041,0,"Macrophages","PLA2G4A",0.140030530301701
"GPR155",0,1.16994675584229,0.116,0.046,0,"Macrophages","GPR155",0.135713823677706
"SQOR",0,1.22292249184246,0.116,0.046,0,"Macrophages","SQOR",0.141859009053726
"OGFR",0,1.09908903907848,0.113,0.043,0,"Macrophages","OGFR",0.124197061415868
"VPS35",0,1.20772484774433,0.118,0.049,0,"Macrophages","VPS35",0.14251153203383
"TMEM33",0,1.26842572979065,0.108,0.041,0,"Macrophages","TMEM33",0.13698997881739
"UBE2D1",0,1.52044779712315,0.1,0.033,0,"Macrophages","UBE2D1",0.152044779712315
"SRGAP2B",0,1.26515784269142,0.109,0.043,0,"Macrophages","SRGAP2B",0.137902204853365
"DBNL",0,1.13947984068272,0.105,0.039,0,"Macrophages","DBNL",0.119645383271685
"EHD4",0,1.1085241426342,0.109,0.043,0,"Macrophages","EHD4",0.120829131547128
"PEPD",0,1.20080727516392,0.108,0.042,0,"Macrophages","PEPD",0.129687185717703
"NSFL1C",0,1.38503740095674,0.1,0.034,0,"Macrophages","NSFL1C",0.138503740095674
"MX1",0,1.12133237330184,0.11,0.044,0,"Macrophages","MX1",0.123346561063202
"S100A10",0,1.15567822309708,0.109,0.044,0,"Macrophages","S100A10",0.125968926317582
"TIGAR",0,1.26374937279585,0.102,0.037,0,"Macrophages","TIGAR",0.128902436025177
"AP1S2",0,1.26025076085612,0.103,0.039,0,"Macrophages","AP1S2",0.12980582836818
"PNKD",8.95381027209275e-303,1.27899276126018,0.109,0.045,2.64450786386259e-298,"Macrophages","PNKD",0.13941021097736
"OTULINL",4.08277697864538e-301,1.01703620817062,0.108,0.044,1.20584818064291e-296,"Macrophages","OTULINL",0.109839910482427
"MARCKS",4.05894934501922e-280,1.15627194743422,0.109,0.047,1.19881068905143e-275,"Macrophages","MARCKS",0.12603364227033
"FSD1L",2.94751510312239e-277,1.11927866852101,0.103,0.043,8.70548585707199e-273,"Macrophages","FSD1L",0.115285702857664
"NAPA",6.20481353538171e-270,1.06792386064962,0.12,0.054,1.83259167767499e-265,"Macrophages","NAPA",0.128150863277955
"AMFR",3.48262425397396e-267,1.02882165771787,0.107,0.046,1.02859307341121e-262,"Macrophages","AMFR",0.110083917375812
"ATG4C",4.05108642477379e-265,1.01802871091899,0.111,0.049,1.19648837555694e-260,"Macrophages","ATG4C",0.113001186912007
"PABPC4",1.56701359454359e-251,1.10748758701998,0.126,0.061,4.62817465148449e-247,"Macrophages","PABPC4",0.139543435964517
"CLCN5",3.0345038368299e-229,1.07875744818501,0.109,0.051,8.96240708207712e-225,"Macrophages","CLCN5",0.117584561852166
"TKT",7.07947588911167e-219,1.00607460585989,0.121,0.061,2.09092320384913e-214,"Macrophages","TKT",0.121735027309047
"LAMA2",0,7.07870292663077,0.811,0.023,0,"Fibroblasts","LAMA2",5.74082807349756
"COL6A3",0,6.39753503856894,0.712,0.013,0,"Fibroblasts","COL6A3",4.55504494746109
"COL1A2",0,6.53092514298548,0.708,0.015,0,"Fibroblasts","COL1A2",4.62389500123372
"CACNA1C",0,5.17149728976515,0.7,0.02,0,"Fibroblasts","CACNA1C",3.62004810283561
"LSAMP1",0,3.29388311218739,0.72,0.05,0,"Fibroblasts","LSAMP",2.37159584077492
"COL5A2",0,6.22013222884199,0.661,0.016,0,"Fibroblasts","COL5A2",4.11150740326455
"PRKG1",0,3.02239452152979,0.846,0.208,0,"Fibroblasts","PRKG1",2.5569457652142
"SLIT2",0,6.35983523812899,0.646,0.018,0,"Fibroblasts","SLIT2",4.10845356383133
"COL3A1",0,6.33049187636233,0.618,0.014,0,"Fibroblasts","COL3A1",3.91224397959192
"CDH11",0,6.42279066465571,0.608,0.012,0,"Fibroblasts","CDH11",3.90505672411067
"BICC1",0,5.51361314303633,0.611,0.023,0,"Fibroblasts","BICC1",3.3688176303952
"CALD1",0,3.70630048839883,0.648,0.061,0,"Fibroblasts","CALD1",2.40168271648244
"RBMS3",0,2.41443978482817,0.795,0.212,0,"Fibroblasts","RBMS3",1.9194796289384
"BNC2",0,3.56935613041841,0.659,0.082,0,"Fibroblasts","BNC2",2.35220568994573
"PDZRN3",0,6.2464967955649,0.568,0.008,0,"Fibroblasts","PDZRN3",3.54801017988087
"FN1",0,3.44395784041736,0.626,0.093,0,"Fibroblasts","FN1",2.15591760810127
"CACNB2",0,5.91164837850462,0.543,0.01,0,"Fibroblasts","CACNB2",3.21002506952801
"DCN",0,6.55406247471191,0.534,0.006,0,"Fibroblasts","DCN",3.49986936149616
"RORA",0,2.51598627131949,0.751,0.235,0,"Fibroblasts","RORA",1.88950568976094
"PTPRG",0,1.88915674693216,0.72,0.205,0,"Fibroblasts","PTPRG",1.36019285779115
"A2M",0,4.25239215965261,0.56,0.05,0,"Fibroblasts","A2M",2.38133960940546
"HMCN1",0,4.182128935326,0.548,0.039,0,"Fibroblasts","HMCN1",2.29180665655865
"SLIT3",0,5.81801199489329,0.52,0.011,0,"Fibroblasts","SLIT3",3.02536623734451
"CCDC102B",0,5.03601771744479,0.534,0.025,0,"Fibroblasts","CCDC102B",2.68923346111552
"COL5A1",0,6.15590762749585,0.517,0.011,0,"Fibroblasts","COL5A1",3.18260424341535
"GPC6",0,4.91478566109743,0.546,0.04,0,"Fibroblasts","GPC6",2.6834729709592
"DST",0,2.02292961621677,0.743,0.251,0,"Fibroblasts","DST",1.50303670484906
"MEIS1",0,3.94650966186414,0.523,0.037,0,"Fibroblasts","MEIS1",2.06402455315494
"PDGFRA",0,7.37813329493928,0.486,0.004,0,"Fibroblasts","PDGFRA",3.58577278134049
"ROBO2",0,7.03070598510607,0.489,0.009,0,"Fibroblasts","ROBO2",3.43801522671687
"COL1A1",0,6.81235760583631,0.49,0.011,0,"Fibroblasts","COL1A1",3.33805522685979
"DLG2",0,2.08207115986408,0.625,0.147,0,"Fibroblasts","DLG2",1.30129447491505
"SDK1",0,3.20547427373409,0.567,0.093,0,"Fibroblasts","SDK1",1.81750391320723
"ROR2",0,6.42588866595197,0.477,0.007,0,"Fibroblasts","ROR2",3.06514889365909
"PLEKHH2",0,4.62961355723596,0.498,0.038,0,"Fibroblasts","PLEKHH2",2.30554755150351
"PLXDC21",0,1.25839041593943,0.779,0.326,0,"Fibroblasts","PLXDC2",0.980286134016816
"RYR2",0,5.11058376000782,0.468,0.017,0,"Fibroblasts","RYR2",2.39175319968366
"CCBE1",0,4.92654813242017,0.468,0.025,0,"Fibroblasts","CCBE1",2.30562452597264
"FBN1",0,4.74222506642851,0.464,0.022,0,"Fibroblasts","FBN1",2.20039243082283
"LAMB1",0,4.45353658245978,0.469,0.027,0,"Fibroblasts","LAMB1",2.08870865717363
"FBLN1",0,6.83886103047067,0.444,0.004,0,"Fibroblasts","FBLN1",3.03645429752898
"FBXL7",0,2.57522877133374,0.522,0.084,0,"Fibroblasts","FBXL7",1.34426941863621
"NAV3",0,4.54500069142067,0.458,0.021,0,"Fibroblasts","NAV3",2.08161031667067
"TSHZ2",0,2.60488400100061,0.521,0.085,0,"Fibroblasts","TSHZ2",1.35714456452132
"IL1R1",0,3.47287529780736,0.525,0.09,0,"Fibroblasts","IL1R1",1.82325953134887
"SVEP1",0,7.50236373046683,0.436,0.004,0,"Fibroblasts","SVEP1",3.27103058648354
"ABI3BP",0,3.86733635574976,0.475,0.044,0,"Fibroblasts","ABI3BP",1.83698476898113
"PBX1",0,2.76868253454021,0.546,0.119,0,"Fibroblasts","PBX1",1.51170066385895
"FGF7",0,6.79036828238351,0.426,0.007,0,"Fibroblasts","FGF7",2.89269688829538
"COL6A1",0,5.82726791881649,0.428,0.009,0,"Fibroblasts","COL6A1",2.49407066925346
"PIEZO2",0,4.6554399060312,0.437,0.019,0,"Fibroblasts","PIEZO2",2.03442723893563
"SETBP1",0,2.69496638820957,0.504,0.093,0,"Fibroblasts","SETBP1",1.35826305965762
"LUM",0,6.1759373976578,0.417,0.007,0,"Fibroblasts","LUM",2.5753658948233
"PALLD",0,3.07284483833514,0.503,0.1,0,"Fibroblasts","PALLD",1.54564095368258
"SPON1",0,6.05223765648159,0.407,0.007,0,"Fibroblasts","SPON1",2.46326072618801
"PRRX1",0,6.47693285478149,0.403,0.004,0,"Fibroblasts","PRRX1",2.61020394047694
"ZFPM2",0,3.36227087902959,0.442,0.045,0,"Fibroblasts","ZFPM2",1.48612372853108
"THBS2",0,6.35900992243518,0.4,0.005,0,"Fibroblasts","THBS2",2.54360396897407
"ABCA6",0,5.8217420013553,0.404,0.009,0,"Fibroblasts","ABCA6",2.35198376854754
"ROBO1",0,3.86450134270853,0.443,0.051,0,"Fibroblasts","ROBO1",1.71197409481988
"SNED1",0,3.09932408047327,0.514,0.125,0,"Fibroblasts","SNED1",1.59305257736326
"NCAM2",0,5.28592756064912,0.408,0.02,0,"Fibroblasts","NCAM2",2.15665844474484
"TTC28",0,1.87354496363051,0.57,0.184,0,"Fibroblasts","TTC28",1.06792062926939
"CFH",0,4.28249169143043,0.425,0.042,0,"Fibroblasts","CFH",1.82005896885793
"COL6A2",0,5.57826798346028,0.392,0.009,0,"Fibroblasts","COL6A2",2.18668104951643
"TCF4",0,1.16348611611669,0.586,0.204,0,"Fibroblasts","TCF4",0.68180286404438
"C7",0,5.50242100930207,0.391,0.01,0,"Fibroblasts","C7",2.15144661463711
"CRISPLD2",0,4.69796654116422,0.394,0.016,0,"Fibroblasts","CRISPLD2",1.8509988172187
"VCAN",0,1.62017578070649,0.481,0.106,0,"Fibroblasts","VCAN",0.779304550519823
"MMP2",0,5.61868955032184,0.387,0.014,0,"Fibroblasts","MMP2",2.17443285597455
"RUNX1T1",0,3.8460192372804,0.396,0.026,0,"Fibroblasts","RUNX1T1",1.52302361796304
"APBB2",0,1.8619689008041,0.546,0.178,0,"Fibroblasts","APBB2",1.01663501983904
"DPYSL3",0,4.02381697398453,0.397,0.029,0,"Fibroblasts","DPYSL3",1.59745533867186
"UNC5C",0,5.28600809912646,0.375,0.009,0,"Fibroblasts","UNC5C",1.98225303717242
"MYH10",0,3.9821072501791,0.41,0.044,0,"Fibroblasts","MYH10",1.63266397257343
"MYLK",0,4.48381496430049,0.388,0.023,0,"Fibroblasts","MYLK",1.73972020614859
"MAGI2",0,2.23204133292527,0.503,0.138,0,"Fibroblasts","MAGI2",1.12271679046141
"MIR100HG",0,3.51977462668217,0.404,0.04,0,"Fibroblasts","MIR100HG",1.4219889491796
"KAZN",0,3.05969665014296,0.471,0.109,0,"Fibroblasts","KAZN",1.44111712221733
"ARHGAP6",0,2.99553788710717,0.451,0.093,0,"Fibroblasts","ARHGAP6",1.35098758708534
"ENAH",0,3.23108835886057,0.427,0.071,0,"Fibroblasts","ENAH",1.37967472923346
"USP53",0,2.99109375796951,0.484,0.128,0,"Fibroblasts","USP53",1.44768937885724
"PRKD1",0,2.77384621080824,0.446,0.091,0,"Fibroblasts","PRKD1",1.23713541002047
"PARD3B",0,1.8066158277106,0.564,0.21,0,"Fibroblasts","PARD3B",1.01893132682878
"C1S",0,4.65395693434926,0.379,0.025,0,"Fibroblasts","C1S",1.76384967811837
"SH3D19",0,2.3689817238335,0.482,0.13,0,"Fibroblasts","SH3D19",1.14184919088775
"NFIB",0,1.73007140374861,0.515,0.171,0,"Fibroblasts","NFIB",0.890986772930536
"UACA",0,2.63974040765435,0.421,0.078,0,"Fibroblasts","UACA",1.11133071162248
"FSTL1",0,4.60761606998794,0.363,0.021,0,"Fibroblasts","FSTL1",1.67256463340562
"CCDC80",0,6.2571646404093,0.348,0.007,0,"Fibroblasts","CCDC80",2.17749329486244
"PARD3",0,1.19517946177643,0.592,0.253,0,"Fibroblasts","PARD3",0.707546241371647
"DDR2",0,4.78221470815941,0.348,0.014,0,"Fibroblasts","DDR2",1.66421071843947
"YAP1",0,1.96164690476436,0.486,0.153,0,"Fibroblasts","YAP1",0.953360395715478
"LAMA4",0,3.83045096143739,0.351,0.022,0,"Fibroblasts","LAMA4",1.34448828746452
"DLC1",0,1.3388860489532,0.512,0.184,0,"Fibroblasts","DLC1",0.68550965706404
"SH3PXD2B1",0,1.83001904454523,0.471,0.149,0,"Fibroblasts","SH3PXD2B",0.861938969980803
"ADGRB3",0,4.5673280267639,0.341,0.02,0,"Fibroblasts","ADGRB3",1.55745885712649
"SCN7A",0,6.83363944346859,0.324,0.004,0,"Fibroblasts","SCN7A",2.21409917968382
"IGFBP7",0,2.83024671363575,0.382,0.063,0,"Fibroblasts","IGFBP7",1.08115424460886
"AUTS2",0,1.02712980174338,0.546,0.228,0,"Fibroblasts","AUTS2",0.560812871751887
"NEGR1",0,4.58616910644678,0.341,0.023,0,"Fibroblasts","NEGR1",1.56388366529835
"ABCA9",0,6.37539191805598,0.323,0.005,0,"Fibroblasts","ABCA9",2.05925158953208
"PALM2-AKAP2",0,1.89612861101084,0.463,0.147,0,"Fibroblasts","PALM2-AKAP2",0.87790754689802
"CBLB",0,1.245350901832,0.629,0.313,0,"Fibroblasts","CBLB",0.783325717252326
"TENM3",0,6.20910411556503,0.321,0.005,0,"Fibroblasts","TENM3",1.99312242109637
"CLMP",0,5.51435583957337,0.323,0.008,0,"Fibroblasts","CLMP",1.7811369361822
"SOX5",0,1.16691124741154,0.516,0.201,0,"Fibroblasts","SOX5",0.602126203664354
"KIF26B",0,4.58259852215375,0.354,0.041,0,"Fibroblasts","KIF26B",1.62223987684243
"SPARC",0,5.16496204195354,0.334,0.021,0,"Fibroblasts","SPARC",1.72509732201248
"STEAP2",0,5.67841251141345,0.322,0.009,0,"Fibroblasts","STEAP2",1.82844882867513
"SRGAP11",0,1.92789005587237,0.438,0.125,0,"Fibroblasts","SRGAP1",0.844415844472097
"LTBP1",0,3.60124916032187,0.336,0.024,0,"Fibroblasts","LTBP1",1.21001971786815
"NR2F2-AS1",0,3.26870957764523,0.351,0.039,0,"Fibroblasts","NR2F2-AS1",1.14731706175348
"PLEKHA5",0,1.75713604649506,0.475,0.163,0,"Fibroblasts","PLEKHA5",0.834639622085155
"CYP7B1",0,5.20000530314939,0.328,0.017,0,"Fibroblasts","CYP7B1",1.705601739433
"C1R",0,4.81497202035531,0.325,0.017,0,"Fibroblasts","C1R",1.56486590661548
"ADARB1",0,2.73436635980591,0.374,0.067,0,"Fibroblasts","ADARB1",1.02265301856741
"ZEB1",0,1.26639158102603,0.458,0.152,0,"Fibroblasts","ZEB1",0.580007344109924
"ANTXR1",0,3.6157106498295,0.344,0.038,0,"Fibroblasts","ANTXR1",1.24380446354135
"ADAMTS12",0,5.67027251743484,0.313,0.007,0,"Fibroblasts","ADAMTS12",1.7747952979571
"ELN",0,4.49849312673045,0.327,0.024,0,"Fibroblasts","ELN",1.47100725244086
"CACNA2D1",0,3.67933395145989,0.33,0.027,0,"Fibroblasts","CACNA2D1",1.21418020398177
"SGIP1",0,3.68874798533006,0.322,0.021,0,"Fibroblasts","SGIP1",1.18777685127628
"PRR16",0,4.64223671736768,0.313,0.012,0,"Fibroblasts","PRR16",1.45302009253608
"CASC15",0,2.89594837627306,0.357,0.056,0,"Fibroblasts","CASC15",1.03385357032948
"SEPTIN11",0,2.47539998541881,0.405,0.106,0,"Fibroblasts","SEPTIN11",1.00253699409462
"THBS1",0,2.96796810169773,0.356,0.058,0,"Fibroblasts","THBS1",1.05659664420439
"SOD21",0,2.09793264663275,0.468,0.172,0,"Fibroblasts","SOD2",0.981832478624129
"ITGA8",0,4.69031828385592,0.309,0.013,0,"Fibroblasts","ITGA8",1.44930834971148
"NR2F1-AS1",0,4.4272668192555,0.31,0.015,0,"Fibroblasts","NR2F1-AS1",1.37245271396921
"EPB41L2",0,1.96603609256491,0.394,0.101,0,"Fibroblasts","EPB41L2",0.774618220470574
"SLC38A2",0,2.19513752152075,0.419,0.127,0,"Fibroblasts","SLC38A2",0.919762621517194
"CEMIP",0,4.89868270373543,0.334,0.043,0,"Fibroblasts","CEMIP",1.63616002304763
"SGCD",0,4.20875701153509,0.301,0.011,0,"Fibroblasts","SGCD",1.26683586047206
"GALNT17",0,6.60886218378196,0.294,0.004,0,"Fibroblasts","GALNT17",1.94300548203189
"LAMC1",0,2.39736473846977,0.386,0.098,0,"Fibroblasts","LAMC1",0.925382789049333
"FOXO1",0,1.3959113297279,0.515,0.228,0,"Fibroblasts","FOXO1",0.718894334809868
"COL4A1",0,1.97518203855819,0.366,0.08,0,"Fibroblasts","COL4A1",0.722916626112297
"DIP2C",0,1.76064911381969,0.412,0.128,0,"Fibroblasts","DIP2C",0.725387434893712
"ZBTB16",0,1.33422389342937,0.584,0.3,0,"Fibroblasts","ZBTB16",0.779186753762749
"LTBP2",0,5.57117843830669,0.289,0.007,0,"Fibroblasts","LTBP2",1.61007056867063
"ROR1",0,1.60940326220282,0.395,0.116,0,"Fibroblasts","ROR1",0.635714288570114
"PRICKLE2",0,1.46348832242341,0.407,0.128,0,"Fibroblasts","PRICKLE2",0.595639747226328
"LRP11",0,1.61145590085628,0.426,0.148,0,"Fibroblasts","LRP1",0.686480213764773
"GLIS3",0,1.70771500872471,0.431,0.155,0,"Fibroblasts","GLIS3",0.736025168760349
"MEG3",0,5.62193058486114,0.281,0.005,0,"Fibroblasts","MEG3",1.57976249434598
"AOPEP",0,1.54206433674883,0.53,0.255,0,"Fibroblasts","AOPEP",0.817294098476879
"MIR99AHG",0,2.21774049799781,0.403,0.129,0,"Fibroblasts","MIR99AHG",0.893749420693116
"TEAD1",0,1.4416937131394,0.454,0.181,0,"Fibroblasts","TEAD1",0.654528945765286
"ITGBL1",0,6.34014401045635,0.278,0.006,0,"Fibroblasts","ITGBL1",1.76256003490687
"PLOD2",0,3.52678241852768,0.313,0.042,0,"Fibroblasts","PLOD2",1.10388289699916
"ADH1B",0,6.70080752778202,0.273,0.003,0,"Fibroblasts","ADH1B",1.82932045508449
"NAV2",0,1.79792333640508,0.465,0.195,0,"Fibroblasts","NAV2",0.836034351428363
"REV3L",0,1.75754924079432,0.568,0.299,0,"Fibroblasts","REV3L",0.998287968771175
"TPST11",0,1.49916153245498,0.444,0.176,0,"Fibroblasts","TPST1",0.665627720410013
"ADAMTS9-AS2",0,2.36436149245784,0.351,0.083,0,"Fibroblasts","ADAMTS9-AS2",0.829890883852703
"GLI3",0,3.63392483833058,0.297,0.03,0,"Fibroblasts","GLI3",1.07927567698418
"PPFIBP1",0,1.37537488695115,0.379,0.113,0,"Fibroblasts","PPFIBP1",0.521267082154486
"ABCA10",0,4.62962059238815,0.289,0.023,0,"Fibroblasts","ABCA10",1.33796035120018
"PHLDB2",0,2.04475398394842,0.341,0.076,0,"Fibroblasts","PHLDB2",0.697261108526411
"MOXD1",0,6.36308956175021,0.268,0.003,0,"Fibroblasts","MOXD1",1.70530800254906
"EBF1",0,2.70745985340993,0.304,0.04,0,"Fibroblasts","EBF1",0.823067795436619
"IGFBP4",0,3.74546713430071,0.295,0.031,0,"Fibroblasts","IGFBP4",1.10491280461871
"DTNA",0,2.59501429692317,0.328,0.064,0,"Fibroblasts","DTNA",0.851164689390799
"PDLIM3",0,4.06268057051632,0.285,0.023,0,"Fibroblasts","PDLIM3",1.15786396259715
"FGF14",0,3.6128418859418,0.288,0.026,0,"Fibroblasts","FGF14",1.04049846315124
"NBL1",0,5.86528599467757,0.267,0.006,0,"Fibroblasts","NBL1",1.56603136057891
"SSBP2",0,1.27574638136707,0.492,0.231,0,"Fibroblasts","SSBP2",0.627667219632596
"NRP11",0,1.7297310483191,0.388,0.128,0,"Fibroblasts","NRP1",0.671135646747812
"COL4A2",0,1.56809017407862,0.35,0.09,0,"Fibroblasts","COL4A2",0.548831560927516
"LMCD1",0,4.06653717886053,0.281,0.022,0,"Fibroblasts","LMCD1",1.14269694725981
"LPAR1",0,3.26054707781749,0.305,0.046,0,"Fibroblasts","LPAR1",0.994466858734336
"IGF1",0,4.48684866322666,0.273,0.016,0,"Fibroblasts","IGF1",1.22490968506088
"CDK14",0,1.06126833795077,0.496,0.241,0,"Fibroblasts","CDK14",0.526389095623584
"PRDM6",0,5.61285155186313,0.259,0.005,0,"Fibroblasts","PRDM6",1.45372855193255
"MEG8",0,5.76947323357836,0.259,0.005,0,"Fibroblasts","MEG8",1.49429356749679
"EXT1",0,1.19757778089747,0.579,0.325,0,"Fibroblasts","EXT1",0.693397535139633
"ST6GALNAC5",0,2.04217168598188,0.307,0.057,0,"Fibroblasts","ST6GALNAC5",0.626946707596436
"FAP",0,6.2966734583563,0.253,0.003,0,"Fibroblasts","FAP",1.59305838496415
"PLSCR4",0,2.92745721031089,0.287,0.037,0,"Fibroblasts","PLSCR4",0.840180219359227
"BACH2",0,1.2894255661596,0.322,0.074,0,"Fibroblasts","BACH2",0.415195032303392
"DCLK1",0,3.75026539147827,0.269,0.022,0,"Fibroblasts","DCLK1",1.00882139030766
"PKD2",0,2.17905096702228,0.342,0.096,0,"Fibroblasts","PKD2",0.745235430721621
"PTPRD",0,1.87659903259611,0.321,0.076,0,"Fibroblasts","PTPRD",0.602388289463352
"MAMDC2",0,3.50964006849277,0.296,0.051,0,"Fibroblasts","MAMDC2",1.03885346027386
"PEAK1",0,1.28075457607607,0.502,0.258,0,"Fibroblasts","PEAK1",0.642938797190189
"TIMP3",0,1.80333819563763,0.354,0.11,0,"Fibroblasts","TIMP3",0.63838172125572
"NAALADL2",0,1.49319667331895,0.403,0.16,0,"Fibroblasts","NAALADL2",0.601758259347535
"LHFPL6",0,1.92632902968751,0.318,0.075,0,"Fibroblasts","LHFPL6",0.612572631440629
"VGLL3",0,5.18800689871877,0.25,0.008,0,"Fibroblasts","VGLL3",1.29700172467969
"NR2F1",0,4.07906975513898,0.257,0.015,0,"Fibroblasts","NR2F1",1.04832092707072
"ANGPT1",0,5.54683951948178,0.248,0.006,0,"Fibroblasts","ANGPT1",1.37561620083148
"GAS71",0,1.46377358769239,0.388,0.147,0,"Fibroblasts","GAS7",0.567944152024649
"PTPRS",0,3.58965263856841,0.269,0.029,0,"Fibroblasts","PTPRS",0.965616559774901
"LIMA1",0,2.3842594441,0.316,0.076,0,"Fibroblasts","LIMA1",0.7534259843356
"ABCA8",0,4.03661850235509,0.259,0.021,0,"Fibroblasts","ABCA8",1.04548419210997
"TANC1",0,1.36772959921456,0.41,0.173,0,"Fibroblasts","TANC1",0.560769135677971
"TPM1",0,2.56481405183835,0.304,0.067,0,"Fibroblasts","TPM1",0.779703471758858
"RBFOX2",0,1.44709909739963,0.385,0.149,0,"Fibroblasts","RBFOX2",0.557133152498856
"OSBPL9",0,1.5753837175989,0.43,0.197,0,"Fibroblasts","OSBPL9",0.677414998567529
"GHR",0,3.95797054145228,0.247,0.014,0,"Fibroblasts","GHR",0.977618723738713
"ANK2",0,4.34377328449903,0.251,0.019,0,"Fibroblasts","ANK2",1.09028709440926
"IGF2BP2",0,2.0415190974778,0.315,0.083,0,"Fibroblasts","IGF2BP2",0.643078515705508
"FAT4",0,3.10249801095452,0.262,0.031,0,"Fibroblasts","FAT4",0.812854478870084
"CACNA1D",0,3.38368719228576,0.281,0.051,0,"Fibroblasts","CACNA1D",0.9508161010323
"AEBP1",0,5.94890360183595,0.234,0.004,0,"Fibroblasts","AEBP1",1.39204344282961
"ZNF521",0,2.6638630949935,0.258,0.028,0,"Fibroblasts","ZNF521",0.687276678508324
"SH3PXD2A",0,1.92380309420561,0.352,0.122,0,"Fibroblasts","SH3PXD2A",0.677178689160373
"SAMD4A",0,1.60555433407238,0.429,0.2,0,"Fibroblasts","SAMD4A",0.688782809317049
"PCDH7",0,3.7498715488955,0.252,0.024,0,"Fibroblasts","PCDH7",0.944967630321665
"SULF1",0,4.64922911728822,0.245,0.017,0,"Fibroblasts","SULF1",1.13906113373561
"ZFP36L1",0,1.43440499915489,0.417,0.189,0,"Fibroblasts","ZFP36L1",0.598146884647589
"NNMT",0,2.82334860143406,0.269,0.042,0,"Fibroblasts","NNMT",0.759480773785762
"DYNC2H1",0,1.76045017491995,0.316,0.09,0,"Fibroblasts","DYNC2H1",0.556302255274706
"SUGCT",0,4.56113029974175,0.24,0.014,0,"Fibroblasts","SUGCT",1.09467127193802
"COL14A1",0,5.28790455808468,0.231,0.006,0,"Fibroblasts","COL14A1",1.22150595291756
"SH3RF3",0,1.71091943638762,0.299,0.074,0,"Fibroblasts","SH3RF3",0.511564911479899
"ARHGAP28",0,5.37796001736474,0.232,0.008,0,"Fibroblasts","ARHGAP28",1.24768672402862
"MYO10",0,2.07484968353811,0.334,0.111,0,"Fibroblasts","MYO10",0.692999794301727
"NAMPT1",0,1.35572675920514,0.474,0.251,0,"Fibroblasts","NAMPT",0.642614483863235
"MAP4K4",0,1.24005303766836,0.458,0.237,0,"Fibroblasts","MAP4K4",0.56794429125211
"TGFBR3",0,1.70594049641056,0.291,0.071,0,"Fibroblasts","TGFBR3",0.496428684455472
"RHOBTB3",0,1.82190305623673,0.337,0.119,0,"Fibroblasts","RHOBTB3",0.61398132995178
"TIMP1",0,4.75515923531108,0.231,0.013,0,"Fibroblasts","TIMP1",1.09844178335686
"PAPPA",0,4.97709327201286,0.231,0.014,0,"Fibroblasts","PAPPA",1.14970854583497
"OSBPL8",0,1.30682009125562,0.478,0.261,0,"Fibroblasts","OSBPL8",0.624660003620186
"COL8A1",0,1.34816008913972,0.337,0.121,0,"Fibroblasts","COL8A1",0.454329950040085
"TNXB",0,4.04602778182375,0.231,0.015,0,"Fibroblasts","TNXB",0.934632417601286
"ITGA1",0,1.55401519159252,0.283,0.068,0,"Fibroblasts","ITGA1",0.439786299220682
"CCN1",0,3.94774756964733,0.243,0.029,0,"Fibroblasts","CCN1",0.9593026594243
"GEM",0,4.37077708389506,0.228,0.014,0,"Fibroblasts","GEM",0.996537175128073
"RERG",0,5.01160808693363,0.221,0.007,0,"Fibroblasts","RERG",1.10756538721233
"ADAMTS21",0,1.5406216470634,0.297,0.084,0,"Fibroblasts","ADAMTS2",0.457564629177829
"TMEM108",0,2.74732690835221,0.264,0.052,0,"Fibroblasts","TMEM108",0.725294303804985
"ELL21",0,1.00254124638281,0.534,0.322,0,"Fibroblasts","ELL2",0.535357025568421
"AKAP12",0,1.99173509342567,0.244,0.032,0,"Fibroblasts","AKAP12",0.485983362795862
"MGP",0,4.73666999440792,0.221,0.009,0,"Fibroblasts","MGP",1.04680406876415
"NHSL2",0,4.35987799811646,0.223,0.011,0,"Fibroblasts","NHSL2",0.972252793579971
"BX322234.1",0,6.13718219675486,0.214,0.003,0,"Fibroblasts","BX322234.1",1.31335699010554
"NEBL",0,1.03394832129411,0.414,0.204,0,"Fibroblasts","NEBL",0.428054605015762
"MSC-AS1",0,2.71098017785938,0.234,0.025,0,"Fibroblasts","MSC-AS1",0.634369361619096
"CNN3",0,2.32485014915781,0.266,0.058,0,"Fibroblasts","CNN3",0.618410139675979
"ADAM12",0,3.00065971886854,0.232,0.024,0,"Fibroblasts","ADAM12",0.696153054777501
"FMO2",0,3.55225651256224,0.236,0.028,0,"Fibroblasts","FMO2",0.838332536964688
"SPARCL1",0,2.21595445154219,0.238,0.03,0,"Fibroblasts","SPARCL1",0.52739715946704
"MRC2",0,3.39466943686264,0.236,0.028,0,"Fibroblasts","MRC2",0.801141987099583
"KCNT2",0,1.97181984655879,0.251,0.044,0,"Fibroblasts","KCNT2",0.494926781486255
"FRMD6",0,3.74941030697823,0.222,0.015,0,"Fibroblasts","FRMD6",0.832369088149166
"GLI2",0,5.18293951416653,0.213,0.006,0,"Fibroblasts","GLI2",1.10396611651747
"SERPINH1",0,3.08646657764108,0.239,0.033,0,"Fibroblasts","SERPINH1",0.737665512056218
"MTHFD1L",0,1.77345389740173,0.317,0.113,0,"Fibroblasts","MTHFD1L",0.562184885476349
"DOK6",0,3.35005556127453,0.218,0.014,0,"Fibroblasts","DOK6",0.730312112357848
"EMILIN1",0,5.85338330234035,0.207,0.004,0,"Fibroblasts","EMILIN1",1.21165034358445
"KIRREL1",0,3.06235100034694,0.236,0.034,0,"Fibroblasts","KIRREL1",0.722714836081878
"MMP14",0,3.46835254903266,0.233,0.032,0,"Fibroblasts","MMP14",0.80812614392461
"COL16A1",0,5.44903714914201,0.205,0.005,0,"Fibroblasts","COL16A1",1.11705261557411
"DMD",0,1.63137109690808,0.297,0.097,0,"Fibroblasts","DMD",0.484517215781701
"RNF2171",0,1.97454694996182,0.305,0.106,0,"Fibroblasts","RNF217",0.602236819738356
"TBX2",0,3.76298120663001,0.21,0.011,0,"Fibroblasts","TBX2",0.790226053392301
"MPDZ",0,1.99415173188634,0.266,0.068,0,"Fibroblasts","MPDZ",0.530444360681767
"EFEMP1",0,2.81696205829341,0.24,0.042,0,"Fibroblasts","EFEMP1",0.67607089399042
"MACF1",0,1.3555585486799,0.774,0.577,0,"Fibroblasts","MACF1",1.04920231667824
"GULP1",0,1.95043021908642,0.276,0.079,0,"Fibroblasts","GULP1",0.538318740467853
"TSPAN9",0,2.07675344626714,0.25,0.053,0,"Fibroblasts","TSPAN9",0.519188361566784
"MEIS2",0,1.2813210093572,0.296,0.099,0,"Fibroblasts","MEIS2",0.379271018769731
"PTGDS",0,5.28234705961522,0.2,0.005,0,"Fibroblasts","PTGDS",1.05646941192304
"DENND2A",0,3.94591469115811,0.207,0.012,0,"Fibroblasts","DENND2A",0.816804341069728
"ITGB5",0,2.65518315813913,0.241,0.047,0,"Fibroblasts","ITGB5",0.63989914111153
"PDGFRB",0,3.89183329286144,0.201,0.007,0,"Fibroblasts","PDGFRB",0.782258491865149
"BMP5",0,6.1380471822126,0.198,0.004,0,"Fibroblasts","BMP5",1.2153333420781
"C3",0,2.84906757756722,0.256,0.062,0,"Fibroblasts","C3",0.729361299857207
"GXYLT2",0,4.70091065241296,0.203,0.01,0,"Fibroblasts","GXYLT2",0.954284862439831
"TLN2",0,2.79729460017443,0.236,0.043,0,"Fibroblasts","TLN2",0.660161525641166
"FRAS1",0,3.39169457125939,0.224,0.032,0,"Fibroblasts","FRAS1",0.759739583962104
"FGFR1",0,2.32056088916042,0.247,0.055,0,"Fibroblasts","FGFR1",0.573178539622624
"DAAM1",0,1.48863469840418,0.332,0.14,0,"Fibroblasts","DAAM1",0.494226719870187
"NFIA",0,1.05817418839801,0.471,0.279,0,"Fibroblasts","NFIA",0.498400042735464
"PTGIS",0,4.48949041460112,0.198,0.007,0,"Fibroblasts","PTGIS",0.888919102091022
"PDE3A",0,2.55562892163154,0.211,0.021,0,"Fibroblasts","PDE3A",0.539237702464255
"MSRB3",0,2.3562169561853,0.229,0.04,0,"Fibroblasts","MSRB3",0.539573682966434
"FAM227B",0,2.79811180369302,0.231,0.042,0,"Fibroblasts","FAM227B",0.646363826653087
"ANTXR2",0,1.3545290106296,0.312,0.124,0,"Fibroblasts","ANTXR2",0.422613051316435
"FLRT2",0,2.57053076545847,0.217,0.029,0,"Fibroblasts","FLRT2",0.557805176104488
"GPC3",0,5.37457163186276,0.194,0.006,0,"Fibroblasts","GPC3",1.04266689658138
"NCKAP1",0,1.40512519626045,0.297,0.111,0,"Fibroblasts","NCKAP1",0.417322183289353
"KALRN",0,1.12618748457901,0.246,0.06,0,"Fibroblasts","KALRN",0.277042121206436
"RARRES1",0,4.15015203433406,0.206,0.02,0,"Fibroblasts","RARRES1",0.854931319072817
"IL6ST",0,1.23096703098755,0.341,0.156,0,"Fibroblasts","IL6ST",0.419759757566756
"PRKN",0,1.24751020364155,0.331,0.146,0,"Fibroblasts","PRKN",0.412925877405353
"LMCD1-AS1",0,2.54948789183366,0.233,0.048,0,"Fibroblasts","LMCD1-AS1",0.594030678797243
"PCSK5",0,1.68214130100691,0.324,0.139,0,"Fibroblasts","PCSK5",0.54501378152624
"GSE1",0,1.4039729547983,0.366,0.181,0,"Fibroblasts","GSE1",0.513854101456177
"BCL6",0,1.3895231483575,0.323,0.139,0,"Fibroblasts","BCL6",0.448815976919471
"ARHGAP101",0,1.01545385427319,0.375,0.191,0,"Fibroblasts","ARHGAP10",0.380795195352446
"CFAP69",0,3.38362119956331,0.21,0.026,0,"Fibroblasts","CFAP69",0.710560451908295
"TIMP21",0,1.63546714076918,0.305,0.121,0,"Fibroblasts","TIMP2",0.498817477934599
"NID1",0,3.71957666423866,0.196,0.013,0,"Fibroblasts","NID1",0.729037026190778
"BGN",0,5.50854143214714,0.187,0.004,0,"Fibroblasts","BGN",1.03009724781152
"NEXN",0,3.07957500442784,0.212,0.03,0,"Fibroblasts","NEXN",0.652869900938702
"PLPP1",0,1.48945306701516,0.263,0.081,0,"Fibroblasts","PLPP1",0.391726156624986
"PIK3R1",0,1.07392125100423,0.365,0.184,0,"Fibroblasts","PIK3R1",0.391981256616544
"SERPING1",0,3.65823157532809,0.204,0.023,0,"Fibroblasts","SERPING1",0.74627924136693
"PKNOX2",0,5.51291635962913,0.184,0.003,0,"Fibroblasts","PKNOX2",1.01437661017176
"NFIX",0,2.06506329217266,0.252,0.071,0,"Fibroblasts","NFIX",0.52039594962751
"AUH",0,1.22920077432533,0.336,0.156,0,"Fibroblasts","AUH",0.413011460173312
"C1orf21",0,1.21941483873237,0.326,0.147,0,"Fibroblasts","C1orf21",0.397529237426752
"TNS1",0,1.03051622321612,0.37,0.193,0,"Fibroblasts","TNS1",0.381291002589965
"OSMR",0,1.19714319836417,0.305,0.128,0,"Fibroblasts","OSMR",0.365128675501073
"MCC",0,1.72076197736929,0.244,0.067,0,"Fibroblasts","MCC",0.419865922478107
"CARMIL1",0,1.00534173509882,0.404,0.229,0,"Fibroblasts","CARMIL1",0.406158060979922
"PSD31",0,1.05339293018301,0.36,0.185,0,"Fibroblasts","PSD3",0.379221454865882
"PMP221",0,1.96471395584447,0.23,0.056,0,"Fibroblasts","PMP22",0.451884209844228
"CRIM1",0,1.53078218049917,0.312,0.138,0,"Fibroblasts","CRIM1",0.477604040315743
"ROCK2",0,1.04570702603793,0.402,0.229,0,"Fibroblasts","ROCK2",0.420374224467248
"PDE5A",0,1.90670110117865,0.262,0.089,0,"Fibroblasts","PDE5A",0.499555688508806
"PLCB4",0,1.5338048019301,0.233,0.06,0,"Fibroblasts","PLCB4",0.357376518849713
"GFPT2",0,5.15524124321451,0.179,0.006,0,"Fibroblasts","GFPT2",0.922788182535397
"FERMT2",0,1.89767327461002,0.241,0.068,0,"Fibroblasts","FERMT2",0.457339259181015
"CDH13",0,3.43623679866474,0.189,0.016,0,"Fibroblasts","CDH13",0.649448754947635
"MEOX2",0,6.24027012882741,0.174,0.002,0,"Fibroblasts","MEOX2",1.08580700241597
"ANO6",0,1.115465859603,0.355,0.183,0,"Fibroblasts","ANO6",0.395990380159064
"PDE1A",0,3.28734538241067,0.188,0.017,0,"Fibroblasts","PDE1A",0.618020931893206
"ITGAV",0,1.14638005472227,0.336,0.166,0,"Fibroblasts","ITGAV",0.385183698386681
"PDLIM5",0,1.7496532808136,0.369,0.199,0,"Fibroblasts","PDLIM5",0.645622060620217
"SERPINE1",0,2.53889643006922,0.21,0.041,0,"Fibroblasts","SERPINE1",0.533168250314536
"NHS",0,2.33514287954065,0.211,0.043,0,"Fibroblasts","NHS",0.492715147583076
"LBH",0,2.95579222752359,0.195,0.028,0,"Fibroblasts","LBH",0.576379484367101
"COL6A6",0,5.91401894898844,0.171,0.004,0,"Fibroblasts","COL6A6",1.01129724027702
"FAM20C1",0,2.06829675235816,0.23,0.063,0,"Fibroblasts","FAM20C",0.475708253042377
"CYP1B1",0,3.55513198304334,0.185,0.019,0,"Fibroblasts","CYP1B1",0.657699416863018
"SLC40A1",0,3.30614578396247,0.194,0.028,0,"Fibroblasts","SLC40A1",0.64139228208872
"STXBP5",0,1.07635872363875,0.331,0.165,0,"Fibroblasts","STXBP5",0.356274737524426
"AFAP1",0,2.29327965016795,0.208,0.042,0,"Fibroblasts","AFAP1",0.477002167234934
"ZFPM2-AS1",0,2.51715854402543,0.205,0.039,0,"Fibroblasts","ZFPM2-AS1",0.516017501525213
"POSTN",0,4.75689169526264,0.174,0.008,0,"Fibroblasts","POSTN",0.827699154975699
"IL16",0,2.75455347293166,0.195,0.03,0,"Fibroblasts","IL16",0.537137927221674
"FKBP10",0,5.08629223496425,0.17,0.005,0,"Fibroblasts","FKBP10",0.864669679943923
"PLXNA4",0,3.81494762779334,0.174,0.01,0,"Fibroblasts","PLXNA4",0.66380088723604
"COL21A1",0,3.43736784057193,0.185,0.022,0,"Fibroblasts","COL21A1",0.635913050505807
"PCBP3",0,3.28179695299703,0.186,0.023,0,"Fibroblasts","PCBP3",0.610414233257447
"VGLL4",0,1.53312223751845,0.265,0.104,0,"Fibroblasts","VGLL4",0.406277392942389
"PLS3",0,1.58234346861413,0.25,0.089,0,"Fibroblasts","PLS3",0.395585867153532
"DEPP1",0,3.53051143950198,0.177,0.016,0,"Fibroblasts","DEPP1",0.624900524791851
"ZCCHC24",0,3.35690144588893,0.178,0.018,0,"Fibroblasts","ZCCHC24",0.59752845736823
"MAP3K20",0,1.37341311289097,0.281,0.122,0,"Fibroblasts","MAP3K20",0.385929084722363
"SEC24D",0,1.15465700711339,0.305,0.146,0,"Fibroblasts","SEC24D",0.352170387169585
"CEP112",0,1.15463595809486,0.292,0.133,0,"Fibroblasts","CEP112",0.337153699763701
"PLA2R1",0,2.50518759937938,0.187,0.029,0,"Fibroblasts","PLA2R1",0.468470081083944
"NAP1L1",0,1.08194320841171,0.322,0.165,0,"Fibroblasts","NAP1L1",0.348385713108571
"FAM126A",0,1.36567718058765,0.261,0.105,0,"Fibroblasts","FAM126A",0.356441744133378
"ARHGEF10",0,1.37836982132955,0.23,0.075,0,"Fibroblasts","ARHGEF10",0.317025058905797
"PARVA",0,1.66113079986542,0.233,0.078,0,"Fibroblasts","PARVA",0.387043476368643
"PODN",0,5.95775807666097,0.157,0.002,0,"Fibroblasts","PODN",0.935368018035772
"KLF9",0,1.90493224134084,0.217,0.062,0,"Fibroblasts","KLF9",0.413370296370962
"PRICKLE1",0,3.17460205502872,0.177,0.022,0,"Fibroblasts","PRICKLE1",0.561904563740084
"ABCA9-AS1",0,6.15320674506576,0.156,0.003,0,"Fibroblasts","ABCA9-AS1",0.959900252230259
"HGF",0,3.73403630102568,0.163,0.011,0,"Fibroblasts","HGF",0.608647917067187
"TENM4",0,3.23476047806411,0.177,0.026,0,"Fibroblasts","TENM4",0.572552604617347
"TBX5",0,4.8901903651344,0.154,0.003,0,"Fibroblasts","TBX5",0.753089316230698
"SEMA3C1",0,1.39760151667178,0.25,0.1,0,"Fibroblasts","SEMA3C",0.349400379167945
"SELENOP",0,2.09400850195993,0.195,0.046,0,"Fibroblasts","SELENOP",0.408331657882186
"CLIC4",0,1.01374343472119,0.297,0.148,0,"Fibroblasts","CLIC4",0.301081800112192
"PGAP1",0,2.47432521067465,0.188,0.039,0,"Fibroblasts","PGAP1",0.465173139606834
"FBXO32",0,3.30365200983698,0.175,0.026,0,"Fibroblasts","FBXO32",0.578139101721471
"NFIC1",0,1.03068911942297,0.332,0.184,0,"Fibroblasts","NFIC",0.342188787648425
"ACTN1",0,1.3865957564128,0.267,0.12,0,"Fibroblasts","ACTN1",0.370221066962219
"TASP1",0,1.37785358460091,0.263,0.116,0,"Fibroblasts","TASP1",0.362375492750039
"FHL1",0,2.95601576874078,0.175,0.028,0,"Fibroblasts","FHL1",0.517302759529636
"CSMD2",0,5.74630020210319,0.15,0.004,0,"Fibroblasts","CSMD2",0.861945030315479
"COL18A1",0,2.12462768101442,0.188,0.042,0,"Fibroblasts","COL18A1",0.39943000403071
"VCL",0,1.14412356274783,0.28,0.135,0,"Fibroblasts","VCL",0.320354597569392
"ACSS3",0,1.78620669890855,0.203,0.058,0,"Fibroblasts","ACSS3",0.362599959878435
"NUAK1",0,2.95832647638727,0.159,0.014,0,"Fibroblasts","NUAK1",0.470373909745576
"NAV11",0,1.3110102217478,0.224,0.08,0,"Fibroblasts","NAV1",0.293666289671508
"TRAM2",0,1.48481104804021,0.2,0.056,0,"Fibroblasts","TRAM2",0.296962209608042
"COL15A1",0,4.44336421585308,0.148,0.005,0,"Fibroblasts","COL15A1",0.657617903946256
"COL27A1",0,2.80208465760371,0.172,0.029,0,"Fibroblasts","COL27A1",0.481958561107839
"LRFN5",0,5.98917949009122,0.145,0.002,0,"Fibroblasts","LRFN5",0.868431026063226
"C1RL",0,1.73887543468682,0.214,0.072,0,"Fibroblasts","C1RL",0.37211934302298
"CALU",0,1.56666661638735,0.24,0.098,0,"Fibroblasts","CALU",0.375999987932964
"CDC14B",0,1.79754785156887,0.206,0.064,0,"Fibroblasts","CDC14B",0.370294857423188
"CAMSAP2",0,1.21559117114933,0.271,0.13,0,"Fibroblasts","CAMSAP2",0.329425207381469
"CCN2",0,3.65603123055738,0.159,0.018,0,"Fibroblasts","CCN2",0.581308965658623
"MT2A",0,2.41005336237993,0.184,0.043,0,"Fibroblasts","MT2A",0.443449818677906
"GPX3",0,3.73829471581586,0.155,0.015,0,"Fibroblasts","GPX3",0.579435680951458
"DTWD1",0,2.12283561531381,0.188,0.048,0,"Fibroblasts","DTWD1",0.399093095678996
"KCND3",0,3.39896932975574,0.156,0.019,0,"Fibroblasts","KCND3",0.530239215441895
"RND3",0,3.27763530169615,0.157,0.02,0,"Fibroblasts","RND3",0.514588742366296
"RECK",0,2.25002833301384,0.171,0.034,0,"Fibroblasts","RECK",0.384754844945366
"EDIL3",0,2.3040070738933,0.176,0.039,0,"Fibroblasts","EDIL3",0.40550524500522
"PTK7",0,2.44466897582566,0.177,0.04,0,"Fibroblasts","PTK7",0.432706408721142
"PKIG",0,2.09471554598484,0.172,0.035,0,"Fibroblasts","PKIG",0.360291073909393
"SPATA6",0,1.64932712696283,0.216,0.08,0,"Fibroblasts","SPATA6",0.356254659423971
"CBR4",0,1.1646869276241,0.268,0.132,0,"Fibroblasts","CBR4",0.31213609660326
"COL12A1",0,2.93024476487471,0.177,0.041,0,"Fibroblasts","COL12A1",0.518653323382823
"CTHRC1",0,5.13563413318611,0.141,0.005,0,"Fibroblasts","CTHRC1",0.724124412779242
"FBLN5",0,3.73261959866659,0.149,0.013,0,"Fibroblasts","FBLN5",0.556160320201323
"MFSD4B",0,1.13623588735029,0.351,0.216,0,"Fibroblasts","MFSD4B",0.398818796459951
"CYBRD1",0,1.94975381469256,0.183,0.05,0,"Fibroblasts","CYBRD1",0.356804948088739
"RBMS3-AS2",0,2.08675021893031,0.177,0.044,0,"Fibroblasts","RBMS3-AS2",0.369354788750665
"NTNG1",0,4.00304831364132,0.139,0.007,0,"Fibroblasts","NTNG1",0.556423715596143
"GUCY1A1",0,2.56062097452123,0.162,0.03,0,"Fibroblasts","GUCY1A1",0.414820597872439
"ITGA2",0,1.92512232830963,0.198,0.066,0,"Fibroblasts","ITGA2",0.381174221005307
"TXNRD1",0,1.60261178436818,0.241,0.109,0,"Fibroblasts","TXNRD1",0.386229440032731
"TGM2",0,2.15335159859537,0.18,0.048,0,"Fibroblasts","TGM2",0.387603287747167
"HEG1",0,1.15810448474302,0.213,0.082,0,"Fibroblasts","HEG1",0.246676255250264
"PID1",0,1.09278659684278,0.251,0.121,0,"Fibroblasts","PID1",0.274289435807538
"TRPC1",0,2.38844019636001,0.16,0.03,0,"Fibroblasts","TRPC1",0.382150431417601
"CHSY3",0,1.45530088083061,0.195,0.065,0,"Fibroblasts","CHSY3",0.283783671761968
"GRB10",0,1.03215971912367,0.231,0.101,0,"Fibroblasts","GRB10",0.238428895117567
"ACTA2",0,3.45411372704455,0.143,0.013,0,"Fibroblasts","ACTA2",0.49393826296737
"AOX1",0,6.65498958624768,0.13,0.001,0,"Fibroblasts","AOX1",0.865148646212198
"GASK1A",0,3.87586158516349,0.139,0.01,0,"Fibroblasts","GASK1A",0.538744760337725
"NRCAM",0,3.31432802011286,0.138,0.009,0,"Fibroblasts","NRCAM",0.457377266775575
"MXRA5",0,5.24220675053614,0.133,0.004,0,"Fibroblasts","MXRA5",0.697213497821307
"KIAA1211",0,3.61768686687667,0.141,0.012,0,"Fibroblasts","KIAA1211",0.51009384822961
"CTDSPL",0,1.44470955944918,0.217,0.089,0,"Fibroblasts","CTDSPL",0.313501974400472
"STXBP4",0,1.9383539012041,0.184,0.056,0,"Fibroblasts","STXBP4",0.356657117821554
"TPM4",0,1.05984571757341,0.285,0.157,0,"Fibroblasts","TPM4",0.302056029508422
"TSC22D1",0,1.02885838840701,0.275,0.148,0,"Fibroblasts","TSC22D1",0.282936056811927
"SPSB1",0,2.20006517434227,0.185,0.058,0,"Fibroblasts","SPSB1",0.40701205725332
"DCLK2",0,3.33921589617896,0.142,0.015,0,"Fibroblasts","DCLK2",0.474168657257412
"AF117829.1",0,1.2584299758902,0.232,0.105,0,"Fibroblasts","AF117829.1",0.291955754406527
"PHLDB1",0,2.74929771981381,0.147,0.02,0,"Fibroblasts","PHLDB1",0.404146764812631
"TSHZ3",0,1.73869798536292,0.17,0.043,0,"Fibroblasts","TSHZ3",0.295578657511697
"BOC",0,5.98379392061645,0.128,0.002,0,"Fibroblasts","BOC",0.765925621838905
"FAM114A1",0,2.10379168658319,0.168,0.042,0,"Fibroblasts","FAM114A1",0.353437003345975
"CAB39L",0,2.7969784630058,0.155,0.029,0,"Fibroblasts","CAB39L",0.433531661765899
"SCARB21",0,1.04247637684719,0.271,0.146,0,"Fibroblasts","SCARB2",0.282511098125588
"VEGFC",0,3.40756939862902,0.133,0.008,0,"Fibroblasts","VEGFC",0.453206730017659
"MICU3",0,2.24732549949592,0.161,0.036,0,"Fibroblasts","MICU3",0.361819405418844
"PRSS23",0,1.65892949485863,0.164,0.039,0,"Fibroblasts","PRSS23",0.272064437156816
"KANK2",0,2.51874953855059,0.153,0.028,0,"Fibroblasts","KANK2",0.38536867939824
"TEX41",0,3.24487861323052,0.141,0.016,0,"Fibroblasts","TEX41",0.457527884465503
"LURAP1L",0,1.92422780885699,0.172,0.047,0,"Fibroblasts","LURAP1L",0.330967183123403
"CPD",0,1.17877811804076,0.24,0.115,0,"Fibroblasts","CPD",0.282906748329782
"NFASC",0,4.57815295353866,0.129,0.005,0,"Fibroblasts","NFASC",0.590581731006487
"NOX4",0,4.47051111882495,0.131,0.007,0,"Fibroblasts","NOX4",0.585636956566069
"ZHX3",0,1.40729038670778,0.209,0.085,0,"Fibroblasts","ZHX3",0.294123690821926
"FBLN2",0,5.10804314974371,0.126,0.003,0,"Fibroblasts","FBLN2",0.643613436867708
"BMERB1",0,1.6141770379589,0.176,0.053,0,"Fibroblasts","BMERB1",0.284095158680766
"TNC",0,3.29758530121005,0.144,0.021,0,"Fibroblasts","TNC",0.474852283374247
"ZNF532",0,1.32581278045366,0.207,0.084,0,"Fibroblasts","ZNF532",0.274443245553908
"ADAMTS1",0,3.06939439464758,0.133,0.011,0,"Fibroblasts","ADAMTS1",0.408229454488128
"PCOLCE",0,5.23272833857168,0.125,0.003,0,"Fibroblasts","PCOLCE",0.65409104232146
"SRPX2",0,3.08255033282106,0.138,0.017,0,"Fibroblasts","SRPX2",0.425391945929307
"PRELP",0,6.14576263679787,0.123,0.002,0,"Fibroblasts","PRELP",0.755928804326138
"GNAI1",0,2.76117119576875,0.145,0.024,0,"Fibroblasts","GNAI1",0.400369823386469
"THRB",0,1.11356941513883,0.231,0.111,0,"Fibroblasts","THRB",0.25723453489707
"ZNF704",0,1.45534064992744,0.197,0.077,0,"Fibroblasts","ZNF704",0.286702108035705
"HECTD2",0,1.95865356926365,0.163,0.043,0,"Fibroblasts","HECTD2",0.319260531789976
"ASAP2",0,1.28207686313628,0.206,0.086,0,"Fibroblasts","ASAP2",0.264107833806074
"MAOB",0,3.75465668742494,0.127,0.007,0,"Fibroblasts","MAOB",0.476841399302968
"UBC",0,1.02673116789061,0.233,0.114,0,"Fibroblasts","UBC",0.239228362118512
"GBE1",0,1.12479533865344,0.258,0.139,0,"Fibroblasts","GBE1",0.290197197372587
"SPON2",0,1.92034320318573,0.145,0.026,0,"Fibroblasts","SPON2",0.278449764461931
"CTTN",0,1.55426297277712,0.184,0.065,0,"Fibroblasts","CTTN",0.285984386990991
"MFGE8",0,2.85632641397965,0.139,0.022,0,"Fibroblasts","MFGE8",0.397029371543172
"RARB",0,2.90502465783106,0.137,0.02,0,"Fibroblasts","RARB",0.397988378122855
"VIM1",0,1.0716270498938,0.22,0.103,0,"Fibroblasts","VIM",0.235757950976636
"C2orf27A",0,2.58297897726492,0.141,0.024,0,"Fibroblasts","C2orf27A",0.364200035794354
"RARRES2",0,5.85189973456722,0.119,0.002,0,"Fibroblasts","RARRES2",0.6963760684135
"DZIP1",0,4.01729811792241,0.125,0.008,0,"Fibroblasts","DZIP1",0.502162264740302
"TMEM45A",0,2.11770644980097,0.134,0.018,0,"Fibroblasts","TMEM45A",0.283772664273331
"BX284613.2",0,1.89304035436965,0.15,0.034,0,"Fibroblasts","BX284613.2",0.283956053155448
"TRAF3IP2-AS1",0,1.05182681947703,0.217,0.101,0,"Fibroblasts","TRAF3IP2-AS1",0.228246419826516
"SERPINF1",0,4.17378709858577,0.123,0.007,0,"Fibroblasts","SERPINF1",0.513375813126049
"NR2F2",0,2.35803603338276,0.137,0.022,0,"Fibroblasts","NR2F2",0.323050936573438
"CXCL12",0,4.25510384763997,0.12,0.005,0,"Fibroblasts","CXCL12",0.510612461716796
"CPED11",0,1.60586886573518,0.168,0.054,0,"Fibroblasts","CPED1",0.26978596944351
"ZFAND51",0,1.13364940153823,0.252,0.138,0,"Fibroblasts","ZFAND5",0.285679649187634
"HIF3A",0,1.98242011373782,0.139,0.026,0,"Fibroblasts","HIF3A",0.275556395809557
"SLC16A1-AS1",0,1.5179825311147,0.16,0.047,0,"Fibroblasts","SLC16A1-AS1",0.242877204978351
"CCN4",0,6.14758654761642,0.115,0.002,0,"Fibroblasts","CCN4",0.706972452975889
"GPR173",0,3.60414187708887,0.122,0.009,0,"Fibroblasts","GPR173",0.439705309004842
"AASS",0,1.48486570809254,0.176,0.063,0,"Fibroblasts","AASS",0.261336364624287
"ZCCHC14",0,1.29734626099178,0.203,0.091,0,"Fibroblasts","ZCCHC14",0.263361290981332
"DNM1",0,2.60966589359668,0.131,0.02,0,"Fibroblasts","DNM1",0.341866232061165
"EMP1",0,1.30234277485772,0.185,0.074,0,"Fibroblasts","EMP1",0.240933413348679
"ADGRA3",0,2.0920101443187,0.153,0.042,0,"Fibroblasts","ADGRA3",0.320077552080761
"DPYSL2",0,1.07755110336275,0.235,0.124,0,"Fibroblasts","DPYSL2",0.253224509290245
"FIGN",0,2.68471422495639,0.138,0.028,0,"Fibroblasts","FIGN",0.370490563043982
"SFRP2",0,6.63809612157051,0.111,0.001,0,"Fibroblasts","SFRP2",0.736828669494327
"FAT3",0,5.15007523433906,0.114,0.004,0,"Fibroblasts","FAT3",0.587108576714653
"NPAS2",0,1.59840676313802,0.168,0.059,0,"Fibroblasts","NPAS2",0.268532336207187
"ITIH5",0,3.88972185496669,0.117,0.008,0,"Fibroblasts","ITIH5",0.455097457031103
"ECHDC2",0,1.62678401318453,0.19,0.081,0,"Fibroblasts","ECHDC2",0.30908896250506
"GNG12",0,1.43923960157008,0.18,0.072,0,"Fibroblasts","GNG12",0.259063128282615
"SERPINE2",0,4.67990511594614,0.113,0.005,0,"Fibroblasts","SERPINE2",0.528829278101914
"TJP2",0,1.2238420625213,0.222,0.114,0,"Fibroblasts","TJP2",0.271692937879728
"MORF4L2",0,1.1870268301403,0.208,0.1,0,"Fibroblasts","MORF4L2",0.246901580669182
"FGF2",0,3.73324066915298,0.115,0.008,0,"Fibroblasts","FGF2",0.429322676952592
"RNF24",0,1.01853795596683,0.202,0.095,0,"Fibroblasts","RNF24",0.205744667105299
"DNM3OS",0,5.16340245230897,0.11,0.003,0,"Fibroblasts","DNM3OS",0.567974269753986
"EPHA3",0,5.71475211882498,0.109,0.002,0,"Fibroblasts","EPHA3",0.622907980951922
"TBC1D19",0,1.2798904454095,0.178,0.071,0,"Fibroblasts","TBC1D19",0.227820499282891
"CYTH3",0,1.26535953549736,0.173,0.066,0,"Fibroblasts","CYTH3",0.218907199641043
"UAP1",0,2.67515263333145,0.137,0.031,0,"Fibroblasts","UAP1",0.366495910766409
"HSPB1",0,1.36678673849986,0.169,0.063,0,"Fibroblasts","HSPB1",0.230986958806476
"VAV21",0,1.13020438179199,0.197,0.091,0,"Fibroblasts","VAV2",0.222650263213022
"MXRA8",0,5.19173239618133,0.109,0.003,0,"Fibroblasts","MXRA8",0.565898831183765
"SLC19A2",0,2.16828214858531,0.156,0.05,0,"Fibroblasts","SLC19A2",0.338252015179308
"FREM1",0,4.66161972267118,0.109,0.003,0,"Fibroblasts","FREM1",0.508116549771158
"ENOX1",0,3.20207960403719,0.116,0.011,0,"Fibroblasts","ENOX1",0.371441234068314
"HOXB3",0,3.26114113519771,0.115,0.01,0,"Fibroblasts","HOXB3",0.375031230547737
"C11orf96",0,3.72409943459509,0.113,0.009,0,"Fibroblasts","C11orf96",0.420823236109245
"TRHDE",0,2.90603606526274,0.121,0.017,0,"Fibroblasts","TRHDE",0.351630363896791
"TWIST2",0,3.02588639715216,0.116,0.013,0,"Fibroblasts","TWIST2",0.351002822069651
"NPAS3",0,2.02977067997249,0.129,0.026,0,"Fibroblasts","NPAS3",0.261840417716451
"SOX4",0,1.81100778383461,0.15,0.047,0,"Fibroblasts","SOX4",0.271651167575191
"ARMC9",0,1.59447566185899,0.171,0.069,0,"Fibroblasts","ARMC9",0.272655338177887
"SYNPO2",0,2.81624312628361,0.112,0.01,0,"Fibroblasts","SYNPO2",0.315419230143764
"MAN1C1",0,1.47929424370436,0.147,0.045,0,"Fibroblasts","MAN1C1",0.217456253824541
"PXDN",0,1.75743223401652,0.134,0.033,0,"Fibroblasts","PXDN",0.235495919358213
"EDNRA",0,3.95447500633357,0.109,0.008,0,"Fibroblasts","EDNRA",0.431037775690359
"FAM110B",0,1.82088740754829,0.139,0.038,0,"Fibroblasts","FAM110B",0.253103349649212
"TPM2",0,3.04073465507539,0.113,0.012,0,"Fibroblasts","TPM2",0.343603016023519
"MAMDC2-AS1",0,2.54126367305209,0.139,0.038,0,"Fibroblasts","MAMDC2-AS1",0.35323565055424
"LRIG3",0,2.07446817107127,0.136,0.035,0,"Fibroblasts","LRIG3",0.282127671265693
"SMARCA1",0,1.55020806626667,0.157,0.056,0,"Fibroblasts","SMARCA1",0.243382666403867
"DDAH1",0,1.51884854051435,0.186,0.085,0,"Fibroblasts","DDAH1",0.282505828535669
"SPRY1",0,2.62676731544365,0.119,0.018,0,"Fibroblasts","SPRY1",0.312585310537794
"LOX",0,4.32101147191879,0.107,0.006,0,"Fibroblasts","LOX",0.46234822749531
"ENPP2",0,1.70376878302387,0.12,0.019,0,"Fibroblasts","ENPP2",0.204452253962865
"GRIK4",0,3.81254224599519,0.107,0.006,0,"Fibroblasts","GRIK4",0.407942020321486
"PDGFD",0,2.26281651590833,0.128,0.028,0,"Fibroblasts","PDGFD",0.289640514036266
"ARHGAP20",0,3.63994581769377,0.11,0.01,0,"Fibroblasts","ARHGAP20",0.400394039946315
"JAM3",0,1.94361197158031,0.117,0.017,0,"Fibroblasts","JAM3",0.227402600674896
"KCND2",0,5.96228974460556,0.101,0.002,0,"Fibroblasts","KCND2",0.602191264205162
"CKAP4",0,2.70036380083151,0.125,0.026,0,"Fibroblasts","CKAP4",0.337545475103939
"OSMR-AS1",0,1.85719323013162,0.142,0.043,0,"Fibroblasts","OSMR-AS1",0.26372143867869
"DYNC2LI1",0,2.31259796646292,0.131,0.033,0,"Fibroblasts","DYNC2LI1",0.302950333606643
"LXN",0,3.30853064021488,0.111,0.013,0,"Fibroblasts","LXN",0.367246901063852
"PRELID2",0,1.38876710808753,0.159,0.061,0,"Fibroblasts","PRELID2",0.220813970185917
"EEF1A1",0,1.60217815230783,0.188,0.09,0,"Fibroblasts","EEF1A1",0.301209492633872
"SYN3",0,1.64896299796261,0.156,0.058,0,"Fibroblasts","SYN3",0.257238227682168
"ITGB8",0,1.97251690759039,0.141,0.043,0,"Fibroblasts","ITGB8",0.278124883970245
"POT1-AS1",0,3.14229467583053,0.113,0.016,0,"Fibroblasts","POT1-AS1",0.355079298368849
"LAPTM4A1",0,1.36958437699381,0.167,0.071,0,"Fibroblasts","LAPTM4A",0.228720590957966
"PDPN",0,3.37645389039665,0.107,0.011,0,"Fibroblasts","PDPN",0.361280566272441
"PLAGL11",0,1.01084388449947,0.185,0.089,0,"Fibroblasts","PLAGL1",0.187006118632401
"PLCE1",0,1.33360143179,0.152,0.056,0,"Fibroblasts","PLCE1",0.20270741763208
"KIZ",0,1.14132845280493,0.156,0.06,0,"Fibroblasts","KIZ",0.178047238637568
"FAT1",0,1.72744292798567,0.139,0.044,0,"Fibroblasts","FAT1",0.240114566990008
"COL24A1",0,2.52613965690313,0.112,0.017,0,"Fibroblasts","COL24A1",0.28292764157315
"MPZL1",0,1.14995550674747,0.182,0.087,0,"Fibroblasts","MPZL1",0.209291902228039
"SLC25A27",0,2.22218081224599,0.126,0.031,0,"Fibroblasts","SLC25A27",0.279994782342995
"ADAMTS17",0,2.43051693526979,0.116,0.021,0,"Fibroblasts","ADAMTS17",0.281939964491295
"ATF3",0,1.84674086476944,0.148,0.054,0,"Fibroblasts","ATF3",0.273317647985878
"PAPLN",0,3.43537509318107,0.105,0.011,0,"Fibroblasts","PAPLN",0.360714384784013
"MAGI2-AS3",0,2.94179651460838,0.108,0.015,0,"Fibroblasts","MAGI2-AS3",0.317714023577705
"DLG5",0,1.76211529188894,0.133,0.04,0,"Fibroblasts","DLG5",0.234361333821228
"KREMEN1",0,2.15996380709752,0.119,0.026,0,"Fibroblasts","KREMEN1",0.257035693044605
"MAP1B",0,2.30660101701655,0.111,0.019,0,"Fibroblasts","MAP1B",0.256032712888837
"PDLIM7",0,2.38081520418483,0.116,0.024,0,"Fibroblasts","PDLIM7",0.27617456368544
"SAMD5",0,2.15217244791702,0.12,0.028,0,"Fibroblasts","SAMD5",0.258260693750042
"SLC39A14",0,2.41139467162588,0.116,0.024,0,"Fibroblasts","SLC39A14",0.279721781908602
"PTPDC1",0,1.92372547402131,0.134,0.042,0,"Fibroblasts","PTPDC1",0.257779213518855
"LTBP3",0,1.88565092751409,0.125,0.033,0,"Fibroblasts","LTBP3",0.235706365939261
"NEO1",0,1.19635763961538,0.158,0.066,0,"Fibroblasts","NEO1",0.18902450705923
"MID1",0,1.05619846022615,0.183,0.091,0,"Fibroblasts","MID1",0.193284318221385
"GPSM2",0,1.28309487392254,0.158,0.067,0,"Fibroblasts","GPSM2",0.202728990079762
"HTRA1",0,3.18276834946992,0.104,0.013,0,"Fibroblasts","HTRA1",0.331007908344871
"CEP126",0,1.5423514166258,0.126,0.035,0,"Fibroblasts","CEP126",0.194336278494851
"TENT5A",0,1.11473340482151,0.167,0.077,0,"Fibroblasts","TENT5A",0.186160478605192
"FAS",0,1.871830293928,0.122,0.032,0,"Fibroblasts","FAS",0.228363295859216
"ZBTB7C",0,1.6401437536211,0.155,0.065,0,"Fibroblasts","ZBTB7C",0.254222281811271
"KCTD3",0,1.47630585953051,0.136,0.047,0,"Fibroblasts","KCTD3",0.200777596896149
"FBLIM1",0,2.56565595971845,0.106,0.017,0,"Fibroblasts","FBLIM1",0.271959531730156
"CLU",0,3.34888192589635,0.104,0.015,0,"Fibroblasts","CLU",0.34828372029322
"AXL",0,1.8776943456696,0.121,0.032,0,"Fibroblasts","AXL",0.227201015826022
"IRS1",0,2.67958478956786,0.106,0.018,0,"Fibroblasts","IRS1",0.284035987694193
"IFITM3",0,2.62477099087474,0.107,0.019,0,"Fibroblasts","IFITM3",0.280850496023597
"LEPR",0,1.87001879863269,0.142,0.055,0,"Fibroblasts","LEPR",0.265542669405842
"FLG-AS1",0,2.92131411317893,0.103,0.016,0,"Fibroblasts","FLG-AS1",0.300895353657429
"ECM2",0,2.24439975195033,0.11,0.023,0,"Fibroblasts","ECM2",0.246883972714536
"ABCC9",0,1.76817671000543,0.122,0.035,0,"Fibroblasts","ABCC9",0.215717558620662
"CAVIN1",0,2.10539986968423,0.114,0.028,0,"Fibroblasts","CAVIN1",0.240015585144002
"DCBLD2",0,1.25722515801063,0.147,0.061,0,"Fibroblasts","DCBLD2",0.184812098227563
"ADAMTSL3",0,2.85598244808429,0.102,0.016,0,"Fibroblasts","ADAMTSL3",0.291310209704597
"EVC2",0,2.08901675929675,0.111,0.026,0,"Fibroblasts","EVC2",0.231880860281939
"NFIL3",0,1.64946345956932,0.125,0.04,0,"Fibroblasts","NFIL3",0.206182932446165
"HSPA5",0,1.73387865605125,0.15,0.065,0,"Fibroblasts","HSPA5",0.260081798407687
"STON2",0,1.68640475271866,0.118,0.033,0,"Fibroblasts","STON2",0.198995760820802
"CLTCL1",0,2.43107326932263,0.105,0.02,0,"Fibroblasts","CLTCL1",0.255262693278876
"TNFRSF19",0,2.21281737103304,0.113,0.029,0,"Fibroblasts","TNFRSF19",0.250048362926733
"GLRX1",0,1.2686459545708,0.147,0.063,0,"Fibroblasts","GLRX",0.186490955321907
"DCBLD1",0,1.28241421751096,0.145,0.061,0,"Fibroblasts","DCBLD1",0.185950061539089
"ZNF618",0,1.44035145108225,0.126,0.042,0,"Fibroblasts","ZNF618",0.181484282836363
"INHBA1",0,1.51176244590657,0.119,0.036,0,"Fibroblasts","INHBA",0.179899731062882
"CECR2",0,1.16166542011812,0.147,0.064,0,"Fibroblasts","CECR2",0.170764816757364
"MARC2",0,1.62384912140093,0.122,0.041,0,"Fibroblasts","MARC2",0.198109592810913
"ACVR2A",0,1.19834575400416,0.144,0.063,0,"Fibroblasts","ACVR2A",0.172561788576599
"PLEKHA4",0,2.36578614722362,0.103,0.022,0,"Fibroblasts","PLEKHA4",0.243675973164033
"IPO9-AS1",0,1.27126241350794,0.121,0.041,0,"Fibroblasts","IPO9-AS1",0.15382275203446
"CYP1B1-AS1",0,2.28091060456517,0.102,0.022,0,"Fibroblasts","CYP1B1-AS1",0.232652881665647
"NIPAL2",0,1.63730439806491,0.12,0.04,0,"Fibroblasts","NIPAL2",0.196476527767789
"ETV1",0,1.31763225455894,0.127,0.048,0,"Fibroblasts","ETV1",0.167339296328986
"TULP3",0,1.50707725868492,0.122,0.044,0,"Fibroblasts","TULP3",0.183863425559561
"RIPOR3",0,1.93429738243477,0.1,0.024,0,"Fibroblasts","RIPOR3",0.193429738243477
"SUCLG2-AS1",0,1.67996499879004,0.111,0.035,0,"Fibroblasts","SUCLG2-AS1",0.186476114865695
"PTMS",0,1.96769365454319,0.11,0.034,0,"Fibroblasts","PTMS",0.216446301999751
"PXDC1",0,1.77173625461614,0.108,0.033,0,"Fibroblasts","PXDC1",0.191347515498543
"PGM3",0,1.23218985260154,0.125,0.05,0,"Fibroblasts","PGM3",0.154023731575193
"METTL7A",0,1.51639348833272,0.122,0.047,0,"Fibroblasts","METTL7A",0.185000005576592
"SOBP",0,1.58514762375864,0.114,0.041,0,"Fibroblasts","SOBP",0.180706829108485
"TNKS1BP1",0,1.40680228627157,0.116,0.044,0,"Fibroblasts","TNKS1BP1",0.163189065207502
"CLSTN3",0,1.29374631823615,0.109,0.037,0,"Fibroblasts","CLSTN3",0.141018348687741
"ASAP3",0,1.80945179711562,0.1,0.03,0,"Fibroblasts","ASAP3",0.180945179711562
"SORCS2",0,1.36723705787626,0.113,0.043,0,"Fibroblasts","SORCS2",0.154497787540017
"SYNJ2",0,1.12469245475827,0.11,0.04,0,"Fibroblasts","SYNJ2",0.123716170023409
"SHC3",0,1.47616504492606,0.115,0.045,0,"Fibroblasts","SHC3",0.169758980166497
"CDH23",0,1.34471223337679,0.103,0.036,0,"Fibroblasts","CDH23",0.138505360037809
"EGR1",0,1.52410671458153,0.102,0.036,0,"Fibroblasts","EGR1",0.155458884887316
"KITLG",8.44461570183523e-303,1.25654969306419,0.13,0.055,2.49411724753703e-298,"Fibroblasts","KITLG",0.163351460098345
"NINL",1.33527229005207e-301,1.27923324101504,0.128,0.054,3.94372670866879e-297,"Fibroblasts","NINL",0.163741854849925
"POT1",6.814253635394e-299,1.3298648297917,0.123,0.051,2.01258981121362e-294,"Fibroblasts","POT1",0.163573374064379
"MORC4",2.13788196582008e-298,1.39755160610787,0.105,0.04,6.31423438604961e-294,"Fibroblasts","MORC4",0.146742918641326
"PDE4DIP1",3.3832680834898e-295,1.05219713560684,0.188,0.096,9.99248228458712e-291,"Fibroblasts","PDE4DIP",0.197813061494086
"P4HA11",6.67531711004045e-287,1.01608175253059,0.265,0.158,1.97155490845045e-282,"Fibroblasts","P4HA1",0.269261664420606
"RPL13",4.2038089086903e-285,1.45515325956063,0.179,0.092,1.24159496118168e-280,"Fibroblasts","RPL13",0.260472433461353
"CRYBG3",4.94054375614761e-274,1.04781683646588,0.179,0.092,1.4591895983782e-269,"Fibroblasts","CRYBG3",0.187559213727392
"NORAD",1.41900869985307e-272,1.15195795533294,0.164,0.082,4.19104219501604e-268,"Fibroblasts","NORAD",0.188921104674602
"ADGRD1",2.7646442598049e-266,1.22841608728544,0.134,0.062,8.16537682133376e-262,"Fibroblasts","ADGRD1",0.164607755696249
"RNF180",1.16433426247032e-258,1.45307702923056,0.106,0.044,3.43886124420608e-254,"Fibroblasts","RNF180",0.154026165098439
"IFT43",1.42397461308562e-257,1.12538796177905,0.133,0.061,4.20570901974839e-253,"Fibroblasts","IFT43",0.149676598916614
"MALRD1",9.18061295981923e-254,1.42126113248523,0.106,0.044,2.71149403768261e-249,"Fibroblasts","MALRD1",0.150653680043434
"PTS",4.09389019549933e-252,1.23854815229904,0.102,0.042,1.20913046924073e-247,"Fibroblasts","PTS",0.126331911534502
"ABLIM3",2.54628251878909e-245,1.20014845585109,0.1,0.041,7.52044541924357e-241,"Fibroblasts","ABLIM3",0.120014845585109
"CTDSP2",1.37279356170199e-244,1.14696148210289,0.121,0.055,4.05454578448682e-240,"Fibroblasts","CTDSP2",0.13878233933445
"ZMAT3",5.15685265077977e-239,1.11537320840954,0.127,0.059,1.52307643040781e-234,"Fibroblasts","ZMAT3",0.141652397468012
"JUNB1",5.67055959900241e-239,1.06128377623361,0.156,0.08,1.67479977756536e-234,"Fibroblasts","JUNB",0.165560269092443
"FILIP1",1.53478150225492e-238,1.14246976212619,0.16,0.083,4.53297716690989e-234,"Fibroblasts","FILIP1",0.182795161940191
"QSOX1",2.55575800776155e-238,1.17838157712027,0.158,0.082,7.54843127592374e-234,"Fibroblasts","QSOX1",0.186184289185003
"RPL37A",5.16835491789962e-233,1.30121255289243,0.137,0.067,1.52647362500165e-228,"Fibroblasts","RPL37A",0.178266119746263
"SOX6",1.33005011142445e-230,1.04363194793308,0.118,0.054,3.92830300409211e-226,"Fibroblasts","SOX6",0.123148569856103
"CEBPD1",4.56969261830475e-220,1.03865650409703,0.133,0.065,1.34965871481631e-215,"Fibroblasts","CEBPD",0.138141315044906
"NR4A1",6.32102662470577e-217,1.15424601120957,0.144,0.074,1.86691521360685e-212,"Fibroblasts","NR4A1",0.166211425614178
"MARCKS1",7.98560066013969e-211,1.17176822103876,0.109,0.05,2.35854715497226e-206,"Fibroblasts","MARCKS",0.127722736093225
"ATP9A",1.09271105353312e-209,1.18757937956494,0.113,0.053,3.22732209661007e-205,"Fibroblasts","ATP9A",0.134196469890839
"WTAP",2.0700337312046e-198,1.01949987918987,0.213,0.13,6.11384462511279e-194,"Fibroblasts","WTAP",0.217153474267441
"EEF2",2.08889085316689e-193,1.15369888809029,0.136,0.072,6.16953913482842e-189,"Fibroblasts","EEF2",0.156903048780279
"RPLP1",1.91944774901326e-182,1.45008736305544,0.134,0.072,5.66908892671065e-178,"Fibroblasts","RPLP1",0.194311706649429
"CD82",3.91753836515371e-180,1.02002369936759,0.106,0.052,1.15704495614815e-175,"Fibroblasts","CD82",0.108122512132965
"IL15RA",8.37070627465102e-179,1.0157136948843,0.1,0.047,2.47228809821818e-174,"Fibroblasts","IL15RA",0.10157136948843
"RPLP0",2.9742842388344e-169,1.34486242051895,0.117,0.061,8.78454849939739e-165,"Fibroblasts","RPLP0",0.157348903200717
"PRDM5",6.78887371453377e-165,1.03460589850947,0.101,0.05,2.00509385158755e-160,"Fibroblasts","PRDM5",0.104495195749457
"ACACB",3.26811171926052e-164,1.01688701870536,0.112,0.058,9.65236796283593e-160,"Fibroblasts","ACACB",0.113891346095001
"RPL13A",9.41041192800324e-158,1.11226369866941,0.158,0.094,2.77936516293576e-153,"Fibroblasts","RPL13A",0.175737664389766
"TPT1",2.55974568772468e-133,1.31390279750264,0.116,0.066,7.56020888869483e-129,"Fibroblasts","TPT1",0.152412724510306
"RGCC",1.23354888239477e-126,1.00231514104364,0.122,0.071,3.64328662415296e-122,"Fibroblasts","RGCC",0.122282447207324
"RPL3",3.14203709398786e-113,1.03112861552173,0.12,0.072,9.28000655709314e-109,"Fibroblasts","RPL3",0.123735433862608
"RPL41",1.90653018075918e-107,1.15201321406077,0.12,0.073,5.63093688887224e-103,"Fibroblasts","RPL41",0.138241585687292
"RPS3",5.14877652111413e-98,1.14567705521364,0.102,0.06,1.52069114551106e-93,"Fibroblasts","RPS3",0.116859059631791
"RPL28",3.29087548894693e-85,1.00136181507264,0.104,0.064,9.71960075660476e-81,"Fibroblasts","RPL28",0.104141628767554
"RPS21",4.05617494749584e-76,1.06996973892748,0.108,0.07,1.1979912707429e-71,"Fibroblasts","RPS2",0.115556731804167
"SKAP1",0,4.17218836281733,0.688,0.054,0,"CD4+ T-cells","SKAP1",2.87046559361832
"PTPRC",0,2.83078521866262,0.839,0.248,0,"CD4+ T-cells","PTPRC",2.37502879845794
"THEMIS",0,5.66751440899,0.596,0.017,0,"CD4+ T-cells","THEMIS",3.37783858775804
"FYN",0,3.23295029235079,0.738,0.166,0,"CD4+ T-cells","FYN",2.38591731575488
"ARHGAP15",0,2.70913921185335,0.767,0.233,0,"CD4+ T-cells","ARHGAP15",2.07790977549152
"PARP8",0,3.40219193717658,0.758,0.239,0,"CD4+ T-cells","PARP8",2.57886148837985
"CAMK4",0,5.99752363309834,0.524,0.015,0,"CD4+ T-cells","CAMK4",3.14270238374353
"PRKCH",0,2.65703574611126,0.678,0.204,0,"CD4+ T-cells","PRKCH",1.80147023586343
"BCL11B",0,5.04838150887804,0.495,0.022,0,"CD4+ T-cells","BCL11B",2.49894884689463
"IKZF1",0,3.04107228002596,0.586,0.134,0,"CD4+ T-cells","IKZF1",1.78206835609521
"ETS1",0,3.26659360296761,0.548,0.097,0,"CD4+ T-cells","ETS1",1.79009329442625
"INPP4B",0,3.19730286614628,0.538,0.107,0,"CD4+ T-cells","INPP4B",1.7201489419867
"CD96",0,4.59203988392401,0.444,0.025,0,"CD4+ T-cells","CD96",2.03886570846226
"CNOT6L",0,3.3308232427732,0.539,0.136,0,"CD4+ T-cells","CNOT6L",1.79531372785476
"RIPOR2",0,3.03323009645953,0.466,0.085,0,"CD4+ T-cells","RIPOR2",1.41348522495014
"CDC42SE2",0,2.60746530992463,0.594,0.216,0,"CD4+ T-cells","CDC42SE2",1.54883439409523
"CD247",0,3.00325825954439,0.401,0.037,0,"CD4+ T-cells","CD247",1.2043065620773
"FYB11",0,2.54882183770446,0.507,0.143,0,"CD4+ T-cells","FYB1",1.29225267171616
"SYNE2",0,2.07008904853859,0.642,0.28,0,"CD4+ T-cells","SYNE2",1.32899716916177
"PITPNC1",0,2.36495514372161,0.563,0.201,0,"CD4+ T-cells","PITPNC1",1.33146974591527
"STAT4",0,3.47652941652763,0.423,0.062,0,"CD4+ T-cells","STAT4",1.47057194319119
"ITK",0,5.04955829313928,0.374,0.016,0,"CD4+ T-cells","ITK",1.88853480163409
"PDE3B",0,2.76269504991797,0.555,0.201,0,"CD4+ T-cells","PDE3B",1.53329575270447
"SLFN12L",0,3.81554389187991,0.393,0.04,0,"CD4+ T-cells","SLFN12L",1.4995087495088
"PIP4K2A",0,2.16794578625044,0.622,0.276,0,"CD4+ T-cells","PIP4K2A",1.34846227904778
"EMB",0,3.71146618752754,0.396,0.058,0,"CD4+ T-cells","EMB",1.4697406102609
"IL7R",0,4.95868452195675,0.366,0.029,0,"CD4+ T-cells","IL7R",1.81487853503617
"NIBAN1",0,3.21044498342585,0.444,0.113,0,"CD4+ T-cells","NIBAN1",1.42543757264108
"DOCK101",0,2.06181640060429,0.534,0.209,0,"CD4+ T-cells","DOCK10",1.10100995792269
"PPP1R16B",0,3.45375792088806,0.374,0.051,0,"CD4+ T-cells","PPP1R16B",1.29170546241213
"ANKRD44",0,1.94736783542665,0.626,0.308,0,"CD4+ T-cells","ANKRD44",1.21905226497708
"SYTL3",0,2.83755813024996,0.384,0.068,0,"CD4+ T-cells","SYTL3",1.08962232201599
"CBLB1",0,1.91113220127029,0.652,0.338,0,"CD4+ T-cells","CBLB",1.24605819522823
"CARD11",0,2.911360676365,0.374,0.063,0,"CD4+ T-cells","CARD11",1.08884889296051
"IQGAP21",0,1.84342870140734,0.524,0.215,0,"CD4+ T-cells","IQGAP2",0.965956639537447
"ITGA4",0,3.0678543119177,0.375,0.067,0,"CD4+ T-cells","ITGA4",1.15044536696914
"CHST111",0,1.30633985034853,0.694,0.39,0,"CD4+ T-cells","CHST11",0.906599856141881
"SLC38A1",0,2.95488212730467,0.402,0.1,0,"CD4+ T-cells","SLC38A1",1.18786261517648
"STK4",0,2.40728264149164,0.461,0.169,0,"CD4+ T-cells","STK4",1.10975729772765
"CCND3",0,2.15775696021101,0.532,0.243,0,"CD4+ T-cells","CCND3",1.14792670283226
"ZC3HAV1",0,2.79643938350784,0.387,0.101,0,"CD4+ T-cells","ZC3HAV1",1.08222204141753
"SEMA4D",0,2.69729807030734,0.382,0.096,0,"CD4+ T-cells","SEMA4D",1.0303678628574
"PRKCQ",0,3.45376066889586,0.339,0.054,0,"CD4+ T-cells","PRKCQ",1.1708248667557
"SMCHD1",0,2.03127120576047,0.668,0.386,0,"CD4+ T-cells","SMCHD1",1.35688916544799
"BCL2",0,2.58155661664365,0.428,0.147,0,"CD4+ T-cells","BCL2",1.10490623192348
"PRKCB",0,1.79266029166754,0.454,0.175,0,"CD4+ T-cells","PRKCB",0.813867772417064
"KLF12",0,2.462421440491,0.426,0.15,0,"CD4+ T-cells","KLF12",1.04899153364916
"CLEC2D",0,2.81078318998035,0.378,0.105,0,"CD4+ T-cells","CLEC2D",1.06247604581257
"AOAH1",0,2.34304955251886,0.39,0.12,0,"CD4+ T-cells","AOAH",0.913789325482356
"PPP2R5C",0,2.18006396402598,0.533,0.263,0,"CD4+ T-cells","PPP2R5C",1.16197409282585
"CDC14A",0,3.07339072354863,0.371,0.103,0,"CD4+ T-cells","CDC14A",1.14022795843654
"NCK2",0,3.02586685909273,0.356,0.093,0,"CD4+ T-cells","NCK2",1.07720860183701
"ANK3",0,1.50696958971039,0.49,0.23,0,"CD4+ T-cells","ANK3",0.738415098958092
"GRAP2",0,3.7803052908385,0.282,0.022,0,"CD4+ T-cells","GRAP2",1.06604609201646
"TNFAIP8",0,2.35180568548317,0.404,0.149,0,"CD4+ T-cells","TNFAIP8",0.9501294969352
"GPRIN31",0,2.21146366099005,0.403,0.149,0,"CD4+ T-cells","GPRIN3",0.891219855378988
"CYTIP",0,2.47869437736372,0.351,0.103,0,"CD4+ T-cells","CYTIP",0.870021726454666
"RESF1",0,2.57521455760977,0.366,0.12,0,"CD4+ T-cells","RESF1",0.942528528085177
"EML41",0,1.96701238306992,0.54,0.298,0,"CD4+ T-cells","EML4",1.06218668685776
"RHOH",0,3.03322766984386,0.292,0.05,0,"CD4+ T-cells","RHOH",0.885702479594408
"FNBP11",0,1.73706197130929,0.521,0.279,0,"CD4+ T-cells","FNBP1",0.90500928705214
"ZNF831",0,4.73918598425008,0.255,0.013,0,"CD4+ T-cells","ZNF831",1.20849242598377
"IKZF3",0,3.0927159970647,0.282,0.044,0,"CD4+ T-cells","IKZF3",0.872145911172244
"TTC39C1",0,2.74729308321159,0.351,0.113,0,"CD4+ T-cells","TTC39C",0.964299872207267
"RABGAP1L",0,1.58412043513133,0.678,0.443,0,"CD4+ T-cells","RABGAP1L",1.07403365501904
"PDE7A",0,2.00256353767485,0.48,0.246,0,"CD4+ T-cells","PDE7A",0.961230498083928
"TRERF1",0,2.61127375816464,0.33,0.103,0,"CD4+ T-cells","TRERF1",0.861720340194331
"SAMD3",0,2.98959261551221,0.271,0.047,0,"CD4+ T-cells","SAMD3",0.81017959880381
"CD2",0,4.95971188572492,0.231,0.01,0,"CD4+ T-cells","CD2",1.14569344560246
"NFATC21",0,2.18029546804184,0.297,0.076,0,"CD4+ T-cells","NFATC2",0.647547754008427
"INPP5D1",0,1.91308219311114,0.359,0.139,0,"CD4+ T-cells","INPP5D",0.686796507326898
"SCML4",0,4.61331553737883,0.231,0.012,0,"CD4+ T-cells","SCML4",1.06567588913451
"GNG2",0,3.06944644097488,0.261,0.042,0,"CD4+ T-cells","GNG2",0.801125521094442
"CCDC88C",0,2.27169394165615,0.329,0.111,0,"CD4+ T-cells","CCDC88C",0.747387306804875
"TC2N",0,2.65645350028237,0.319,0.103,0,"CD4+ T-cells","TC2N",0.847408666590077
"DOCK21",0,1.36538154379298,0.452,0.241,0,"CD4+ T-cells","DOCK2",0.617152457794428
"STK17A",0,2.52053762503239,0.325,0.117,0,"CD4+ T-cells","STK17A",0.819174728135526
"CASK",0,2.08700868480115,0.421,0.213,0,"CD4+ T-cells","CASK",0.878630656301285
"PPP2R2B",0,3.83535463510277,0.226,0.02,0,"CD4+ T-cells","PPP2R2B",0.866790147533225
"CD6",0,5.23400363468586,0.211,0.008,0,"CD4+ T-cells","CD6",1.10437476691872
"ARAP2",0,1.77976621412669,0.41,0.208,0,"CD4+ T-cells","ARAP2",0.729704147791944
"APBB1IP1",0,2.00592719386163,0.348,0.146,0,"CD4+ T-cells","APBB1IP",0.698062663463847
"EVL",0,2.14118682657899,0.365,0.163,0,"CD4+ T-cells","EVL",0.781533191701333
"KAT2B",0,2.4571901107485,0.312,0.111,0,"CD4+ T-cells","KAT2B",0.766643314553531
"PCNX1",0,1.69626554485333,0.531,0.331,0,"CD4+ T-cells","PCNX1",0.90071700431712
"PTPN22",0,3.12525628956417,0.252,0.053,0,"CD4+ T-cells","PTPN22",0.787564584970171
"SEPTIN6",0,2.36564748088659,0.299,0.1,0,"CD4+ T-cells","SEPTIN6",0.707328596785092
"RUNX3",0,3.21386085938456,0.23,0.032,0,"CD4+ T-cells","RUNX3",0.739187997658448
"WIPF11",0,1.94799765669748,0.369,0.172,0,"CD4+ T-cells","WIPF1",0.71881113532137
"RASA2",0,1.7838598931111,0.456,0.262,0,"CD4+ T-cells","RASA2",0.81344011125866
"AKNA",0,2.35298612090386,0.287,0.093,0,"CD4+ T-cells","AKNA",0.675307016699407
"PACS1",0,1.76306930915952,0.453,0.262,0,"CD4+ T-cells","PACS1",0.798670397049262
"RASA3",0,2.24664362697982,0.329,0.138,0,"CD4+ T-cells","RASA3",0.739145753276361
"TOX",0,1.99161692268975,0.317,0.128,0,"CD4+ T-cells","TOX",0.631342564492651
"PAG11",0,1.57159899424399,0.392,0.204,0,"CD4+ T-cells","PAG1",0.616066805743642
"STK101",0,2.00699950902136,0.322,0.135,0,"CD4+ T-cells","STK10",0.646253841904879
"DOCK81",0,1.18588965022732,0.456,0.27,0,"CD4+ T-cells","DOCK8",0.540765680503656
"CEP85L",0,2.02396387584939,0.342,0.158,0,"CD4+ T-cells","CEP85L",0.692195645540492
"STK17B",0,1.99023807874748,0.333,0.153,0,"CD4+ T-cells","STK17B",0.66274928022291
"ATP8A1",0,1.83000287295725,0.343,0.163,0,"CD4+ T-cells","ATP8A1",0.627690985424336
"P2RY8",0,2.69447776056213,0.231,0.053,0,"CD4+ T-cells","P2RY8",0.622424362689852
"SMAP21",0,1.31535012704754,0.384,0.207,0,"CD4+ T-cells","SMAP2",0.505094448786255
"PCNX2",0,2.45170875549835,0.289,0.112,0,"CD4+ T-cells","PCNX2",0.708543830339024
"SARAF1",0,2.4377971476471,0.297,0.121,0,"CD4+ T-cells","SARAF",0.724025752851188
"SPOCK2",0,3.37967649936728,0.205,0.03,0,"CD4+ T-cells","SPOCK2",0.692833682370293
"RASGRP1",0,3.35994666158883,0.212,0.037,0,"CD4+ T-cells","RASGRP1",0.712308692256832
"PCED1B1",0,1.90372162186281,0.328,0.154,0,"CD4+ T-cells","PCED1B",0.624420691971001
"PYHIN1",0,3.71782351226056,0.189,0.016,0,"CD4+ T-cells","PYHIN1",0.702668643817246
"CRYBG1",0,2.71041130087056,0.264,0.092,0,"CD4+ T-cells","CRYBG1",0.715548583429829
"ITGAL",0,2.56625252431466,0.233,0.061,0,"CD4+ T-cells","ITGAL",0.597936838165315
"PREX11",0,1.59525119316962,0.325,0.155,0,"CD4+ T-cells","PREX1",0.518456637780128
"FOXO11",0,1.41152556086018,0.432,0.263,0,"CD4+ T-cells","FOXO1",0.609779042291598
"ATF7IP",0,1.77044828224836,0.405,0.237,0,"CD4+ T-cells","ATF7IP",0.717031554310586
"EPB41",0,1.94475232820394,0.339,0.172,0,"CD4+ T-cells","EPB41",0.659271039261135
"FKBP51",0,1.2296792390567,0.573,0.407,0,"CD4+ T-cells","FKBP5",0.704606203979488
"CD226",0,3.97873679424716,0.182,0.016,0,"CD4+ T-cells","CD226",0.724130096552983
"MBNL1",0,1.26405205059635,0.838,0.673,0,"CD4+ T-cells","MBNL1",1.05927561839974
"CCSER2",0,1.86152384473309,0.371,0.207,0,"CD4+ T-cells","CCSER2",0.690625346395977
"SLC4A7",0,1.87391756627373,0.336,0.174,0,"CD4+ T-cells","SLC4A7",0.629636302267972
"OXNAD1",0,2.59617462563685,0.248,0.087,0,"CD4+ T-cells","OXNAD1",0.643851307157938
"AKT31",0,1.46746937518298,0.42,0.259,0,"CD4+ T-cells","AKT3",0.61633713757685
"TMC8",0,2.94649677639039,0.203,0.043,0,"CD4+ T-cells","TMC8",0.598138845607249
"LCK",0,4.55559639626532,0.168,0.009,0,"CD4+ T-cells","LCK",0.765340194572574
"SFMBT21",0,1.38662055571251,0.391,0.232,0,"CD4+ T-cells","SFMBT2",0.542168637283591
"PBX4",0,4.28935811477433,0.176,0.019,0,"CD4+ T-cells","PBX4",0.754927028200283
"TSPAN5",0,1.89787698414575,0.272,0.116,0,"CD4+ T-cells","TSPAN5",0.516222539687643
"PDCD4",0,2.27404839971394,0.267,0.111,0,"CD4+ T-cells","PDCD4",0.607170922723621
"SAMSN11",0,1.37179190436374,0.299,0.143,0,"CD4+ T-cells","SAMSN1",0.410165779404758
"TRAF3IP3",0,3.41695032597443,0.176,0.022,0,"CD4+ T-cells","TRAF3IP3",0.601383257371499
"ACAP1",0,3.24486141677035,0.184,0.031,0,"CD4+ T-cells","ACAP1",0.597054500685745
"ST8SIA1",0,3.26036623124318,0.185,0.034,0,"CD4+ T-cells","ST8SIA1",0.603167752779989
"LEPROTL1",0,3.1646933992696,0.198,0.048,0,"CD4+ T-cells","LEPROTL1",0.62660929305538
"ARHGAP251",0,2.10079060296637,0.246,0.096,0,"CD4+ T-cells","ARHGAP25",0.516794488329727
"SP140",0,2.32794393729357,0.212,0.062,0,"CD4+ T-cells","SP140",0.493524114706238
"NELL2",0,5.34386796095249,0.16,0.01,0,"CD4+ T-cells","NELL2",0.855018873752398
"ZEB11",0,1.09340230541621,0.341,0.192,0,"CD4+ T-cells","ZEB1",0.372850186146928
"ZFYVE28",0,2.60970541810978,0.216,0.067,0,"CD4+ T-cells","ZFYVE28",0.563696370311713
"RAPGEF6",0,1.80236937737364,0.361,0.212,0,"CD4+ T-cells","RAPGEF6",0.650655345231883
"LRRC8C1",0,2.38125778354259,0.23,0.083,0,"CD4+ T-cells","LRRC8C",0.547689290214795
"IPCEF1",0,3.08122298678928,0.182,0.035,0,"CD4+ T-cells","IPCEF1",0.560782583595649
"PIK3CD",0,2.5782956301011,0.202,0.056,0,"CD4+ T-cells","PIK3CD",0.520815717280423
"TNRC6B",0,1.33047587434952,0.581,0.435,0,"CD4+ T-cells","TNRC6B",0.773006482997069
"SORL11",0,2.07747052051756,0.233,0.089,0,"CD4+ T-cells","SORL1",0.484050631280593
"SLAMF6",0,3.95678999461909,0.158,0.014,0,"CD4+ T-cells","SLAMF6",0.625172819149815
"NLRC5",0,2.17719625074683,0.24,0.096,0,"CD4+ T-cells","NLRC5",0.52252710017924
"ADAM19",0,2.23926311177383,0.217,0.074,0,"CD4+ T-cells","ADAM19",0.485920095254921
"CYFIP2",0,2.72748319981163,0.191,0.049,0,"CD4+ T-cells","CYFIP2",0.520949291164022
"FLI11",0,1.29970244485561,0.34,0.2,0,"CD4+ T-cells","FLI1",0.441898831250907
"MBP1",0,1.58712625041598,0.335,0.195,0,"CD4+ T-cells","MBP",0.531687293889354
"LEF1",0,4.55347347175297,0.153,0.013,0,"CD4+ T-cells","LEF1",0.696681441178204
"LRBA",0,1.28490069522926,0.553,0.414,0,"CD4+ T-cells","LRBA",0.710550084461783
"APBA2",0,3.14350543351308,0.169,0.03,0,"CD4+ T-cells","APBA2",0.53125241826371
"CD531",0,2.10643503370892,0.227,0.089,0,"CD4+ T-cells","CD53",0.478160752651926
"ATM",0,1.51256031720843,0.376,0.239,0,"CD4+ T-cells","ATM",0.56872267927037
"MGAT4A1",0,1.84287476803439,0.261,0.125,0,"CD4+ T-cells","MGAT4A",0.480990314456976
"SH3KBP1",0,1.50744955207047,0.362,0.227,0,"CD4+ T-cells","SH3KBP1",0.545696737849511
"MSI2",0,1.12535180041852,0.395,0.261,0,"CD4+ T-cells","MSI2",0.444513961165316
"ZFP36L22",0,1.71502546445589,0.285,0.151,0,"CD4+ T-cells","ZFP36L2",0.488782257369929
"TMEM131L",0,1.63212129228705,0.286,0.153,0,"CD4+ T-cells","TMEM131L",0.466786689594096
"BICDL1",0,3.80363498231973,0.154,0.022,0,"CD4+ T-cells","BICDL1",0.585759787277238
"LCP11",0,1.81128668545284,0.238,0.106,0,"CD4+ T-cells","LCP1",0.431086231137776
"CD69",0,4.02101737389398,0.146,0.014,0,"CD4+ T-cells","CD69",0.58706853658852
"BTG11",0,2.33998493339447,0.205,0.074,0,"CD4+ T-cells","BTG1",0.479696911345866
"MIAT",0,3.48556368508566,0.151,0.02,0,"CD4+ T-cells","MIAT",0.526320116447934
"ATXN1",0,1.22936681423277,0.659,0.529,0,"CD4+ T-cells","ATXN1",0.810152730579396
"SYTL2",0,2.49532005451627,0.196,0.066,0,"CD4+ T-cells","SYTL2",0.489082730685189
"RPS6KA3",0,1.53180174496673,0.394,0.264,0,"CD4+ T-cells","RPS6KA3",0.603529887516893
"CASP8",0,2.32310140967449,0.213,0.084,0,"CD4+ T-cells","CASP8",0.494820600260666
"MGAT51",0,1.34656352389518,0.419,0.291,0,"CD4+ T-cells","MGAT5",0.56421011651208
"XYLT1",0,1.49059642652396,0.254,0.126,0,"CD4+ T-cells","XYLT1",0.378611492337087
"OPRM1",0,4.00590881819345,0.143,0.017,0,"CD4+ T-cells","OPRM1",0.572844961001663
"CYTH11",0,1.24568956849769,0.437,0.311,0,"CD4+ T-cells","CYTH1",0.544366341433489
"HELB",0,2.59320784897127,0.181,0.057,0,"CD4+ T-cells","HELB",0.4693706206638
"PTPRJ1",0,1.27922000478396,0.405,0.282,0,"CD4+ T-cells","PTPRJ",0.518084101937502
"TRG-AS1",0,2.83693137229864,0.158,0.035,0,"CD4+ T-cells","TRG-AS1",0.448235156823186
"RORA-AS1",0,2.40583056103292,0.208,0.085,0,"CD4+ T-cells","RORA-AS1",0.500412756694847
"MYO1F1",0,1.51676091930477,0.258,0.136,0,"CD4+ T-cells","MYO1F",0.391324317180631
"RBL2",0,1.96244006476876,0.254,0.134,0,"CD4+ T-cells","RBL2",0.498459776451266
"AAK11",0,1.41404292619307,0.404,0.285,0,"CD4+ T-cells","AAK1",0.571273342182002
"RUNX21",0,1.96224775485024,0.232,0.114,0,"CD4+ T-cells","RUNX2",0.455241479125255
"SYNRG",0,1.8426507515333,0.26,0.143,0,"CD4+ T-cells","SYNRG",0.479089195398658
"GPR174",0,4.23578121369964,0.125,0.009,0,"CD4+ T-cells","GPR174",0.529472651712455
"FGD31",0,2.39371461648448,0.168,0.053,0,"CD4+ T-cells","FGD3",0.402144055569392
"STAT5B",0,1.93469633576654,0.233,0.119,0,"CD4+ T-cells","STAT5B",0.450784246233605
"DGKA",0,2.82270431742505,0.153,0.039,0,"CD4+ T-cells","DGKA",0.431873760566032
"ITPKB",0,2.01571109660908,0.19,0.078,0,"CD4+ T-cells","ITPKB",0.382985108355726
"FOXN3",0,1.0756253331306,0.584,0.473,0,"CD4+ T-cells","FOXN3",0.628165194548272
"ZAP70",0,3.87968970593715,0.12,0.01,0,"CD4+ T-cells","ZAP70",0.465562764712458
"BTBD11",0,3.73066648306372,0.127,0.017,0,"CD4+ T-cells","BTBD11",0.473794643349093
"RCSD1",0,1.91679008216681,0.177,0.067,0,"CD4+ T-cells","RCSD1",0.339271844543525
"PPP1R2",0,2.45186008690564,0.174,0.064,0,"CD4+ T-cells","PPP1R2",0.426623655121581
"PRKACB",0,2.07833441026087,0.199,0.091,0,"CD4+ T-cells","PRKACB",0.413588547641913
"CD28",0,5.60951647322459,0.112,0.004,0,"CD4+ T-cells","CD28",0.628265845001154
"JAK3",0,2.93916953360538,0.133,0.027,0,"CD4+ T-cells","JAK3",0.390909547969516
"RNF125",0,3.39917991222899,0.12,0.016,0,"CD4+ T-cells","RNF125",0.407901589467479
"CXCR4",0,2.71530838089126,0.136,0.033,0,"CD4+ T-cells","CXCR4",0.369281939801212
"RNF2131",0,1.11345016005605,0.521,0.421,0,"CD4+ T-cells","RNF213",0.580107533389201
"SIDT1",0,2.40259368102855,0.148,0.048,0,"CD4+ T-cells","SIDT1",0.355583864792226
"TRAT1",0,5.8291125323599,0.1,0.002,0,"CD4+ T-cells","TRAT1",0.58291125323599
"DTHD1",0,2.43414227952246,0.127,0.029,0,"CD4+ T-cells","DTHD1",0.309136069499353
"NUP210",0,2.0580293952896,0.162,0.066,0,"CD4+ T-cells","NUP210",0.333400762036915
"AF165147.1",0,2.11159384622441,0.139,0.048,0,"CD4+ T-cells","AF165147.1",0.293511544625192
"TCF7",0,3.505007445308,0.11,0.02,0,"CD4+ T-cells","TCF7",0.38555081898388
"IL18R1",0,1.54407725098386,0.122,0.034,0,"CD4+ T-cells","IL18R1",0.188377424620031
"MCOLN2",0,2.44309677031763,0.124,0.039,0,"CD4+ T-cells","MCOLN2",0.302943999519387
"MYBL1",0,2.88722019360874,0.102,0.017,0,"CD4+ T-cells","MYBL1",0.294496459748092
"FAM102A",0,2.81042962306071,0.12,0.035,0,"CD4+ T-cells","FAM102A",0.337251554767285
"ARHGDIB",0,2.58918368001561,0.117,0.035,0,"CD4+ T-cells","ARHGDIB",0.302934490561826
"TMEM156",0,2.63399626321587,0.1,0.02,0,"CD4+ T-cells","TMEM156",0.263399626321587
"GBP5",0,2.37822205069682,0.112,0.033,0,"CD4+ T-cells","GBP5",0.266360869678044
"JAML",0,2.62674921531085,0.105,0.028,0,"CD4+ T-cells","JAML",0.275808667607639
"STK39",6.93282336849325e-308,1.63607802087455,0.285,0.165,2.04760938188448e-303,"CD4+ T-cells","STK39",0.466282235949248
"BACH21",3.5136206055414e-307,1.49048568314596,0.221,0.107,1.03774784584665e-302,"CD4+ T-cells","BACH2",0.329397335975258
"LCP21",4.57410513187108e-307,1.54950854994941,0.231,0.115,1.35096195069812e-302,"CD4+ T-cells","LCP2",0.357936475038314
"PLCL21",4.16507313838267e-304,1.51210708912845,0.291,0.168,1.23015435142132e-299,"CD4+ T-cells","PLCL2",0.440023162936378
"RASGRF2",5.96481069092944e-303,2.08714452977355,0.108,0.034,1.76170683756601e-298,"CD4+ T-cells","RASGRF2",0.225411609215544
"ARHGEF1",1.14756294357034e-298,2.03500475641054,0.186,0.085,3.389327153835e-294,"CD4+ T-cells","ARHGEF1",0.37851088469236
"RNF19A",6.23186345004241e-290,1.74448428253691,0.328,0.217,1.84058086997003e-285,"CD4+ T-cells","RNF19A",0.572190844672107
"ANKRD12",1.81165915920702e-289,1.08957495764191,0.505,0.429,5.35073532671795e-285,"CD4+ T-cells","ANKRD12",0.550235353609164
"TNIK",1.92755342896821e-289,1.30566637618852,0.366,0.247,5.6930290524576e-285,"CD4+ T-cells","TNIK",0.477873893684999
"NAP1L4",2.02294728476951e-289,1.75556523005443,0.278,0.165,5.97477480556675e-285,"CD4+ T-cells","NAP1L4",0.488047133955131
"PHACTR2",3.58109502466139e-286,1.66906036808787,0.358,0.254,1.05767641553374e-281,"CD4+ T-cells","PHACTR2",0.597523611775457
"PRKY",4.92200596400657e-286,2.29097547823943,0.165,0.072,1.45371446146934e-281,"CD4+ T-cells","PRKY",0.378010953909506
"TRAF5",3.41251444720608e-280,2.13185220414797,0.133,0.05,1.00788614198232e-275,"CD4+ T-cells","TRAF5",0.283536343151681
"PRKX",1.16417860413461e-279,1.96561251372349,0.173,0.077,3.43840150731158e-275,"CD4+ T-cells","PRKX",0.340050964874164
"IFI16",3.77503921872006e-279,1.50348304350826,0.308,0.193,1.11495783324897e-274,"CD4+ T-cells","IFI16",0.463072777400544
"SLA1",1.84039763259849e-276,1.66405938202895,0.214,0.108,5.43561440787964e-272,"CD4+ T-cells","SLA",0.356108707754195
"CD441",1.60239056986473e-273,1.05759695747262,0.429,0.317,4.73266054809549e-269,"CD4+ T-cells","CD44",0.453709094755756
"SP100",5.51320898711956e-272,1.30016426299425,0.39,0.287,1.62832627434576e-267,"CD4+ T-cells","SP100",0.507064062567756
"ARID5B1",3.58974630011163e-268,1.19715034048329,0.445,0.349,1.06023156973797e-263,"CD4+ T-cells","ARID5B",0.532731901515065
"MCUB1",7.47312039894901e-262,2.06852635129055,0.18,0.086,2.20718610982959e-257,"CD4+ T-cells","MCUB",0.372334743232299
"STIM1",5.76295955370755e-260,1.55339526304371,0.303,0.196,1.70209010418753e-255,"CD4+ T-cells","STIM1",0.470678764702243
"TNFAIP3",1.50273670995314e-258,1.98434026040653,0.165,0.074,4.4383328728466e-254,"CD4+ T-cells","TNFAIP3",0.327416142967078
"LDLRAD41",5.95330860488723e-256,1.30926810815653,0.384,0.273,1.75830969645344e-251,"CD4+ T-cells","LDLRAD4",0.502758953532109
"PHTF2",5.55419144363217e-250,1.85260005494935,0.229,0.128,1.64043044287676e-245,"CD4+ T-cells","PHTF2",0.424245412583401
"RAP1A1",5.68307527258731e-247,1.43534474759539,0.347,0.248,1.67849628175866e-242,"CD4+ T-cells","RAP1A",0.498064627415601
"CYLD",8.44213458411041e-247,1.86777891499124,0.215,0.116,2.49338444941701e-242,"CD4+ T-cells","CYLD",0.401572466723117
"INPP4A1",2.69809069954428e-242,1.35966989534724,0.312,0.206,7.96881088110404e-238,"CD4+ T-cells","INPP4A",0.42421700734834
"NLRP1",4.14839304206585e-237,1.69704858488952,0.195,0.1,1.22522788497415e-232,"CD4+ T-cells","NLRP1",0.330924474053456
"HIVEP2",4.93496367604965e-236,1.33032931306524,0.341,0.238,1.45754152172126e-231,"CD4+ T-cells","HIVEP2",0.453642295755249
"NCALD",1.10788565338667e-234,1.35225410440189,0.147,0.063,3.27214027727753e-230,"CD4+ T-cells","NCALD",0.198781353347078
"MYH9",2.28824302373604e-231,1.22890456758386,0.347,0.245,6.75832577060439e-227,"CD4+ T-cells","MYH9",0.426429884951599
"KIF2A",1.13621968267133e-230,1.8475933759622,0.208,0.114,3.35582483276976e-226,"CD4+ T-cells","KIF2A",0.384299422200139
"DIPK1A",9.9645978694253e-227,1.85863021540673,0.178,0.089,2.94304398073476e-222,"CD4+ T-cells","DIPK1A",0.330836178342397
"ARHGEF6",8.48437754956298e-224,1.78912045366029,0.157,0.074,2.50586090926343e-219,"CD4+ T-cells","ARHGEF6",0.280891911224666
"SENP7",6.30347884259862e-220,1.59557425095256,0.252,0.154,1.8617324761615e-215,"CD4+ T-cells","SENP7",0.402084711240046
"SLF1",1.25986545054143e-215,2.20737251631681,0.138,0.062,3.7210126081741e-211,"CD4+ T-cells","SLF1",0.30461740725172
"HNRNPLL1",4.37198230908939e-215,2.04030113164036,0.184,0.097,1.29126497498955e-210,"CD4+ T-cells","HNRNPLL",0.375415408221826
"SIK3",5.91187762975801e-214,1.06580841781737,0.49,0.434,1.74607305794903e-209,"CD4+ T-cells","SIK3",0.52224612473051
"SMARCA2",6.98633999805624e-213,1.46973915663354,0.317,0.225,2.06341551842591e-208,"CD4+ T-cells","SMARCA2",0.465907312652832
"ERN1",2.23499215391432e-210,1.66140983896939,0.21,0.119,6.60104932658596e-206,"CD4+ T-cells","ERN1",0.348896066183572
"WNK1",6.80916770936424e-208,1.2201697028539,0.402,0.329,2.01108768296073e-203,"CD4+ T-cells","WNK1",0.490508220547268
"BIN21",2.19861519639645e-207,1.93848145609122,0.118,0.049,6.49360998255692e-203,"CD4+ T-cells","BIN2",0.228740811818764
"ARHGAP45",1.25703385617706e-205,2.15445274555154,0.1,0.038,3.71264949421895e-201,"CD4+ T-cells","ARHGAP45",0.215445274555154
"MLLT3",5.37018371179751e-204,1.44353160958422,0.285,0.191,1.58608375927939e-199,"CD4+ T-cells","MLLT3",0.411406508731502
"PCAT1",5.27749780818429e-202,1.82116429372164,0.179,0.094,1.55870897764723e-197,"CD4+ T-cells","PCAT1",0.325988408576173
"ARID4B",5.71865117507833e-201,1.08229298456036,0.441,0.38,1.68900362455939e-196,"CD4+ T-cells","ARID4B",0.477291206191117
"CLEC2B",5.53988846811356e-199,1.95781293175934,0.13,0.058,1.63620605905734e-194,"CD4+ T-cells","CLEC2B",0.254515681128715
"TXK",8.83614218492951e-196,1.99302277853899,0.12,0.052,2.60975459431893e-191,"CD4+ T-cells","TXK",0.239162733424679
"DIAPH1",1.52686233388628e-192,1.41821899321204,0.288,0.198,4.50958790313311e-188,"CD4+ T-cells","DIAPH1",0.408447070045067
"PIK3IP1",1.15992935296334e-191,2.14169533128093,0.112,0.047,3.42585134397722e-187,"CD4+ T-cells","PIK3IP1",0.239869877103464
"IFNG-AS1",1.64680179448515e-191,1.0867048825336,0.119,0.049,4.86382910001188e-187,"CD4+ T-cells","IFNG-AS1",0.129317881021499
"ARHGEF3",5.19654965593836e-191,1.34954863362962,0.29,0.199,1.53480094088139e-186,"CD4+ T-cells","ARHGEF3",0.39136910375259
"CPB2-AS11",1.96828636705225e-190,1.92336674473779,0.136,0.064,5.81333378508882e-186,"CD4+ T-cells","CPB2-AS1",0.261577877284339
"HECA1",8.35400495409621e-186,1.89852761345069,0.155,0.079,2.46735536319232e-181,"CD4+ T-cells","HECA",0.294271780084857
"ATP2A3",4.09898968839198e-185,1.81143475347767,0.1,0.04,1.21063660446657e-180,"CD4+ T-cells","ATP2A3",0.181143475347767
"BTN3A1",4.90641275021623e-185,2.07113767070227,0.124,0.056,1.44910900577636e-180,"CD4+ T-cells","BTN3A1",0.256821071167081
"SLFN5",2.3086020735636e-183,2.09109982514256,0.133,0.063,6.8184562242701e-179,"CD4+ T-cells","SLFN5",0.278116276743961
"DUSP16",2.47856731893168e-182,1.7433970592418,0.227,0.142,7.32044857646472e-178,"CD4+ T-cells","DUSP16",0.395751132447888
"DOCK111",4.95652549921114e-182,1.18853268818731,0.293,0.2,1.46390980619201e-177,"CD4+ T-cells","DOCK11",0.348240077638883
"SFI1",3.01577209373566e-180,1.98420110721717,0.142,0.07,8.90708287884828e-176,"CD4+ T-cells","SFI1",0.281756557224838
"TNRC6C1",4.42690038748716e-175,1.81055687751564,0.172,0.094,1.30748502944433e-170,"CD4+ T-cells","TNRC6C",0.311415782932689
"KAT6A",3.70588589495709e-173,1.15055229488741,0.366,0.292,1.09453339907558e-168,"CD4+ T-cells","KAT6A",0.421102139928792
"ERAP2",1.86210885985957e-166,1.93615845340593,0.143,0.074,5.49973851759523e-162,"CD4+ T-cells","ERAP2",0.276870658837048
"CEMIP2",1.20203566347111e-159,1.26872610539071,0.301,0.218,3.55021233206191e-155,"CD4+ T-cells","CEMIP2",0.381886557722605
"BTN3A2",5.83013064973818e-159,2.01186446276661,0.115,0.054,1.72192908740017e-154,"CD4+ T-cells","BTN3A2",0.23136441321816
"RFTN1",2.48466819348198e-158,1.30319046484167,0.252,0.169,7.33846750944902e-154,"CD4+ T-cells","RFTN1",0.3284039971401
"TTC13",6.45171636324143e-155,1.89417734113768,0.139,0.072,1.90551442788336e-150,"CD4+ T-cells","TTC13",0.263290650418137
"GRAMD1B1",9.07549101299001e-154,1.78854131510838,0.136,0.07,2.6804462706866e-149,"CD4+ T-cells","GRAMD1B",0.24324161885474
"ARHGAP301",9.07437525009452e-149,1.68660077532192,0.146,0.078,2.68011673011542e-144,"CD4+ T-cells","ARHGAP30",0.246243713197
"XPO6",7.7535699541926e-147,1.62353187652192,0.201,0.127,2.29001688597078e-142,"CD4+ T-cells","XPO6",0.326329907180906
"ATG16L1",2.57069103762801e-145,2.09166060550982,0.102,0.047,7.59253597963433e-141,"CD4+ T-cells","ATG16L1",0.213349381762002
"SLC16A71",2.08679365887239e-143,1.69851917620336,0.147,0.08,6.16334507147962e-139,"CD4+ T-cells","SLC16A7",0.249682318901893
"CCDC91",3.98023169850743e-143,1.16459000713817,0.354,0.294,1.17556143215417e-138,"CD4+ T-cells","CCDC91",0.412264862526914
"NR3C11",5.54664769088006e-143,1.44488195614938,0.307,0.241,1.63820239550142e-138,"CD4+ T-cells","NR3C1",0.44357876053786
"GPR1551",2.94508958964425e-140,1.81241909725571,0.115,0.056,8.69832210301428e-136,"CD4+ T-cells","GPR155",0.208428196184406
"ABCC1",4.77167073770845e-138,1.40981608772635,0.266,0.195,1.40931295238219e-133,"CD4+ T-cells","ABCC1",0.37501107933521
"UBAC21",1.06118541360658e-137,1.32681040898533,0.281,0.21,3.13421111908704e-133,"CD4+ T-cells","UBAC2",0.372833724924878
"STK38",1.76983854470568e-131,1.47278174582367,0.243,0.173,5.22721814178823e-127,"CD4+ T-cells","STK38",0.357885964235152
"FUT8",1.21419598406234e-130,1.04183546380357,0.281,0.204,3.58612783892812e-126,"CD4+ T-cells","FUT8",0.292755765328805
"NIN1",1.04810187540558e-127,1.489810574366,0.201,0.131,3.09556888901037e-123,"CD4+ T-cells","NIN",0.299451925447565
"RAP1GDS1",2.18812782357755e-124,1.40789197962949,0.244,0.177,6.46263552693628e-120,"CD4+ T-cells","RAP1GDS1",0.343525643029595
"HERC1",3.80462895606198e-124,1.03189739751514,0.385,0.343,1.12369716217291e-119,"CD4+ T-cells","HERC1",0.397280498043329
"TNFRSF1B1",9.17156910493088e-124,1.2708718901392,0.17,0.102,2.70882293514133e-119,"CD4+ T-cells","TNFRSF1B",0.216048221323664
"PCSK7",9.84052132249206e-124,1.64722995672689,0.174,0.108,2.90639797259803e-119,"CD4+ T-cells","PCSK7",0.286618012470479
"STIM2",7.43773780059606e-122,1.35954310218154,0.239,0.171,2.19673585940605e-117,"CD4+ T-cells","STIM2",0.324930801421387
"GALM",3.53989139242475e-121,1.75643708684364,0.146,0.085,1.04550692275265e-116,"CD4+ T-cells","GALM",0.256439814679172
"PIK3R11",5.93448704237152e-121,1.23105306154653,0.277,0.209,1.75275074796443e-116,"CD4+ T-cells","PIK3R1",0.341001698048389
"SUCLG2",1.10005907113539e-120,1.2457992746746,0.305,0.246,3.24902446659838e-116,"CD4+ T-cells","SUCLG2",0.379968778775754
"MSN",1.09478790568746e-119,1.15500418631129,0.284,0.217,3.23345607944791e-115,"CD4+ T-cells","MSN",0.328021188912408
"MAF1",1.84370926332865e-119,1.54886208487894,0.153,0.09,5.44539530924118e-115,"CD4+ T-cells","MAF",0.236975898986478
"PSMA1",3.5876924543663e-118,1.70058044285436,0.164,0.101,1.05962496639709e-113,"CD4+ T-cells","PSMA1",0.278895192628116
"MDFIC1",6.7198959596377e-118,1.45386959071456,0.234,0.168,1.98472127167899e-113,"CD4+ T-cells","MDFIC",0.340205484227207
"TMEM181",1.78171116743662e-116,1.48826770834107,0.232,0.168,5.26228393302406e-112,"CD4+ T-cells","TMEM181",0.345278108335129
"OGT",2.45862751548134e-116,1.19289743950992,0.289,0.227,7.26155636697413e-112,"CD4+ T-cells","OGT",0.344747360018366
"LPIN2",5.24028874785159e-115,1.46818231985934,0.217,0.153,1.54771928167797e-110,"CD4+ T-cells","LPIN2",0.318595563409476
"CCND2",3.67256055122775e-114,1.60225734785182,0.12,0.065,1.08469075880512e-109,"CD4+ T-cells","CCND2",0.192270881742219
"NFATC3",4.23199169585823e-113,1.36076708609969,0.223,0.158,1.24991874737173e-108,"CD4+ T-cells","NFATC3",0.303451060200231
"EPS15",2.90910380028723e-112,1.07395693620479,0.353,0.307,8.59203807414834e-108,"CD4+ T-cells","EPS15",0.379106798480291
"VAV11",9.42002771938268e-112,1.60640615685965,0.117,0.063,2.78220518691967e-107,"CD4+ T-cells","VAV1",0.187949520352579
"PVT1",1.09258872135468e-111,1.19737449727463,0.262,0.196,3.22696078852105e-107,"CD4+ T-cells","PVT1",0.313712118285953
"MPP7",2.7629362182156e-111,1.48974138932366,0.17,0.108,8.16033212049978e-107,"CD4+ T-cells","MPP7",0.253256036185021
"CCM2",7.1266299937347e-111,1.442105409529,0.196,0.132,2.10485016864954e-106,"CD4+ T-cells","CCM2",0.282652660267684
"FMNL11",1.82423347176308e-109,1.45187983274231,0.143,0.084,5.38787355885226e-105,"CD4+ T-cells","FMNL1",0.20761881608215
"HLA-F1",1.15508013587994e-107,1.78745672492716,0.12,0.067,3.41152918132141e-103,"CD4+ T-cells","HLA-F",0.21449480699126
"TBL1X",1.12332029687454e-103,1.25536830356832,0.243,0.18,3.31772649681895e-99,"CD4+ T-cells","TBL1X",0.305054497767101
"KMT2A",7.00484771688471e-102,1.18476363059033,0.282,0.226,2.0688817731819e-97,"CD4+ T-cells","KMT2A",0.334103343826474
"PPP3CC",4.69368711327905e-100,1.3349482360596,0.226,0.166,1.38628048890697e-95,"CD4+ T-cells","PPP3CC",0.30169830134947
"TG1",2.58587646753644e-99,1.46719634502686,0.131,0.077,7.63738614686887e-95,"CD4+ T-cells","TG",0.192202721198518
"NEK7",1.24502599491921e-98,1.18269451571447,0.315,0.269,3.67718427599389e-94,"CD4+ T-cells","NEK7",0.372548772450058
"KCNAB21",2.5183234724248e-97,1.27829482089193,0.169,0.109,7.43786837580663e-93,"CD4+ T-cells","KCNAB2",0.216031824730737
"TAB2",1.82950944380472e-96,1.38019832440009,0.228,0.171,5.40345614227725e-92,"CD4+ T-cells","TAB2",0.31468521796322
"SERINC51",1.90651321316273e-96,1.3160170037983,0.272,0.219,5.63088677507613e-92,"CD4+ T-cells","SERINC5",0.357956625033137
"RICTOR",8.89185592673281e-96,1.05537926946027,0.33,0.287,2.62620964796054e-91,"CD4+ T-cells","RICTOR",0.348275158921888
"EPC1",1.2445080102267e-95,1.25638885410011,0.27,0.218,3.67565440820456e-91,"CD4+ T-cells","EPC1",0.33922499060703
"PSIP1",5.18509081806372e-94,1.6673007034856,0.119,0.069,1.53141657311512e-89,"CD4+ T-cells","PSIP1",0.198408783714786
"SFXN1",1.30898810524161e-93,1.95692649956744,0.104,0.058,3.8660963688311e-89,"CD4+ T-cells","SFXN1",0.203520355955014
"TUT4",6.59773052951206e-92,1.18288134867249,0.273,0.222,1.94863971189139e-87,"CD4+ T-cells","TUT4",0.322926608187589
"CERS4",1.59415649117258e-88,1.78495589889904,0.1,0.055,4.7083411966782e-84,"CD4+ T-cells","CERS4",0.178495589889904
"ARHGAP35",1.15031184446931e-87,1.49655308797407,0.205,0.151,3.3974460326401e-83,"CD4+ T-cells","ARHGAP35",0.306793383034685
"RASA11",2.95332656203026e-86,1.11015129015354,0.308,0.267,8.72265000095638e-82,"CD4+ T-cells","RASA1",0.341926597367292
"HERPUD2",1.80535573515498e-85,1.68539135696191,0.143,0.092,5.33211816378024e-81,"CD4+ T-cells","HERPUD2",0.241010964045553
"ARNTL",9.02441844470092e-82,1.62599565402081,0.138,0.088,2.66536198764242e-77,"CD4+ T-cells","ARNTL",0.224387400254872
"SP110",3.75394440148297e-80,1.45716771227846,0.136,0.087,1.10872747897799e-75,"CD4+ T-cells","SP110",0.198174808869871
"LNPEP",4.09537178097349e-80,1.33153924394987,0.218,0.168,1.20956805551052e-75,"CD4+ T-cells","LNPEP",0.290275555181072
"DIP2A",1.80254906921157e-79,1.2775446406381,0.222,0.172,5.32382867591638e-75,"CD4+ T-cells","DIP2A",0.283614910221658
"CARD81",5.95023599301371e-78,1.3690743499336,0.16,0.11,1.7574022005366e-73,"CD4+ T-cells","CARD8",0.219051895989376
"TANK",4.41321089632093e-77,1.11709243029334,0.295,0.256,1.30344183822839e-72,"CD4+ T-cells","TANK",0.329542266936535
"CCNH",4.01803408470766e-76,1.14144077509455,0.292,0.252,1.18672636691841e-71,"CD4+ T-cells","CCNH",0.333300706327607
"SMAD31",1.04115532815064e-74,1.17107610719596,0.201,0.148,3.07505226169293e-70,"CD4+ T-cells","SMAD3",0.235386297546388
"USP3",7.43359371865773e-72,1.03233457052461,0.306,0.271,2.19551190480556e-67,"CD4+ T-cells","USP3",0.315894378580532
"CHD3",8.78454674752106e-72,1.53273807961439,0.135,0.089,2.59451588188035e-67,"CD4+ T-cells","CHD3",0.206919640747943
"GBP2",2.79062540586135e-71,1.35962421811094,0.15,0.102,8.2421121362115e-67,"CD4+ T-cells","GBP2",0.20394363271664
"ESR2",1.83432025835039e-70,1.3920826578654,0.117,0.073,5.41766488303788e-66,"CD4+ T-cells","ESR2",0.162873670970252
"IL10RA1",3.03852576128418e-70,1.38685582007037,0.114,0.07,8.97428583595282e-66,"CD4+ T-cells","IL10RA",0.158101563488022
"CERK",1.84659093155374e-69,1.61108608931409,0.1,0.06,5.45390631634396e-65,"CD4+ T-cells","CERK",0.161108608931409
"ATP11B",1.34417193763477e-67,1.11362329672038,0.264,0.224,3.9700118178043e-63,"CD4+ T-cells","ATP11B",0.293996550334182
"RASSF31",1.36380297715809e-67,1.17878268694886,0.201,0.152,4.02799209303641e-63,"CD4+ T-cells","RASSF3",0.236935320076722
"MALT11",1.63360059026391e-66,1.33106677266669,0.16,0.113,4.82483934334445e-62,"CD4+ T-cells","MALT1",0.212970683626671
"OGA",7.3174708795725e-66,1.00149661359859,0.298,0.265,2.16121502428174e-61,"CD4+ T-cells","OGA",0.298445990852379
"CD581",1.51655652390287e-65,1.37609959510835,0.143,0.098,4.47914969334713e-61,"CD4+ T-cells","CD58",0.196782242100494
"XKR6",3.04723902456602e-65,1.07620795833808,0.22,0.173,9.00002045905573e-61,"CD4+ T-cells","XKR6",0.236765750834378
"ADGRE51",3.08954122943418e-65,1.21679135419097,0.167,0.119,9.12496002113385e-61,"CD4+ T-cells","ADGRE5",0.203204156149892
"SP140L1",1.13745268666798e-64,1.48067771938618,0.136,0.092,3.35946651007387e-60,"CD4+ T-cells","SP140L",0.20137216983652
"CSGALNACT1",3.46133094963165e-64,1.06793194939445,0.156,0.108,1.02230409597371e-59,"CD4+ T-cells","CSGALNACT1",0.166597384105534
"TLK1",7.36803769533583e-64,1.11673142611992,0.267,0.23,2.17614993331744e-59,"CD4+ T-cells","TLK1",0.298167290774018
"LPXN1",4.12038306000341e-62,1.54278714839718,0.11,0.07,1.21695513677201e-57,"CD4+ T-cells","LPXN",0.16970658632369
"COX10-AS1",1.46842573978653e-61,1.66240418576477,0.1,0.062,4.33699542245953e-57,"CD4+ T-cells","COX10-AS1",0.166240418576478
"PHC3",6.45779642471035e-61,1.05193352141394,0.295,0.267,1.9073101740382e-56,"CD4+ T-cells","PHC3",0.310320388817111
"FAM107B",1.62820234545373e-60,1.08529167677904,0.226,0.182,4.80889562729759e-56,"CD4+ T-cells","FAM107B",0.245275918952063
"PRKCA1",2.73989544870375e-60,1.00284170893038,0.283,0.248,8.09228120774651e-56,"CD4+ T-cells","PRKCA",0.283804203627298
"TSPAN141",1.43300545968318e-54,1.10350001262514,0.19,0.148,4.23238162517428e-50,"CD4+ T-cells","TSPAN14",0.209665002398777
"RFFL",7.83630023911325e-54,1.34828187551232,0.15,0.109,2.3144512756221e-49,"CD4+ T-cells","RFFL",0.202242281326848
"ATP2B4",1.86371875334361e-53,1.01327619643316,0.224,0.184,5.50449333800036e-49,"CD4+ T-cells","ATP2B4",0.226973868001028
"PTPN4",2.30692923101774e-53,1.23128559904021,0.19,0.15,6.81351548381089e-49,"CD4+ T-cells","PTPN4",0.23394426381764
"TBC1D2B1",8.7892647522326e-53,1.25940648967071,0.185,0.145,2.5959093445719e-48,"CD4+ T-cells","TBC1D2B",0.232990200589081
"YWHAB1",3.35757750816651e-52,1.65661141449457,0.111,0.075,9.9166051703698e-48,"CD4+ T-cells","YWHAB",0.183883867008897
"MVB12B",4.58380731639233e-52,1.32753033894839,0.157,0.117,1.35382749089647e-47,"CD4+ T-cells","MVB12B",0.208422263214898
"MTFR1",5.77289170127106e-52,1.43234748872585,0.138,0.1,1.70502356397041e-47,"CD4+ T-cells","MTFR1",0.197663953444167
"SEPTIN7",4.67059370284545e-51,1.12282521535249,0.232,0.199,1.3794598501354e-46,"CD4+ T-cells","SEPTIN7",0.260495449961778
"INSYN2B1",3.13930409319536e-50,1.33196147987969,0.109,0.072,9.2719346392525e-46,"CD4+ T-cells","INSYN2B",0.145183801306886
"RAB8B2",6.93866228818095e-50,1.03000501955433,0.225,0.187,2.04933390681424e-45,"CD4+ T-cells","RAB8B",0.231751129399724
"MLLT6",7.46663897672309e-50,1.34320094909227,0.14,0.101,2.20527182177516e-45,"CD4+ T-cells","MLLT6",0.188048132872918
"CYTOR",1.27913176784323e-49,1.35384907788732,0.107,0.072,3.77791567632497e-45,"CD4+ T-cells","CYTOR",0.144861851333943
"WWP1",1.51751826966209e-49,1.10764819569695,0.235,0.203,4.48199020944698e-45,"CD4+ T-cells","WWP1",0.260297325988784
"SFMBT1",6.02581436415768e-48,1.476787507395,0.14,0.103,1.77972427245397e-43,"CD4+ T-cells","SFMBT1",0.206750251035299
"MFSD6",6.47841228016453e-48,1.47848681027251,0.108,0.073,1.91339906694659e-43,"CD4+ T-cells","MFSD6",0.159676575509431
"SACM1L",2.5904012982749e-47,1.43382071957303,0.139,0.103,7.65075023445493e-43,"CD4+ T-cells","SACM1L",0.199301080020651
"NOP58",1.33783434059382e-46,1.35312132140724,0.16,0.123,3.95129372494386e-42,"CD4+ T-cells","NOP58",0.216499411425159
"TMC61",2.02159469074364e-46,1.46912894269996,0.104,0.07,5.97077991911134e-42,"CD4+ T-cells","TMC6",0.152789410040796
"ANXA61",1.0206224004297e-45,1.31386866299319,0.106,0.072,3.01440825966911e-41,"CD4+ T-cells","ANXA6",0.139270078277278
"C5orf56",2.73540529371745e-45,1.25804628215793,0.155,0.118,8.07901953499448e-41,"CD4+ T-cells","C5orf56",0.194997173734479
"TRIM141",3.96682527440388e-44,1.50840961642176,0.112,0.079,1.17160184479519e-39,"CD4+ T-cells","TRIM14",0.168941877039237
"ADD31",4.30052929404352e-44,1.03768627261979,0.199,0.164,1.27016132699575e-39,"CD4+ T-cells","ADD3",0.206499568251338
"TGFB11",6.72284516819194e-44,1.36757035465272,0.132,0.097,1.98559232042549e-39,"CD4+ T-cells","TGFB1",0.18051928681416
"ZNRF2",8.30101598763674e-44,1.34052622619318,0.156,0.122,2.45170507194851e-39,"CD4+ T-cells","ZNRF2",0.209122091286136
"HCLS11",1.09444796595246e-43,1.16018635556231,0.124,0.089,3.2324520674406e-39,"CD4+ T-cells","HCLS1",0.143863108089726
"RAB27A",2.06234570141512e-43,1.10791191185891,0.201,0.167,6.09113802912955e-39,"CD4+ T-cells","RAB27A",0.22269029428364
"RPS6KA5",3.31025382132048e-43,1.198573274827,0.155,0.119,9.77683466127004e-39,"CD4+ T-cells","RPS6KA5",0.185778857598185
"ANKH1",1.3775849772223e-42,1.09733254782409,0.158,0.122,4.06869723022607e-38,"CD4+ T-cells","ANKH",0.173378542556206
"TTC39B",5.95875892836621e-41,1.31930775840954,0.151,0.117,1.75991944949296e-36,"CD4+ T-cells","TTC39B",0.19921547151984
"BICRAL",2.2853391967631e-39,1.27803708285044,0.152,0.12,6.74974931763981e-35,"CD4+ T-cells","BICRAL",0.194261636593266
"MECP2",2.43504426326342e-39,1.1644757159344,0.188,0.157,7.19190323154852e-35,"CD4+ T-cells","MECP2",0.218921434595667
"NCKAP1L1",3.81149590174764e-39,1.06312106249146,0.148,0.113,1.12572531458117e-34,"CD4+ T-cells","NCKAP1L",0.157341917248736
"SNRK",1.17472522611427e-38,1.15340860964208,0.145,0.112,3.46955095532849e-34,"CD4+ T-cells","SNRK",0.167244248398101
"RNF38",4.18809442503797e-38,1.07144626558809,0.229,0.203,1.23695368843496e-33,"CD4+ T-cells","RNF38",0.245361194819672
"LPIN1",4.57964654446297e-38,1.2232138691455,0.148,0.115,1.35259860690714e-33,"CD4+ T-cells","LPIN1",0.181035652633535
"MAN2A1",7.09974066748097e-37,1.00452447282391,0.238,0.213,2.09690840614051e-32,"CD4+ T-cells","MAN2A1",0.239076824532091
"STT3B",8.96484706476998e-36,1.04226790205721,0.237,0.214,2.64776758057981e-31,"CD4+ T-cells","STT3B",0.247017492787559
"GTDC11",2.87238395125609e-35,1.05351541554073,0.207,0.179,8.48358600003487e-31,"CD4+ T-cells","GTDC1",0.218077691016932
"ATXN7",6.89147379930491e-32,1.08897083024469,0.203,0.179,2.03539678662471e-27,"CD4+ T-cells","ATXN7",0.221061078539672
"ANKRD36",1.30236803486138e-31,1.04713946940593,0.204,0.18,3.84654399096308e-27,"CD4+ T-cells","ANKRD36",0.213616451758809
"CNTRL1",1.96757910235311e-31,1.02504143941797,0.185,0.158,5.8112448787999e-27,"CD4+ T-cells","CNTRL",0.189632666292325
"SPATA13",2.3990360343383e-31,1.00005197660046,0.164,0.135,7.08555292741816e-27,"CD4+ T-cells","SPATA13",0.164008524162475
"FBXO33",3.60782810443457e-31,1.3487923234059,0.114,0.086,1.06557203064475e-26,"CD4+ T-cells","FBXO33",0.153762324868272
"MAPRE2",5.07304659540112e-31,1.22352426965401,0.118,0.089,1.49832431195172e-26,"CD4+ T-cells","MAPRE2",0.144375863819173
"DDHD11",5.48020476428591e-30,1.11121058995739,0.152,0.124,1.61857847713184e-25,"CD4+ T-cells","DDHD1",0.168904009673523
"OPTN",5.74338539467886e-30,1.34892362010517,0.112,0.085,1.6963088763184e-25,"CD4+ T-cells","OPTN",0.151079445451779
"DNAJB1",2.31671361737634e-29,1.27997296935999,0.108,0.08,6.84241366892101e-25,"CD4+ T-cells","DNAJB1",0.138237080690879
"USP361",6.91010398068426e-29,1.25271472385566,0.138,0.111,2.0408992106951e-24,"CD4+ T-cells","USP36",0.172874631892081
"SESN31",1.40104287882731e-27,1.43520554201095,0.124,0.098,4.13798014261647e-23,"CD4+ T-cells","SESN3",0.177965487209358
"STAG2",6.46119641854722e-27,1.23861118702074,0.107,0.082,1.90831436221792e-22,"CD4+ T-cells","STAG2",0.132531397011219
"INKA21",7.602754665154e-27,1.37519005855465,0.106,0.081,2.24547359035323e-22,"CD4+ T-cells","INKA2",0.145770146206793
"GOLGA8B",2.26171096391299e-25,1.20501106561273,0.119,0.094,6.67996333191701e-21,"CD4+ T-cells","GOLGA8B",0.143396316807915
"DDX6",3.18419804858447e-25,1.15287926568308,0.156,0.133,9.40452893649423e-21,"CD4+ T-cells","DDX6",0.179849165446561
"TRAPPC101",3.21025008378676e-25,1.07026126297347,0.179,0.157,9.48147362246419e-21,"CD4+ T-cells","TRAPPC10",0.19157676607225
"PLCL1",2.48338128692597e-24,1.13322503492845,0.134,0.109,7.33466663093584e-20,"CD4+ T-cells","PLCL1",0.151852154680412
"CHORDC1",5.5053754877397e-24,1.32435463858328,0.103,0.079,1.62601265030392e-19,"CD4+ T-cells","CHORDC1",0.136408527774078
"COTL11",4.06353409392848e-23,1.02844211285525,0.107,0.083,1.20016479464178e-18,"CD4+ T-cells","COTL1",0.110043306075511
"MPHOSPH9",4.62539645383753e-23,1.27752156713748,0.101,0.078,1.36611084264091e-18,"CD4+ T-cells","MPHOSPH9",0.129029678280886
"TBCD",1.01979725466501e-21,1.05918077161565,0.164,0.143,3.01197119165312e-17,"CD4+ T-cells","TBCD",0.173705646544967
"TRIM22",1.37866069165274e-21,1.24318374321625,0.132,0.111,4.07187435279636e-17,"CD4+ T-cells","TRIM22",0.164100254104545
"TMEM65",2.30234524434049e-20,1.24095324867847,0.124,0.104,6.79997667915963e-16,"CD4+ T-cells","TMEM65",0.153878202836131
"PCGF5",4.63997759591638e-20,1.04755429167451,0.178,0.16,1.3704173829539e-15,"CD4+ T-cells","PCGF5",0.186464663918063
"EXOC2",7.41933779345072e-20,1.07652838474753,0.18,0.164,2.19130141729567e-15,"CD4+ T-cells","EXOC2",0.193775109254555
"BRD1",9.67503726995613e-19,1.28078853169657,0.108,0.088,2.85752225768154e-14,"CD4+ T-cells","BRD1",0.138325161423229
"UBE2D2",1.32286593040468e-18,1.01955278029396,0.185,0.17,3.90708452545022e-14,"CD4+ T-cells","UBE2D2",0.188617264354382
"OFD1",1.19372566379291e-16,1.08835041340911,0.133,0.115,3.52566874801235e-12,"CD4+ T-cells","OFD1",0.144750604983412
"FBXW4",1.63514861628416e-16,1.07025696999147,0.165,0.15,4.82941143819527e-12,"CD4+ T-cells","FBXW4",0.176592400048592
"USP3-AS11",4.32049323111761e-15,1.22912551822789,0.119,0.103,1.27605767581059e-10,"CD4+ T-cells","USP3-AS1",0.146265936669118
"PPP2R5A",1.55270050361363e-14,1.06233739000613,0.146,0.131,4.58590093742285e-10,"CD4+ T-cells","PPP2R5A",0.155101258940895
"FOXN21",1.30370753465771e-12,1.13162986868184,0.11,0.095,3.85050020361153e-08,"CD4+ T-cells","FOXN2",0.124479285555002
"PRMT21",2.22597212424521e-12,1.04046838704017,0.159,0.148,6.57440866895822e-08,"CD4+ T-cells","PRMT2",0.165434473539387
"CRLF3",3.88767841337041e-12,1.03040845876555,0.142,0.13,1.14822581938895e-07,"CD4+ T-cells","CRLF3",0.146318001144708
"HIPK1",9.00107992204340e-12,1.12764774587489,0.123,0.109,2.65846895497552e-07,"CD4+ T-cells","HIPK1",0.138700672742611
"MIER1",1.6604741711619e-11,1.0673751318552,0.155,0.145,4.90421046452668e-07,"CD4+ T-cells","MIER1",0.165443145437555
"SNTB21",8.31675592307143e-11,1.14043021629155,0.108,0.095,2.45635386187915e-06,"CD4+ T-cells","SNTB2",0.123166463359488
"G3BP2",1.6635014582876e-10,1.21171336273076,0.109,0.096,4.91315155705242e-06,"CD4+ T-cells","G3BP2",0.132076756537653
"CMC11",6.36757685249328e-10,1.18623662449208,0.107,0.095,1.88066382338389e-05,"CD4+ T-cells","CMC1",0.126927318820653
"KDM2B1",1.2195096847646e-09,1.0758077584351,0.111,0.099,3.60182185395224e-05,"CD4+ T-cells","KDM2B",0.119414661186296
"OTULIN",4.19638795939578e-09,1.12747248120226,0.103,0.092,0.000123940318380754,"CD4+ T-cells","OTULIN",0.116129665563833
"URI1",8.92328479998477e-09,1.05831103115586,0.152,0.146,0.00026354921656755,"CD4+ T-cells","URI1",0.160863276735691
"TRANK11",1.0942115999582e-08,1.01529465395134,0.114,0.103,0.000323175396047655,"CD4+ T-cells","TRANK1",0.115743590550452
"TCF20",1.71678576101421e-08,1.0518747820729,0.126,0.116,0.000507052674515547,"CD4+ T-cells","TCF20",0.132536222541185
"KIAA0825",2.58675836255998e-08,1.08920007354191,0.127,0.118,0.00076399908238209,"CD4+ T-cells","KIAA0825",0.138328409339822
"THADA",2.20405990018441e-07,1.03441876117671,0.213,0.221,0.00650969091519466,"CD4+ T-cells","THADA",0.22033119613064
"NAA50",3.75038404171708e-07,1.05172281896087,0.137,0.131,0.0110767592672114,"CD4+ T-cells","NAA50",0.144086026197639
"CCDC66",0.0002820224839178,1.04350143425854,0.106,0.102,1,"CD4+ T-cells","CCDC66",0.110611152031405
"RC3H2",0.000654181529306067,1.00350629179208,0.125,0.124,1,"CD4+ T-cells","RC3H2",0.12543828647401
"NCKAP5",0,6.58101038720449,0.904,0.055,0,"AT1","NCKAP5",5.94923339003286
"EMP2",0,5.64836783878015,0.865,0.068,0,"AT1","EMP2",4.88583818054483
"KHDRBS2",0,5.18098064429018,0.834,0.06,0,"AT1","KHDRBS2",4.32093785733801
"LMO7",0,4.15567988726928,0.915,0.153,0,"AT1","LMO7",3.80244709685139
"LAMA3",0,5.60212323621138,0.801,0.046,0,"AT1","LAMA3",4.48730071220532
"LIMCH11",0,3.27800689086481,0.93,0.217,0,"AT1","LIMCH1",3.04854640850427
"NEDD4L",0,3.07059304215535,0.898,0.2,0,"AT1","NEDD4L",2.7573925518555
"GPC5",0,4.13878639641198,0.762,0.07,0,"AT1","GPC5",3.15375523406593
"CLIC5",0,5.21552396877847,0.723,0.038,0,"AT1","CLIC5",3.77082382942683
"RTKN2",0,7.41882773623352,0.693,0.011,0,"AT1","RTKN2",5.14124762120983
"SCEL",0,5.82234699904518,0.708,0.026,0,"AT1","SCEL",4.12222167532398
"DAPK2",0,4.22622181757817,0.753,0.08,0,"AT1","DAPK2",3.18234502863636
"ATP13A4",0,3.72906462848143,0.749,0.082,0,"AT1","ATP13A4",2.79306940673259
"MAGI3",0,3.17447517617282,0.851,0.188,0,"AT1","MAGI3",2.70147837492307
"CADM1",0,3.32497184298461,0.786,0.124,0,"AT1","CADM1",2.6134278685859
"NEBL1",0,2.95204821765363,0.86,0.198,0,"AT1","NEBL",2.53876146718212
"ROR11",0,3.45241092054232,0.78,0.123,0,"AT1","ROR1",2.69288051802301
"COL4A3",0,5.1483386870605,0.695,0.04,0,"AT1","COL4A3",3.57809538750704
"MAGI1",0,2.65991464024178,0.883,0.23,0,"AT1","MAGI1",2.34870462733349
"RAB11FIP1",0,3.6079015921394,0.76,0.121,0,"AT1","RAB11FIP1",2.74200521002594
"GPRC5A",0,3.64260609195237,0.718,0.079,0,"AT1","GPRC5A",2.6153911740218
"PATJ1",0,2.89556022088187,0.791,0.16,0,"AT1","PATJ",2.29038813471756
"MECOM",0,1.95235004712749,0.832,0.207,0,"AT1","MECOM",1.62435523921008
"ATF7IP2",0,4.43786928882887,0.753,0.128,0,"AT1","ATF7IP2",3.34171557448814
"EPB41L5",0,4.04476633061939,0.708,0.09,0,"AT1","EPB41L5",2.86369456207853
"GPM6A",0,6.48058791594495,0.629,0.012,0,"AT1","GPM6A",4.07628979912937
"SHROOM3",0,3.2835557358146,0.736,0.12,0,"AT1","SHROOM3",2.41669702155955
"RANBP17",0,3.63184722054652,0.691,0.086,0,"AT1","RANBP17",2.50960642939764
"RBMS31",0,1.81217795544728,0.878,0.276,0,"AT1","RBMS3",1.59109224488272
"CD55",0,3.14049138580373,0.73,0.135,0,"AT1","CD55",2.29255871163672
"ARHGEF261",0,4.26988501986303,0.641,0.059,0,"AT1","ARHGEF26",2.7369962977322
"PHACTR1",0,2.81440528337531,0.759,0.178,0,"AT1","PHACTR1",2.13613361008186
"ST6GALNAC51",0,3.83865563215703,0.644,0.064,0,"AT1","ST6GALNAC5",2.47209422710912
"SHANK2",0,3.12916305341916,0.663,0.097,0,"AT1","SHANK2",2.0746351044169
"MAP2",0,4.44129823337876,0.604,0.038,0,"AT1","MAP2",2.68254413296077
"CAV1",0,4.93353499282207,0.597,0.033,0,"AT1","CAV1",2.94532039071478
"COL8A11",0,2.93157331416178,0.672,0.123,0,"AT1","COL8A1",1.97001726711672
"VEGFA",0,3.40758372609633,0.64,0.091,0,"AT1","VEGFA",2.18085358470165
"ALCAM1",0,2.09849006544639,0.846,0.305,0,"AT1","ALCAM",1.77532259536765
"WWC2",0,3.15695280608885,0.678,0.14,0,"AT1","WWC2",2.14041400252824
"GPRC5D-AS1",0,4.87282653880652,0.575,0.041,0,"AT1","GPRC5D-AS1",2.80187525981375
"SLC39A8",0,3.30787944729091,0.612,0.089,0,"AT1","SLC39A8",2.02442222174204
"NTM",0,5.82938518707518,0.565,0.045,0,"AT1","NTM",3.29360263069748
"SPTBN11",0,1.93905577432536,0.74,0.23,0,"AT1","SPTBN1",1.43490127300077
"NAV21",0,1.88526242067735,0.72,0.21,0,"AT1","NAV2",1.35738894288769
"APBB21",0,2.14681070330037,0.717,0.211,0,"AT1","APBB2",1.53926327426637
"ANKRD29",0,5.69352931668901,0.52,0.016,0,"AT1","ANKRD29",2.96063524467828
"DST1",0,1.76141917795031,0.802,0.306,0,"AT1","DST",1.41265818071615
"NXN",0,2.79525258781098,0.609,0.113,0,"AT1","NXN",1.70230882597689
"HULC",0,5.13099175563857,0.524,0.033,0,"AT1","HULC",2.68863967995461
"PARD31",0,1.71956509036164,0.766,0.282,0,"AT1","PARD3",1.31718685921702
"UNC13B",0,2.3871827644899,0.631,0.149,0,"AT1","UNC13B",1.50631232439312
"PARD3B1",0,1.73253682872442,0.72,0.242,0,"AT1","PARD3B",1.24742651668158
"FARP1",0,2.55289218625729,0.63,0.158,0,"AT1","FARP1",1.60832207734209
"COL4A4",0,3.90899361932429,0.513,0.042,0,"AT1","COL4A4",2.00531372671336
"SFTA3",0,2.38132913088449,0.56,0.093,0,"AT1","SFTA3",1.33354431329532
"SEMA5A1",0,4.21370273909825,0.503,0.041,0,"AT1","SEMA5A",2.11949247776642
"PDZD2",0,3.11933866633974,0.545,0.083,0,"AT1","PDZD2",1.70003957315516
"SH3RF1",0,2.77904334416312,0.592,0.13,0,"AT1","SH3RF1",1.64519365974457
"FAM189A2",0,5.17326830591871,0.478,0.019,0,"AT1","FAM189A2",2.47282225022914
"DLC11",0,1.80024632220035,0.67,0.212,0,"AT1","DLC1",1.20616503587423
"MYO1B1",0,2.62282902568902,0.59,0.133,0,"AT1","MYO1B",1.54746912515652
"ATP11A",0,1.78587857056545,0.723,0.271,0,"AT1","ATP11A",1.29119020651882
"NEDD9",0,1.95773532837244,0.667,0.217,0,"AT1","NEDD9",1.30580946402442
"ARHGAP44",0,3.21617935604778,0.521,0.071,0,"AT1","ARHGAP44",1.67562944450089
"SCAI",0,2.99939173128551,0.546,0.098,0,"AT1","SCAI",1.63766788528189
"TJP11",0,2.37221548499027,0.588,0.144,0,"AT1","TJP1",1.39486270517428
"CAV2",0,4.33140470468474,0.477,0.034,0,"AT1","CAV2",2.06608004413462
"ARAP21",0,1.90090970529986,0.64,0.199,0,"AT1","ARAP2",1.21658221139191
"COBL",0,3.1579919948091,0.513,0.074,0,"AT1","COBL",1.62004989333707
"PHLDB21",0,2.84242826735652,0.532,0.094,0,"AT1","PHLDB2",1.51217183823367
"NPNT1",0,2.60185607276137,0.542,0.105,0,"AT1","NPNT",1.41020599143666
"PRKCZ",0,3.08714356939355,0.512,0.075,0,"AT1","PRKCZ",1.5806175075295
"TEAD11",0,1.8821055436318,0.636,0.201,0,"AT1","TEAD1",1.19701912574983
"COL4A21",0,2.34242900289207,0.541,0.108,0,"AT1","COL4A2",1.26725409056461
"MYO16-AS1",0,5.59658469859616,0.45,0.017,0,"AT1","MYO16-AS1",2.51846311436827
"AFDN",0,1.92967797353724,0.638,0.208,0,"AT1","AFDN",1.23113454711676
"TACC2",0,2.20047907084646,0.543,0.115,0,"AT1","TACC2",1.19486013546963
"ABLIM11",0,1.77694872634228,0.583,0.155,0,"AT1","ABLIM1",1.03596110745755
"NRG1",0,5.07836440533138,0.44,0.014,0,"AT1","NRG1",2.23448033834581
"EGFR1",0,2.16529733460297,0.57,0.147,0,"AT1","EGFR",1.23421948072369
"SAMD4A1",0,1.91550556338532,0.635,0.214,0,"AT1","SAMD4A",1.21634603274968
"DSTN",0,2.8220997916037,0.525,0.108,0,"AT1","DSTN",1.48160239059194
"ANOS1",0,4.27723578077846,0.46,0.043,0,"AT1","ANOS1",1.96752845915809
"SAMD12",0,1.69582129838589,0.579,0.166,0,"AT1","SAMD12",0.98188053176543
"DANT2",0,2.36035418538362,0.522,0.111,0,"AT1","DANT2",1.23210488477025
"DENND31",0,2.56457233006311,0.513,0.104,0,"AT1","DENND3",1.31562560532238
"CCDC85A",0,4.11865941640678,0.428,0.023,0,"AT1","CCDC85A",1.7627862302221
"ANXA3",0,4.66633013911746,0.424,0.021,0,"AT1","ANXA3",1.9785239789858
"MYO1D1",0,1.53356876294829,0.642,0.242,0,"AT1","MYO1D",0.984551145812799
"STOX2",0,2.21471850062137,0.502,0.104,0,"AT1","STOX2",1.11178868731193
"CNTN6",0,5.7441980282489,0.407,0.01,0,"AT1","CNTN6",2.3378885974973
"GPR39",0,3.26441521869579,0.45,0.055,0,"AT1","GPR39",1.46898684841311
"COL12A11",0,2.82166571215044,0.433,0.04,0,"AT1","COL12A1",1.22178125336114
"CTNND1",0,1.57092563145358,0.679,0.289,0,"AT1","CTNND1",1.06665850375698
"RASAL21",0,1.72720830345464,0.646,0.258,0,"AT1","RASAL2",1.1157765640317
"GLCCI11",0,1.49247420700855,0.576,0.188,0,"AT1","GLCCI1",0.859665143236924
"MYO5B",0,3.33543893428799,0.433,0.053,0,"AT1","MYO5B",1.4442450585467
"GALNT18",0,1.73685026471641,0.455,0.083,0,"AT1","GALNT18",0.790266870445967
"CYP4B1",0,4.04858266542976,0.402,0.031,0,"AT1","CYP4B1",1.62753023150276
"MYO5C",0,2.71350483685601,0.447,0.076,0,"AT1","MYO5C",1.21293666207464
"CDH1",0,3.25100629474366,0.425,0.056,0,"AT1","CDH1",1.38167767526606
"FGD41",0,1.51100835331417,0.631,0.267,0,"AT1","FGD4",0.953446270941242
"CGNL1",0,3.14859485885303,0.422,0.059,0,"AT1","CGNL1",1.32870703043598
"IQCJ-SCHIP1",0,4.20358980221478,0.39,0.029,0,"AT1","IQCJ-SCHIP1",1.63940002286376
"MGLL1",0,2.51957127151436,0.464,0.104,0,"AT1","MGLL",1.16908106998266
"EZR",0,1.78310146497944,0.559,0.199,0,"AT1","EZR",0.996753718923505
"NR6A1",0,2.3418928179138,0.472,0.112,0,"AT1","NR6A1",1.10537341005531
"KCNT21",0,3.54635714826413,0.417,0.058,0,"AT1","KCNT2",1.47883093082614
"TACC11",0,1.60292746568221,0.618,0.262,0,"AT1","TACC1",0.990609173791605
"KRT7",0,3.35967487016756,0.393,0.038,0,"AT1","KRT7",1.32035222397585
"GCNT2",0,2.63860824326773,0.447,0.092,0,"AT1","GCNT2",1.17945788474067
"EXT11",0,1.16261174082975,0.702,0.347,0,"AT1","EXT1",0.816153442062481
"ADGRV1",0,2.11719825865521,0.443,0.089,0,"AT1","ADGRV1",0.937918828584257
"BMPR1A1",0,2.86608165035693,0.443,0.089,0,"AT1","BMPR1A",1.26967417110812
"TIMP31",0,1.3900878334945,0.484,0.13,0,"AT1","TIMP3",0.672802511411338
"ADK",0,1.24498762469462,0.692,0.34,0,"AT1","ADK",0.861531436288675
"RBPMS1",0,1.03353044982835,0.576,0.228,0,"AT1","RBPMS",0.595313539101128
"MICAL2",0,1.8053871920319,0.492,0.144,0,"AT1","MICAL2",0.888250498479694
"HOPX",0,2.76723936987698,0.404,0.057,0,"AT1","HOPX",1.1179647054303
"PEAK11",0,1.34717998688503,0.626,0.279,0,"AT1","PEAK1",0.843334671790027
"TNS11",0,1.65337476372475,0.547,0.202,0,"AT1","TNS1",0.904395995757438
"NRG3",0,3.55954989459747,0.366,0.021,0,"AT1","NRG3",1.30279526142268
"PTPRE",0,1.52373611481996,0.544,0.2,0,"AT1","PTPRE",0.828912446462056
"FAM160A1",0,2.56114205461125,0.417,0.073,0,"AT1","FAM160A1",1.06799623677289
"MYO6",0,1.61689230749073,0.519,0.176,0,"AT1","MYO6",0.839167107587691
"PTPN211",0,3.77492764557156,0.38,0.039,0,"AT1","PTPN21",1.43447250531719
"LLGL2",0,2.7311302741129,0.407,0.067,0,"AT1","LLGL2",1.11157002156395
"SNX25",0,1.08035883822868,0.514,0.175,0,"AT1","SNX25",0.555304442849542
"MYH14",0,2.85363206044474,0.397,0.058,0,"AT1","MYH14",1.13289192799656
"TTLL7",0,4.29963799316855,0.362,0.023,0,"AT1","TTLL7",1.55646895352701
"HPCAL1",0,1.9286473642298,0.493,0.154,0,"AT1","HPCAL1",0.950823150565293
"GRK51",0,1.53753334950276,0.52,0.182,0,"AT1","GRK5",0.799517341741434
"PAM1",0,1.31917712923034,0.606,0.268,0,"AT1","PAM",0.799421340313587
"MYO16",0,4.0699155058353,0.367,0.029,0,"AT1","MYO16",1.49365899064155
"MCU",0,1.61373526651277,0.543,0.211,0,"AT1","MCU",0.876258249716432
"THSD4",0,1.48085786334297,0.478,0.146,0,"AT1","THSD4",0.707850058677942
"CYSTM1",0,2.42737212693279,0.451,0.12,0,"AT1","CYSTM1",1.09474482924669
"MYO9A",0,1.37965224610125,0.585,0.257,0,"AT1","MYO9A",0.807096563969234
"SLC1A1",0,3.23536664960942,0.377,0.051,0,"AT1","SLC1A1",1.21973322690275
"TMTC2",0,1.65803917807471,0.537,0.213,0,"AT1","TMTC2",0.890367038626118
"SLC9C1",0,3.24702288620139,0.375,0.051,0,"AT1","SLC9C1",1.21763358232552
"GPRC5D",0,5.06326836479978,0.337,0.014,0,"AT1","GPRC5D",1.70632143893753
"CUX1",0,1.20660205541063,0.743,0.423,0,"AT1","CUX1",0.896505327170098
"USP54",0,2.29097507919508,0.425,0.106,0,"AT1","USP54",0.97366440865791
"DOCK5",0,1.42857640044704,0.526,0.208,0,"AT1","DOCK5",0.751431186635144
"PIP5K1B",0,1.8415294202284,0.434,0.116,0,"AT1","PIP5K1B",0.799223768379126
"ITGA3",0,2.76383629645126,0.379,0.061,0,"AT1","ITGA3",1.04749395635503
"SCD5",0,4.00566027479266,0.344,0.026,0,"AT1","SCD5",1.37794713452868
"ANXA21",0,1.69258773484333,0.506,0.189,0,"AT1","ANXA2",0.856449393830725
"GAB1",0,1.41164722269118,0.512,0.196,0,"AT1","GAB1",0.722763378017884
"DMD1",0,1.67252631775908,0.428,0.112,0,"AT1","DMD",0.715841264000885
"CFLAR",0,1.13682004162847,0.671,0.356,0,"AT1","CFLAR",0.762806247932704
"PLCE11",0,2.88690887724955,0.368,0.053,0,"AT1","PLCE1",1.06238246682783
"CPM1",0,1.4136708708233,0.495,0.184,0,"AT1","CPM",0.699767081057532
"PAPSS21",0,1.94954870981439,0.435,0.125,0,"AT1","PAPSS2",0.84805368876926
"SLC19A1",0,3.99262663751631,0.34,0.031,0,"AT1","SLC19A1",1.35749305675555
"CAPN2",0,1.99950774388728,0.433,0.124,0,"AT1","CAPN2",0.865786853103192
"TMOD3",0,1.78251987595984,0.499,0.19,0,"AT1","TMOD3",0.889477418103958
"AGER",0,6.35872741753179,0.313,0.005,0,"AT1","AGER",1.99028168168745
"FNBP1L",0,2.0159350313856,0.404,0.097,0,"AT1","FNBP1L",0.814437752679784
"LMO3",0,2.00366345051866,0.399,0.092,0,"AT1","LMO3",0.799461716756946
"PPP1R9A",0,1.75720839295113,0.422,0.115,0,"AT1","PPP1R9A",0.741541941825375
"TANC11",0,1.27084512527694,0.499,0.195,0,"AT1","TANC1",0.634151717513193
"RASSF81",0,2.43851520118431,0.4,0.097,0,"AT1","RASSF8",0.975406080473724
"EPB41L31",0,1.57845381336528,0.46,0.158,0,"AT1","EPB41L3",0.72608875414803
"UBL3",0,1.77311013561883,0.457,0.159,0,"AT1","UBL3",0.810311331977805
"HIP1",0,1.32725796788795,0.519,0.222,0,"AT1","HIP1",0.688846885333846
"PPP4R1",0,1.84936771123715,0.448,0.151,0,"AT1","PPP4R1",0.828516734634244
"FLNB",0,1.97730358911372,0.39,0.096,0,"AT1","FLNB",0.771148399754353
"SMURF1",0,1.53696593534133,0.513,0.219,0,"AT1","SMURF1",0.788463524830104
"COL4A11",0,1.49842763828751,0.405,0.112,0,"AT1","COL4A1",0.606863193506442
"PTPN141",0,2.15962770236351,0.38,0.088,0,"AT1","PTPN14",0.820658526898134
"PTPN1",0,1.33706165226317,0.515,0.224,0,"AT1","PTPN1",0.688586750915535
"WWC1",0,2.21512023977555,0.372,0.081,0,"AT1","WWC1",0.824024729196504
"TMCC11",0,1.36070738278953,0.543,0.253,0,"AT1","TMCC1",0.738864108854713
"NCKAP5-AS2",0,7.82698250515474,0.292,0.002,0,"AT1","NCKAP5-AS2",2.28547889150518
"DAPK11",0,1.2016367634508,0.549,0.26,0,"AT1","DAPK1",0.659698583134488
"TES",0,2.56030627999116,0.357,0.068,0,"AT1","TES",0.914029341956845
"ADCY9",0,1.79755328824337,0.429,0.141,0,"AT1","ADCY9",0.771150360656406
"SESTD11",0,1.39031593486634,0.518,0.231,0,"AT1","SESTD1",0.720183654260764
"UTRN1",0,1.1611187633918,0.888,0.602,0,"AT1","UTRN",1.03107346189192
"PARVA1",0,2.33522073633039,0.373,0.087,0,"AT1","PARVA",0.871037334651235
"SLC22A23",0,1.84996168260334,0.402,0.117,0,"AT1","SLC22A23",0.743684596406543
"NBEAL11",0,1.19623636691827,0.532,0.249,0,"AT1","NBEAL1",0.636397747200521
"RDX",0,1.53236255385873,0.467,0.184,0,"AT1","RDX",0.715613312652028
"LRRC1",0,2.83503646279181,0.324,0.042,0,"AT1","LRRC1",0.918551813944546
"TMC5",0,1.51522431957096,0.377,0.095,0,"AT1","TMC5",0.571239568478252
"CTNND2",0,7.53362332505733,0.283,0.002,0,"AT1","CTNND2",2.13201540099122
"RFX2",0,2.40988612488131,0.375,0.096,0,"AT1","RFX2",0.903707296830492
"P3H2",0,1.9578269077895,0.344,0.065,0,"AT1","P3H2",0.673492456279589
"ZFYVE91",0,2.69521335705235,0.34,0.062,0,"AT1","ZFYVE9",0.9163725413978
"PALLD1",0,1.13311320404643,0.431,0.153,0,"AT1","PALLD",0.488371790944011
"AGTPBP12",0,1.35854925770364,0.466,0.189,0,"AT1","AGTPBP1",0.633083954089897
"PACSIN2",0,1.41090219876412,0.487,0.21,0,"AT1","PACSIN2",0.687109370798127
"GLS1",0,1.17719850913567,0.605,0.329,0,"AT1","GLS",0.712205098027078
"SHTN11",0,1.88788144780512,0.388,0.114,0,"AT1","SHTN1",0.732498001748388
"RBMS2",0,1.67227455943473,0.409,0.135,0,"AT1","RBMS2",0.683960294808803
"RP1",0,1.90355371735687,0.303,0.03,0,"AT1","RP1",0.576776776359133
"PPFIBP11",0,1.09522393060637,0.415,0.142,0,"AT1","PPFIBP1",0.454517931201642
"COBLL1",0,1.47795865204035,0.41,0.146,0,"AT1","COBLL1",0.605963047336545
"IFT57",0,2.61204995608824,0.327,0.063,0,"AT1","IFT57",0.854140335640855
"PALM2-AKAP21",0,1.05889627059005,0.449,0.186,0,"AT1","PALM2-AKAP2",0.475444425494934
"CGN",0,4.09861163523701,0.285,0.022,0,"AT1","CGN",1.16810431604255
"FILIP11",0,2.30265810972068,0.342,0.08,0,"AT1","FILIP1",0.787509073524472
"LNX2",0,2.70540054129036,0.314,0.052,0,"AT1","LNX2",0.849495769965175
"LMTK2",0,2.19277113085657,0.348,0.087,0,"AT1","LMTK2",0.763084353538086
"ATP10A1",0,1.38991339903933,0.395,0.134,0,"AT1","ATP10A",0.549015792620536
"EXPH5",0,2.93780439688727,0.307,0.047,0,"AT1","EXPH5",0.901905949844393
"RAB311",0,1.02335276075969,0.517,0.257,0,"AT1","RAB31",0.529073377312757
"WASF3",0,3.88968392550461,0.287,0.027,0,"AT1","WASF3",1.11633928661982
"NCOR21",0,1.1091399323094,0.53,0.271,0,"AT1","NCOR2",0.58784416412398
"FAM174B",0,2.65070097246743,0.325,0.066,0,"AT1","FAM174B",0.861477816051916
"GALNT13",0,6.09281095803418,0.262,0.005,0,"AT1","GALNT13",1.59631647100496
"MAGI21",0,1.1366694311055,0.441,0.186,0,"AT1","MAGI2",0.501271219117527
"CCDC84",0,2.06336984755631,0.343,0.088,0,"AT1","CCDC84",0.707735857711815
"COL4A5",0,2.51611267412578,0.315,0.06,0,"AT1","COL4A5",0.79257549234962
"SCNN1A",0,2.57283207548431,0.308,0.054,0,"AT1","SCNN1A",0.792432279249167
"GOLGA8B1",0,2.15650864218837,0.334,0.08,0,"AT1","GOLGA8B",0.720273886490917
"PLS31",0,1.78766589396982,0.355,0.101,0,"AT1","PLS3",0.634621392359285
"ITGB6",0,2.4475291798784,0.308,0.055,0,"AT1","ITGB6",0.753838987402547
"CLDN18",0,3.77685164273484,0.28,0.029,0,"AT1","CLDN18",1.05751845996576
"OTUD7B1",0,2.39201074871343,0.322,0.072,0,"AT1","OTUD7B",0.770227461085725
"PARP141",0,1.00435893454637,0.508,0.259,0,"AT1","PARP14",0.510214338749554
"L3MBTL4",0,1.23800984212588,0.43,0.182,0,"AT1","L3MBTL4",0.532344232114128
"NCOA7",0,1.3659008705763,0.441,0.195,0,"AT1","NCOA7",0.602362283924147
"FAM107B1",0,1.35873652412884,0.417,0.171,0,"AT1","FAM107B",0.566593130561726
"CTNNA1",0,1.13918798104019,0.523,0.278,0,"AT1","CTNNA1",0.595795314084018
"CCDC6",0,1.53083787763384,0.383,0.139,0,"AT1","CCDC6",0.58631090713376
"PEBP4",0,1.97813131575709,0.31,0.067,0,"AT1","PEBP4",0.613220707884698
"TBC1D21",0,1.77427484615735,0.345,0.102,0,"AT1","TBC1D2",0.612124821924287
"ATXN2",0,1.05602529712251,0.516,0.273,0,"AT1","ATXN2",0.544909053315215
"EYA4",0,3.99011384770135,0.268,0.026,0,"AT1","EYA4",1.06935051118396
"ARHGAP421",0,1.96615828423651,0.335,0.093,0,"AT1","ARHGAP42",0.658663025219231
"PAWR1",0,1.95119101208702,0.328,0.086,0,"AT1","PAWR",0.639990651964543
"KIAA13281",0,1.39628604805105,0.406,0.165,0,"AT1","KIAA1328",0.566892135508728
"STK33",0,1.46181394720318,0.305,0.064,0,"AT1","STK33",0.445853253896969
"SYT1",0,3.99064526098335,0.256,0.015,0,"AT1","SYT1",1.02160518681174
"SIK21",0,1.34953842136272,0.448,0.208,0,"AT1","SIK2",0.604593212770499
"PTPRF",0,2.59586236885033,0.292,0.053,0,"AT1","PTPRF",0.757991811704296
"CHKA1",0,1.71462740007698,0.361,0.122,0,"AT1","CHKA",0.618980491427789
"EVI51",0,1.06734839983107,0.491,0.253,0,"AT1","EVI5",0.524068064317057
"PLEKHA1",0,1.95929245554747,0.325,0.088,0,"AT1","PLEKHA1",0.636770048052927
"RBFOX21",0,1.12595313080838,0.413,0.176,0,"AT1","RBFOX2",0.465018643023859
"CPLANE11",0,1.53236484459778,0.367,0.131,0,"AT1","CPLANE1",0.562377897967384
"TMPRSS2",0,2.46818736441829,0.288,0.053,0,"AT1","TMPRSS2",0.710837960952468
"KLF61",0,1.13974603285905,0.469,0.236,0,"AT1","KLF6",0.534540889410894
"SYT17",0,2.69234097947617,0.277,0.045,0,"AT1","SYT17",0.745778451314899
"PRDM16",0,2.47121774659998,0.283,0.051,0,"AT1","PRDM16",0.699354622287794
"ADGRF5",0,1.13524841132509,0.338,0.107,0,"AT1","ADGRF5",0.383713963027881
"VCL1",0,1.51545440797478,0.377,0.146,0,"AT1","VCL",0.571326311806494
"LDLR",0,1.93259177236851,0.33,0.099,0,"AT1","LDLR",0.637755284881609
"ANKS1B",0,2.55344385358657,0.275,0.045,0,"AT1","ANKS1B",0.702197059736306
"EHBP11",0,1.09085584131559,0.431,0.201,0,"AT1","EHBP1",0.470158867607018
"VEPH1",0,2.22377502748519,0.284,0.054,0,"AT1","VEPH1",0.631552107805795
"PLCL11",0,1.37863182896137,0.325,0.096,0,"AT1","PLCL1",0.448055344412445
"UMAD11",0,1.14432193592871,0.425,0.196,0,"AT1","UMAD1",0.4863368227697
"ERRFI1",0,1.50294784207486,0.335,0.108,0,"AT1","ERRFI1",0.503487527095079
"DUOX1",0,1.84345422177234,0.314,0.087,0,"AT1","DUOX1",0.578844625636513
"RAI14",0,1.12229492499538,0.366,0.139,0,"AT1","RAI14",0.410759942548311
"HSPG21",0,1.69496135703066,0.311,0.086,0,"AT1","HSPG2",0.527132982036536
"ARRB11",0,1.58638575421998,0.356,0.131,0,"AT1","ARRB1",0.564753328502312
"ACTN4",0,1.19083209406133,0.419,0.194,0,"AT1","ACTN4",0.498958647411696
"PARD6B",0,3.28646136020151,0.254,0.03,0,"AT1","PARD6B",0.834761185491185
"MACC11",0,1.75736182585272,0.315,0.092,0,"AT1","MACC1",0.553568975143607
"MPRIP1",0,1.29535042524926,0.394,0.172,0,"AT1","MPRIP",0.510368067548208
"ELOVL51",0,1.20230114673226,0.409,0.187,0,"AT1","ELOVL5",0.491741169013494
"KANSL1L",0,1.28158172815954,0.4,0.179,0,"AT1","KANSL1L",0.512632691263815
"AKAP7",0,3.07438394494869,0.267,0.046,0,"AT1","AKAP7",0.8208605133013
"HOMER1",0,3.56300681462744,0.249,0.028,0,"AT1","HOMER1",0.887188696842232
"SPOCK21",0,2.23881567483608,0.254,0.033,0,"AT1","SPOCK2",0.568659181408363
"LIMD1",0,1.55754504936036,0.344,0.124,0,"AT1","LIMD1",0.535795496979965
"EPB41L4A",0,1.21722270084855,0.333,0.114,0,"AT1","EPB41L4A",0.405335159382567
"RBMS3-AS21",0,2.41022935706227,0.272,0.054,0,"AT1","RBMS3-AS2",0.655582385120938
"KANK1",0,1.32773638173762,0.331,0.114,0,"AT1","KANK1",0.439480742355152
"C3orf52",0,3.20885736240747,0.247,0.031,0,"AT1","C3orf52",0.792587768514645
"HDAC2-AS2",0,4.67295803665603,0.227,0.011,0,"AT1","HDAC2-AS2",1.06076147432092
"FERMT21",0,1.85708594015316,0.301,0.085,0,"AT1","FERMT2",0.5589828679861
"TJP21",0,1.33137461584501,0.334,0.119,0,"AT1","TJP2",0.444679121692232
"DDAH11",0,1.75705493823329,0.304,0.089,0,"AT1","DDAH1",0.534144701222919
"PFDN1",0,2.45715486219008,0.28,0.066,0,"AT1","PFDN1",0.688003361413222
"LAMA5",0,2.93246032726013,0.245,0.031,0,"AT1","LAMA5",0.718452780178731
"KRT19",0,2.29420608597567,0.255,0.042,0,"AT1","KRT19",0.585022551923796
"OTULINL1",0,2.61494947341976,0.257,0.045,0,"AT1","OTULINL",0.672042014668879
"DNAH14",0,1.96809525579072,0.29,0.078,0,"AT1","DNAH14",0.570747624179308
"CASZ1",0,2.12622808095762,0.272,0.061,0,"AT1","CASZ1",0.578334038020474
"EPS8L2",0,3.64516333494357,0.233,0.022,0,"AT1","EPS8L2",0.849323057041852
"IL181",0,2.09377686998709,0.279,0.068,0,"AT1","IL18",0.584163746726397
"ICAM1",0,1.96709183948145,0.28,0.069,0,"AT1","ICAM1",0.550785715054807
"GTF2IRD1",0,1.91443985257483,0.31,0.099,0,"AT1","GTF2IRD1",0.593476354298196
"SNX241",0,1.60859589003177,0.325,0.115,0,"AT1","SNX24",0.522793664260326
"SH3RF2",0,3.3890419296911,0.232,0.024,0,"AT1","SH3RF2",0.786257727688334
"REPS2",0,2.3279801880071,0.269,0.061,0,"AT1","REPS2",0.626226670573909
"SFTA1P",0,3.53882071509201,0.228,0.022,0,"AT1","SFTA1P",0.806851123040979
"CNTN4",0,2.5842105112621,0.241,0.035,0,"AT1","CNTN4",0.622794733214167
"ABHD2",0,1.26830331784809,0.376,0.17,0,"AT1","ABHD2",0.476882047510882
"N4BP12",0,1.3223179744386,0.35,0.145,0,"AT1","N4BP1",0.462811291053509
"PPARGC1A",0,3.3358716221546,0.227,0.023,0,"AT1","PPARGC1A",0.757242858229095
"PLXNA2",0,1.26588461080468,0.329,0.126,0,"AT1","PLXNA2",0.41647603695474
"ALDH3A2",0,2.33171138073023,0.263,0.06,0,"AT1","ALDH3A2",0.613240093132049
"NFATC31",0,1.09578859495599,0.354,0.151,0,"AT1","NFATC3",0.387909162614422
"LRIG2",0,2.2250808074931,0.275,0.073,0,"AT1","LRIG2",0.611897222060603
"MVB12B1",0,1.43233220436845,0.309,0.108,0,"AT1","MVB12B",0.442590651149852
"ZC3H12C",0,2.25506687121475,0.26,0.059,0,"AT1","ZC3H12C",0.586317386515835
"RGCC1",0,2.06702738729851,0.268,0.067,0,"AT1","RGCC",0.553963339796002
"PPP1R13B",0,1.49439816281229,0.301,0.1,0,"AT1","PPP1R13B",0.449813847006498
"CDKL5",0,1.85469182773311,0.283,0.082,0,"AT1","CDKL5",0.524877787248469
"NOS1AP",0,2.46335891923037,0.247,0.047,0,"AT1","NOS1AP",0.608449653049903
"ZNF7041",0,1.65920682094803,0.284,0.085,0,"AT1","ZNF704",0.471214737149242
"MYO1C",0,2.32951426704395,0.256,0.058,0,"AT1","MYO1C",0.596355652363252
"MEGF91",0,1.43010229140826,0.338,0.141,0,"AT1","MEGF9",0.483374574495991
"GRAMD2A",0,3.66221878782883,0.218,0.021,0,"AT1","GRAMD2A",0.798363695746685
"CELSR1",0,1.90238451057911,0.271,0.074,0,"AT1","CELSR1",0.515546202366939
"FZD6",0,2.75778295719882,0.235,0.038,0,"AT1","FZD6",0.648078994941723
"ZNF431",0,1.88731989520603,0.278,0.082,0,"AT1","ZNF431",0.524674930867275
"ARHGEF26-AS1",0,4.40021841004074,0.209,0.013,0,"AT1","ARHGEF26-AS1",0.919645647698515
"SEMA3B",0,3.98554722525003,0.21,0.015,0,"AT1","SEMA3B",0.836964917302506
"PPM1L1",0,1.61276709377288,0.311,0.116,0,"AT1","PPM1L",0.501570566163364
"MGST1",0,1.31126818065044,0.313,0.118,0,"AT1","MGST1",0.410426940543589
"MFHAS11",0,1.41616427677735,0.317,0.123,0,"AT1","MFHAS1",0.448924075738419
"DIAPH3",0,2.18041285482993,0.232,0.04,0,"AT1","DIAPH3",0.505855782320543
"FYB2",0,3.41536626838131,0.208,0.017,0,"AT1","FYB2",0.710396183823312
"KIAA0408",0,3.55612135425044,0.212,0.021,0,"AT1","KIAA0408",0.753897727101094
"PTPRQ",0,4.15546313044905,0.203,0.013,0,"AT1","PTPRQ",0.843559015481156
"CFLAR-AS1",0,1.56812674631783,0.283,0.093,0,"AT1","CFLAR-AS1",0.443779869207947
"CD91",0,1.57310762705524,0.289,0.1,0,"AT1","CD9",0.454628104218966
"MYRF",0,4.77324184340793,0.195,0.007,0,"AT1","MYRF",0.930782159464546
"NKX2-1",0,2.41927098496972,0.23,0.042,0,"AT1","NKX2-1",0.556432326543036
"TOM1L2",0,1.3207278608123,0.307,0.12,0,"AT1","TOM1L2",0.405463453269378
"SHROOM4",0,1.75161871403193,0.256,0.069,0,"AT1","SHROOM4",0.448414390792175
"CACNA2D3",0,2.2767816948554,0.226,0.04,0,"AT1","CACNA2D3",0.514552663037321
"NDNF",0,2.85999207864402,0.221,0.035,0,"AT1","NDNF",0.632058249380328
"SCNN1B",0,2.94723783329307,0.211,0.026,0,"AT1","SCNN1B",0.621867182824838
"KPNA3",0,1.41865131941014,0.309,0.125,0,"AT1","KPNA3",0.438363257697732
"SGMS2",0,1.03754122817377,0.293,0.11,0,"AT1","SGMS2",0.303999579854915
"DPY19L1",0,1.88773477141173,0.26,0.078,0,"AT1","DPY19L1",0.49081104056705
"HEG11",0,1.62778202985709,0.274,0.093,0,"AT1","HEG1",0.446012276180842
"VEZT",0,1.15550483674144,0.325,0.144,0,"AT1","VEZT",0.375539071940967
"VGLL41",0,1.36177139954257,0.302,0.121,0,"AT1","VGLL4",0.411254962661858
"TSPAN13",0,3.28176654679676,0.204,0.023,0,"AT1","TSPAN13",0.66948037554654
"CMTM4",0,2.12022940652376,0.237,0.056,0,"AT1","CMTM4",0.502494369346131
"ARHGAP5",0,1.07288653151908,0.336,0.156,0,"AT1","ARHGAP5",0.360489874590409
"PDXK1",0,1.22092127788064,0.321,0.141,0,"AT1","PDXK",0.391915730199685
"OSBPL10",0,1.12590125183491,0.292,0.113,0,"AT1","OSBPL10",0.328763165535795
"OVCH2",0,5.77691933140444,0.183,0.004,0,"AT1","OVCH2",1.05717623764701
"TXNDC11",0,1.09153051049493,0.32,0.142,0,"AT1","TXNDC11",0.349289763358378
"AP1S3",0,2.34383070364601,0.219,0.042,0,"AT1","AP1S3",0.513298924098476
"ALS2CL",0,3.65868957411235,0.194,0.017,0,"AT1","ALS2CL",0.709785777377795
"MAGI1-AS1",0,2.89846748891065,0.207,0.03,0,"AT1","MAGI1-AS1",0.599982770204504
"SPATA6L",0,1.77043535423172,0.24,0.063,0,"AT1","SPATA6L",0.424904485015613
"MS4A15",0,6.15359339670031,0.18,0.003,0,"AT1","MS4A15",1.10764681140606
"RALGPS1",0,1.72844742301516,0.248,0.072,0,"AT1","RALGPS1",0.428654960907759
"GAS6",0,1.66435215236058,0.247,0.071,0,"AT1","GAS6",0.411094981633064
"FRY",0,1.03023839086041,0.324,0.149,0,"AT1","FRY",0.333797238638774
"ARHGAP29",0,1.02236682324069,0.257,0.082,0,"AT1","ARHGAP29",0.262748273572856
"AF117829.11",0,1.36110953533131,0.291,0.116,0,"AT1","AF117829.1",0.39608287478141
"ACADL",0,2.21752643654094,0.213,0.04,0,"AT1","ACADL",0.47233313098322
"MID11",0,1.39607584652695,0.267,0.096,0,"AT1","MID1",0.372752251022695
"SLC35A3",0,1.72336897317543,0.244,0.073,0,"AT1","SLC35A3",0.420502029454806
"CTIF1",0,1.22177260624631,0.306,0.135,0,"AT1","CTIF",0.373862417511371
"YEATS2",0,1.1090597146527,0.312,0.142,0,"AT1","YEATS2",0.346026630971642
"SYN31",0,1.33203093656367,0.235,0.065,0,"AT1","SYN3",0.313027270092462
"ARSJ",0,2.9426574088429,0.197,0.029,0,"AT1","ARSJ",0.579703509542051
"MPP3",0,3.20158603612466,0.188,0.02,0,"AT1","MPP3",0.601898174791437
"ADGRD11",0,1.89596263613323,0.231,0.064,0,"AT1","ADGRD1",0.437967368946777
"ABCA81",0,1.68517088816425,0.219,0.052,0,"AT1","ABCA8",0.369052424507971
"KLHL291",0,1.29499786391716,0.269,0.103,0,"AT1","KLHL29",0.348354425393715
"EPN2",0,1.36875400582331,0.269,0.103,0,"AT1","EPN2",0.36819482756647
"GRHL2",0,1.87098938609547,0.224,0.059,0,"AT1","GRHL2",0.419101622485386
"MAP7",0,1.60349870184958,0.239,0.074,0,"AT1","MAP7",0.383236189742051
"THSD7A",0,1.96614193089066,0.208,0.043,0,"AT1","THSD7A",0.408957521625257
"SOGA3",0,4.60440091604764,0.171,0.007,0,"AT1","SOGA3",0.787352556644146
"AATK",0,2.42686440178518,0.203,0.039,0,"AT1","AATK",0.492653473562392
"BAIAP2L1",0,1.41503763124737,0.244,0.08,0,"AT1","BAIAP2L1",0.345269182024359
"MBIP",0,1.594807206937,0.234,0.071,0,"AT1","MBIP",0.373184886423258
"CHSY31",0,1.72320023134832,0.24,0.077,0,"AT1","CHSY3",0.413568055523598
"CALM2",0,1.38088109400468,0.272,0.11,0,"AT1","CALM2",0.375599657569274
"FBXL21",0,1.78245344434194,0.234,0.072,0,"AT1","FBXL2",0.417094105976015
"LIPH",0,2.60614129961057,0.195,0.033,0,"AT1","LIPH",0.508197553424062
"BMPR1B",0,2.01894173274213,0.192,0.03,0,"AT1","BMPR1B",0.387636812686489
"ANKRD1",0,5.23282258738235,0.167,0.005,0,"AT1","ANKRD1",0.873881372092852
"KHDRBS2-OT",0,5.513388668637,0.164,0.003,0,"AT1","KHDRBS2-OT",0.904195741656468
"KIFC31",0,1.66350662734239,0.239,0.078,0,"AT1","KIFC3",0.397578083934832
"ARHGEF2",0,1.33613490434581,0.268,0.108,0,"AT1","ARHGEF2",0.358084154364678
"CTNNBIP1",0,2.42742576017859,0.201,0.041,0,"AT1","CTNNBIP1",0.487912577795897
"FRAS11",0,1.48561127443577,0.216,0.056,0,"AT1","FRAS1",0.320892035278126
"NTM-AS1",0,5.88458678659374,0.163,0.003,0,"AT1","NTM-AS1",0.959187646214779
"CEACAM6",0,2.97947446361516,0.181,0.021,0,"AT1","CEACAM6",0.539284877914344
"RASEF",0,1.94831076596692,0.211,0.052,0,"AT1","RASEF",0.41109357161902
"NEXN1",0,1.83166957891259,0.21,0.052,0,"AT1","NEXN",0.384650611571643
"ESRP1",0,2.40520332412445,0.195,0.037,0,"AT1","ESRP1",0.469014648204268
"ZNF254",0,1.3890525480122,0.253,0.095,0,"AT1","ZNF254",0.351430294647086
"ITPRID2",0,1.60805572963374,0.238,0.08,0,"AT1","ITPRID2",0.382717263652831
"PON2",0,1.51911415827504,0.232,0.075,0,"AT1","PON2",0.352434484719809
"CTDSPL1",0,1.32127351299274,0.258,0.101,0,"AT1","CTDSPL",0.340888566352127
"NCKAP5-AS1",0,6.87373152579865,0.157,0.001,0,"AT1","NCKAP5-AS1",1.07917584955039
"TMEFF2",0,3.24043871587928,0.175,0.019,0,"AT1","TMEFF2",0.567076775278874
"MAL2",0,2.55422338590523,0.192,0.036,0,"AT1","MAL2",0.490410890093803
"CELF2-AS2",0,2.68085163255331,0.184,0.029,0,"AT1","CELF2-AS2",0.493276700389809
"TMEM63B",0,2.23982988280028,0.198,0.044,0,"AT1","TMEM63B",0.443486316794456
"OCLN",0,2.44763906223192,0.188,0.035,0,"AT1","OCLN",0.460156143699602
"PGGHG",0,3.01698086261288,0.172,0.019,0,"AT1","PGGHG",0.518920708369415
"AQP4",0,3.63850600879987,0.167,0.015,0,"AT1","AQP4",0.607630503469578
"PLEKHA7",0,1.33515674831092,0.238,0.086,0,"AT1","PLEKHA7",0.317767306098
"NBEAL2",0,2.04832107677774,0.186,0.035,0,"AT1","NBEAL2",0.380987720280659
"C10orf67",0,4.86707305578944,0.158,0.007,0,"AT1","C10orf67",0.768997542814732
"LAMC2",0,3.52161415059064,0.168,0.018,0,"AT1","LAMC2",0.591631177299227
"RILPL1",0,2.09038914357536,0.198,0.048,0,"AT1","RILPL1",0.413897050427921
"JPH1",0,3.77589439644591,0.164,0.015,0,"AT1","JPH1",0.61924668101713
"SLC44A3",0,2.81633992755601,0.176,0.027,0,"AT1","SLC44A3",0.495675827249858
"ACSF2",0,2.39088841033687,0.19,0.041,0,"AT1","ACSF2",0.454268797964005
"SGCE",0,1.66316344777614,0.219,0.071,0,"AT1","SGCE",0.364232795062976
"TP53BP21",0,1.30726606825609,0.236,0.089,0,"AT1","TP53BP2",0.308514792108438
"GOLGA8A",0,1.66610370455725,0.206,0.059,0,"AT1","GOLGA8A",0.343217363138794
"MIR3936HG",0,2.08528276448062,0.191,0.045,0,"AT1","MIR3936HG",0.398289008015797
"RHOBTB2",0,1.97721141819816,0.191,0.045,0,"AT1","RHOBTB2",0.377647380875848
"CAT1",0,1.86851531829988,0.203,0.057,0,"AT1","CAT",0.379308609614875
"SMARCA11",0,1.69830297033666,0.21,0.064,0,"AT1","SMARCA1",0.356643623770699
"SLC7A6",0,1.34040551364456,0.225,0.08,0,"AT1","SLC7A6",0.301591240570025
"DUOXA1",0,2.20401299775791,0.185,0.04,0,"AT1","DUOXA1",0.407742404585213
"ARHGAP8",0,2.31580644554496,0.179,0.035,0,"AT1","ARHGAP8",0.414529353752547
"FAM184A",0,1.28803668588483,0.219,0.076,0,"AT1","FAM184A",0.282080034208777
"LIN7A",0,3.13845867790307,0.163,0.02,0,"AT1","LIN7A",0.5115687644982
"MIR181A2HG",0,2.38870385588242,0.18,0.037,0,"AT1","MIR181A2HG",0.429966694058836
"LAMB3",0,3.01429221861597,0.162,0.02,0,"AT1","LAMB3",0.488315339415787
"FMO21",0,1.38019140781354,0.197,0.056,0,"AT1","FMO2",0.271897707339268
"CXADR",0,2.71975249529496,0.169,0.028,0,"AT1","CXADR",0.459638171704849
"ARL13B",0,1.75173328830784,0.203,0.063,0,"AT1","ARL13B",0.355601857526491
"C11orf80",0,1.15755762747431,0.216,0.076,0,"AT1","C11orf80",0.250032447534452
"GALNT5",0,2.86342302112424,0.163,0.025,0,"AT1","GALNT5",0.466737952443252
"PRAG1",0,1.81017727329661,0.193,0.055,0,"AT1","PRAG1",0.349364213746245
"MPP5",0,1.58058212461667,0.217,0.079,0,"AT1","MPP5",0.342986321041817
"BAIAP2",0,2.05678030415908,0.188,0.05,0,"AT1","BAIAP2",0.386674697181908
"HS3ST5",0,5.33898879437378,0.141,0.003,0,"AT1","HS3ST5",0.752797420006702
"PLLP",0,3.61435323276519,0.151,0.013,0,"AT1","PLLP",0.545767338147544
"CAPN13",0,2.58944073563259,0.153,0.016,0,"AT1","CAPN13",0.396184432551786
"DCDC2",0,3.12418631543769,0.156,0.019,0,"AT1","DCDC2",0.487373065208279
"RAB3IP",0,1.77702262742994,0.188,0.051,0,"AT1","RAB3IP",0.334080253956829
"SH3GL3",0,6.45712617665898,0.139,0.002,0,"AT1","SH3GL3",0.897540538555599
"SDC4",0,1.47283412224469,0.216,0.079,0,"AT1","SDC4",0.318132170404852
"KLF5",0,2.05369546050795,0.179,0.042,0,"AT1","KLF5",0.367611487430923
"ROR1-AS1",0,5.7084421882203,0.139,0.003,0,"AT1","ROR1-AS1",0.793473464162621
"EFNA1",0,2.81308825110817,0.16,0.025,0,"AT1","EFNA1",0.450094120177307
"ZC2HC1A1",0,1.54182651369519,0.207,0.072,0,"AT1","ZC2HC1A",0.319158088334905
"CNKSR3",0,1.00191248167525,0.21,0.076,0,"AT1","CNKSR3",0.210401621151802
"ZC3H14",0,1.41311850934484,0.217,0.083,0,"AT1","ZC3H14",0.306646716527831
"EVA1A",0,2.97161075991664,0.157,0.024,0,"AT1","EVA1A",0.466542889306912
"STK32A",0,2.57880010433469,0.158,0.025,0,"AT1","STK32A",0.407450416484881
"AGR3",0,2.04365287325143,0.174,0.041,0,"AT1","AGR3",0.35559559994575
"SPAG1",0,1.91585122145299,0.173,0.043,0,"AT1","SPAG1",0.331442261311368
"KRT18",0,2.9813333061405,0.146,0.017,0,"AT1","KRT18",0.435274662696512
"NEO11",0,1.30321256468045,0.203,0.074,0,"AT1","NEO1",0.264552150630131
"PKDCC",0,3.26202705979961,0.142,0.016,0,"AT1","PKDCC",0.463207842491544
"RGL3",0,2.18625785688573,0.162,0.036,0,"AT1","RGL3",0.354173772815488
"FOSB",0,2.37238512325832,0.167,0.041,0,"AT1","FOSB",0.396188315584139
"SLC12A8",0,2.714370517169,0.149,0.025,0,"AT1","SLC12A8",0.40444120705818
"NDST1",0,1.72568840571773,0.183,0.059,0,"AT1","NDST1",0.315800978246345
"ESYT3",0,2.56666413047699,0.148,0.025,0,"AT1","ESYT3",0.379866291310594
"GRIP1",0,2.18918713098663,0.153,0.03,0,"AT1","GRIP1",0.334945631040955
"PPL",0,2.36777448635185,0.153,0.03,0,"AT1","PPL",0.362269496411833
"PLAC8",0,2.15505936883647,0.149,0.027,0,"AT1","PLAC8",0.321103845956634
"AMOTL11",0,1.51402165054607,0.188,0.066,0,"AT1","AMOTL1",0.284636070302661
"C14orf132",0,2.7872349538283,0.144,0.022,0,"AT1","C14orf132",0.401361833351276
"GIPC1",0,1.85736844019409,0.167,0.047,0,"AT1","GIPC1",0.310180529512413
"ELF3",0,1.53003243230326,0.176,0.056,0,"AT1","ELF3",0.269285708085374
"F11R",0,1.60946737767482,0.181,0.062,0,"AT1","F11R",0.291313595359142
"OSGIN2",0,2.41123070491966,0.152,0.033,0,"AT1","OSGIN2",0.366507067147788
"FLRT3",0,2.99328901406517,0.137,0.019,0,"AT1","FLRT3",0.410080594926928
"RETREG1",0,1.42680668143109,0.168,0.051,0,"AT1","RETREG1",0.239703522480423
"PPP1R13L",0,2.34725423960511,0.145,0.029,0,"AT1","PPP1R13L",0.340351864742741
"MYEF2",0,1.91959891914616,0.151,0.036,0,"AT1","MYEF2",0.28985943679107
"DENND2C",0,2.64503860982795,0.136,0.022,0,"AT1","DENND2C",0.359725250936602
"MARC21",0,1.81438488461158,0.162,0.048,0,"AT1","MARC2",0.293930351307076
"JADE1",0,1.53569897380576,0.164,0.05,0,"AT1","JADE1",0.251854631704145
"SH2D4A",0,2.57115124284593,0.141,0.027,0,"AT1","SH2D4A",0.362532325241276
"UNC13D",0,1.68878830624898,0.155,0.041,0,"AT1","UNC13D",0.261762187468592
"IRX2",0,3.4249043238135,0.127,0.014,0,"AT1","IRX2",0.434962849124315
"CYP4X1",0,3.03957652036987,0.13,0.018,0,"AT1","CYP4X1",0.395144947648083
"HACD1",0,2.72045574526393,0.132,0.02,0,"AT1","HACD1",0.359100158374839
"C1orf116",0,3.17668798510432,0.126,0.015,0,"AT1","C1orf116",0.400262686123145
"PRDM51",0,1.58973876775976,0.162,0.052,0,"AT1","PRDM5",0.257537680377082
"REEP1",0,3.56155456542595,0.12,0.01,0,"AT1","REEP1",0.427386547851114
"TMEM132D",0,4.49708452414317,0.115,0.005,0,"AT1","TMEM132D",0.517164720276465
"ERBB3",0,2.049861394208,0.141,0.031,0,"AT1","ERBB3",0.289030456583328
"MMP28",0,2.62475613222887,0.131,0.022,0,"AT1","MMP28",0.343843053321982
"WFS1",0,3.25077228801846,0.122,0.013,0,"AT1","WFS1",0.396594219138252
"TM4SF1",0,2.14388894169513,0.136,0.028,0,"AT1","TM4SF1",0.291568896070537
"SEMA3E",0,9.23012253927089,0.108,0,0,"AT1","SEMA3E",0.996853234241256
"C12orf49",0,2.8462260942949,0.129,0.021,0,"AT1","C12orf49",0.367163166164041
"AKAP6",0,1.51221283383848,0.151,0.043,0,"AT1","AKAP6",0.22834413790961
"PCLO",0,2.06078476478536,0.141,0.033,0,"AT1","PCLO",0.290570651834735
"ENO4",0,2.00273719596515,0.143,0.036,0,"AT1","ENO4",0.286391419023016
"MYL9",0,2.31442513669107,0.129,0.023,0,"AT1","MYL9",0.298560842633148
"CACNG4",0,5.17727950391807,0.109,0.003,0,"AT1","CACNG4",0.56432346592707
"SMYD2",0,1.69935414460768,0.148,0.042,0,"AT1","SMYD2",0.251504413401936
"KCNS3",0,2.16101698134564,0.13,0.025,0,"AT1","KCNS3",0.280932207574933
"DMKN",0,2.49378029988698,0.13,0.025,0,"AT1","DMKN",0.324191438985308
"WTIP",0,2.79778620923695,0.123,0.019,0,"AT1","WTIP",0.344127703736145
"PDGFA",0,3.03351380516291,0.117,0.015,0,"AT1","PDGFA",0.354921115204061
"STS",0,2.17382965469089,0.132,0.03,0,"AT1","STS",0.286945514419198
"MAL2-AS1",0,2.87674335412071,0.12,0.018,0,"AT1","MAL2-AS1",0.345209202494485
"KIAA1211L",0,1.99351175809717,0.129,0.028,0,"AT1","KIAA1211L",0.257163016794535
"ZSCAN31",0,3.77532849888423,0.11,0.009,0,"AT1","ZSCAN31",0.415286134877266
"GPC5-AS2",0,4.57555600747044,0.107,0.006,0,"AT1","GPC5-AS2",0.489584492799337
"ABO",0,2.25938677547682,0.125,0.026,0,"AT1","ABO",0.282423346934602
"GATA6",0,1.68844271582084,0.135,0.036,0,"AT1","GATA6",0.227939766635813
"GAS6-AS1",0,1.63722167733447,0.134,0.036,0,"AT1","GAS6-AS1",0.219387704762818
"RGS6",0,1.25348863682059,0.117,0.019,0,"AT1","RGS6",0.146658170508009
"ABCC6",0,2.47176271574491,0.12,0.023,0,"AT1","ABCC6",0.296611525889389
"EFR3B",0,4.18666222059824,0.102,0.006,0,"AT1","EFR3B",0.42703954650102
"SYDE2",0,3.11561203066536,0.11,0.015,0,"AT1","SYDE2",0.342717323373189
"PPP3CB-AS1",0,2.12063348967226,0.124,0.029,0,"AT1","PPP3CB-AS1",0.26295855271936
"ERBB2",0,2.24654803559832,0.121,0.027,0,"AT1","ERBB2",0.271832312307396
"PCYOX1",0,3.05076011563763,0.111,0.018,0,"AT1","PCYOX1",0.338634372835777
"PLXNA1",0,2.13490960410827,0.124,0.031,0,"AT1","PLXNA1",0.264728790909426
"GJA1",0,1.79196841365623,0.125,0.032,0,"AT1","GJA1",0.223996051707029
"SEMA6D",0,3.09415006452371,0.102,0.01,0,"AT1","SEMA6D",0.315603306581418
"SYTL4",0,1.87688051747355,0.125,0.033,0,"AT1","SYTL4",0.234610064684194
"TMEM258",0,3.29308004067066,0.101,0.012,0,"AT1","TMEM258",0.332601084107737
"SHANK2-AS1",0,3.40948706797033,0.101,0.012,0,"AT1","SHANK2-AS1",0.344358193865003
"KRT8",0,1.95793094927203,0.115,0.026,0,"AT1","KRT8",0.225162059166283
"PLD5",0,2.71888751922571,0.102,0.013,0,"AT1","PLD5",0.277326526961023
"ATOH8",0,2.89076662342203,0.104,0.015,0,"AT1","ATOH8",0.300639728835891
"KCNIP1",0,2.89721259099736,0.104,0.015,0,"AT1","KCNIP1",0.301310109463725
"CD151",0,2.16874108604708,0.119,0.03,0,"AT1","CD151",0.258080189239603
"SPRYD7",0,2.88648342756519,0.102,0.014,0,"AT1","SPRYD7",0.294421309611649
"CNNM4",0,2.03873516361144,0.115,0.028,0,"AT1","CNNM4",0.234454543815316
"AMOTL2",0,2.42255233289934,0.105,0.018,0,"AT1","AMOTL2",0.25436799495443
"CERNA1",0,2.96711569349401,0.102,0.015,0,"AT1","CERNA1",0.302645800736389
"C1orf198",0,2.3533928296468,0.106,0.02,0,"AT1","C1orf198",0.249459639942561
"KHDRBS3",0,2.2214915271936,0.108,0.022,0,"AT1","KHDRBS3",0.239921084936908
"TMEM125",0,2.67124856635129,0.104,0.019,0,"AT1","TMEM125",0.277809850900534
"ELOVL7",0,2.36796859427965,0.102,0.017,0,"AT1","ELOVL7",0.241532796616524
"LIMS2",0,2.00669307669597,0.101,0.018,0,"AT1","LIMS2",0.202676000746293
"ERC2",0,2.25655121664932,0.102,0.019,0,"AT1","ERC2",0.230168224098231
"FSTL3",0,2.21910492051345,0.103,0.021,0,"AT1","FSTL3",0.228567806812886
"DUBR",0,2.46131527393149,0.1,0.019,0,"AT1","DUBR",0.246131527393149
"COL28A1",0,2.26227224635555,0.1,0.019,0,"AT1","COL28A1",0.226227224635555
"PRKCI",4.93121260782433e-306,1.29345983600386,0.234,0.094,1.45643364372092e-301,"AT1","PRKCI",0.302669601624904
"SLC7A6OS",1.41783110951907e-301,1.26812014351075,0.203,0.075,4.18756418196458e-297,"AT1","SLC7A6OS",0.257428389132682
"SCN9A",1.43081854733013e-298,1.46227363966183,0.131,0.037,4.22592257953953e-294,"AT1","SCN9A",0.1915578467957
"HBEGF",2.42025832822312e-296,2.04766822789509,0.105,0.026,7.14823297240699e-292,"AT1","HBEGF",0.215005163928984
"NINJ2",2.75948053812047e-295,2.01937252533224,0.103,0.025,8.15012576933881e-291,"AT1","NINJ2",0.20799537010922
"BCL2L14",4.2797813173438e-293,1.68977072836048,0.156,0.051,1.26403341207749e-288,"AT1","BCL2L14",0.263604233624235
"OTUD7A",2.23704945513324e-290,1.82598632864025,0.11,0.028,6.60712556573602e-286,"AT1","OTUD7A",0.200858496150428
"LPCAT3",2.01471061629087e-287,1.3224936265146,0.225,0.091,5.95044780521509e-283,"AT1","LPCAT3",0.297561065965784
"STX3",1.05217408986974e-284,1.40208572700701,0.165,0.056,3.10759617443028e-280,"AT1","STX3",0.231344144956157
"ALDH3B1",1.68790507927441e-284,2.21085637233878,0.1,0.025,4.98522765163697e-280,"AT1","ALDH3B1",0.221085637233878
"SRPX21",1.20025179496949e-283,1.91214121517305,0.118,0.033,3.54494367644238e-279,"AT1","SRPX2",0.22563266339042
"NIBAN2",1.63750882386341e-281,1.24092908218273,0.238,0.1,4.83638231128058e-277,"AT1","NIBAN2",0.295341121559489
"S100A101",5.02217030143205e-281,1.55858635270895,0.155,0.052,1.48329799852796e-276,"AT1","S100A10",0.241580884669888
"FANCC1",2.17726452762126e-280,1.19867125420073,0.252,0.109,6.4305507823294e-276,"AT1","FANCC",0.302065156058583
"ATP2C2",3.56217397224485e-280,1.60052731514705,0.148,0.048,1.05208808270252e-275,"AT1","ATP2C2",0.236878042641764
"SLC16A5",1.60472318662884e-278,2.05447225411843,0.103,0.026,4.73954993170827e-274,"AT1","SLC16A5",0.211610642174199
"DAB2IP",9.59255889706093e-277,1.47084540085984,0.148,0.048,2.83316227024695e-272,"AT1","DAB2IP",0.217685119327257
"APTR",4.44914779507948e-273,1.88042558616387,0.116,0.033,1.31405580127673e-268,"AT1","APTR",0.218129367995008
"CHCHD6",9.10521926316671e-272,1.57096293281185,0.139,0.044,2.68922650937629e-267,"AT1","CHCHD6",0.218363847660847
"LRP61",2.22644206161318e-271,1.25613423993619,0.205,0.081,6.57579662897452e-267,"AT1","LRP6",0.25750751918692
"CACNA2D2",1.91400918304111e-270,1.39971588061127,0.133,0.041,5.65302612211192e-266,"AT1","CACNA2D2",0.186162212121299
"SPRED2",1.19898446306683e-267,1.11460260816454,0.26,0.117,3.54120061166788e-263,"AT1","SPRED2",0.289796678122781
"MAP3K9",1.60138721610965e-267,1.63185406732089,0.108,0.029,4.72969714277985e-263,"AT1","MAP3K9",0.176240239270656
"TOM1L1",1.99301759549625e-267,1.62944978914148,0.144,0.047,5.88637746829817e-263,"AT1","TOM1L1",0.234640769636373
"ATP1A1",2.65496725752316e-267,1.01117998472298,0.272,0.125,7.84144579509465e-263,"AT1","ATP1A1",0.27504095584465
"ZNF277",3.92745071056749e-264,1.06848304450108,0.254,0.113,1.15997256736611e-259,"AT1","ZNF277",0.271394693303274
"DESI2",2.41564651828286e-263,1.32876175111903,0.211,0.086,7.13461199174842e-259,"AT1","DESI2",0.280368729486116
"PGM1",3.71522083539862e-263,1.75638823908274,0.148,0.05,1.09729047373498e-258,"AT1","PGM1",0.259945459384246
"B4GALNT3",2.2042411851412e-262,1.43419228357261,0.141,0.046,6.51022634031453e-258,"AT1","B4GALNT3",0.202221111983739
"BCL2L1",7.07163166432245e-261,1.03061240722046,0.299,0.145,2.08860641205764e-256,"AT1","BCL2L1",0.308153109758917
"TDRP",1.7130098979406e-260,1.77643724415648,0.116,0.034,5.05937473356756e-256,"AT1","TDRP",0.206066720322152
"TSPAN3",2.83604038203557e-260,1.21964741928424,0.227,0.097,8.37624526834205e-256,"AT1","TSPAN3",0.276859964177523
"SLC15A2",1.99352834997625e-259,1.30623140035453,0.149,0.05,5.88788598165485e-255,"AT1","SLC15A2",0.194628478652826
"LMNA1",5.62243864297304e-259,1.25412554470173,0.287,0.139,1.66058725320209e-254,"AT1","LMNA",0.359934031329397
"FRMD3",6.358122030413e-259,1.48269035008928,0.163,0.059,1.87787134168248e-254,"AT1","FRMD3",0.241678527064553
"SEPTIN101",1.47860229694418e-257,1.29035320700281,0.2,0.08,4.36705188402463e-253,"AT1","SEPTIN10",0.258070641400561
"ITPR3",4.30011620294843e-257,1.08958166260166,0.207,0.084,1.27003932054082e-252,"AT1","ITPR3",0.225543404158543
"SMC5-AS1",7.8400971976532e-256,1.49682740458211,0.15,0.051,2.31557270732687e-251,"AT1","SMC5-AS1",0.224524110687316
"NINL1",1.11166329444246e-255,1.36489490519745,0.166,0.06,3.28329754013581e-251,"AT1","NINL",0.226572554262777
"TOR1AIP2",8.32039283310629e-254,1.4147710448716,0.182,0.071,2.45742802325794e-249,"AT1","TOR1AIP2",0.257488330166631
"MTURN",7.2447350691515e-250,1.60238986052791,0.122,0.037,2.1397325026739e-245,"AT1","MTURN",0.195491562984405
"VKORC1L1",4.33631914511695e-248,1.1753202913343,0.228,0.099,1.28073185951029e-243,"AT1","VKORC1L1",0.26797302642422
"ARHGEF18",6.42096484686686e-248,1.01557475656413,0.236,0.103,1.89643196752213e-243,"AT1","ARHGEF18",0.239675642549134
"SWAP701",8.26072403666598e-248,1.04077442226639,0.275,0.13,2.4398048442293e-243,"AT1","SWAP70",0.286212966123258
"ANXA41",1.04608181361183e-245,1.03685445341169,0.301,0.151,3.08960263650254e-241,"AT1","ANXA4",0.312093190476919
"PROS11",1.37001737854445e-244,1.30591737877139,0.182,0.071,4.04634632753103e-240,"AT1","PROS1",0.237676962936393
"DNM31",3.86708946868358e-243,1.14031905333364,0.206,0.086,1.1421448745757e-238,"AT1","DNM3",0.23490572498673
"GPC4",3.98882521952737e-243,1.79925021529718,0.106,0.03,1.17809952858741e-238,"AT1","GPC4",0.190720522821501
"BEND7",4.28783239825194e-243,1.63080449285587,0.105,0.03,1.26641129882371e-238,"AT1","BEND7",0.171234471749867
"TMC4",1.77620823076136e-242,1.60239023717178,0.122,0.038,5.24603100955366e-238,"AT1","TMC4",0.195491608934957
"SORT11",2.37487022350974e-241,1.02449813073476,0.263,0.123,7.01417920513601e-237,"AT1","SORT1",0.269443008383242
"LURAP1L1",2.81741236006952e-239,1.25644103357926,0.167,0.063,8.32122740546533e-235,"AT1","LURAP1L",0.209825652607736
"NT5DC11",6.61776646609535e-238,1.00607069156809,0.251,0.116,1.95455732576126e-233,"AT1","NT5DC1",0.25252374358359
"FAM135A",1.4699123344536e-237,1.045846849484,0.291,0.144,4.34138607980869e-233,"AT1","FAM135A",0.304341433199845
"PXDN1",3.26150816607407e-237,1.23442766644112,0.135,0.045,9.63286436849977e-233,"AT1","PXDN",0.166647734969551
"MIR646HG",2.21773932386058e-235,1.36364505564148,0.157,0.058,6.55009309302224e-231,"AT1","MIR646HG",0.214092273735712
"TMEM41B",5.89472546018229e-235,1.04552050867656,0.239,0.108,1.74100716466484e-230,"AT1","TMEM41B",0.249879401573697
"PLXNB1",8.78409459009083e-234,1.83544246533405,0.101,0.029,2.59438233718333e-229,"AT1","PLXNB1",0.185379688998739
"CDKL1",2.25557869618084e-231,1.31408584357694,0.147,0.052,6.6618516791701e-227,"AT1","CDKL1",0.19317061900581
"ZNF69",9.32234656728816e-230,1.61310292860455,0.12,0.038,2.75335505864856e-225,"AT1","ZNF69",0.193572351432546
"ZNF493",1.87072147792606e-228,1.4563121444315,0.132,0.045,5.52517588505462e-224,"AT1","ZNF493",0.192233203064958
"UBTD1",8.54113378810944e-228,1.66234841521382,0.129,0.044,2.52262386431812e-223,"AT1","UBTD1",0.214442945562583
"NMD31",8.43806255984847e-227,1.35518512872382,0.17,0.067,2.49218177705124e-222,"AT1","NMD3",0.23038147188305
"PAPSS11",2.17589531652895e-226,1.09425033486067,0.239,0.111,6.42650681736826e-222,"AT1","PAPSS1",0.261525830031701
"GRAMD1A",1.1124701567481e-216,1.13437354199208,0.182,0.075,3.28568060795552e-212,"AT1","GRAMD1A",0.206455984642559
"CHP1",2.27818215526271e-216,1.3501916896862,0.167,0.067,6.72861099556843e-212,"AT1","CHP1",0.225482012177595
"RNF1801",3.09496683027857e-216,1.29252145112088,0.138,0.049,9.14098453322777e-212,"AT1","RNF180",0.178367960254681
"KCNN3",1.564793820317e-215,1.38634754786211,0.1,0.029,4.62161854830625e-211,"AT1","KCNN3",0.138634754786211
"LRP2BP",2.81064796255675e-215,1.0099536742643,0.148,0.054,8.30124875741135e-211,"AT1","LRP2BP",0.149473143791116
"FHL11",4.31977819866196e-215,1.28408319218562,0.136,0.048,1.27584649097481e-210,"AT1","FHL1",0.174635314137245
"STARD91",5.18129428771511e-215,1.07460024430205,0.162,0.063,1.53029526787666e-210,"AT1","STARD9",0.174085239576931
"LATS22",6.36568561468063e-215,1.02186967774546,0.223,0.101,1.88010524629592e-210,"AT1","LATS2",0.227876938137237
"SNAP23",1.26374718438918e-214,1.00868403580115,0.22,0.1,3.73247730909345e-210,"AT1","SNAP23",0.221910487876253
"KIAA1958",1.87963906590076e-213,1.19062127051599,0.19,0.081,5.55151398113789e-209,"AT1","KIAA1958",0.226218041398037
"TSPAN15",1.90097977496717e-213,1.48955183689703,0.106,0.033,5.61454376536555e-209,"AT1","TSPAN15",0.157892494711085
"PLA2R11",3.98053983468704e-213,1.12744870688746,0.142,0.051,1.17565244017482e-208,"AT1","PLA2R1",0.160097716378019
"PMEPA1",7.67502469120446e-213,1.27094811250485,0.14,0.05,2.26681854254724e-208,"AT1","PMEPA1",0.17793273575068
"C4BPA",8.30831156526753e-211,2.03897479855733,0.114,0.038,2.45385982080177e-206,"AT1","C4BPA",0.232443127035536
"CRY2",1.49054412815771e-210,1.41736389539009,0.144,0.054,4.4023220825138e-206,"AT1","CRY2",0.204100400936173
"PRR5L",2.05188716161204e-210,1.10918493247529,0.134,0.047,6.06024873182116e-206,"AT1","PRR5L",0.148630780951688
"ZBTB7C1",3.15169345211625e-209,1.01648371232855,0.179,0.074,9.30852661082534e-205,"AT1","ZBTB7C",0.181950584506811
"ANKRD13A",4.19756509726371e-209,1.15121421493505,0.182,0.076,1.23975085147684e-204,"AT1","ANKRD13A",0.209520987118179
"NDFIP2",4.39781117585525e-208,1.45567350972982,0.127,0.044,1.29889353078885e-203,"AT1","NDFIP2",0.184870535735687
"PTPN3",1.40169970623697e-206,1.3374693426471,0.136,0.05,4.13992008237088e-202,"AT1","PTPN3",0.181895830600005
"NECTIN3",1.81471445614732e-206,1.4098123637024,0.121,0.041,5.35975914623112e-202,"AT1","NECTIN3",0.17058729600799
"LRP5",2.49606547393737e-204,1.33848195162028,0.13,0.047,7.37212937727401e-200,"AT1","LRP5",0.174002653710636
"CPEB21",1.51088613978797e-200,1.00425057196458,0.204,0.092,4.46240221386376e-196,"AT1","CPEB2",0.204867116680774
"ATF31",1.58195632571202e-197,1.21270594294903,0.159,0.064,4.67230800799045e-193,"AT1","ATF3",0.192820244928895
"LURAP1L-AS1",5.58078263729685e-196,1.53798984517759,0.108,0.036,1.64828415192563e-191,"AT1","LURAP1L-AS1",0.16610290327918
"CCDC85C",5.35524255292804e-194,1.41536166147273,0.103,0.033,1.5816708880073e-189,"AT1","CCDC85C",0.145782251131692
"MAMDC2-AS11",7.49463739595159e-193,1.004557157008,0.136,0.051,2.2135411548943e-188,"AT1","MAMDC2-AS1",0.136619773353088
"SLC26A5",2.37809802846705e-192,1.60666825571164,0.104,0.034,7.02371252707743e-188,"AT1","SLC26A5",0.167093498594011
"PAX8-AS11",7.72603622236752e-192,1.35255060755054,0.158,0.065,2.28188479827625e-187,"AT1","PAX8-AS1",0.213702995992985
"RPH3AL",3.83886858583676e-188,1.08240565483022,0.16,0.066,1.13380983682689e-183,"AT1","RPH3AL",0.173184904772836
"DGCR2",3.34814987858835e-186,1.07465571509258,0.174,0.075,9.8887606664107e-182,"AT1","DGCR2",0.186990094426109
"NLGN1",4.9931762464718e-186,1.32611098433119,0.123,0.045,1.47473460439545e-181,"AT1","NLGN1",0.163111651072737
"ZNF714",6.76371149852649e-186,1.49002772782773,0.101,0.033,1.9976621910898e-181,"AT1","ZNF714",0.150492800510601
"PLAAT3",1.43939002238054e-182,1.60768740781165,0.103,0.034,4.25123843110092e-178,"AT1","PLAAT3",0.1655918030046
"HSDL2",7.00292981971979e-181,1.03793123043646,0.206,0.097,2.06831532225424e-176,"AT1","HSDL2",0.21381383346991
"MED4",1.30833214705934e-176,1.13529079570843,0.162,0.069,3.86415899633975e-172,"AT1","MED4",0.183917108904766
"MPZL3",7.99061800657022e-173,1.10528413852818,0.109,0.038,2.36002902824051e-168,"AT1","MPZL3",0.120475971099571
"ZC4H2",1.53052942015201e-168,1.26430532042025,0.114,0.042,4.52041864241897e-164,"AT1","ZC4H2",0.144130806527908
"ZNF4621",2.31288686777051e-168,1.12227029334711,0.154,0.066,6.83111136396022e-164,"AT1","ZNF462",0.172829625175455
"MALRD11",1.25375344959287e-166,1.29858877015433,0.128,0.05,3.70296081337255e-162,"AT1","MALRD1",0.166219362579754
"ULK2",9.03460231143491e-166,1.24571351594043,0.141,0.059,2.6683697926823e-161,"AT1","ULK2",0.175645605747601
"FLVCR21",1.29471461836112e-165,1.04817614351457,0.174,0.079,3.82393962532957e-161,"AT1","FLVCR2",0.182382648971535
"C9orf147",5.71443989054837e-165,1.30707874016216,0.122,0.047,1.68775982167346e-160,"AT1","C9orf147",0.159463606299784
"PPP2R3A1",4.72436443547983e-164,1.04060908954157,0.181,0.085,1.39534103601897e-159,"AT1","PPP2R3A",0.188350245207024
"FRMD5",5.39680309739732e-164,1.39200298899315,0.105,0.037,1.5939457948163e-159,"AT1","FRMD5",0.14616031384428
"ASAP31",3.98229336023256e-163,1.46340591752434,0.105,0.038,1.17617034394469e-158,"AT1","ASAP3",0.153657621340056
"RPA3",2.0822651191686e-162,1.17112870422775,0.152,0.066,6.14997002946446e-158,"AT1","RPA3",0.178011563042617
"ATP1A1-AS1",3.60277447235739e-161,1.22897874780893,0.123,0.048,1.06407944041075e-156,"AT1","ATP1A1-AS1",0.151164385980498
"CLIC2",3.9736844417796e-159,1.39273557228052,0.118,0.045,1.17362769987961e-154,"AT1","CLIC2",0.164342797529101
"ORMDL11",3.24714167027607e-157,1.05846409276288,0.161,0.072,9.59043292316037e-153,"AT1","ORMDL1",0.170412718934823
"CRLS1",5.97453698372581e-156,1.25230913408222,0.149,0.065,1.76457949814342e-151,"AT1","CRLS1",0.186594060978251
"CCDC12",2.45459795550171e-155,1.11499989000745,0.141,0.06,7.2496550615743e-151,"AT1","CCDC12",0.15721498449105
"CYBRD11",9.13129296195496e-146,1.14137271159091,0.151,0.068,2.6969273763134e-141,"AT1","CYBRD1",0.172347279450227
"ATP9A1",1.01547313331724e-142,1.0710961664083,0.136,0.059,2.99919989925246e-138,"AT1","ATP9A",0.145669078631528
"FLCN",3.24690852582016e-141,1.1176601100575,0.13,0.055,9.58974433100986e-137,"AT1","FLCN",0.145295814307475
"TCP11L2",1.73152165602231e-138,1.09517008820548,0.107,0.042,5.1140492110619e-134,"AT1","TCP11L2",0.117183199437987
"SMAD7",6.45934017133288e-138,1.02585052193155,0.124,0.052,1.90776611960317e-133,"AT1","SMAD7",0.127205464719512
"DHCR24",4.34860010696115e-136,1.04726383884305,0.117,0.048,1.28435904159098e-131,"AT1","DHCR24",0.122529869144637
"TTC6",8.29344552453776e-135,1.01898229563589,0.116,0.048,2.44946913567223e-130,"AT1","TTC6",0.118201946293764
"ANKRD50",8.99172297854647e-134,1.28974207650496,0.116,0.048,2.6557053817137e-129,"AT1","ANKRD50",0.149610080874575
"ITPKC",2.48078055619073e-132,1.39528736588283,0.143,0.066,7.32698537270932e-128,"AT1","ITPKC",0.199526093321244
"PSMG4",2.88347450388028e-129,1.19040825732993,0.111,0.046,8.51634194721042e-125,"AT1","PSMG4",0.132135316563622
"OVOL2",3.49178847284658e-129,1.10699644593907,0.121,0.052,1.03129972545524e-124,"AT1","OVOL2",0.133946569958628
"STARD7",8.21395670786462e-129,1.21283043667046,0.123,0.053,2.42599211366781e-124,"AT1","STARD7",0.149178143710466
"HOOK2",3.69843287917651e-127,1.01532539461854,0.145,0.068,1.09233215086478e-122,"AT1","HOOK2",0.147222182219688
"INF2",4.9086481726585e-125,1.33838633871456,0.1,0.04,1.44976923779469e-120,"AT1","INF2",0.133838633871457
"CALCOCO1",2.06382504785424e-123,1.08625871481178,0.132,0.06,6.09550727883749e-119,"AT1","CALCOCO1",0.143386150355154
"TKT1",2.13833901743273e-123,1.01891666997731,0.146,0.069,6.31558428798758e-119,"AT1","TKT",0.148761833816688
"DNAAF4",1.34589893787617e-119,1.21168463441882,0.109,0.047,3.97511251301727e-115,"AT1","DNAAF4",0.132073625151651
"FIGN1",1.19695682918135e-117,1.05649537276321,0.104,0.043,3.53521199498713e-113,"AT1","FIGN",0.109875518767374
"FBXL13",1.26832570152547e-116,1.06802919115941,0.118,0.052,3.74599995945547e-112,"AT1","FBXL13",0.126027444556811
"SELENOW",2.31677417918134e-109,1.15921009389846,0.108,0.047,6.84259253821209e-105,"AT1","SELENOW",0.125194690141034
"TNKS1BP11",1.0749723610773e-107,1.01524101073592,0.115,0.052,3.17493086844181e-103,"AT1","TNKS1BP1",0.116752716234631
"PER3",1.57591180112677e-107,1.10911771798179,0.115,0.052,4.65445550462792e-103,"AT1","PER3",0.127548537567906
"CCDC191",8.42979060030763e-106,1.04814839276216,0.102,0.044,2.48973865380086e-101,"AT1","CCDC191",0.106911136061741
"CCNYL1",5.01150401522444e-105,1.01273898859649,0.13,0.062,1.48014771089654e-100,"AT1","CCNYL1",0.131656068517543
"RHOBTB1",1.97202568877888e-104,1.07879022064919,0.106,0.047,5.82437787180841e-100,"AT1","RHOBTB1",0.114351763388814
"CORO2A",1.03950137377417e-103,1.05063821617743,0.115,0.053,3.070167307442e-99,"AT1","CORO2A",0.120823394860405
"KANK21",1.06898113695843e-103,1.08496571727328,0.105,0.047,3.15723578800674e-99,"AT1","KANK2",0.113921400313694
"MORC41",6.31577079617137e-101,1.0845507143797,0.105,0.047,1.86536290464921e-96,"AT1","MORC4",0.113877825009869
"ERCC1",2.28606335651506e-92,1.06252538425567,0.109,0.051,6.75188812346723e-88,"AT1","ERCC1",0.115815266883869
"SFTPB1",0,4.51988438510975,0.981,0.073,0,"AT2","SFTPB",4.43400658179267
"ROS1",0,6.24236609690212,0.793,0.015,0,"AT2","ROS1",4.95019631484338
"ZNF385B",0,5.96851004635891,0.805,0.043,0,"AT2","ZNF385B",4.80465058731892
"LRRK2",0,5.27901594905098,0.849,0.095,0,"AT2","LRRK2",4.48188454074428
"MACROD2",0,4.0088763291899,0.833,0.116,0,"AT2","MACROD2",3.33939398221519
"MECOM1",0,2.91229023569648,0.873,0.164,0,"AT2","MECOM",2.54242937576303
"ANK31",0,3.12562637127705,0.872,0.173,0,"AT2","ANK3",2.72554619575359
"ERBB4",0,4.5916460293763,0.705,0.05,0,"AT2","ERBB4",3.23711045071029
"ABCA3",0,6.34524354558898,0.668,0.018,0,"AT2","ABCA3",4.23862268845344
"ACOXL",0,4.75510341084688,0.679,0.033,0,"AT2","ACOXL",3.22871521596503
"SNX251",0,3.56332956696884,0.733,0.126,0,"AT2","SNX25",2.61192057258816
"PDE4D",0,3.18643260600514,0.901,0.297,0,"AT2","PDE4D",2.87097577801063
"TMEM163",0,4.43082121781774,0.648,0.044,0,"AT2","TMEM163",2.8711721491459
"MAST4",0,2.65786770976837,0.777,0.181,0,"AT2","MAST4",2.06516321049003
"NEDD4L1",0,1.97645951414293,0.766,0.176,0,"AT2","NEDD4L",1.51396798783349
"DLG21",0,2.61224938060218,0.745,0.164,0,"AT2","DLG2",1.94612578854862
"SFTA31",0,3.76991976488694,0.635,0.056,0,"AT2","SFTA3",2.39389905070321
"AFF3",0,2.76208774770983,0.631,0.063,0,"AT2","AFF3",1.74287736880491
"MTUS1",0,3.01349810739584,0.689,0.123,0,"AT2","MTUS1",2.07630019599574
"LIMCH12",0,1.31794319257425,0.761,0.198,0,"AT2","LIMCH1",1.00295476954901
"TTN",0,3.72055431818334,0.611,0.073,0,"AT2","TTN",2.27325868841002
"PTPN13",0,3.47490767053813,0.62,0.085,0,"AT2","PTPN13",2.15444275573364
"ATP11A1",0,2.30669911054516,0.763,0.24,0,"AT2","ATP11A",1.76001142134596
"AUTS21",0,2.18393589948614,0.742,0.224,0,"AT2","AUTS2",1.62048043741872
"PTPRK1",0,2.24335007005824,0.698,0.182,0,"AT2","PTPRK",1.56585834890065
"TACC21",0,3.18183667244713,0.591,0.084,0,"AT2","TACC2",1.88046547341625
"PTPRG1",0,1.60385744323457,0.744,0.238,0,"AT2","PTPRG",1.19326993776652
"RBPMS2",0,2.22373617048043,0.693,0.192,0,"AT2","RBPMS",1.54104916614294
"MAGI31",0,1.89867336579519,0.672,0.172,0,"AT2","MAGI3",1.27590850181437
"SFTPC",0,7.9279257228536,0.505,0.007,0,"AT2","SFTPC",4.00360249004107
"SOX51",0,2.17864053490764,0.696,0.199,0,"AT2","SOX5",1.51633381229572
"TANC21",0,2.31425605216277,0.733,0.238,0,"AT2","TANC2",1.69634968623531
"AGBL1",0,9.04805412021893,0.494,0.003,0,"AT2","AGBL1",4.46973873538815
"SLC34A2",0,4.58395940510779,0.516,0.028,0,"AT2","SLC34A2",2.36532305303562
"SHROOM31",0,2.3915662938746,0.588,0.103,0,"AT2","SHROOM3",1.40624098079827
"UNC13B1",0,2.65439935277956,0.608,0.123,0,"AT2","UNC13B",1.61387480648997
"CADM11",0,2.07851020121578,0.594,0.111,0,"AT2","CADM1",1.23463505952218
"MAGI11",0,1.16103635921107,0.697,0.216,0,"AT2","MAGI1",0.809242342370112
"ADGRF51",0,3.03753448780731,0.545,0.066,0,"AT2","ADGRF5",1.65545629585498
"CCDC141",0,5.1079096118075,0.491,0.018,0,"AT2","CCDC141",2.50798361939748
"MAPK101",0,2.30081180229448,0.579,0.106,0,"AT2","MAPK10",1.33217003352851
"ADGRV11",0,3.37135224583884,0.529,0.057,0,"AT2","ADGRV1",1.78344533804875
"EFNA5",0,2.47131369710542,0.57,0.098,0,"AT2","EFNA5",1.40864880735009
"LMO31",0,3.39645211153885,0.528,0.057,0,"AT2","LMO3",1.79332671489251
"PEBP41",0,4.38086534194113,0.493,0.029,0,"AT2","PEBP4",2.15976661357698
"PPP1R9A1",0,2.83036946810205,0.54,0.081,0,"AT2","PPP1R9A",1.52839951277511
"MLPH",0,3.16609689952224,0.522,0.064,0,"AT2","MLPH",1.65270258155061
"PHACTR11",0,1.9481022692106,0.616,0.163,0,"AT2","PHACTR1",1.20003099783373
"LMO71",0,1.19800237226446,0.603,0.15,0,"AT2","LMO7",0.722395430475468
"NEBL2",0,1.20476527150038,0.64,0.189,0,"AT2","NEBL",0.771049773760246
"MYO61",0,2.23424370933052,0.595,0.146,0,"AT2","MYO6",1.32937500705166
"EPS8",0,2.33485227690303,0.582,0.137,0,"AT2","EPS8",1.35888402515756
"PATJ2",0,1.58493950124208,0.592,0.149,0,"AT2","PATJ",0.938284184735312
"PARD32",0,1.34176072596698,0.705,0.262,0,"AT2","PARD3",0.94594131180672
"DLC12",0,1.79122595338312,0.629,0.191,0,"AT2","DLC1",1.12668112467798
"CADPS21",0,1.89941108410378,0.602,0.168,0,"AT2","CADPS2",1.14344547263048
"NAPSA",0,5.90497483742621,0.442,0.011,0,"AT2","NAPSA",2.60999887814239
"PIP5K1B1",0,2.71110724004396,0.515,0.086,0,"AT2","PIP5K1B",1.39622022862264
"BTBD91",0,1.85967603854865,0.784,0.356,0,"AT2","BTBD9",1.45798601422215
"NTN41",0,3.76430361200179,0.471,0.043,0,"AT2","NTN4",1.77298700125284
"RAPGEF5",0,1.98594965536454,0.53,0.106,0,"AT2","RAPGEF5",1.05255331734321
"PID11",0,2.17070047044625,0.515,0.095,0,"AT2","PID1",1.11791074227982
"P3H21",0,4.29423054466898,0.453,0.034,0,"AT2","P3H2",1.94528643673505
"TOX1",0,1.99858462977766,0.516,0.097,0,"AT2","TOX",1.03126966896527
"ATP13A41",0,2.34209341036207,0.496,0.077,0,"AT2","ATP13A4",1.16167833153959
"ADK1",0,1.56860047665111,0.731,0.314,0,"AT2","ADK",1.14664694843196
"C8orf34",0,3.48172371121773,0.449,0.035,0,"AT2","C8orf34",1.56329394633676
"CEP701",0,3.54465064752298,0.466,0.053,0,"AT2","CEP70",1.65180720174571
"MUC11",0,3.81572686499726,0.446,0.034,0,"AT2","MUC1",1.70181418178878
"MICAL21",0,2.43145344522906,0.531,0.119,0,"AT2","MICAL2",1.29110177941663
"SYNE11",0,1.74808838591664,0.703,0.291,0,"AT2","SYNE1",1.22890613529939
"DANT21",0,2.39022275542792,0.5,0.09,0,"AT2","DANT2",1.19511137771396
"ARHGEF38",0,3.89555206529864,0.443,0.034,0,"AT2","ARHGEF38",1.7257295649273
"SLC22A3",0,4.79679532559045,0.422,0.016,0,"AT2","SLC22A3",2.02424762739917
"ALPL",0,5.55018072105025,0.417,0.012,0,"AT2","ALPL",2.31442536067795
"CTSH",0,3.81819596427062,0.447,0.044,0,"AT2","CTSH",1.70673359602897
"MGST11",0,2.65444887997805,0.486,0.084,0,"AT2","MGST1",1.29006215566933
"ACACA1",0,2.27588172872131,0.531,0.135,0,"AT2","ACACA",1.20849319795101
"GPC51",0,2.19001346980344,0.464,0.069,0,"AT2","GPC5",1.01616624998879
"KANK11",0,2.7716314123326,0.472,0.082,0,"AT2","KANK1",1.30821002662099
"LHFPL3",0,7.99417305673473,0.393,0.004,0,"AT2","LHFPL3",3.14171001129675
"FOXP21",0,2.33563581133064,0.477,0.088,0,"AT2","FOXP2",1.11409828200472
"LPCAT11",0,3.03319161909388,0.451,0.064,0,"AT2","LPCAT1",1.36796942021134
"ARFGEF3",0,3.94084944590056,0.423,0.036,0,"AT2","ARFGEF3",1.66697931561594
"PARM1",0,4.69404822812923,0.405,0.019,0,"AT2","PARM1",1.90108953239234
"WSB11",0,1.58815949147509,0.728,0.352,0,"AT2","WSB1",1.15618010979387
"PLCH1",0,3.38470919473104,0.408,0.037,0,"AT2","PLCH1",1.38096135145027
"SFTPA1",0,6.03485024126625,0.376,0.008,0,"AT2","SFTPA1",2.26910369071611
"DUOX11",0,3.03978113159301,0.426,0.059,0,"AT2","DUOX1",1.29494676205862
"GPHN",0,1.49192687972185,0.65,0.285,0,"AT2","GPHN",0.9697524718192
"SHANK21",0,1.89378603169114,0.456,0.091,0,"AT2","SHANK2",0.86356643045116
"FAM184A1",0,3.47205930312263,0.406,0.042,0,"AT2","FAM184A",1.40965607706779
"STOX21",0,1.95740886010204,0.452,0.088,0,"AT2","STOX2",0.884748804766124
"LAMP3",0,6.59128055827848,0.366,0.004,0,"AT2","LAMP3",2.41240868432992
"ATP8A12",0,1.60716540637566,0.5,0.138,0,"AT2","ATP8A1",0.803582703187828
"CCSER11",0,1.62430453824608,0.459,0.097,0,"AT2","CCSER1",0.74555578305495
"NR3C21",0,1.87895729020475,0.482,0.121,0,"AT2","NR3C2",0.905657413878688
"SNX30",0,2.73894515141135,0.454,0.093,0,"AT2","SNX30",1.24348109874075
"YAP12",0,1.57297601767407,0.531,0.17,0,"AT2","YAP1",0.835250265384932
"FRMD4B1",0,1.41733327345298,0.587,0.229,0,"AT2","FRMD4B",0.8319746315169
"DOCK91",0,1.10406626367519,0.5,0.144,0,"AT2","DOCK9",0.552033131837597
"DRAM1",0,2.26875623854881,0.467,0.117,0,"AT2","DRAM1",1.05950916340229
"ITGB61",0,3.71613649181555,0.38,0.031,0,"AT2","ITGB6",1.41213186688991
"LDLR1",0,2.57346141886142,0.422,0.073,0,"AT2","LDLR",1.08600071875952
"HOPX1",0,3.28591508970488,0.387,0.039,0,"AT2","HOPX",1.27164913971579
"CAPN81",0,3.27382470945091,0.38,0.033,0,"AT2","CAPN8",1.24405338959135
"SFTPA2",0,5.94737392816768,0.354,0.009,0,"AT2","SFTPA2",2.10537037057136
"TMC51",0,2.23467230838211,0.414,0.074,0,"AT2","TMC5",0.925154335670193
"SAMD121",0,1.2566190149093,0.492,0.153,0,"AT2","SAMD12",0.618256555335375
"KCNQ31",0,3.49012163074331,0.37,0.031,0,"AT2","KCNQ3",1.29134500337502
"NBEAL12",0,1.44846471123556,0.566,0.228,0,"AT2","NBEAL1",0.819831026559329
"C1orf211",0,1.65781439127259,0.477,0.14,0,"AT2","C1orf21",0.790777464637027
"RANBP171",0,1.96999695185779,0.423,0.086,0,"AT2","RANBP17",0.833308710635847
"COBLL11",0,1.69470198129337,0.46,0.124,0,"AT2","COBLL1",0.77956291139495
"SLC4A4",0,2.85202926578449,0.379,0.043,0,"AT2","SLC4A4",1.08091909173232
"SGMS21",0,3.49808555910112,0.419,0.083,0,"AT2","SGMS2",1.46569784926337
"RNF145",0,1.46922425706463,0.552,0.217,0,"AT2","RNF145",0.811011789899676
"DLGAP1",0,3.46578794345798,0.385,0.05,0,"AT2","DLGAP1",1.33432835823132
"ASPH1",0,1.33137213672875,0.567,0.232,0,"AT2","ASPH",0.754888001525204
"MPP72",0,2.11409692050266,0.408,0.075,0,"AT2","MPP7",0.862551543565087
"WWC11",0,2.73048665552537,0.393,0.061,0,"AT2","WWC1",1.07308125562147
"CSF3R1",0,2.93365354278398,0.381,0.05,0,"AT2","CSF3R",1.1177219998007
"PCAT12",0,2.32183443699266,0.394,0.064,0,"AT2","PCAT1",0.914802768175108
"LANCL1-AS1",0,4.71235849116304,0.352,0.022,0,"AT2","LANCL1-AS1",1.65875018888939
"KCNJ15",0,4.60492572642543,0.347,0.017,0,"AT2","KCNJ15",1.59790922706962
"NPNT2",0,1.9467041398098,0.424,0.095,0,"AT2","NPNT",0.825402555279356
"TCF7L11",0,2.58822430440157,0.407,0.079,0,"AT2","TCF7L1",1.05340729189144
"WIF1",0,7.25730743098377,0.329,0.004,0,"AT2","WIF1",2.38765414479366
"VEPH11",0,3.76732128074889,0.355,0.032,0,"AT2","VEPH1",1.33739905466585
"MBIP1",0,3.34063342759879,0.366,0.044,0,"AT2","MBIP",1.22267183450116
"FAM20A2",0,2.20536210508239,0.426,0.104,0,"AT2","FAM20A",0.939484256765097
"GAREM1",0,3.20318975025103,0.37,0.05,0,"AT2","GAREM1",1.18518020759288
"C4orf19",0,3.66170286207906,0.349,0.03,0,"AT2","C4orf19",1.27793429886559
"MAP3K131",0,2.30473168577889,0.404,0.088,0,"AT2","MAP3K13",0.931111601054672
"PTPRD1",0,2.3059344063347,0.396,0.083,0,"AT2","PTPRD",0.913150024908539
"RPS6KA2",0,1.31531259980029,0.504,0.192,0,"AT2","RPS6KA2",0.662917550299348
"SCN1A",0,7.56151411407329,0.311,0.002,0,"AT2","SCN1A",2.35163088947679
"ATP1A11",0,2.20205461665219,0.406,0.098,0,"AT2","ATP1A1",0.894034174360789
"PAM2",0,1.04034602846461,0.562,0.254,0,"AT2","PAM",0.584674467997112
"SECISBP2L",0,2.20966102245236,0.448,0.14,0,"AT2","SECISBP2L",0.98992813805866
"RAI141",0,1.53739750735304,0.425,0.118,0,"AT2","RAI14",0.653393940625042
"CPM2",0,1.40255080588191,0.475,0.168,0,"AT2","CPM",0.666211632793906
"MET",0,2.99532946882601,0.341,0.035,0,"AT2","MET",1.02140734886967
"TMEM87A1",0,1.64373433442589,0.467,0.161,0,"AT2","TMEM87A",0.76762393417689
"FAM160A11",0,2.47167473637568,0.366,0.06,0,"AT2","FAM160A1",0.904632953513499
"SLC39A81",0,1.89448543484793,0.39,0.088,0,"AT2","SLC39A8",0.738849319590692
"TMEM164",0,2.48608402301106,0.402,0.1,0,"AT2","TMEM164",0.999405777250446
"NR6A11",0,1.93010425825066,0.402,0.101,0,"AT2","NR6A1",0.775901911816767
"MYO1B2",0,1.6074321850692,0.429,0.128,0,"AT2","MYO1B",0.689588407394686
"GPRC5A1",0,1.66040394637423,0.385,0.086,0,"AT2","GPRC5A",0.639255519354078
"LRP2",0,6.80376501464807,0.303,0.004,0,"AT2","LRP2",2.06154079943837
"LRP2BP1",0,4.19368400077076,0.324,0.025,0,"AT2","LRP2BP",1.35875361624973
"STEAP4",0,4.9813508192864,0.315,0.016,0,"AT2","STEAP4",1.56912550807522
"SGPP2",0,3.72543923772493,0.333,0.035,0,"AT2","SGPP2",1.2405712661624
"AHCYL21",0,1.62214135565095,0.45,0.152,0,"AT2","AHCYL2",0.729963610042926
"CACHD1",0,2.74867390659011,0.353,0.056,0,"AT2","CACHD1",0.970281889026307
"OSMR2",0,1.67585136694589,0.422,0.125,0,"AT2","OSMR",0.707209276851164
"SLC22A231",0,1.97845808030805,0.397,0.101,0,"AT2","SLC22A23",0.785447857882298
"MCU1",0,1.4007549170122,0.492,0.198,0,"AT2","MCU",0.689171419170003
"TNIK1",0,1.05551693190077,0.517,0.225,0,"AT2","TNIK",0.5457022537927
"LARGE11",0,1.36226901543867,0.449,0.157,0,"AT2","LARGE1",0.611658787931962
"CACNA2D21",0,4.87949346254937,0.304,0.012,0,"AT2","CACNA2D2",1.48336601261501
"FREM2",0,5.70824734096663,0.3,0.008,0,"AT2","FREM2",1.71247420228999
"SPIRE11",0,1.83465674345959,0.445,0.154,0,"AT2","SPIRE1",0.816422250839516
"SH3RF11",0,1.61694279648443,0.417,0.126,0,"AT2","SH3RF1",0.674265146134006
"CAMK1D1",0,1.58026991779572,0.539,0.249,0,"AT2","CAMK1D",0.851765485691895
"GLIS31",0,1.18996879692719,0.459,0.17,0,"AT2","GLIS3",0.546195677789578
"USP541",0,2.02143270427412,0.382,0.093,0,"AT2","USP54",0.772187293032715
"SORBS21",0,2.29953744097517,0.349,0.06,0,"AT2","SORBS2",0.802538566900335
"MYO5C1",0,2.22281869947733,0.355,0.066,0,"AT2","MYO5C",0.789100638314454
"ALOX15B",0,4.54141690144232,0.303,0.015,0,"AT2","ALOX15B",1.37604932113702
"MAP71",0,2.70435227580744,0.338,0.051,0,"AT2","MAP7",0.914071069222915
"KIAA1324L1",0,2.93058173325596,0.33,0.043,0,"AT2","KIAA1324L",0.967091971974467
"PDZD21",0,1.71176352889568,0.366,0.08,0,"AT2","PDZD2",0.62650545157582
"EGFR2",0,1.24609102832558,0.427,0.142,0,"AT2","EGFR",0.532080869095023
"NAALADL21",0,1.27500625609908,0.454,0.17,0,"AT2","NAALADL2",0.578852840268981
"RUFY3",0,1.5226273835053,0.469,0.187,0,"AT2","RUFY3",0.714112242863985
"NCOA71",0,1.4946902867613,0.458,0.178,0,"AT2","NCOA7",0.684568151336677
"LHFPL3-AS2",0,8.33419418186086,0.281,0.001,0,"AT2","LHFPL3-AS2",2.3419085651029
"THSD41",0,1.21567670513362,0.415,0.135,0,"AT2","THSD4",0.50450583263045
"ARHGAP441",0,2.15257340434064,0.348,0.068,0,"AT2","ARHGAP44",0.749095544710541
"CYB5A",0,2.65425164352811,0.334,0.055,0,"AT2","CYB5A",0.88652004893839
"C31",0,1.71486423308778,0.343,0.064,0,"AT2","C3",0.588198431949108
"TMPRSS21",0,3.05864968781607,0.314,0.035,0,"AT2","TMPRSS2",0.960416001974247
"PACSIN21",0,1.45346599444299,0.475,0.196,0,"AT2","PACSIN2",0.690396347360421
"NKX2-11",0,3.734393033841,0.299,0.022,0,"AT2","NKX2-1",1.11658351711846
"MYO9A1",0,1.09415966811183,0.522,0.247,0,"AT2","MYO9A",0.571151346754374
"MEGF92",0,1.93906645223066,0.396,0.122,0,"AT2","MEGF9",0.767870315083343
"COL8A12",0,1.34759444747957,0.4,0.127,0,"AT2","COL8A1",0.539037778991828
"C4BPA1",0,4.37176705646178,0.282,0.011,0,"AT2","C4BPA",1.23283830992222
"RHOBTB21",0,3.79694586704873,0.293,0.023,0,"AT2","RHOBTB2",1.11250513904528
"ANKRD28",0,1.45191405338449,0.495,0.227,0,"AT2","ANKRD28",0.718697456425324
"SDC41",0,2.6959329104706,0.324,0.057,0,"AT2","SDC4",0.873482262992475
"EZR1",0,1.29099640968173,0.457,0.191,0,"AT2","EZR",0.589985359224551
"PRKD11",0,1.28655665577597,0.388,0.123,0,"AT2","PRKD1",0.499183982441078
"PRKCZ1",0,1.94087529215681,0.336,0.072,0,"AT2","PRKCZ",0.652134098164687
"ABCC4",0,1.71780302529833,0.357,0.095,0,"AT2","ABCC4",0.613255680031505
"DNAH141",0,2.3705101725368,0.322,0.061,0,"AT2","DNAH14",0.763304275556849
"DAPK21",0,1.2307724038989,0.354,0.093,0,"AT2","DAPK2",0.435693430980211
"SPAG91",0,1.08737431890706,0.534,0.273,0,"AT2","SPAG9",0.580657886296371
"RASEF1",0,3.37790126496835,0.292,0.032,0,"AT2","RASEF",0.986347169370758
"PLEKHA71",0,2.18670159223183,0.326,0.066,0,"AT2","PLEKHA7",0.712864719067575
"TFPI1",0,1.27050406048738,0.412,0.154,0,"AT2","TFPI",0.523447672920802
"GANC1",0,2.06748964565538,0.352,0.094,0,"AT2","GANC",0.727756355270692
"RAB27A1",0,1.40757540839232,0.398,0.14,0,"AT2","RAB27A",0.560215012540144
"AKAP13",0,1.2837487234389,0.901,0.643,0,"AT2","AKAP13",1.15665759981845
"UST1",0,1.73286915573145,0.394,0.138,0,"AT2","UST",0.68275044735819
"ZDHHC211",0,1.42950693368791,0.411,0.155,0,"AT2","ZDHHC21",0.587527349745732
"ETV11",0,3.24416060386684,0.287,0.032,0,"AT2","ETV1",0.931074093309783
"MCCC1",0,2.28127556647399,0.329,0.075,0,"AT2","MCCC1",0.750539661369942
"TCIM",0,3.25190714037546,0.281,0.028,0,"AT2","TCIM",0.913785906445503
"LRRC36",0,5.71869524062745,0.26,0.007,0,"AT2","LRRC36",1.48686076256314
"MFSD2A",0,5.54290130189496,0.259,0.007,0,"AT2","MFSD2A",1.4356114371908
"TMEM2452",0,1.58571291484202,0.378,0.126,0,"AT2","TMEM245",0.599399481810285
"PPP1R13B1",0,1.81858312771795,0.335,0.084,0,"AT2","PPP1R13B",0.609225347785515
"CECR21",0,2.53803786567886,0.3,0.049,0,"AT2","CECR2",0.761411359703658
"SFTPD",0,5.40833896684712,0.256,0.007,0,"AT2","SFTPD",1.38453477551286
"SCN1A-AS11",0,3.39981937696215,0.274,0.026,0,"AT2","SCN1A-AS1",0.931550509287628
"BAIAP2L11",0,2.09689388806818,0.31,0.062,0,"AT2","BAIAP2L1",0.650037105301135
"TSPAN31",0,2.19470655540311,0.324,0.076,0,"AT2","TSPAN3",0.711084923950608
"DSTN1",0,1.68930401402928,0.353,0.106,0,"AT2","DSTN",0.596324316952338
"EPB41L51",0,1.10865175266798,0.346,0.102,0,"AT2","EPB41L5",0.383593506423122
"CEP1121",0,1.30352818432762,0.376,0.133,0,"AT2","CEP112",0.490126597307184
"GLS2",0,1.10924282982993,0.561,0.319,0,"AT2","GLS",0.62228522753459
"ACSS31",0,2.53868851081797,0.298,0.056,0,"AT2","ACSS3",0.756529176223756
"NPC12",0,1.41671662214424,0.403,0.162,0,"AT2","NPC1",0.570936798724128
"ACADL1",0,3.91459608132204,0.263,0.023,0,"AT2","ACADL",1.0295387693877
"FAM135A1",0,1.61858150523271,0.365,0.126,0,"AT2","FAM135A",0.590782249409938
"MYOF2",0,1.08489512951675,0.443,0.205,0,"AT2","MYOF",0.480608542375919
"DUOXA11",0,3.58773427050088,0.26,0.022,0,"AT2","DUOXA1",0.932810910330229
"ACSL41",0,1.53646182439784,0.437,0.2,0,"AT2","ACSL4",0.671433817261856
"CACNB4",0,3.1615978869848,0.27,0.034,0,"AT2","CACNB4",0.853631429485897
"NHSL12",0,1.14349878984405,0.401,0.165,0,"AT2","NHSL1",0.458543014727463
"CMTM81",0,1.69177157193695,0.301,0.065,0,"AT2","CMTM8",0.509223243153022
"ARHGAP322",0,1.43355442614106,0.367,0.131,0,"AT2","ARHGAP32",0.526114474393769
"L3MBTL41",0,1.08425126634123,0.404,0.171,0,"AT2","L3MBTL4",0.438037511601856
"FAM13A1",0,1.19609517640135,0.417,0.184,0,"AT2","FAM13A",0.498771688559361
"ACSS2",0,2.73891761261608,0.297,0.064,0,"AT2","ACSS2",0.813458530946976
"SCNN1A1",0,2.55537589721266,0.275,0.043,0,"AT2","SCNN1A",0.702728371733482
"ITPR31",0,1.94553813760329,0.296,0.065,0,"AT2","ITPR3",0.575879288730573
"LNX21",0,2.66349976604655,0.272,0.042,0,"AT2","LNX2",0.72447193636466
"WWC31",0,1.81539867101343,0.315,0.085,0,"AT2","WWC3",0.571850581369229
"FGFR21",0,3.00638867439347,0.262,0.033,0,"AT2","FGFR2",0.78767383269109
"NRXN3",0,1.75800985416623,0.293,0.064,0,"AT2","NRXN3",0.515096887270705
"CD46",0,1.33225851901977,0.39,0.162,0,"AT2","CD46",0.519580822417711
"PGC",0,8.13382671386963,0.229,0.001,0,"AT2","PGC",1.86264631747615
"PCDH9",0,3.34665973182272,0.255,0.027,0,"AT2","PCDH9",0.853398231614794
"OPHN11",0,1.41154686855178,0.352,0.125,0,"AT2","OPHN1",0.496864497730227
"CDH12",0,2.07796147660648,0.28,0.054,0,"AT2","CDH1",0.581829213449814
"RMST",0,6.65213954102491,0.229,0.004,0,"AT2","RMST",1.5233399548947
"TFCP2L1",0,3.44550474170051,0.25,0.026,0,"AT2","TFCP2L1",0.861376185425129
"TOP1",0,1.13207232831246,0.501,0.277,0,"AT2","TOP1",0.567168236484542
"FASN",0,5.1726245730578,0.229,0.008,0,"AT2","FASN",1.18453102723024
"DMBT1",0,5.43484703083059,0.226,0.006,0,"AT2","DMBT1",1.22827542896771
"TMTC21",0,1.13292003592424,0.428,0.208,0,"AT2","TMTC2",0.484889775375574
"ATP1B11",0,2.36615567488858,0.275,0.056,0,"AT2","ATP1B1",0.65069281059436
"ERRFI11",0,1.48996451331843,0.315,0.098,0,"AT2","ERRFI1",0.469338821695306
"HMGCS1",0,3.04248655924392,0.256,0.04,0,"AT2","HMGCS1",0.778876559166442
"SPRY4-AS1",0,4.30191752060816,0.23,0.015,0,"AT2","SPRY4-AS1",0.989441029739877
"MAOA2",0,1.97868792825107,0.277,0.062,0,"AT2","MAOA",0.548096556125545
"DHCR241",0,3.26834106529352,0.242,0.027,0,"AT2","DHCR24",0.790938537801031
"SHC31",0,2.81714633459395,0.247,0.032,0,"AT2","SHC3",0.695835144644705
"ARRDC3",0,1.54266936633254,0.321,0.107,0,"AT2","ARRDC3",0.495196866592744
"GRHL21",0,2.22862806415225,0.258,0.045,0,"AT2","GRHL2",0.57498604055128
"SHROOM41",0,1.95055263387444,0.268,0.056,0,"AT2","SHROOM4",0.52274810587835
"IFT571",0,2.2175157330304,0.267,0.056,0,"AT2","IFT57",0.592076700719118
"C11orf491",0,1.15171714031031,0.352,0.142,0,"AT2","C11orf49",0.405404433389229
"KIDINS220",0,1.22447566365513,0.399,0.19,0,"AT2","KIDINS220",0.488565789798398
"ADGRD12",0,2.07561815121358,0.259,0.05,0,"AT2","ADGRD1",0.537585101164317
"SCTR",0,5.44861731949219,0.214,0.005,0,"AT2","SCTR",1.16600410637133
"TMEM41B1",0,1.57883169256612,0.301,0.092,0,"AT2","TMEM41B",0.475228339462403
"TC2N1",0,1.01786765245773,0.308,0.099,0,"AT2","TC2N",0.313503236956982
"SLC22A31",0,5.20698721907138,0.214,0.006,0,"AT2","SLC22A31",1.11429526488128
"THRB1",0,1.36717293492928,0.315,0.108,0,"AT2","THRB",0.430659474502724
"GPR391",0,1.93538660544316,0.262,0.057,0,"AT2","GPR39",0.507071290626107
"SPATA6L1",0,2.03872728519111,0.255,0.05,0,"AT2","SPATA6L",0.519875457723734
"ITGA31",0,1.883194281235,0.263,0.058,0,"AT2","ITGA3",0.495280095964805
"PLXNA21",0,1.14223766511634,0.319,0.115,0,"AT2","PLXNA2",0.364373815172112
"PRDM161",0,2.31234677155968,0.246,0.042,0,"AT2","PRDM16",0.568837305803682
"F31",0,3.01492050193219,0.231,0.028,0,"AT2","F3",0.696446635946337
"SLC9C11",0,1.99631117188109,0.252,0.049,0,"AT2","SLC9C1",0.503070415314034
"COBL1",0,1.33888889204157,0.281,0.078,0,"AT2","COBL",0.376227778663681
"AASS1",0,2.20872606536043,0.261,0.059,0,"AT2","AASS",0.576477503059073
"BMP1",0,4.08863982995579,0.227,0.025,0,"AT2","BMP1",0.928121241399965
"TTC61",0,2.74770449897569,0.231,0.029,0,"AT2","TTC6",0.634719739263385
"AGR31",0,3.25002178732031,0.226,0.026,0,"AT2","AGR3",0.73450492393439
"KANSL1L1",0,1.07496060907105,0.369,0.17,0,"AT2","KANSL1L",0.396660464747218
"ATP2C21",0,2.74884375395995,0.229,0.032,0,"AT2","ATP2C2",0.629485219656828
"PTPN41",0,1.01258394538647,0.327,0.131,0,"AT2","PTPN4",0.331114950141375
"KIAA19581",0,2.02549549234197,0.261,0.065,0,"AT2","KIAA1958",0.528654323501254
"FNBP1L1",0,1.2374006662296,0.29,0.094,0,"AT2","FNBP1L",0.358846193206584
"KCNK1",0,3.39464792792799,0.217,0.022,0,"AT2","KCNK1",0.736638600360373
"STXBP11",0,2.41729397848658,0.241,0.046,0,"AT2","STXBP1",0.582567848815266
"GCNT21",0,1.40662461882066,0.288,0.093,0,"AT2","GCNT2",0.405107890220351
"LRP62",0,1.78033124223757,0.26,0.066,0,"AT2","LRP6",0.462886122981768
"TAPT11",0,1.61356327855719,0.282,0.088,0,"AT2","TAPT1",0.455024844553127
"CHKA2",0,1.21357965748859,0.308,0.115,0,"AT2","CHKA",0.373782534506487
"ENOSF1",0,1.25806387828702,0.316,0.123,0,"AT2","ENOSF1",0.397548185538698
"ICAM11",0,2.06056477860607,0.253,0.06,0,"AT2","ICAM1",0.521322888987335
"ZNRF3",0,2.69266219495036,0.226,0.033,0,"AT2","ZNRF3",0.608541656058782
"SCAI1",0,1.20012889629421,0.297,0.105,0,"AT2","SCAI",0.35643828219938
"PRTG",0,4.02086582260326,0.203,0.012,0,"AT2","PRTG",0.816235761988462
"MYH141",0,1.6430192334709,0.249,0.058,0,"AT2","MYH14",0.409111789134255
"REV1",0,1.02419864915543,0.346,0.155,0,"AT2","REV1",0.354372732607779
"PTGFR",0,4.73525122140598,0.199,0.009,0,"AT2","PTGFR",0.94231499305979
"RCAN2",0,2.75090801726786,0.223,0.033,0,"AT2","RCAN2",0.613452487850733
"RASGRF1",0,6.0817726631719,0.193,0.003,0,"AT2","RASGRF1",1.17378212399218
"NIBAN21",0,1.61220750845033,0.276,0.087,0,"AT2","NIBAN2",0.44496927233229
"B4GALNT31",0,2.74546392135275,0.219,0.03,0,"AT2","B4GALNT3",0.601256598776253
"CGNL11",0,1.72538090259921,0.249,0.06,0,"AT2","CGNL1",0.429619844747204
"SPRED21",0,1.36819893858364,0.292,0.104,0,"AT2","SPRED2",0.399514090066423
"DCBLD22",0,2.15882894061811,0.243,0.055,0,"AT2","DCBLD2",0.5245954325702
"PON21",0,1.81472012994379,0.252,0.064,0,"AT2","PON2",0.457309472745834
"ST52",0,1.36666915169353,0.282,0.094,0,"AT2","ST5",0.385400700777576
"ST3GAL51",0,1.54313577456951,0.274,0.087,0,"AT2","ST3GAL5",0.422819202232047
"TMEM243",0,2.21032544743727,0.233,0.046,0,"AT2","TMEM243",0.515005829252885
"PPP4R11",0,1.09669118747927,0.334,0.149,0,"AT2","PPP4R1",0.366294856618077
"CDKL2",0,4.55165273724132,0.194,0.009,0,"AT2","CDKL2",0.883020631024816
"FAAH21",0,1.47440684021116,0.248,0.063,0,"AT2","FAAH2",0.365652896372368
"PPP2R3A2",0,1.78118349161888,0.253,0.069,0,"AT2","PPP2R3A",0.450639423379576
"CFTR",0,3.49668433368216,0.199,0.015,0,"AT2","CFTR",0.69584018240275
"HSD17B41",0,1.02955705369436,0.329,0.146,0,"AT2","HSD17B4",0.338724270665444
"USP13",0,2.35614032882235,0.229,0.046,0,"AT2","USP13",0.539556135300319
"NUP582",0,1.44503251507013,0.289,0.106,0,"AT2","NUP58",0.417614396855268
"NR1H21",0,2.80871296087734,0.214,0.031,0,"AT2","NR1H2",0.601064573627751
"ABCD31",0,1.45055707975844,0.272,0.09,0,"AT2","ABCD3",0.394551525694295
"C8orf34-AS1",0,4.86829138521112,0.189,0.007,0,"AT2","C8orf34-AS1",0.920107071804903
"CDKL51",0,1.68482362306006,0.255,0.074,0,"AT2","CDKL5",0.429630023880316
"FILIP12",0,1.43143027062762,0.256,0.076,0,"AT2","FILIP1",0.366446149280671
"LRIG12",0,1.22654810003828,0.27,0.091,0,"AT2","LRIG1",0.331167987010336
"MSMO1",0,3.10001224013989,0.205,0.027,0,"AT2","MSMO1",0.635502509228676
"MT-ND11",0,1.44215215175278,0.381,0.204,0,"AT2","MT-ND1",0.549459969817808
"SORCS21",0,2.53624726910844,0.212,0.035,0,"AT2","SORCS2",0.537684421050988
"HHIP",0,5.97152898412928,0.18,0.003,0,"AT2","HHIP",1.07487521714327
"PTPN31",0,2.44526537523676,0.211,0.035,0,"AT2","PTPN3",0.515950994174957
"EHF",0,2.55642173305821,0.201,0.026,0,"AT2","EHF",0.513840768344699
"SEMA4B",0,1.90948192744642,0.23,0.055,0,"AT2","SEMA4B",0.439180843312677
"ABHD21",0,1.05446641263084,0.337,0.163,0,"AT2","ABHD2",0.355355181056594
"PRKCI1",0,1.48397634039475,0.257,0.083,0,"AT2","PRKCI",0.381381919481451
"ABCC91",0,2.7577552066574,0.204,0.03,0,"AT2","ABCC9",0.56258206215811
"SLC7A2",0,3.99354583532222,0.189,0.016,0,"AT2","SLC7A2",0.754780162875899
"ARHGAP121",0,1.07300792966452,0.298,0.126,0,"AT2","ARHGAP12",0.319756363040026
"MGLL2",0,1.13722713532984,0.279,0.108,0,"AT2","MGLL",0.317286370757024
"GSPT1",0,1.20495921562676,0.288,0.117,0,"AT2","GSPT1",0.347028254100507
"CXCL2",0,2.89364572114801,0.2,0.03,0,"AT2","CXCL2",0.578729144229603
"NFKBIA",0,1.40652730948614,0.269,0.099,0,"AT2","NFKBIA",0.378355846251772
"SDR16C5",0,5.06213857646781,0.176,0.006,0,"AT2","SDR16C5",0.890936389458335
"FMO5",0,3.05182890365623,0.201,0.032,0,"AT2","FMO5",0.613417609634903
"ELF31",0,1.93341145594591,0.213,0.044,0,"AT2","ELF3",0.411816640116479
"DESI21",0,1.64794460780418,0.244,0.075,0,"AT2","DESI2",0.40209848430422
"KRT71",0,2.33643292999072,0.211,0.042,0,"AT2","KRT7",0.492987348228042
"ETV5",0,3.76309788024095,0.187,0.019,0,"AT2","ETV5",0.703699303605059
"CAPN31",0,2.17437332521356,0.217,0.049,0,"AT2","CAPN3",0.471839011571343
"MAL21",0,2.62196205828661,0.193,0.026,0,"AT2","MAL2",0.506038677249316
"MALRD12",0,2.37137856307012,0.203,0.036,0,"AT2","MALRD1",0.481389848303235
"TBC1D42",0,1.63805148549942,0.255,0.088,0,"AT2","TBC1D4",0.417703128802351
"RPH3AL1",0,1.88426912196649,0.22,0.053,0,"AT2","RPH3AL",0.414539206832629
"EXPH51",0,2.05498876839864,0.212,0.045,0,"AT2","EXPH5",0.435657618900513
"CASZ11",0,1.65401179538776,0.221,0.055,0,"AT2","CASZ1",0.365536606780694
"DPP4",0,2.11548946573295,0.193,0.029,0,"AT2","DPP4",0.40828946688646
"ARMC91",0,1.62709951906511,0.232,0.068,0,"AT2","ARMC9",0.377487088423105
"HMGN31",0,1.33792551677569,0.258,0.094,0,"AT2","HMGN3",0.345184783328128
"DDAH12",0,1.21606439820319,0.247,0.084,0,"AT2","DDAH1",0.300367906356188
"SLC26A9",0,4.84516254557494,0.167,0.005,0,"AT2","SLC26A9",0.809142145111015
"DUSP6",0,2.86644703448542,0.195,0.033,0,"AT2","DUSP6",0.558957171724657
"CHP11",0,2.10552639017472,0.215,0.054,0,"AT2","CHP1",0.452688173887565
"ESYT31",0,3.58496516736085,0.175,0.014,0,"AT2","ESYT3",0.627368904288149
"LLGL21",0,1.28374216202248,0.23,0.071,0,"AT2","LLGL2",0.29526069726517
"TIPARP1",0,1.75923702828167,0.221,0.063,0,"AT2","TIPARP",0.388791383250248
"DNAH5",0,1.22545081774811,0.198,0.04,0,"AT2","DNAH5",0.242639261914127
"TMEM63B1",0,2.35683963707338,0.194,0.036,0,"AT2","TMEM63B",0.457226889592236
"PPP4R4",0,4.51918736495808,0.166,0.008,0,"AT2","PPP4R4",0.750185102583042
"LMNA2",0,1.12635905955534,0.288,0.13,0,"AT2","LMNA",0.324391409151937
"ACTR3C",0,2.40976053100726,0.189,0.032,0,"AT2","ACTR3C",0.455444740360371
"SLC20A21",0,1.08949872760173,0.273,0.119,0,"AT2","SLC20A2",0.297433152635271
"SELENBP1",0,3.7391940994925,0.167,0.013,0,"AT2","SELENBP1",0.624445414615248
"NLGN11",0,2.03876506708165,0.186,0.032,0,"AT2","NLGN1",0.379210302477187
"FDFT1",0,1.78339503026934,0.224,0.071,0,"AT2","FDFT1",0.399480486780332
"SLC2A131",0,1.04546913638223,0.262,0.109,0,"AT2","SLC2A13",0.273912913732143
"CD38",0,1.07659904222176,0.242,0.089,0,"AT2","CD38",0.260536968217667
"PCLO1",0,2.88400291346174,0.175,0.022,0,"AT2","PCLO",0.504700509855804
"PITPNM21",0,1.72439166937533,0.195,0.042,0,"AT2","PITPNM2",0.33625637552819
"MTRR",0,2.42810163043753,0.184,0.032,0,"AT2","MTRR",0.446770700000506
"ESRP11",0,2.48013863603019,0.181,0.029,0,"AT2","ESRP1",0.448905093121464
"HPN",0,4.4104732100849,0.159,0.007,0,"AT2","HPN",0.701265240403499
"MACC12",0,1.11746707250114,0.239,0.089,0,"AT2","MACC1",0.267074630327773
"TRMT112",0,1.0323560472054,0.258,0.109,0,"AT2","TRMT11",0.266347860178994
"PPP1R14C",0,2.96321254906766,0.171,0.022,0,"AT2","PPP1R14C",0.50670934589057
"MIPOL12",0,1.33535184725386,0.222,0.073,0,"AT2","MIPOL1",0.296448110090357
"TRIM2",0,1.62790204738192,0.205,0.056,0,"AT2","TRIM2",0.333719919713293
"GALNTL6",0,3.61733795400422,0.159,0.01,0,"AT2","GALNTL6",0.575156734686671
"GPC41",0,3.28538154002269,0.166,0.018,0,"AT2","GPC4",0.545373335643767
"PTCHD1-AS",0,4.44009865812486,0.154,0.006,0,"AT2","PTCHD1-AS",0.683775193351228
"SLC6A14",0,4.62764843497002,0.155,0.007,0,"AT2","SLC6A14",0.717285507420353
"AREG",0,2.27201804450253,0.174,0.027,0,"AT2","AREG",0.39533113974344
"GPRC5D-AS11",0,1.09510445269684,0.206,0.059,0,"AT2","GPRC5D-AS1",0.225591517255549
"ST3GAL61",0,1.40187966404046,0.22,0.074,0,"AT2","ST3GAL6",0.308413526088902
"FHDC1",0,3.93313794949448,0.156,0.01,0,"AT2","FHDC1",0.613569520121138
"KLF51",0,2.13106378323719,0.179,0.034,0,"AT2","KLF5",0.381460417199456
"NFIX2",0,1.16828107469251,0.23,0.086,0,"AT2","NFIX",0.268704647179277
"ATL2",0,1.07196530402736,0.249,0.106,0,"AT2","ATL2",0.266919360702814
"FAM174B1",0,1.52735526410014,0.209,0.066,0,"AT2","FAM174B",0.319217250196928
"CATSPERB",0,1.4806185403806,0.193,0.051,0,"AT2","CATSPERB",0.285759378293456
"DPY19L11",0,1.27045110713086,0.213,0.073,0,"AT2","DPY19L1",0.270606085818874
"COL4A51",0,1.4926932593201,0.2,0.06,0,"AT2","COL4A5",0.29853865186402
"SLC5A8",0,6.8951840057847,0.141,0.001,0,"AT2","SLC5A8",0.972220944815643
"ICA1",0,1.28119077955544,0.203,0.064,0,"AT2","ICA1",0.260081728249755
"HSDL21",0,1.24577464597727,0.227,0.088,0,"AT2","HSDL2",0.282790844636841
"BTD1",0,1.36026836140806,0.247,0.11,0,"AT2","BTD",0.335986285267792
"STK32A1",0,3.07741664591283,0.154,0.017,0,"AT2","STK32A",0.473922163470576
"SLC41A22",0,1.23693108055652,0.218,0.081,0,"AT2","SLC41A2",0.269650975561322
"PTPRF1",0,1.6321790163969,0.189,0.053,0,"AT2","PTPRF",0.308481834099014
"DNM32",0,1.20052215993037,0.213,0.078,0,"AT2","DNM3",0.255711220065169
"PFKFB2",0,3.12170110201055,0.153,0.018,0,"AT2","PFKFB2",0.477620268607614
"VKORC1L11",0,1.07138763956801,0.227,0.092,0,"AT2","VKORC1L1",0.243204994181939
"SOX61",0,1.33624298208869,0.185,0.05,0,"AT2","SOX6",0.247204951686408
"PLA2G4F",0,6.8263488940547,0.136,0.001,0,"AT2","PLA2G4F",0.92838344959144
"NR4A12",0,1.29811034569217,0.205,0.071,0,"AT2","NR4A1",0.266112620866895
"NECAB1",0,4.36322567433187,0.142,0.008,0,"AT2","NECAB1",0.619578045755125
"FDPS",0,1.64619859051877,0.193,0.06,0,"AT2","FDPS",0.317716327970122
"KLHL292",0,1.2607308356292,0.231,0.098,0,"AT2","KLHL29",0.291228823030346
"CNKSR31",0,1.29574092824717,0.202,0.069,0,"AT2","CNKSR3",0.261739667505929
"ITPKC1",0,1.77265916149574,0.188,0.055,0,"AT2","ITPKC",0.333259922361198
"MTHFD2L",0,2.06031653702692,0.171,0.039,0,"AT2","MTHFD2L",0.352314127831604
"FRMD51",0,2.37258574332916,0.158,0.026,0,"AT2","FRMD5",0.374868547446007
"RAB27B",0,1.8952282037165,0.158,0.026,0,"AT2","RAB27B",0.299446056187208
"LDHB",0,2.97425120850774,0.153,0.022,0,"AT2","LDHB",0.455060434901685
"NPC21",0,1.99114077519072,0.181,0.05,0,"AT2","NPC2",0.36039648030952
"CELSR11",0,1.14640577313321,0.202,0.071,0,"AT2","CELSR1",0.231573966172908
"NDNF1",0,2.25257930034417,0.162,0.032,0,"AT2","NDNF",0.364917846655755
"CCNJL",0,2.85662718812187,0.147,0.017,0,"AT2","CCNJL",0.419924196653915
"SMC5-AS11",0,1.80192479852464,0.173,0.043,0,"AT2","SMC5-AS1",0.311732990144763
"ARHGAP81",0,2.19250749593682,0.159,0.029,0,"AT2","ARHGAP8",0.348608691853954
"SLCO4C1",0,4.00914943300409,0.136,0.007,0,"AT2","SLCO4C1",0.545244322888557
"BCL2L141",0,1.8286216218699,0.172,0.043,0,"AT2","BCL2L14",0.314522918961623
"PARD6B1",0,2.16497319354239,0.159,0.03,0,"AT2","PARD6B",0.34423073777324
"IFT801",0,1.17161103358365,0.204,0.076,0,"AT2","IFT80",0.239008650851065
"ZDHHC9",0,2.47178693384419,0.155,0.027,0,"AT2","ZDHHC9",0.38312697474585
"ADAMTSL4-AS11",0,1.57347108192715,0.208,0.081,0,"AT2","ADAMTSL4-AS1",0.327281985040847
"OCLN1",0,2.02692639523964,0.158,0.031,0,"AT2","OCLN",0.320254370447864
"HOOK21",0,1.52743442662333,0.185,0.058,0,"AT2","HOOK2",0.282575368925316
"LONRF32",0,2.10068199995728,0.179,0.052,0,"AT2","LONRF3",0.376022077992354
"MALL",0,3.67989418202921,0.136,0.01,0,"AT2","MALL",0.500465608755973
"LIPH1",0,2.16909470457085,0.155,0.029,0,"AT2","LIPH",0.336209679208481
"KITLG1",0,1.39679075820674,0.18,0.054,0,"AT2","KITLG",0.251422336477213
"PDE4C",0,3.58877586113405,0.136,0.01,0,"AT2","PDE4C",0.48807351711423
"SCD1",0,2.08823104647,0.164,0.04,0,"AT2","SCD",0.34246989162108
"C3orf521",0,2.10464644630984,0.154,0.031,0,"AT2","C3orf52",0.324115552731716
"BZW2",0,2.06459492480404,0.163,0.04,0,"AT2","BZW2",0.336528972743059
"MYO5B1",0,1.06359012084811,0.187,0.064,0,"AT2","MYO5B",0.198891352598596
"NNMT1",0,1.23535872768999,0.189,0.068,0,"AT2","NNMT",0.233482799533408
"SYBU",0,2.68606302487603,0.142,0.022,0,"AT2","SYBU",0.381420949532396
"CMTM41",0,1.42196241322817,0.173,0.054,0,"AT2","CMTM4",0.245999497488473
"SLC35F3",0,3.61609467604561,0.127,0.009,0,"AT2","SLC35F3",0.459244023857792
"RAB3IP1",0,1.5176985964612,0.164,0.046,0,"AT2","RAB3IP",0.248902569819637
"ATP1A1-AS11",0,1.87271302070292,0.157,0.039,0,"AT2","ATP1A1-AS1",0.294015944250359
"HUNK",0,4.28904995088441,0.126,0.008,0,"AT2","HUNK",0.540420293811435
"NINL2",0,1.45561958478859,0.17,0.053,0,"AT2","NINL",0.24745532941406
"ANKS1B1",0,1.65721200133634,0.163,0.046,0,"AT2","ANKS1B",0.270125556217823
"SMARCA12",0,1.28284380393044,0.177,0.06,0,"AT2","SMARCA1",0.227063353295689
"SCN9A1",0,1.71287033251917,0.146,0.03,0,"AT2","SCN9A",0.250079068547799
"TKT2",0,1.46285743081712,0.177,0.061,0,"AT2","TKT",0.258925765254631
"FRK",0,2.11233765297695,0.147,0.031,0,"AT2","FRK",0.310513634987611
"KRT191",0,1.69800825621143,0.158,0.042,0,"AT2","KRT19",0.268285304481406
"EPB41L1",0,1.18665237444041,0.178,0.062,0,"AT2","EPB41L1",0.211224122650393
"SERPINA1",0,2.94970930331688,0.136,0.021,0,"AT2","SERPINA1",0.401160465251096
"SOBP1",0,1.75507880648551,0.155,0.04,0,"AT2","SOBP",0.272037215005254
"AQP3",0,2.75585849240728,0.132,0.019,0,"AT2","AQP3",0.363773320997761
"SPTLC3",0,1.56446631199421,0.157,0.044,0,"AT2","SPTLC3",0.245621210983091
"ST71",0,1.42493945641147,0.175,0.062,0,"AT2","ST7",0.249364404872006
"RAB40C1",0,1.51185628268925,0.163,0.051,0,"AT2","RAB40C",0.246432574078348
"GSTA4",0,2.70095784811834,0.13,0.018,0,"AT2","GSTA4",0.351124520255384
"MMP281",0,2.79020393712537,0.128,0.016,0,"AT2","MMP28",0.357146103952047
"ZSWIM5",0,1.90985235163858,0.141,0.029,0,"AT2","ZSWIM5",0.269289181581039
"TNFRSF10B",0,1.12029862345947,0.181,0.069,0,"AT2","TNFRSF10B",0.202774050846164
"PPA11",0,1.31848143442745,0.165,0.054,0,"AT2","PPA1",0.217549436680529
"MPZL31",0,1.6571806246603,0.141,0.03,0,"AT2","MPZL3",0.233662468077102
"RGL31",0,2.00242075514731,0.142,0.031,0,"AT2","RGL3",0.284343747230918
"FAM149A",0,2.3503995844005,0.133,0.023,0,"AT2","FAM149A",0.312603144725266
"QSOX11",0,1.05838239205616,0.193,0.083,0,"AT2","QSOX1",0.20426780166684
"TOM1L11",0,1.66051728174019,0.151,0.041,0,"AT2","TOM1L1",0.250738109542768
"MUCL3",0,4.97123860736166,0.111,0.002,0,"AT2","MUCL3",0.551807485417144
"SGCE1",0,1.10135182799151,0.177,0.068,0,"AT2","SGCE",0.194939273554498
"MYEF21",0,1.74635403257048,0.139,0.031,0,"AT2","MYEF2",0.242743210527297
"MTHFS",0,2.03843442818411,0.139,0.031,0,"AT2","MTHFS",0.283342385517592
"CHRM3",0,2.10649653037754,0.129,0.021,0,"AT2","CHRM3",0.271738052418703
"SIAE",0,2.8882509783583,0.125,0.017,0,"AT2","SIAE",0.361031372294788
"FOSB1",0,1.66484651639548,0.145,0.037,0,"AT2","FOSB",0.241402744877344
"ZNF4622",0,1.21424973148318,0.166,0.059,0,"AT2","ZNF462",0.201565455426208
"FLRT31",0,2.95939466204418,0.12,0.014,0,"AT2","FLRT3",0.355127359445301
"SH3YL11",0,1.26371165520268,0.159,0.054,0,"AT2","SH3YL1",0.200930153177227
"CDS1",0,2.23167876225626,0.131,0.026,0,"AT2","CDS1",0.29234991785557
"MPZL2",0,3.16167582541155,0.116,0.011,0,"AT2","MPZL2",0.366754395747739
"EFNA11",0,2.34516979999742,0.126,0.021,0,"AT2","EFNA1",0.295491394799676
"ABCC61",0,2.66240144720005,0.122,0.017,0,"AT2","ABCC6",0.324812976558407
"CACNA2D31",0,1.62791553481621,0.145,0.04,0,"AT2","CACNA2D3",0.23604775254835
"TMEM1251",0,3.04848664053628,0.116,0.012,0,"AT2","TMEM125",0.353624450302209
"PIGR",0,2.8271621987952,0.117,0.013,0,"AT2","PIGR",0.330777977259039
"BHLHE40",0,1.15182050891313,0.168,0.064,0,"AT2","BHLHE40",0.193505845497406
"CXADR1",0,2.16018678490542,0.129,0.025,0,"AT2","CXADR",0.278664095252799
"NOS1AP1",0,1.28084024853088,0.152,0.048,0,"AT2","NOS1AP",0.194687717776693
"EPHA4",0,1.51149600505652,0.135,0.032,0,"AT2","EPHA4",0.204051960682631
"CA3",0,2.31153141647097,0.123,0.02,0,"AT2","CA3",0.284318364225929
"CRNDE",0,2.45999752948784,0.123,0.02,0,"AT2","CRNDE",0.302579696127004
"PTK71",0,1.22626856837035,0.155,0.053,0,"AT2","PTK7",0.190071628097404
"ANKRD61",0,1.13675291957359,0.172,0.07,0,"AT2","ANKRD6",0.195521502166658
"MIR181A2HG1",0,1.65349141927797,0.135,0.034,0,"AT2","MIR181A2HG",0.223221341602526
"FAM155A1",0,1.16882750953833,0.152,0.051,0,"AT2","FAM155A",0.177661781449826
"REPS21",0,1.01585267339193,0.163,0.063,0,"AT2","REPS2",0.165583985762884
"RBBP81",0,1.39315375991915,0.147,0.047,0,"AT2","RBBP8",0.204793602708116
"MEGF6",0,1.84002101751117,0.127,0.028,0,"AT2","MEGF6",0.233682669223918
"CDON",0,2.16602380049999,0.125,0.026,0,"AT2","CDON",0.270752975062498
"RNF1802",0,1.45817670987741,0.142,0.043,0,"AT2","RNF180",0.207061092802592
"RAP1GAP",0,4.70106075623921,0.101,0.003,0,"AT2","RAP1GAP",0.47480713638016
"CCNYL11",0,1.28154289287803,0.153,0.055,0,"AT2","CCNYL1",0.196076062610339
"ADGRF1",0,2.89758602131923,0.109,0.011,0,"AT2","ADGRF1",0.315836876323796
"SHB1",0,1.06116650364844,0.164,0.066,0,"AT2","SHB",0.174031306598345
"ERBB31",0,1.77910512620055,0.125,0.027,0,"AT2","ERBB3",0.222388140775069
"TMC41",0,1.74769428456516,0.13,0.032,0,"AT2","TMC4",0.227200256993471
"GUCY1A11",0,1.42116412356743,0.139,0.042,0,"AT2","GUCY1A1",0.197541813175873
"HMGCR",0,1.89304839422104,0.131,0.034,0,"AT2","HMGCR",0.247989339642956
"CREB3L1",0,2.56402348551273,0.116,0.019,0,"AT2","CREB3L1",0.297426724319477
"PRDM52",0,1.32003998351057,0.144,0.047,0,"AT2","PRDM5",0.190085757625523
"AQP1",0,2.26815394425729,0.113,0.017,0,"AT2","AQP1",0.256301395701074
"APTR1",0,2.11333233224031,0.123,0.027,0,"AT2","APTR",0.259939876865558
"AMOTL12",0,1.1100724083968,0.158,0.062,0,"AT2","AMOTL1",0.175391440526694
"CXCL17",0,3.52954350520636,0.104,0.008,0,"AT2","CXCL17",0.367072524541461
"CYP4B11",0,1.20818782529402,0.139,0.044,0,"AT2","CYP4B1",0.167938107715869
"GPR160",0,2.85621459520099,0.106,0.011,0,"AT2","GPR160",0.302758747091305
"KRT81",0,2.54715401903887,0.115,0.02,0,"AT2","KRT8",0.29292271218947
"MAP3K91",0,1.79144064726479,0.118,0.023,0,"AT2","MAP3K9",0.211389996377246
"DMKN1",0,2.25558067670532,0.116,0.021,0,"AT2","DMKN",0.261647358497817
"BAIAP21",0,1.38979320851536,0.143,0.048,0,"AT2","BAIAP2",0.198740428817696
"GALNT3",0,1.49322758901959,0.122,0.028,0,"AT2","GALNT3",0.18217376586039
"ERC21",0,2.60413435142271,0.108,0.014,0,"AT2","ERC2",0.281246509953652
"TM4SF11",0,2.09145712753158,0.118,0.024,0,"AT2","TM4SF1",0.246791941048726
"CAPN12",0,2.60131335566646,0.109,0.015,0,"AT2","CAPN12",0.283543155767644
"SLC44A31",0,2.00779936111556,0.119,0.026,0,"AT2","SLC44A3",0.238928123972752
"ZDHHC31",0,1.26642637429695,0.152,0.059,0,"AT2","ZDHHC3",0.192496808893137
"EPDR1",0,1.65127996867978,0.122,0.029,0,"AT2","EPDR1",0.201456156178934
"TMEM64",0,2.39054371321608,0.11,0.018,0,"AT2","TMEM64",0.262959808453769
"LURAP1L2",0,1.27682573883544,0.151,0.059,0,"AT2","LURAP1L",0.192800686564151
"CPAMD8",0,1.90395543886553,0.11,0.019,0,"AT2","CPAMD8",0.209435098275208
"BTG31",0,1.09794700536553,0.138,0.048,0,"AT2","BTG3",0.151516686740444
"SLC12A2",0,1.09309191852146,0.143,0.053,0,"AT2","SLC12A2",0.156312144348568
"MARC22",0,1.33512983881069,0.134,0.045,0,"AT2","MARC2",0.178907398400632
"CFI",0,1.9575573415231,0.113,0.024,0,"AT2","CFI",0.22120397959211
"GRAMD2A1",0,2.07407955273174,0.112,0.023,0,"AT2","GRAMD2A",0.232296909905955
"RMC1",0,1.40691785445107,0.136,0.048,0,"AT2","RMC1",0.191340828205345
"SQLE",0,2.30231628581278,0.11,0.022,0,"AT2","SQLE",0.253254791439406
"AKAP1",0,1.99083431069669,0.114,0.027,0,"AT2","AKAP1",0.226955111419422
"LRRC23",0,1.51226583643736,0.124,0.037,0,"AT2","LRRC23",0.187520963718232
"IQCN",0,2.64883544310477,0.103,0.016,0,"AT2","IQCN",0.272830050639791
"AQP41",0,2.59169987597482,0.101,0.015,0,"AT2","AQP4",0.261761687473457
"SFTA1P1",0,1.8437831344583,0.111,0.025,0,"AT2","SFTA1P",0.204659927924872
"CNTN41",0,1.306663494053,0.123,0.038,0,"AT2","CNTN4",0.160719609768518
"CYP51A1",0,1.64600005933668,0.115,0.031,0,"AT2","CYP51A1",0.189290006823718
"SERPINB1",0,1.59504849042269,0.123,0.039,0,"AT2","SERPINB1",0.196190964321991
"GIPC11",0,1.32639348363734,0.128,0.046,0,"AT2","GIPC1",0.16977836590558
"SCGB2B2",0,1.35080202899056,0.127,0.045,0,"AT2","SCGB2B2",0.171551857681801
"SELENOW1",0,1.54315179352343,0.124,0.042,0,"AT2","SELENOW",0.191350822396905
"IDI1",0,1.71163567366421,0.11,0.029,0,"AT2","IDI1",0.188279924103063
"SNHG25",0,1.76951566520585,0.112,0.031,0,"AT2","SNHG25",0.198185754503055
"ACADSB",0,1.60965657160388,0.106,0.025,0,"AT2","ACADSB",0.170623596590011
"HIP1R",0,1.66157822284743,0.103,0.022,0,"AT2","HIP1R",0.171142556953285
"AATK1",0,1.29488306863174,0.121,0.04,0,"AT2","AATK",0.156680851304441
"C9orf1471",0,1.37017093598112,0.123,0.043,0,"AT2","C9orf147",0.168531025125678
"SFRP4",0,1.41839196691952,0.108,0.029,0,"AT2","SFRP4",0.153186332427308
"ACSL5",0,1.32105350607857,0.113,0.034,0,"AT2","ACSL5",0.149279046186878
"PPL1",0,1.56825579708619,0.108,0.029,0,"AT2","PPL",0.169371626085309
"ABO1",0,1.80696048273026,0.102,0.023,0,"AT2","ABO",0.184309969238487
"UBTD11",0,1.49481968484724,0.119,0.04,0,"AT2","UBTD1",0.177883542496821
"NDFIP21",0,1.18891570998128,0.12,0.041,0,"AT2","NDFIP2",0.142669885197754
"RMDN2",0,1.64135043936943,0.109,0.031,0,"AT2","RMDN2",0.178907197891268
"SLAIN1",0,1.53937833943234,0.1,0.023,0,"AT2","SLAIN1",0.153937833943234
"TMEM116",0,1.57035756622539,0.103,0.026,0,"AT2","TMEM116",0.161746829321215
"PPP3CB-AS11",0,1.83891911185937,0.102,0.026,0,"AT2","PPP3CB-AS1",0.187569749409655
"PTCHD4",0,1.54112653179115,0.102,0.027,0,"AT2","PTCHD4",0.157194906242697
"ST7-AS2",0,1.53488486626894,0.11,0.036,0,"AT2","ST7-AS2",0.168837335289583
"CGN1",0,1.45912855158963,0.104,0.03,0,"AT2","CGN",0.151749369365322
"SEMA4A",0,1.95774014282499,0.104,0.03,0,"AT2","SEMA4A",0.203604974853799
"IRAK1BP1",0,1.38356644427938,0.108,0.034,0,"AT2","IRAK1BP1",0.149425175982173
"CELF2-AS21",0,1.60128037258548,0.104,0.031,0,"AT2","CELF2-AS2",0.16653315874889
"ASL",0,1.69875701133089,0.106,0.034,0,"AT2","ASL",0.180068243201074
"LIX1-AS1",0,1.51723269119112,0.101,0.03,0,"AT2","LIX1-AS1",0.153240501810303
"GRIP11",0,1.3097701870988,0.1,0.029,0,"AT2","GRIP1",0.13097701870988
"PROS12",5.61251055147616e-306,1.00482610232881,0.164,0.067,1.65765499137848e-301,"AT2","PROS1",0.164791480781924
"WLS2",1.22413954880472e-305,1.04620134646654,0.167,0.069,3.61549615739475e-301,"AT2","WLS",0.174715624859912
"INTS121",2.06511358035191e-305,1.09771315552898,0.159,0.064,6.09931295956938e-301,"AT2","INTS12",0.174536391729107
"SAMD51",4.99285387861214e-304,1.3375812455271,0.109,0.036,1.4746393930481e-299,"AT2","SAMD5",0.145796355762454
"KCTD1",6.40054856684663e-303,1.43272519657464,0.104,0.033,1.89040201921815e-298,"AT2","KCTD1",0.149003420443763
"ADGRA31",1.4953311636565e-292,1.07793542459274,0.136,0.052,4.41646059185947e-288,"AT2","ADGRA3",0.146599217744613
"F11R1",1.00926999359715e-291,1.06600599805514,0.149,0.06,2.98087892608919e-287,"AT2","F11R",0.158834893710216
"KIFC32",1.24458625029885e-291,1.01067251277015,0.177,0.077,3.67588549025766e-287,"AT2","KIFC3",0.178889034760317
"DIAPH2-AS11",5.87666543453951e-287,1.12989119953839,0.187,0.085,1.73567313609124e-282,"AT2","DIAPH2-AS1",0.21128965431368
"PLCG1-AS1",3.40012296681849e-282,1.52199989059597,0.112,0.039,1.00422631824984e-277,"AT2","PLCG1-AS1",0.170463987746749
"EGR11",3.27160428875018e-281,1.46480989224084,0.112,0.04,9.66268326682365e-277,"AT2","EGR1",0.164058707930974
"PUS10",2.18268638206038e-278,1.21761749445901,0.109,0.038,6.44656422941533e-274,"AT2","PUS10",0.132720306896033
"CTNNAL1",4.22691882768118e-275,1.24411014278555,0.121,0.045,1.24842047575564e-270,"AT2","CTNNAL1",0.150537327277052
"PEX13",7.31794184267076e-262,1.10089546475939,0.117,0.043,2.16135412323281e-257,"AT2","PEX13",0.128804769376848
"CTNNBIP11",9.718612495803e-258,1.19048570490882,0.116,0.043,2.87039220063542e-253,"AT2","CTNNBIP1",0.138096341769423
"CLCN51",1.02653582910743e-257,1.12389118428447,0.135,0.055,3.0318735712688e-253,"AT2","CLCN5",0.151725309878403
"SPAG11",4.65726137358613e-257,1.0805991266182,0.115,0.043,1.37552214668866e-252,"AT2","SPAG1",0.124268899561093
"MIR222HG1",1.01397704321708e-255,1.05526472619241,0.133,0.053,2.99478119714165e-251,"AT2","MIR222HG",0.14035020858359
"AKAP71",3.51376054841538e-255,1.06235713358299,0.129,0.051,1.03778917797448e-250,"AT2","AKAP7",0.137044070232205
"ACSF21",4.21573787557346e-254,1.15492829988468,0.114,0.042,1.24511818155062e-249,"AT2","ACSF2",0.131661826186854
"ZNF117",1.69303352145398e-253,1.27276149239044,0.102,0.036,5.00037450561432e-249,"AT2","ZNF117",0.129821672223825
"LSS",4.07875322467856e-241,1.04039167744481,0.131,0.054,1.20465976490881e-236,"AT2","LSS",0.13629130974527
"C11orf54",2.11691639453483e-233,1.17139839895088,0.1,0.036,6.25231257125863e-229,"AT2","C11orf54",0.117139839895088
"MTRNR2L121",4.49700948716119e-233,1.05847536357979,0.261,0.148,1.32819175203306e-228,"AT2","MTRNR2L12",0.276262069894326
"INSIG1",3.14935517588742e-231,1.06708337344493,0.103,0.038,9.30162051198349e-227,"AT2","INSIG1",0.109909587464828
"ANKRD501",2.36783445307751e-228,1.04900155043958,0.114,0.044,6.99339905716443e-224,"AT2","ANKRD50",0.119586176750113
"MIR3936HG1",3.53055008977168e-219,1.06126515360117,0.116,0.047,1.04274796901407e-214,"AT2","MIR3936HG",0.123106757817735
"GLCE",4.8754434955926e-217,1.19604599192438,0.1,0.038,1.43996223642327e-212,"AT2","GLCE",0.119604599192438
"PGM11",4.66426452513722e-216,1.16963278587359,0.118,0.049,1.37759052749928e-211,"AT2","PGM1",0.138016668733084
"LRIG31",6.95238443626475e-214,1.22859539595162,0.112,0.045,2.05338674325079e-209,"AT2","LRIG3",0.137602684346581
"MTRNR2L81",1.80935134906651e-208,1.22731282504743,0.125,0.054,5.34391920946793e-204,"AT2","MTRNR2L8",0.153414103130928
"DNAAF41",3.24389707028199e-203,1.13836981931287,0.107,0.043,9.58084999707787e-199,"AT2","DNAAF4",0.121805570666477
"PIM3",2.35709349737862e-200,1.07802110160885,0.111,0.046,6.96167564450774e-196,"AT2","PIM3",0.119660342278582
"JDP21",7.02933517791858e-192,1.31744627277386,0.127,0.058,2.07611414479825e-187,"AT2","JDP2",0.16731567664228
"PSMG41",4.94871203571463e-191,1.18794061958574,0.104,0.043,1.46160209974831e-186,"AT2","PSMG4",0.123545824436917
"IFNG-AS11",0,5.29059541594832,0.708,0.021,0,"Plasma cells","IFNG-AS1",3.74574155449141
"TXNDC5",0,7.12320648735355,0.702,0.02,0,"Plasma cells","TXNDC5",5.00049095412219
"TENT5C",0,5.67580025712631,0.603,0.019,0,"Plasma cells","TENT5C",3.42250755504717
"IGKC",0,9.82722124271043,0.588,0.006,0,"Plasma cells","IGKC",5.77840609071373
"CEP1281",0,4.47039737001364,0.665,0.092,0,"Plasma cells","CEP128",2.97281425105907
"SEL1L31",0,3.4176709161118,0.723,0.15,0,"Plasma cells","SEL1L3",2.47097607234883
"GLCCI13",0,3.30680739951419,0.751,0.185,0,"Plasma cells","GLCCI1",2.48341235703515
"ST6GAL11",0,3.10997487381968,0.766,0.208,0,"Plasma cells","ST6GAL1",2.38224075334587
"CREB3L2",0,3.86575986578247,0.67,0.123,0,"Plasma cells","CREB3L2",2.59005911007425
"FBXW71",0,3.10876844664095,0.835,0.289,0,"Plasma cells","FBXW7",2.59582165294519
"XBP1",0,5.3882140458461,0.588,0.044,0,"Plasma cells","XBP1",3.16826985895751
"JCHAIN",0,10.0323053723486,0.533,0.001,0,"Plasma cells","JCHAIN",5.34721876346178
"POU2AF1",0,6.30342513644043,0.541,0.012,0,"Plasma cells","POU2AF1",3.41015299881427
"MSI21",0,2.65475674473973,0.772,0.247,0,"Plasma cells","MSI2",2.04947220693907
"HSP90B1",0,4.02951832880409,0.623,0.099,0,"Plasma cells","HSP90B1",2.51038991884495
"DENND5B",0,4.13782997469247,0.582,0.06,0,"Plasma cells","DENND5B",2.40821704527102
"TPD52",0,3.65299714533941,0.603,0.089,0,"Plasma cells","TPD52",2.20275727863967
"FCRL5",0,7.02410471047032,0.512,0.004,0,"Plasma cells","FCRL5",3.5963416117608
"VOPP12",0,2.86368812480434,0.676,0.175,0,"Plasma cells","VOPP1",1.93585317236773
"IGHG1",0,10.7173539522613,0.472,0.001,0,"Plasma cells","IGHG1",5.05859106546734
"RALGPS2",0,3.26772618521921,0.57,0.103,0,"Plasma cells","RALGPS2",1.86260392557495
"SPATS2",0,3.25924181394533,0.575,0.117,0,"Plasma cells","SPATS2",1.87406404301857
"TP53INP1",0,4.56148631434298,0.501,0.053,0,"Plasma cells","TP53INP1",2.28530464348583
"FNDC3A1",0,2.25305107684121,0.756,0.309,0,"Plasma cells","FNDC3A",1.70330661409195
"FUT81",0,2.8255653718676,0.635,0.189,0,"Plasma cells","FUT8",1.79423401113593
"PDK1",0,4.94056921453818,0.472,0.033,0,"Plasma cells","PDK1",2.33194866926202
"CD381",0,3.33790470290656,0.52,0.085,0,"Plasma cells","CD38",1.73571044551141
"EIF2AK3",0,3.34422176179603,0.53,0.11,0,"Plasma cells","EIF2AK3",1.7724375337519
"MEF2C",0,2.41366263207306,0.569,0.152,0,"Plasma cells","MEF2C",1.37337403764957
"MZB1",0,9.54920452454997,0.416,0.001,0,"Plasma cells","MZB1",3.97246908221279
"CPEB41",0,2.80718023176937,0.596,0.187,0,"Plasma cells","CPEB4",1.67307941813455
"NCOA31",0,2.31081431164777,0.667,0.26,0,"Plasma cells","NCOA3",1.54131314586906
"GMDS",0,2.09184692983533,0.619,0.213,0,"Plasma cells","GMDS",1.29485324956807
"TXNDC111",0,3.16923079633687,0.537,0.133,0,"Plasma cells","TXNDC11",1.7018769376329
"CDK141",0,2.12544270327539,0.665,0.267,0,"Plasma cells","CDK14",1.41341939767813
"IGHG3",0,9.96780491404439,0.394,0.001,0,"Plasma cells","IGHG3",3.92731513613349
"SND1",0,2.06973467581895,0.726,0.335,0,"Plasma cells","SND1",1.50262737464456
"MAN1A12",0,2.26586635641062,0.626,0.237,0,"Plasma cells","MAN1A1",1.41843233911305
"CHST15",0,3.00978798138881,0.482,0.094,0,"Plasma cells","CHST15",1.45071780702941
"WNT5B",0,4.74562367718716,0.411,0.026,0,"Plasma cells","WNT5B",1.95045133132392
"SEL1L1",0,3.26195951393489,0.486,0.103,0,"Plasma cells","SEL1L",1.58531232377236
"HIPK21",0,2.07617941728584,0.628,0.252,0,"Plasma cells","HIPK2",1.30384067405551
"PLCG2",0,2.00626951743993,0.662,0.29,0,"Plasma cells","PLCG2",1.32815042054523
"GAB11",0,2.3314364723302,0.566,0.198,0,"Plasma cells","GAB1",1.31959304333889
"MYO1D3",0,1.96592734962732,0.615,0.25,0,"Plasma cells","MYO1D",1.2090453200208
"IGHA1",0,9.62546640768786,0.365,0.002,0,"Plasma cells","IGHA1",3.51329523880607
"FCHSD21",0,1.7730369633833,0.702,0.346,0,"Plasma cells","FCHSD2",1.24467194829507
"FNDC3B2",0,2.04467039843804,0.919,0.57,0,"Plasma cells","FNDC3B",1.87905209616456
"RRBP11",0,2.40835005909786,0.542,0.193,0,"Plasma cells","RRBP1",1.30532573203104
"PRDM1",0,3.79106750217427,0.384,0.036,0,"Plasma cells","PRDM1",1.45576992083492
"TRAM21",0,3.36984189854442,0.41,0.064,0,"Plasma cells","TRAM2",1.38163517840321
"BTG2",0,4.29502636097517,0.377,0.034,0,"Plasma cells","BTG2",1.61922493808764
"CLPTM1L",0,3.1075500864473,0.43,0.087,0,"Plasma cells","CLPTM1L",1.33624653717234
"HERPUD1",0,3.26826799406203,0.414,0.073,0,"Plasma cells","HERPUD1",1.35306294954168
"ANKRD281",0,2.15780901893887,0.581,0.241,0,"Plasma cells","ANKRD28",1.25368704000348
"ELL22",0,1.2602244773718,0.68,0.342,0,"Plasma cells","ELL2",0.856952644612822
"USP48",0,2.19778024635924,0.51,0.174,0,"Plasma cells","USP48",1.12086792564321
"FAM214A1",0,2.15646798574306,0.509,0.177,0,"Plasma cells","FAM214A",1.09764220474322
"IGLC2",0,9.70598679271492,0.329,0.002,0,"Plasma cells","IGLC2",3.19326965480321
"EAF2",0,3.95465571220072,0.36,0.034,0,"Plasma cells","EAF2",1.42367605639226
"SEC24A",0,3.03924721494428,0.409,0.083,0,"Plasma cells","SEC24A",1.24305211091221
"SFMBT22",0,1.49134038939412,0.556,0.231,0,"Plasma cells","SFMBT2",0.829185256503132
"SEC14L11",0,2.01039014570597,0.443,0.124,0,"Plasma cells","SEC14L1",0.890602834547744
"EDEM1",0,2.90083094045416,0.411,0.097,0,"Plasma cells","EDEM1",1.19224151652666
"CCDC88C1",0,1.9574537631761,0.427,0.117,0,"Plasma cells","CCDC88C",0.835832756876196
"PIM2",0,6.55594730556809,0.307,0.004,0,"Plasma cells","PIM2",2.0126758228094
"NDUFAF6",0,3.18179624684804,0.396,0.094,0,"Plasma cells","NDUFAF6",1.25999131375182
"SMAP22",0,1.48294980465258,0.509,0.209,0,"Plasma cells","SMAP2",0.754821450568165
"RAB30",0,4.32041684612962,0.32,0.023,0,"Plasma cells","RAB30",1.38253339076148
"DNAJC11",0,1.69258939199932,0.552,0.26,0,"Plasma cells","DNAJC1",0.934309344383626
"ERN12",0,2.57934796736879,0.403,0.113,0,"Plasma cells","ERN1",1.03947723084962
"NUGGC",0,5.27650317621081,0.297,0.007,0,"Plasma cells","NUGGC",1.56712144333461
"ESR12",0,2.95757648001968,0.364,0.075,0,"Plasma cells","ESR1",1.07655783872716
"RHBDD1",0,2.39821322523022,0.406,0.119,0,"Plasma cells","RHBDD1",0.97367456944347
"RABGAP1L1",0,1.17316941404065,0.737,0.451,0,"Plasma cells","RABGAP1L",0.864625858147963
"GNG7",0,4.21254811678658,0.315,0.029,0,"Plasma cells","GNG7",1.32695265678777
"C11orf801",0,2.94860075807602,0.356,0.071,0,"Plasma cells","C11orf80",1.04970186987506
"DIPK1A1",0,2.48193308485085,0.363,0.084,0,"Plasma cells","DIPK1A",0.90094170980086
"SMCHD11",0,1.24789187453301,0.672,0.399,0,"Plasma cells","SMCHD1",0.838583339686182
"IGHGP",0,10.1421905743963,0.273,0.001,0,"Plasma cells","IGHGP",2.7688180268102
"IGLC3",0,10.062217176556,0.273,0.001,0,"Plasma cells","IGLC3",2.74698528919978
"XRN11",0,1.59395474302938,0.545,0.274,0,"Plasma cells","XRN1",0.868705334951012
"MAN1A21",0,1.99364138780735,0.437,0.167,0,"Plasma cells","MAN1A2",0.871221286471812
"IGHM",0,8.74045310962425,0.275,0.005,0,"Plasma cells","IGHM",2.40362460514667
"UBE2J1",0,3.38175574669188,0.316,0.047,0,"Plasma cells","UBE2J1",1.06863481595464
"ACOXL1",0,1.72871516649173,0.36,0.095,0,"Plasma cells","ACOXL",0.622337459937024
"DENND1B1",0,1.80977250854068,0.463,0.201,0,"Plasma cells","DENND1B",0.837924671454336
"SP1401",0,2.29016782468735,0.326,0.064,0,"Plasma cells","SP140",0.746594710848077
"SPCS2",0,3.17692782905925,0.318,0.056,0,"Plasma cells","SPCS2",1.01026304964084
"HDLBP",0,1.99966519515462,0.44,0.18,0,"Plasma cells","HDLBP",0.879852685868032
"HM13",0,2.22522213860473,0.384,0.125,0,"Plasma cells","HM13",0.854485301224218
"HDAC9",0,1.90908520768255,0.325,0.067,0,"Plasma cells","HDAC9",0.620452692496827
"ADAM191",0,1.96465600840102,0.332,0.075,0,"Plasma cells","ADAM19",0.652265794789138
"KCNN31",0,4.24807821510007,0.276,0.021,0,"Plasma cells","KCNN3",1.17246958736762
"SEC24D1",0,1.9881274348631,0.416,0.161,0,"Plasma cells","SEC24D",0.827061012903049
"IRF4",0,5.22039746106208,0.262,0.008,0,"Plasma cells","IRF4",1.36774413479827
"LMAN11",0,2.54302249307896,0.35,0.096,0,"Plasma cells","LMAN1",0.890057872577635
"OGT1",0,1.53467938715187,0.471,0.22,0,"Plasma cells","OGT",0.722833991348529
"UBE2G11",0,2.0276986243635,0.389,0.139,0,"Plasma cells","UBE2G1",0.788774764877402
"BLNK",0,3.77430327616606,0.278,0.03,0,"Plasma cells","BLNK",1.04925631077417
"NXPE3",0,3.77363195398795,0.272,0.025,0,"Plasma cells","NXPE3",1.02642789148472
"BMP6",0,4.27658546968682,0.261,0.015,0,"Plasma cells","BMP6",1.11618880758826
"LRRK11",0,2.35469382472491,0.358,0.113,0,"Plasma cells","LRRK1",0.842980389251517
"RBM6",0,1.30839337047766,0.613,0.369,0,"Plasma cells","RBM6",0.802045136102803
"BICD13",0,1.94335484352809,0.376,0.132,0,"Plasma cells","BICD1",0.730701421166563
"SCFD1",0,1.70842071393422,0.445,0.203,0,"Plasma cells","SCFD1",0.760247217700729
"MIR4435-2HG1",0,1.9317331635794,0.409,0.168,0,"Plasma cells","MIR4435-2HG",0.790078863903976
"TRAF32",0,1.74245362688819,0.413,0.174,0,"Plasma cells","TRAF3",0.719633347904821
"ATM1",0,1.28579439009192,0.479,0.241,0,"Plasma cells","ATM",0.615895512854029
"HSH2D",0,3.77231910749037,0.257,0.02,0,"Plasma cells","HSH2D",0.969486010625024
"CYTIP1",0,1.54214485379749,0.352,0.115,0,"Plasma cells","CYTIP",0.542834988536718
"SLC44A11",0,1.81423141623871,0.396,0.16,0,"Plasma cells","SLC44A1",0.718435640830528
"ITGA6",0,3.22369617048759,0.296,0.064,0,"Plasma cells","ITGA6",0.954214066464328
"MED13L",0,1.27545235517122,0.763,0.531,0,"Plasma cells","MED13L",0.973170146995638
"FBH1",0,2.51847743883802,0.31,0.079,0,"Plasma cells","FBH1",0.780728006039785
"XKR61",0,1.54652287320581,0.392,0.166,0,"Plasma cells","XKR6",0.606236966296678
"CLIC41",0,1.5969997113929,0.388,0.163,0,"Plasma cells","CLIC4",0.619635888020444
"CDK61",0,1.77617423526359,0.356,0.131,0,"Plasma cells","CDK6",0.632318027753837
"P2RY81",0,1.85945432636866,0.284,0.059,0,"Plasma cells","P2RY8",0.528085028688698
"SLAMF7",0,4.35667755311495,0.235,0.012,0,"Plasma cells","SLAMF7",1.02381922498201
"MBNL21",0,1.42657969374674,0.504,0.282,0,"Plasma cells","MBNL2",0.718996165648359
"SPCS3",0,2.615810012749,0.29,0.068,0,"Plasma cells","SPCS3",0.758584903697211
"SLC15A21",0,3.0227241023181,0.264,0.046,0,"Plasma cells","SLC15A2",0.797999163011979
"POU2F2",0,2.46580355969996,0.263,0.045,0,"Plasma cells","POU2F2",0.64850633620109
"GALNT22",0,1.61927434401963,0.424,0.209,0,"Plasma cells","GALNT2",0.686572321864321
"GAS61",0,2.45671830156245,0.287,0.072,0,"Plasma cells","GAS6",0.705078152548424
"IQSEC11",0,1.86261838307118,0.358,0.144,0,"Plasma cells","IQSEC1",0.666817381139483
"SEPTIN61",0,1.52205394175704,0.322,0.109,0,"Plasma cells","SEPTIN6",0.490101369245767
"LARP1B2",0,2.34851215384061,0.311,0.098,0,"Plasma cells","LARP1B",0.730387279844428
"LCORL1",0,1.59870417880227,0.38,0.168,0,"Plasma cells","LCORL",0.607507587944864
"GBF1",0,1.60388915752976,0.401,0.19,0,"Plasma cells","GBF1",0.643159552169435
"HIST1H2AC",0,2.14890009595473,0.321,0.111,0,"Plasma cells","HIST1H2AC",0.689796930801469
"SEC61A11",0,2.55410694891048,0.286,0.076,0,"Plasma cells","SEC61A1",0.730474587388397
"SIPA1L31",0,1.4024715099963,0.427,0.221,0,"Plasma cells","SIPA1L3",0.598855334768418
"SEC63",0,1.62933871488914,0.385,0.18,0,"Plasma cells","SEC63",0.627295405232319
"OSBPL31",0,1.5342139977115,0.392,0.187,0,"Plasma cells","OSBPL3",0.601411887102908
"ATP2A31",0,2.62650641779648,0.24,0.035,0,"Plasma cells","ATP2A3",0.630361540271156
"IKZF31",0,1.56218967228046,0.261,0.057,0,"Plasma cells","IKZF3",0.407731504465201
"ZNF215",0,5.83373897995509,0.21,0.007,0,"Plasma cells","ZNF215",1.22508518579057
"MEI1",0,5.43930599713523,0.208,0.006,0,"Plasma cells","MEI1",1.13137564740413
"SUB1",0,2.34875871967649,0.265,0.064,0,"Plasma cells","SUB1",0.62242106071427
"MTDH",0,1.45306558414306,0.425,0.224,0,"Plasma cells","MTDH",0.617552873260801
"SLC7A5",0,3.50964561417166,0.227,0.027,0,"Plasma cells","SLC7A5",0.796689554416967
"TMC3-AS1",0,5.36863160380872,0.208,0.008,0,"Plasma cells","TMC3-AS1",1.11667537359221
"IQCB1",0,2.00603974545957,0.302,0.104,0,"Plasma cells","IQCB1",0.605824003128791
"TCF3",0,2.85123471482228,0.239,0.042,0,"Plasma cells","TCF3",0.681445096842525
"ERC1",0,1.23630265490916,0.558,0.362,0,"Plasma cells","ERC1",0.689856881439313
"SLC38A11",0,1.07218361439506,0.315,0.119,0,"Plasma cells","SLC38A1",0.337737838534443
"IGHG4",0,9.85023950365599,0.194,0.001,0,"Plasma cells","IGHG4",1.91094646370926
"DCC1",0,4.82806868718098,0.222,0.029,0,"Plasma cells","DCC",1.07183124855418
"P4HB1",0,2.0776052906319,0.281,0.089,0,"Plasma cells","P4HB",0.583807086667563
"IGLC1",0,8.60393827238361,0.194,0.004,0,"Plasma cells","IGLC1",1.66916402484242
"NUP2101",0,1.99993082044245,0.255,0.066,0,"Plasma cells","NUP210",0.509982359212824
"NGLY1",0,1.87075121627707,0.285,0.096,0,"Plasma cells","NGLY1",0.533164096638964
"CYTOR1",0,2.33093487780324,0.251,0.066,0,"Plasma cells","CYTOR",0.585064654328613
"ZFAT",0,2.46501352530977,0.241,0.057,0,"Plasma cells","ZFAT",0.594068259599654
"BCL2L111",0,2.87480576871344,0.234,0.051,0,"Plasma cells","BCL2L11",0.672704549878946
"KLHL61",0,1.98477821868843,0.264,0.081,0,"Plasma cells","KLHL6",0.523981449733745
"RHEX",0,4.28446679081974,0.19,0.008,0,"Plasma cells","RHEX",0.81404869025575
"CASP10",0,2.60458800132398,0.237,0.055,0,"Plasma cells","CASP10",0.617287356313782
"CCND21",0,2.3023216777371,0.243,0.061,0,"Plasma cells","CCND2",0.559464167690116
"ISG20",0,2.96015784389682,0.208,0.026,0,"Plasma cells","ISG20",0.615712831530539
"LAX1",0,4.52523396458053,0.188,0.007,0,"Plasma cells","LAX1",0.850743985341139
"ITM2C",0,5.43704804026706,0.187,0.006,0,"Plasma cells","ITM2C",1.01672798352994
"LRMP",0,2.28036975750173,0.225,0.044,0,"Plasma cells","LRMP",0.513083195437889
"ATG51",0,1.60278257542696,0.328,0.148,0,"Plasma cells","ATG5",0.525712684740044
"C22orf341",0,1.65070249071464,0.273,0.093,0,"Plasma cells","C22orf34",0.450641779965098
"KCNQ5",0,2.29360387780525,0.215,0.035,0,"Plasma cells","KCNQ5",0.493124833728128
"TSHR",0,3.91087413947876,0.199,0.02,0,"Plasma cells","TSHR",0.778263953756274
"PIP5K1B2",0,1.33692997462021,0.305,0.127,0,"Plasma cells","PIP5K1B",0.407763642259165
"RASGRP31",0,2.44330188942847,0.23,0.053,0,"Plasma cells","RASGRP3",0.561959434568547
"ANXA62",0,1.95029234235,0.243,0.066,0,"Plasma cells","ANXA6",0.473921039191049
"P2RX1",0,3.79918664304458,0.191,0.015,0,"Plasma cells","P2RX1",0.725644648821516
"STRBP2",0,1.7150029575868,0.291,0.116,0,"Plasma cells","STRBP",0.499065860657759
"CSGALNACT11",0,1.39681430779744,0.278,0.104,0,"Plasma cells","CSGALNACT1",0.388314377567689
"SSR4",0,4.35338853334085,0.187,0.014,0,"Plasma cells","SSR4",0.814083655734739
"PMM2",0,1.95659694370739,0.272,0.1,0,"Plasma cells","PMM2",0.532194368688409
"PAPSS12",0,1.92203507956072,0.281,0.111,0,"Plasma cells","PAPSS1",0.540091857356562
"RHOH1",0,1.54818096711933,0.235,0.065,0,"Plasma cells","RHOH",0.363822527273042
"ADAM28",0,1.9600439385234,0.216,0.048,0,"Plasma cells","ADAM28",0.423369490721055
"COL24A11",0,3.17655706953801,0.189,0.026,0,"Plasma cells","COL24A1",0.600369286142684
"SSR3",0,2.82452698258416,0.21,0.047,0,"Plasma cells","SSR3",0.593150666342674
"ZBP1",0,4.03208858425133,0.172,0.009,0,"Plasma cells","ZBP1",0.693519236491229
"CHODL",0,4.06294988456045,0.176,0.013,0,"Plasma cells","CHODL",0.715079179682639
"LIN52",0,2.2430521275231,0.227,0.065,0,"Plasma cells","LIN52",0.509172832947745
"TAF4B",0,3.25671872709952,0.188,0.026,0,"Plasma cells","TAF4B",0.612263120694709
"SMC42",0,1.67486802848693,0.258,0.097,0,"Plasma cells","SMC4",0.432115951349627
"CASP3",0,2.93400731748935,0.193,0.034,0,"Plasma cells","CASP3",0.566263412275444
"H1FX",0,4.24654266432189,0.171,0.015,0,"Plasma cells","H1FX",0.726158795599043
"PDIA4",0,2.94475078743057,0.192,0.036,0,"Plasma cells","PDIA4",0.56539215118667
"MBTPS11",0,1.82255056483913,0.251,0.097,0,"Plasma cells","MBTPS1",0.45746019177462
"DIAPH31",0,2.62553885428503,0.198,0.045,0,"Plasma cells","DIAPH3",0.519856693148436
"PGM31",0,2.50772712160228,0.209,0.056,0,"Plasma cells","PGM3",0.524114968414877
"EEF22",0,1.88117541043771,0.227,0.075,0,"Plasma cells","EEF2",0.427026818169361
"MANEA",0,4.13051138465991,0.166,0.015,0,"Plasma cells","MANEA",0.685664889853545
"RPN2",0,2.05611139649918,0.229,0.078,0,"Plasma cells","RPN2",0.470849509798313
"KNTC1",0,2.81450074186319,0.185,0.034,0,"Plasma cells","KNTC1",0.52068263724469
"EIF2AK41",0,2.25060057893448,0.235,0.084,0,"Plasma cells","EIF2AK4",0.528891136049602
"ARID3A1",0,1.9917121378033,0.214,0.064,0,"Plasma cells","ARID3A",0.426226397489906
"FAM3C1",0,2.03546184419097,0.215,0.066,0,"Plasma cells","FAM3C",0.437624296501058
"SEC11C",0,4.26890672655223,0.161,0.012,0,"Plasma cells","SEC11C",0.687293982974909
"SSR1",0,2.2996613859647,0.202,0.054,0,"Plasma cells","SSR1",0.464531599964869
"TBCEL2",0,2.97859922420669,0.21,0.062,0,"Plasma cells","TBCEL",0.625505837083405
"PPCDC",0,2.16955466312402,0.204,0.057,0,"Plasma cells","PPCDC",0.442589151277299
"RRM2",0,3.39858858316165,0.161,0.016,0,"Plasma cells","RRM2",0.547172761889026
"SELENOS",0,2.88407103886027,0.183,0.038,0,"Plasma cells","SELENOS",0.527785000111429
"HSPA51",0,1.79329621411013,0.217,0.073,0,"Plasma cells","HSPA5",0.389145278461898
"TMEM39A",0,2.06069989634073,0.213,0.069,0,"Plasma cells","TMEM39A",0.438929077920575
"PDIA5",0,2.47511312269524,0.19,0.048,0,"Plasma cells","PDIA5",0.470271493312095
"FAM30A",0,6.77025063860178,0.143,0.001,0,"Plasma cells","FAM30A",0.968145841320054
"POLQ",0,3.68144426730487,0.154,0.014,0,"Plasma cells","POLQ",0.56694241716495
"CCDC69",0,1.96719959762366,0.186,0.05,0,"Plasma cells","CCDC69",0.365899125158001
"CPNE5",0,4.19565394025601,0.143,0.007,0,"Plasma cells","CPNE5",0.599978513456609
"CDRT4",0,2.04620551654743,0.204,0.068,0,"Plasma cells","CDRT4",0.417425925375676
"PIK3CG",0,3.07248914706073,0.159,0.024,0,"Plasma cells","PIK3CG",0.488525774382656
"EML6",0,3.55467064866793,0.153,0.019,0,"Plasma cells","EML6",0.543864609246194
"MYDGF",0,2.76265372647907,0.171,0.037,0,"Plasma cells","MYDGF",0.472413787227922
"EPRS",0,1.97679983073499,0.195,0.062,0,"Plasma cells","EPRS",0.385475966993324
"TPST2",0,1.92311188446819,0.193,0.06,0,"Plasma cells","TPST2",0.37116059370236
"TMEM1561",0,2.54668404916231,0.154,0.022,0,"Plasma cells","TMEM156",0.392189343570996
"MARS",0,2.17761393188407,0.175,0.048,0,"Plasma cells","MARS",0.381082438079713
"MIAT1",0,2.06278450740694,0.152,0.026,0,"Plasma cells","MIAT",0.313543245125855
"ACSS1",0,2.20326201911254,0.172,0.047,0,"Plasma cells","ACSS1",0.378961067287357
"HIST1H2BJ",0,5.46482636615004,0.129,0.005,0,"Plasma cells","HIST1H2BJ",0.704962601233355
"CCR2",0,4.91830872266243,0.127,0.004,0,"Plasma cells","CCR2",0.624625207778128
"ALDH1L2",0,3.4773368766385,0.145,0.022,0,"Plasma cells","ALDH1L2",0.504213847112582
"BX284613.21",0,2.05681958447148,0.17,0.048,0,"Plasma cells","BX284613.2",0.349659329360152
"ATP8B21",0,2.0158003813054,0.162,0.04,0,"Plasma cells","ATP8B2",0.326559661771475
"SYNE3",0,2.0705559564334,0.163,0.041,0,"Plasma cells","SYNE3",0.337500620898644
"ARID3B",0,2.28274972012957,0.156,0.034,0,"Plasma cells","ARID3B",0.356108956340213
"ASPM",0,2.95923573202185,0.137,0.016,0,"Plasma cells","ASPM",0.405415295286993
"PPIB",0,2.33176320531254,0.16,0.04,0,"Plasma cells","PPIB",0.373082112850006
"DERL3",0,6.99776326640557,0.121,0.001,0,"Plasma cells","DERL3",0.846729355235074
"SSPN",0,3.63438582106362,0.137,0.018,0,"Plasma cells","SSPN",0.497910857485716
"GLDC",0,5.96310597118106,0.122,0.003,0,"Plasma cells","GLDC",0.727498928484089
"MCEE",0,2.71849119435212,0.149,0.031,0,"Plasma cells","MCEE",0.405055187958466
"SDC1",0,3.04576728126751,0.142,0.025,0,"Plasma cells","SDC1",0.432498953939987
"SAR1B",0,2.31492102092919,0.161,0.045,0,"Plasma cells","SAR1B",0.3727022843696
"SYVN1",0,3.29381038442507,0.134,0.019,0,"Plasma cells","SYVN1",0.441370591512959
"DERL1",0,2.22022903032617,0.157,0.043,0,"Plasma cells","DERL1",0.348575957761209
"MKI67",0,2.4364487185695,0.134,0.02,0,"Plasma cells","MKI67",0.326484128288313
"CFAP54",0,1.48919296688153,0.146,0.032,0,"Plasma cells","CFAP54",0.217422173164704
"BUB1",0,3.80337994737931,0.119,0.009,0,"Plasma cells","BUB1",0.452602213738137
"SLC17A9",0,3.62882653989492,0.125,0.015,0,"Plasma cells","SLC17A9",0.453603317486865
"ORAI2",0,2.48572374823002,0.14,0.031,0,"Plasma cells","ORAI2",0.348001324752203
"IGHA2",0,9.26520673104874,0.108,0,0,"Plasma cells","IGHA2",1.00064232695326
"SDF2L1",0,3.67637389326499,0.121,0.013,0,"Plasma cells","SDF2L1",0.444841241085064
"CEP97",0,2.58323042584413,0.135,0.028,0,"Plasma cells","CEP97",0.348736107488957
"SHCBP1",0,3.87358754662022,0.115,0.009,0,"Plasma cells","SHCBP1",0.445462567861325
"SLC1A4",0,2.96751164620564,0.127,0.021,0,"Plasma cells","SLC1A4",0.376873979068116
"ALDH18A1",0,2.70966927227519,0.134,0.029,0,"Plasma cells","ALDH18A1",0.363095682484875
"MANF",0,3.5267339447545,0.12,0.015,0,"Plasma cells","MANF",0.423208073370541
"MYBL2",0,4.60092239111508,0.11,0.005,0,"Plasma cells","MYBL2",0.506101463022659
"SLC25A42",0,2.52140478676281,0.127,0.023,0,"Plasma cells","SLC25A42",0.320218407918877
"PRDM15",0,2.73378866093142,0.129,0.025,0,"Plasma cells","PRDM15",0.352658737260153
"PARPBP",0,3.08608978028035,0.121,0.017,0,"Plasma cells","PARPBP",0.373416863413923
"SEC61B",0,2.66862583641019,0.132,0.029,0,"Plasma cells","SEC61B",0.352258610406146
"FKBP11",0,3.04443716002206,0.119,0.017,0,"Plasma cells","FKBP11",0.362288022042625
"TNFRSF13B",0,4.80417841868045,0.105,0.003,0,"Plasma cells","TNFRSF13B",0.504438733961447
"FANCA",0,2.58874406758838,0.126,0.025,0,"Plasma cells","FANCA",0.326181752516135
"KIF20B",0,1.93834239797963,0.132,0.032,0,"Plasma cells","KIF20B",0.255861196533311
"TOR3A",0,3.46205229535532,0.115,0.016,0,"Plasma cells","TOR3A",0.398136013965861
"GEN1",0,2.6227307188527,0.126,0.027,0,"Plasma cells","GEN1",0.33046407057544
"CBFA2T3",0,2.67799941257919,0.115,0.016,0,"Plasma cells","CBFA2T3",0.307969932446607
"C16orf74",0,4.08770336574627,0.106,0.007,0,"Plasma cells","C16orf74",0.433296556769105
"RASSF6",0,3.36012412395403,0.115,0.018,0,"Plasma cells","RASSF6",0.386414274254713
"NCF1",0,2.89469580616897,0.111,0.015,0,"Plasma cells","NCF1",0.321311234484755
"HIST1H1D",0,3.39016747900573,0.104,0.009,0,"Plasma cells","HIST1H1D",0.352577417816595
"CENPJ",0,2.45487218209896,0.122,0.027,0,"Plasma cells","CENPJ",0.299494406216073
"FBXL14",0,3.00221576571201,0.111,0.017,0,"Plasma cells","FBXL14",0.333245949994033
"SSR2",0,2.65442212515996,0.119,0.028,0,"Plasma cells","SSR2",0.315876232894035
"PLPP5",0,2.87960073378665,0.11,0.022,0,"Plasma cells","PLPP5",0.316756080716531
"HYOU1",0,2.97733728396168,0.107,0.019,0,"Plasma cells","HYOU1",0.3185750893839
"HMCES",0,2.80048495844931,0.107,0.02,0,"Plasma cells","HMCES",0.299651890554076
"HELLPAR",0,2.8939129350255,0.105,0.02,0,"Plasma cells","HELLPAR",0.303860858177677
"KNL1",0,2.45719939502794,0.1,0.016,0,"Plasma cells","KNL1",0.245719939502794
"RPL31",5.41767247881657e-308,1.74012654116983,0.212,0.073,1.60010956661847e-303,"Plasma cells","RPL3",0.368906826728004
"BRCA2",3.23445439714764e-306,2.48627865670991,0.119,0.028,9.55296106197555e-302,"Plasma cells","BRCA2",0.29586716014848
"SRP54",7.56507463573725e-306,1.76100116454466,0.275,0.114,2.234344793665e-301,"Plasma cells","SRP54",0.484275320249783
"LPIN11",1.03502482166597e-305,1.69476451519524,0.272,0.11,3.05694581079045e-301,"Plasma cells","LPIN1",0.460975948133105
"INPP4A2",8.34976113465271e-304,1.2241056198443,0.407,0.206,2.46610195111968e-299,"Plasma cells","INPP4A",0.498210987276632
"DNAJC31",3.93332718223796e-301,1.62070867563789,0.314,0.142,1.16170818327398e-296,"Plasma cells","DNAJC3",0.508902524150299
"PELI12",2.52654512065007e-298,1.82973455738411,0.365,0.178,7.46215101383997e-294,"Plasma cells","PELI1",0.667853113445201
"RPS192",2.45875536968511e-297,1.33716174780669,0.262,0.104,7.26193398436496e-293,"Plasma cells","RPS19",0.350336377925353
"VRK1",4.60329124646604e-296,1.95551674301804,0.145,0.039,1.35958206964375e-291,"Plasma cells","VRK1",0.283549927737616
"RIC11",2.0694668748634e-295,1.5022941774459,0.368,0.184,6.11217041490904e-291,"Plasma cells","RIC1",0.552844257300093
"ERLEC1",8.12670766936455e-293,2.37267390224427,0.139,0.038,2.40022311014682e-288,"Plasma cells","ERLEC1",0.329801672411954
"ITPR21",7.04747702303179e-291,1.20298068813482,0.553,0.358,2.08147233875244e-286,"Plasma cells","ITPR2",0.665248320538554
"LSP1",3.55936320414501e-285,2.01898767087495,0.114,0.027,1.05125792234423e-280,"Plasma cells","LSP1",0.230164594479744
"TXNDC15",9.69913857207258e-282,2.32088366297033,0.118,0.029,2.86464057726164e-277,"Plasma cells","TXNDC15",0.273864272230499
"TRAM12",2.27701008569922e-278,1.64124037265955,0.266,0.113,6.72514928811266e-274,"Plasma cells","TRAM1",0.43656993912744
"CENPE",8.08711905096546e-278,2.07630940588716,0.105,0.024,2.38853061170265e-273,"Plasma cells","CENPE",0.218012487618152
"STK41",1.8311888363776e-277,1.0171418745093,0.384,0.188,5.40841622824125e-273,"Plasma cells","STK4",0.39058247981157
"SETBP11",2.65383380398762e-274,1.01759472709647,0.341,0.157,7.83809814007742e-270,"Plasma cells","SETBP1",0.346999801939895
"PTPN24",7.29792709848962e-273,1.41437196853418,0.368,0.19,2.15544276853891e-268,"Plasma cells","PTPN2",0.520488884420576
"TMED3",7.66232199708663e-271,2.16827094583795,0.152,0.046,2.26306680183954e-266,"Plasma cells","TMED3",0.329577183767369
"DAP",1.177335059982e-267,1.92328987592116,0.2,0.073,3.47725909965684e-263,"Plasma cells","DAP",0.384657975184231
"BIRC3",7.61334707309767e-265,1.8301666431184,0.175,0.058,2.2486020580394e-260,"Plasma cells","BIRC3",0.320279162545721
"RALY1",3.79569841209689e-263,1.54207623606559,0.293,0.135,1.12105952601282e-258,"Plasma cells","RALY",0.451828337167216
"RPL7A",1.26916246265561e-262,1.7447298514475,0.174,0.058,3.74847133345334e-258,"Plasma cells","RPL7A",0.303582994151865
"TLK11",4.74271016076423e-262,1.23911537302973,0.407,0.225,1.40075944598172e-257,"Plasma cells","TLK1",0.5043199568231
"WWOX1",3.20036906091214e-259,1.06291667136261,0.611,0.442,9.45229002140401e-255,"Plasma cells","WWOX",0.649442086202557
"COBLL12",2.60505024199003e-258,1.38228406416503,0.324,0.155,7.69401588971754e-254,"Plasma cells","COBLL1",0.447860036789471
"TMED9",6.99860676639165e-257,2.17118899340442,0.143,0.043,2.06703850845377e-252,"Plasma cells","TMED9",0.310480026056832
"IFNAR22",1.03209412385748e-254,1.20445332556633,0.367,0.188,3.04828999481307e-250,"Plasma cells","IFNAR2",0.442034370482843
"C12orf45",9.25670690507922e-254,2.52320250379991,0.109,0.027,2.73396838441515e-249,"Plasma cells","C12orf45",0.27502907291419
"SLC10A7",2.34632612297434e-253,1.56528037884807,0.284,0.131,6.92987420420471e-249,"Plasma cells","SLC10A7",0.444539627592851
"TTC31",3.26354444165006e-249,1.15229904911265,0.476,0.298,9.63887850841345e-245,"Plasma cells","TTC3",0.548494347377619
"EIF5B",1.5556787708904e-246,1.48931065101725,0.287,0.134,4.59469724982479e-242,"Plasma cells","EIF5B",0.427432156841951
"KCNK6",5.0250002880845e-244,1.89639300004414,0.161,0.054,1.48413383508576e-239,"Plasma cells","KCNK6",0.305319273007107
"VPS37B1",8.29869281232334e-244,1.36993349783274,0.289,0.134,2.4510189221197e-239,"Plasma cells","VPS37B",0.395910780873663
"RAPGEF4",2.7444536263075e-243,1.4995850321829,0.137,0.04,8.1057437852992e-239,"Plasma cells","RAPGEF4",0.205443149409058
"PDIA6",4.86637801105711e-243,1.81590593962277,0.172,0.06,1.43728474556572e-238,"Plasma cells","PDIA6",0.312335821615116
"SEC62",2.96337957436064e-242,1.52281037456448,0.264,0.118,8.75234157287414e-238,"Plasma cells","SEC62",0.402021938885023
"TBC1D11",2.29123111368946e-241,1.28597787447206,0.319,0.155,6.76715109428183e-237,"Plasma cells","TBC1D1",0.410226941956587
"TBL1XR11",3.07120232722296e-241,1.03932862587863,0.562,0.389,9.07079607345302e-237,"Plasma cells","TBL1XR1",0.58410268774379
"MAN2A11",1.16338926047746e-240,1.12939937422528,0.384,0.207,3.43607018082018e-236,"Plasma cells","MAN2A1",0.433689359702507
"KLF131",1.62227131098414e-240,1.48498873397411,0.244,0.103,4.79137831699165e-236,"Plasma cells","KLF13",0.362337251089683
"CDV31",1.07672663456252e-238,1.80569194085193,0.187,0.069,3.18011211518041e-234,"Plasma cells","CDV3",0.337664392939311
"PVT11",2.02337889397985e-238,1.20378823788456,0.366,0.193,5.9760495633695e-234,"Plasma cells","PVT1",0.440586495065751
"GOLGA31",1.54529874727616e-237,1.72994918185864,0.224,0.093,4.56403985008013e-233,"Plasma cells","GOLGA3",0.387508616736335
"GTF2A1",4.32639378329708e-234,1.91528677421494,0.173,0.062,1.27780040389679e-229,"Plasma cells","GTF2A1",0.331344611939184
"NOP581",4.99071373771144e-234,1.43420117365232,0.265,0.12,1.47400730243307e-229,"Plasma cells","NOP58",0.380063311017866
"GMDS-DT1",3.87488475653122e-233,1.25776427901363,0.44,0.271,1.1444472128415e-228,"Plasma cells","GMDS-DT",0.553416282765998
"ARFGEF21",1.01374631445523e-232,1.38114516067392,0.338,0.179,2.99409973974352e-228,"Plasma cells","ARFGEF2",0.466827064307785
"TVP23C",1.02666695792108e-232,1.72851471764476,0.216,0.088,3.03226086021992e-228,"Plasma cells","TVP23C",0.373359179011268
"XYLT11",3.76568491843906e-232,1.0443848884156,0.289,0.131,1.11219504066098e-227,"Plasma cells","XYLT1",0.301827232752108
"CEP152",7.75697607376638e-231,1.75333342015947,0.148,0.048,2.2910228833869e-226,"Plasma cells","CEP152",0.259493346183602
"EHMT11",1.97645546572116e-229,1.47582098710106,0.455,0.292,5.83746121800745e-225,"Plasma cells","EHMT1",0.671498549130982
"STT3A",1.45316944498338e-226,2.17887017796398,0.119,0.034,4.29193595575841e-222,"Plasma cells","STT3A",0.259285551177714
"SIDT11",3.02210496525808e-225,1.38733957607546,0.157,0.052,8.92578701488973e-221,"Plasma cells","SIDT1",0.217812313443847
"BTAF1",2.34422350194671e-222,1.25667106983546,0.354,0.193,6.92366411299959e-218,"Plasma cells","BTAF1",0.444861558721754
"PLCL22",1.19644991000448e-221,1.00153794612501,0.34,0.172,3.53371480919824e-217,"Plasma cells","PLCL2",0.340522901682504
"SLC7A1",2.52952518479626e-221,2.01192913456479,0.133,0.041,7.47095263329576e-217,"Plasma cells","SLC7A1",0.267586574897117
"MEF2D",1.0073155523624e-219,1.57653898886039,0.192,0.074,2.97510648390235e-215,"Plasma cells","MEF2D",0.302695485861195
"DAPP1",1.35993619173744e-219,2.12636116263458,0.107,0.029,4.01657154229654e-215,"Plasma cells","DAPP1",0.2275206444019
"RPLP02",6.01580229473133e-219,1.51717047074378,0.177,0.066,1.7767672077489e-214,"Plasma cells","RPLP0",0.268539173321649
"JAK31",6.83305948902861e-219,1.3738685767551,0.118,0.033,2.0181441200846e-214,"Plasma cells","JAK3",0.162116492057101
"HELB1",3.99309151741581e-218,1.40915769004887,0.174,0.063,1.17935957966876e-213,"Plasma cells","HELB",0.245193438068503
"PARP1",1.1086925946107e-217,1.85096737845093,0.134,0.042,3.27452357818271e-213,"Plasma cells","PARP1",0.248029628712425
"LARGE12",1.70809539129424e-216,1.40029855700098,0.338,0.184,5.04485973818754e-212,"Plasma cells","LARGE1",0.473300912266332
"NRDC1",8.15880513724308e-214,1.21831009004254,0.366,0.205,2.40970309728475e-209,"Plasma cells","NRDC",0.445901492955569
"RTTN",5.00475233660036e-213,1.81191878206298,0.191,0.076,1.47815360261492e-208,"Plasma cells","RTTN",0.346076487374028
"UBXN41",2.88432944161633e-212,1.31317031086235,0.305,0.156,8.51886700581384e-208,"Plasma cells","UBXN4",0.400516944813018
"SAMD9L2",4.18191769676868e-212,1.40001470963643,0.23,0.1,1.23512939174063e-207,"Plasma cells","SAMD9L",0.32200338321638
"FAM171A1",6.06164942714358e-211,1.91513264725595,0.108,0.03,1.79030815830686e-206,"Plasma cells","FAM171A1",0.206834325903642
"UPF21",6.74143857096592e-211,1.26874546592968,0.339,0.183,1.99108388193478e-206,"Plasma cells","UPF2",0.430104712950161
"EZH2",1.17534477239091e-210,1.36118524381504,0.172,0.063,3.47138078525656e-206,"Plasma cells","EZH2",0.234123861936187
"ZNF7061",2.45579171105868e-210,1.57270796238607,0.203,0.083,7.25318081861182e-206,"Plasma cells","ZNF706",0.319259716364373
"SYK1",2.99339684665507e-210,1.20000451170496,0.284,0.137,8.84099758659574e-206,"Plasma cells","SYK",0.340801281324207
"OSTC",4.7673139585301e-210,2.24575517600914,0.12,0.037,1.40802617765186e-205,"Plasma cells","OSTC",0.269490621121096
"SLC33A1",9.88355772000073e-210,1.84307923382746,0.152,0.053,2.91910877260222e-205,"Plasma cells","SLC33A1",0.280148043541773
"RUVBL1",9.94298883019439e-210,1.87052655375395,0.154,0.054,2.93666175099791e-205,"Plasma cells","RUVBL1",0.288061089278108
"SRBD11",1.58707897096148e-208,1.34978420322859,0.296,0.151,4.68743774073473e-204,"Plasma cells","SRBD1",0.399536124155664
"EFHC11",6.51497786428678e-208,1.7298386993963,0.181,0.07,1.9241987122171e-203,"Plasma cells","EFHC1",0.313100804590731
"CCDC32",3.32615402002059e-207,1.99513114641099,0.129,0.041,9.82379589813081e-203,"Plasma cells","CCDC32",0.257371917887018
"NCAPG2",1.25301570693499e-206,1.89159416194751,0.104,0.029,3.70078189043248e-202,"Plasma cells","NCAPG2",0.196725792842541
"ATF4",2.75617170990874e-206,1.95756708678886,0.151,0.053,8.14035314521546e-202,"Plasma cells","ATF4",0.295592630105118
"ASB32",9.47145001052743e-205,1.30645413070078,0.342,0.19,2.79739276060928e-200,"Plasma cells","ASB3",0.446807312699668
"SEC23B",2.41301417821226e-204,1.72712026430508,0.17,0.064,7.1268373753499e-200,"Plasma cells","SEC23B",0.293610444931864
"UGGT11",5.25388748845411e-204,1.47996507389068,0.222,0.097,1.55173566971492e-199,"Plasma cells","UGGT1",0.32855224640373
"CABLES13",1.11850219399996e-203,1.98744299299297,0.205,0.088,3.30349622997887e-199,"Plasma cells","CABLES1",0.407425813563559
"FANCI",3.17911099765292e-203,1.80752291640763,0.106,0.03,9.3895043315679e-199,"Plasma cells","FANCI",0.191597429139209
"SERP1",8.91389218204565e-203,1.63542100524553,0.224,0.1,2.63271805596718e-198,"Plasma cells","SERP1",0.366334305174998
"MON21",1.199916765046e-202,1.07684242881089,0.442,0.281,3.54395416556335e-198,"Plasma cells","MON2",0.475964353534413
"SLC38A10",1.65311234061417e-202,1.58157351573661,0.202,0.085,4.88246729800396e-198,"Plasma cells","SLC38A10",0.319477850178796
"R3HDM1",1.74731563452982e-202,1.30426922874277,0.285,0.142,5.16069672658383e-198,"Plasma cells","R3HDM1",0.371716730191689
"PRKD3",5.27920395996764e-202,1.57167682147966,0.229,0.103,1.55921288957644e-197,"Plasma cells","PRKD3",0.359913992118842
"CDYL1",3.20693032015447e-201,1.44498741761912,0.271,0.134,9.47166870057622e-197,"Plasma cells","CDYL",0.391591590174781
"DUSP22",2.17931553490651e-200,1.72436153238592,0.167,0.063,6.43660843234637e-196,"Plasma cells","DUSP22",0.287968375908448
"SRP72",9.24047003688045e-200,1.85199169066596,0.149,0.053,2.72917282539264e-195,"Plasma cells","SRP72",0.275946761909228
"GRB21",7.01251770220946e-199,1.01303329484828,0.362,0.198,2.07114710334756e-194,"Plasma cells","GRB2",0.366718052735078
"CDKN1B",1.39242030165298e-198,1.8296014397285,0.102,0.029,4.11251336093208e-194,"Plasma cells","CDKN1B",0.186619346852307
"COPE",6.3384879216561e-198,2.11277895042881,0.113,0.034,1.87207240766113e-193,"Plasma cells","COPE",0.238744021398456
"UBA5",5.74748359698386e-197,1.91784812887467,0.132,0.044,1.69751928036918e-192,"Plasma cells","UBA5",0.253155953011457
"CENPP2",1.84657533327858e-196,1.52722762663759,0.228,0.103,5.4538602468383e-192,"Plasma cells","CENPP",0.348207898873371
"CARMIL12",3.00875290583423e-195,1.47101704802424,0.403,0.252,8.88635170738139e-191,"Plasma cells","CARMIL1",0.592819870353769
"GIGYF2",2.3773388695276e-192,1.11241609407103,0.407,0.253,7.02147035114977e-188,"Plasma cells","GIGYF2",0.452753350286907
"AKAP17A1",3.33913760362261e-192,1.63744688299863,0.179,0.072,9.86214291229937e-188,"Plasma cells","AKAP17A",0.293102992056755
"RUBCN1",1.40791554130486e-191,1.6583658258506,0.172,0.067,4.15827855124391e-187,"Plasma cells","RUBCN",0.285238922046303
"GOSR2",3.84574620588115e-190,1.71620493806606,0.147,0.053,1.135841141907e-185,"Plasma cells","GOSR2",0.252282125895711
"RPS4X",7.07550244046033e-190,1.91249603782035,0.112,0.034,2.08974964578996e-185,"Plasma cells","RPS4X",0.21419955623588
"BTD2",6.87672185369155e-189,1.83717320873583,0.246,0.119,2.0310397994878e-184,"Plasma cells","BTD",0.451944609349015
"ENTPD4",2.5514205313386e-184,1.57605500790937,0.172,0.069,7.53562053930855e-180,"Plasma cells","ENTPD4",0.271081461360412
"MAPKAPK21",2.74291907945322e-184,1.49735492929856,0.257,0.128,8.10121150116508e-180,"Plasma cells","MAPKAPK2",0.38482021682973
"USO11",7.45903204982154e-184,1.33613267710327,0.294,0.157,2.20302511591479e-179,"Plasma cells","USO1",0.392823007068361
"EDEM31",1.11992793640762e-183,1.42793234071251,0.235,0.111,3.3077071601799e-179,"Plasma cells","EDEM3",0.33556410006744
"SEMA4A1",2.87325540345539e-183,1.35470613367804,0.113,0.035,8.4861598341055e-179,"Plasma cells","SEMA4A",0.153081793105618
"SMARCB1",1.37453506613024e-182,2.000444673704,0.115,0.037,4.05968931781566e-178,"Plasma cells","SMARCB1",0.23005113747596
"BTN3A21",6.88993440230287e-182,1.44167582941612,0.15,0.055,2.03494212572015e-177,"Plasma cells","BTN3A2",0.216251374412417
"KLHDC4",1.27716367150091e-181,1.53334975808682,0.162,0.063,3.77210290377795e-177,"Plasma cells","KLHDC4",0.248402660810065
"SEC31A1",2.96600106716753e-181,1.20279923851594,0.36,0.216,8.7600841518793e-177,"Plasma cells","SEC31A",0.433007725865739
"APOLD1",1.34673216929991e-179,1.56718700082801,0.11,0.034,3.97757346202729e-175,"Plasma cells","APOLD1",0.172390570091081
"AARS",2.34448549602115e-178,2.10259306942578,0.107,0.033,6.92443791249845e-174,"Plasma cells","AARS",0.224977458428559
"ANKRD36B",2.93601557592595e-178,1.58557200124839,0.174,0.072,8.6715220034973e-174,"Plasma cells","ANKRD36B",0.27588952821722
"CAMKMT",3.39813241229494e-178,1.03579739040009,0.408,0.256,1.00363840797131e-173,"Plasma cells","CAMKMT",0.422605335283236
"TLE11",3.47705804208344e-178,1.6174024293146,0.161,0.063,1.02694909272935e-173,"Plasma cells","TLE1",0.260401791119651
"ATP11B1",6.66656590471083e-178,1.12389000591934,0.37,0.22,1.96897023995634e-173,"Plasma cells","ATP11B",0.415839302190154
"IDE",3.32542268392656e-176,1.59869673381052,0.183,0.078,9.82163589697709e-172,"Plasma cells","IDE",0.292561502287325
"PTPN16",6.32683692362048e-176,1.21767098183234,0.387,0.236,1.86863128539131e-171,"Plasma cells","PTPN1",0.471238669969117
"CANX1",3.40572008009018e-175,1.32814586991313,0.251,0.125,1.00587942565463e-170,"Plasma cells","CANX",0.333364613348195
"PABPC41",2.30640650046959e-174,1.57633201791884,0.172,0.07,6.81197159913693e-170,"Plasma cells","PABPC4",0.271129107082041
"ZBTB381",2.37063431164795e-174,1.40511639857652,0.26,0.134,7.00166843945222e-170,"Plasma cells","ZBTB38",0.365330263629895
"MEF2C-AS1",7.15675593804578e-174,1.76335077403637,0.121,0.041,2.11374786630182e-169,"Plasma cells","MEF2C-AS1",0.2133654436584
"GNL3",2.03272488999363e-173,1.75859890500588,0.149,0.057,6.00365296259618e-169,"Plasma cells","GNL3",0.262031236845876
"RYBP1",4.25584202972732e-173,1.32534023075423,0.251,0.125,1.25696294347996e-168,"Plasma cells","RYBP",0.332660397919312
"GFPT11",1.53215974023274e-172,1.34199069655971,0.273,0.144,4.52523379277739e-168,"Plasma cells","GFPT1",0.3663634601608
"RPS8",4.96736188487965e-172,1.54835488983942,0.144,0.054,1.4671103326992e-167,"Plasma cells","RPS8",0.222963104136876
"UBE2O",3.1561303073806e-171,1.58487568328791,0.15,0.058,9.32163086284859e-167,"Plasma cells","UBE2O",0.237731352493186
"ARHGAP422",1.91080777930294e-170,1.28977834833738,0.219,0.103,5.64357077617122e-166,"Plasma cells","ARHGAP42",0.282461458285887
"ARFGAP3",6.41691328380225e-170,1.36378410707201,0.242,0.12,1.895235338371e-165,"Plasma cells","ARFGAP3",0.330035753911428
"COPB21",3.47990501426248e-169,1.66385837273571,0.183,0.08,1.02778994596242e-164,"Plasma cells","COPB2",0.304486082210636
"SIL11",1.63688673440099e-167,1.25872182425821,0.308,0.175,4.83454497005331e-163,"Plasma cells","SIL1",0.387686321871527
"RFC3",1.15200981200019e-166,1.6594054486131,0.112,0.037,3.40246097974255e-162,"Plasma cells","RFC3",0.185853410244667
"CKAP41",2.20244768433452e-164,1.54146264800664,0.117,0.04,6.504929235682e-160,"Plasma cells","CKAP4",0.180351129816777
"ANKRD361",9.42934164191754e-164,1.141809062548,0.312,0.175,2.78495605394035e-159,"Plasma cells","ANKRD36",0.356244427514975
"GALK2",1.56165284714275e-163,1.3538527678915,0.254,0.132,4.61234168403612e-159,"Plasma cells","GALK2",0.343878603044441
"ERGIC2",1.82167636617803e-162,1.63942849243031,0.152,0.061,5.3803211475068e-158,"Plasma cells","ERGIC2",0.249193130849408
"IARS",1.2123860257053e-161,1.46838858953107,0.196,0.09,3.5807821269206e-157,"Plasma cells","IARS",0.28780416354809
"TMEM184B1",4.17253351390879e-161,1.76097759588454,0.156,0.064,1.23235777333296e-156,"Plasma cells","TMEM184B",0.274712504957988
"NAP1L41",8.023306698377e-160,1.00606492017994,0.306,0.169,2.36968363336565e-155,"Plasma cells","NAP1L4",0.307855865575062
"MPP6",1.17884009286031e-159,1.65284484856407,0.136,0.052,3.48170421426294e-155,"Plasma cells","MPP6",0.224786899404714
"MLEC",2.62760483881234e-159,1.75861065821359,0.142,0.055,7.76063089143224e-155,"Plasma cells","MLEC",0.24972271346633
"TCEA1",3.17005430855557e-159,1.46610468800255,0.207,0.098,9.36275540031887e-155,"Plasma cells","TCEA1",0.303483670416528
"SELENOT1",2.16685950700373e-158,1.5589053507768,0.146,0.057,6.39981955393552e-154,"Plasma cells","SELENOT",0.227600181213413
"XRRA1",3.51314412757594e-157,1.43255073318397,0.217,0.105,1.03760711807955e-152,"Plasma cells","XRRA1",0.310863509100922
"AVEN1",4.13110486391188e-157,1.64191937474599,0.156,0.064,1.22012182155637e-152,"Plasma cells","AVEN",0.256139422460375
"TRABD",1.56433176303682e-156,1.67616504055985,0.112,0.038,4.62025386212926e-152,"Plasma cells","TRABD",0.187730484542703
"ZNF107",1.58861044573743e-156,1.76116605521961,0.11,0.037,4.69196095148549e-152,"Plasma cells","ZNF107",0.193728266074158
"NBAS",4.51081058916178e-153,1.00478455244665,0.389,0.25,1.33226790750893e-148,"Plasma cells","NBAS",0.390861190901749
"TESK21",2.29852944273398e-152,1.71328807216095,0.133,0.051,6.78870670911481e-148,"Plasma cells","TESK2",0.227867313597406
"IRF21",7.35606626890338e-152,1.25482999159065,0.24,0.123,2.17261417252061e-147,"Plasma cells","IRF2",0.301159197981756
"FGFR1OP21",1.61415389923992e-151,1.39579406326019,0.194,0.09,4.76740354140512e-147,"Plasma cells","FGFR1OP2",0.270784048272476
"MRPS31",2.12132786612035e-151,1.49131566761036,0.165,0.071,6.26534185258646e-147,"Plasma cells","MRPS31",0.24606708515571
"LMAN2",2.83892316759315e-150,1.88721475203464,0.107,0.037,8.38475957548637e-146,"Plasma cells","LMAN2",0.201931978467707
"MARCH8",4.09210240360774e-149,1.35623402453731,0.164,0.07,1.20860244490555e-144,"Plasma cells","MARCH8",0.222422380024119
"HSP90AA11",4.4679704018866e-149,1.15739566262067,0.453,0.304,1.31961505819721e-144,"Plasma cells","HSP90AA1",0.524300235167164
"RBM33",3.75085340476065e-148,1.19705687017479,0.378,0.243,1.10781455309606e-143,"Plasma cells","RBM33",0.452487496926071
"UFM1",5.15427944582825e-148,1.8192698452451,0.131,0.051,1.52231643432537e-143,"Plasma cells","UFM1",0.238324349727108
"EEF1D1",6.70286342032769e-148,1.38470189297328,0.178,0.08,1.97969071119378e-143,"Plasma cells","EEF1D",0.246476936949243
"CYBC1",1.61497782019199e-147,1.70300371662831,0.107,0.037,4.76983699193704e-143,"Plasma cells","CYBC1",0.18222139767923
"RPL37A2",2.23043890524131e-147,1.23674437233497,0.171,0.075,6.58760130663021e-143,"Plasma cells","RPL37A",0.211483287669281
"JMY",4.89379062042906e-147,1.51234416075747,0.164,0.071,1.44538105974372e-142,"Plasma cells","JMY",0.248024442364225
"PPFIBP21",3.53977327217624e-146,1.59994428742314,0.151,0.063,1.04547203593725e-141,"Plasma cells","PPFIBP2",0.241591587400895
"GOLGB11",4.56380864784064e-146,1.09584505380675,0.348,0.217,1.34792088413973e-141,"Plasma cells","GOLGB1",0.381354078724749
"OS91",2.17276707840822e-145,1.53602647224586,0.156,0.067,6.41726756607866e-141,"Plasma cells","OS9",0.239620129670355
"CCDC88B",1.63003632152363e-144,1.3972588851577,0.105,0.035,4.81431227562003e-140,"Plasma cells","CCDC88B",0.146712182941559
"ERO1B",1.66201854335117e-143,1.42130536885165,0.145,0.059,4.90877176778769e-139,"Plasma cells","ERO1B",0.206089278483489
"NSUN61",1.9871351537542e-143,1.30363725398373,0.203,0.098,5.86900367661302e-139,"Plasma cells","NSUN6",0.264638362558697
"ACAP11",2.61161540155046e-143,1.02797739794233,0.118,0.042,7.71340608847929e-139,"Plasma cells","ACAP1",0.121301332957195
"TMPO",8.38980474790242e-143,1.24721128457793,0.15,0.062,2.47792883229298e-138,"Plasma cells","TMPO",0.187081692686689
"ARMCX3",1.25507676193054e-142,1.77210290412523,0.119,0.045,3.70686921636184e-138,"Plasma cells","ARMCX3",0.210880245590903
"COL4A42",5.07341663492278e-140,1.36257560488653,0.158,0.068,1.49843360312444e-135,"Plasma cells","COL4A4",0.215286945572072
"ENTPD11",1.23867987197437e-139,1.28425134992687,0.18,0.082,3.65844100187629e-135,"Plasma cells","ENTPD1",0.231165242986837
"MTRNR2L122",1.93140808809538e-139,1.07917170958516,0.278,0.155,5.70441378818971e-135,"Plasma cells","MTRNR2L12",0.300009735264675
"CCNC1",3.24783847971874e-139,1.56319428612445,0.156,0.068,9.59249094984931e-135,"Plasma cells","CCNC",0.243858308635414
"CCM21",1.16886441429149e-137,1.07388609264353,0.249,0.133,3.45224104760992e-133,"Plasma cells","CCM2",0.267397637068239
"PARVB1",1.74752554060032e-137,1.46861455591642,0.161,0.071,5.16131668416306e-133,"Plasma cells","PARVB",0.236446943502543
"RPN1",3.49416417120682e-137,1.73826081454658,0.11,0.04,1.03200138796593e-132,"Plasma cells","RPN1",0.191208689600124
"KLHL5",7.7670643854991e-137,1.30329613989648,0.184,0.086,2.29400246625716e-132,"Plasma cells","KLHL5",0.239806489740953
"PRPSAP2",3.45247795592871e-135,1.68712328838756,0.119,0.045,1.01968936428354e-130,"Plasma cells","PRPSAP2",0.20076767131812
"NCAPD3",2.8694980983259e-134,1.50725447793188,0.101,0.035,8.47506263340554e-130,"Plasma cells","NCAPD3",0.15223270227112
"EIF5",4.85366195763696e-134,1.40377547959898,0.188,0.091,1.43352905918808e-129,"Plasma cells","EIF5",0.263909790164608
"KIZ1",4.72993617827906e-133,1.48157133074922,0.161,0.072,1.39698665025472e-128,"Plasma cells","KIZ",0.238532984250625
"MDM21",1.62486477148163e-132,1.4196533043307,0.297,0.181,4.799038102571e-128,"Plasma cells","MDM2",0.421637031386218
"SRSF2",1.81253098058648e-132,1.59628766440506,0.134,0.055,5.35331025116218e-128,"Plasma cells","SRSF2",0.213902547030278
"ANAPC51",2.01331878519274e-132,1.26185602361852,0.211,0.108,5.94633703206676e-128,"Plasma cells","ANAPC5",0.266251620983507
"SUCO",2.33632093965066e-132,1.16657706523212,0.212,0.108,6.90032389525822e-128,"Plasma cells","SUCO",0.24731433782921
"SRPK1",3.32293535453157e-132,1.319540240193,0.192,0.094,9.81428956960899e-128,"Plasma cells","SRPK1",0.253351726117057
"ARL5A",4.487997493382e-132,1.40626762656571,0.174,0.081,1.32553005967037e-127,"Plasma cells","ARL5A",0.244690567022433
"TMEM1171",5.83663697160463e-132,1.24217142913436,0.25,0.139,1.72385072956343e-127,"Plasma cells","TMEM117",0.31054285728359
"ARF42",1.09971707907689e-131,1.54313727298691,0.16,0.072,3.2480143930536e-127,"Plasma cells","ARF4",0.246901963677905
"TRIP11",1.70150101490351e-131,1.32891257619066,0.232,0.125,5.0253832475175e-127,"Plasma cells","TRIP11",0.308307717676232
"PRCP1",4.04111622945122e-128,1.75702131098133,0.106,0.039,1.19354367836842e-123,"Plasma cells","PRCP",0.186244258964021
"CLINT11",4.35383931394517e-128,1.15311488929414,0.279,0.164,1.28590644137371e-123,"Plasma cells","CLINT1",0.321719054113066
"KDM5D",1.10159115248196e-127,1.6272537546823,0.12,0.048,3.25354946885548e-123,"Plasma cells","KDM5D",0.195270450561876
"CALR1",1.29091362082921e-127,1.43538340343528,0.154,0.069,3.81271337911907e-123,"Plasma cells","CALR",0.221049044129033
"RAD17",4.41895497877338e-123,1.73836953146725,0.111,0.043,1.30513835298072e-118,"Plasma cells","RAD17",0.192959017992865
"ALG5",5.90705655667639e-123,1.84650860126202,0.101,0.037,1.74464915401437e-118,"Plasma cells","ALG5",0.186497368727464
"EEF1G",9.35005563045451e-122,1.50095382981477,0.117,0.047,2.76153893045474e-117,"Plasma cells","EEF1G",0.175611598088328
"HS2ST11",1.14229122663478e-121,1.08592321713699,0.266,0.155,3.37375713786582e-117,"Plasma cells","HS2ST1",0.288855575758438
"RBBP4",1.73021897850739e-121,1.28711894061665,0.183,0.09,5.11020175302159e-117,"Plasma cells","RBBP4",0.235542766132847
"RPL211",2.36398554320166e-121,1.29801167253659,0.141,0.061,6.98203130184611e-117,"Plasma cells","RPL21",0.18301964582766
"GORASP2",1.40389762698359e-120,1.6252026286961,0.121,0.05,4.14641164129603e-116,"Plasma cells","GORASP2",0.196649518072228
"MPHOSPH91",3.1047470011403e-120,1.27821619348805,0.163,0.076,9.16987026786788e-116,"Plasma cells","MPHOSPH9",0.208349239538552
"ESR22",1.04200328561126e-119,1.43275152577375,0.158,0.073,3.07755670405284e-115,"Plasma cells","ESR2",0.226374741072252
"NCAPD2",3.71250209951135e-119,1.59236158051631,0.1,0.037,1.09648749509068e-114,"Plasma cells","NCAPD2",0.159236158051631
"TENT4A1",4.68169398663315e-119,1.16161097312384,0.214,0.114,1.3827383189521e-114,"Plasma cells","TENT4A",0.248584748248502
"ST3GAL21",1.52459350785522e-118,1.37627357277107,0.131,0.056,4.5028869254504e-114,"Plasma cells","ST3GAL2",0.18029183803301
"CYTH41",2.13008113802423e-118,1.27166429779877,0.117,0.047,6.29119464115456e-114,"Plasma cells","CYTH4",0.148784722842457
"NFXL1",2.19801652334632e-118,1.53526870868219,0.124,0.051,6.49184180170337e-114,"Plasma cells","NFXL1",0.190373319876591
"FAR21",2.23797870325676e-118,1.63844476372623,0.194,0.1,6.60987010006883e-114,"Plasma cells","FAR2",0.317858284162888
"HSPA1B1",2.68020791621323e-118,1.25030835403709,0.175,0.085,7.91599408053576e-114,"Plasma cells","HSPA1B",0.218803961956492
"SNRNP70",3.11903733926284e-118,1.17763039978874,0.263,0.156,9.21207678151281e-114,"Plasma cells","SNRNP70",0.309716795144439
"PCMTD1",3.83569314377859e-118,1.08382556415357,0.313,0.199,1.13287197001501e-113,"Plasma cells","PCMTD1",0.339237401580068
"CD99L2",8.09172203142947e-118,1.59888155858576,0.141,0.063,2.38989010198269e-113,"Plasma cells","CD99L2",0.225442299760592
"MMS22L",8.85851306905081e-118,1.31557603807178,0.157,0.073,2.61636183494416e-113,"Plasma cells","MMS22L",0.206545437977269
"UAP11",1.14706855986564e-117,1.31088183276552,0.115,0.046,3.38786699156315e-113,"Plasma cells","UAP1",0.150751410768035
"LIN54",1.37237506651008e-117,1.43801465369868,0.131,0.056,4.05330975893752e-113,"Plasma cells","LIN54",0.188379919634527
"CALU1",1.72962231526024e-117,1.19910742576506,0.218,0.118,5.10843950812113e-113,"Plasma cells","CALU",0.261405418816783
"GANAB",2.06279381806445e-117,1.60284562947304,0.128,0.055,6.09246154165337e-113,"Plasma cells","GANAB",0.205164240572549
"TM9SF31",8.0815817465862e-117,1.02143606079115,0.291,0.178,2.38689516885423e-112,"Plasma cells","TM9SF3",0.297237893690224
"PLEKHA8",4.3389045403481e-116,1.78808601821443,0.122,0.051,1.28149545599181e-111,"Plasma cells","PLEKHA8",0.21814649422216
"ELK31",9.41656064909815e-116,1.08764057163462,0.187,0.094,2.78118118771114e-111,"Plasma cells","ELK3",0.203388786895675
"AFTPH1",8.77712897869572e-115,1.06311947389474,0.251,0.144,2.59232504385778e-110,"Plasma cells","AFTPH",0.266842987947581
"ACBD31",1.22195957105929e-114,1.24860080092153,0.225,0.125,3.60905759312363e-110,"Plasma cells","ACBD3",0.280935180207345
"COPG1",1.44901086961228e-114,1.67540188463168,0.107,0.042,4.27965360339986e-110,"Plasma cells","COPG1",0.17926800165559
"PPM1K",8.85458344607183e-114,1.38684574029527,0.127,0.054,2.61520122079732e-109,"Plasma cells","PPM1K",0.176129409017499
"ERAP21",9.80105626280119e-114,1.13845978208744,0.161,0.076,2.89474196721833e-109,"Plasma cells","ERAP2",0.183292024916078
"ABCA52",2.4659009656168e-113,1.33003758673607,0.185,0.095,7.28303850194923e-109,"Plasma cells","ABCA5",0.246056953546173
"RPSA",4.02433266883994e-113,1.12655394915392,0.149,0.068,1.18858665374188e-108,"Plasma cells","RPSA",0.167856538423934
"SCFD22",4.29991100117156e-113,1.05570076317991,0.283,0.172,1.26997871419602e-108,"Plasma cells","SCFD2",0.298763315979915
"CSNK1E1",1.94476735312676e-112,1.4211558636841,0.16,0.078,5.74387037745989e-108,"Plasma cells","CSNK1E",0.227384938189456
"NBEA1",1.43131609550143e-111,1.11163160963939,0.215,0.117,4.22739208806346e-107,"Plasma cells","NBEA",0.239000796072469
"EDRF1",1.57062773640078e-110,1.50208247417431,0.123,0.052,4.63884901945971e-106,"Plasma cells","EDRF1",0.18475614432344
"ACADVL1",2.58057476645204e-108,1.41684905337387,0.176,0.09,7.62172757271611e-104,"Plasma cells","ACADVL",0.249365433393802
"ATG4C1",3.90830435205405e-107,1.34133189216695,0.133,0.059,1.15431769037916e-102,"Plasma cells","ATG4C",0.178397141658204
"ELL3",5.61790280702386e-107,1.08463262333112,0.184,0.094,1.6592475940545e-102,"Plasma cells","ELL",0.199572402692925
"GCN1",7.33334070690425e-106,1.4833505039163,0.122,0.053,2.16590217778417e-101,"Plasma cells","GCN1",0.180968761477788
"LBR",8.2941376095712e-106,1.12540231758393,0.138,0.063,2.44967354298685e-101,"Plasma cells","LBR",0.155305519826583
"HBS1L",1.90109634638566e-105,1.22369306802052,0.166,0.083,5.61488805905004e-101,"Plasma cells","HBS1L",0.203133049291406
"MICAL31",8.21709231405929e-105,1.08218632541821,0.163,0.08,2.42691821495741e-100,"Plasma cells","MICAL3",0.176396371043168
"RPL18",1.01641936803748e-104,1.16296119786415,0.121,0.052,3.00199460349869e-100,"Plasma cells","RPL18",0.140718304941562
"MORF4L21",1.02759447358695e-104,1.22661079418698,0.207,0.115,3.03500027773904e-100,"Plasma cells","MORF4L2",0.253908434396705
"OXCT1",1.2000336608921e-103,1.27458032059256,0.118,0.05,3.54429941744483e-99,"Plasma cells","OXCT1",0.150400477829923
"SLC12A62",1.42256036566891e-103,1.17407527245745,0.207,0.114,4.20153204000313e-99,"Plasma cells","SLC12A6",0.243033581398692
"CARHSP1",2.86378633420461e-102,1.56216453219919,0.119,0.052,8.45819293807332e-98,"Plasma cells","CARHSP1",0.185897579331704
"PRRC1",1.75525827261628e-101,1.69413754817849,0.111,0.047,5.18415530817218e-97,"Plasma cells","PRRC1",0.188049267847812
"SLC30A71",4.9584316841625e-101,1.08761066869999,0.228,0.131,1.46447279791739e-96,"Plasma cells","SLC30A7",0.247975232463597
"CARS",5.63312616035824e-101,1.49746515240571,0.135,0.063,1.66374381146181e-96,"Plasma cells","CARS",0.202157795574771
"GARS",3.59408790545891e-100,1.55008530559265,0.13,0.06,1.06151386287729e-95,"Plasma cells","GARS",0.201511089727045
"TBC1D92",4.90849239603539e-99,1.54730533869577,0.192,0.107,1.44972322916905e-94,"Plasma cells","TBC1D9",0.297082625029588
"RPL10",5.37720495662884e-99,1.14505417447872,0.124,0.055,1.58815748394033e-94,"Plasma cells","RPL10",0.141986717635361
"RPS27A",3.57188926445545e-98,1.18599878948813,0.127,0.058,1.05495749425692e-93,"Plasma cells","RPS27A",0.150621846264993
"METTL7A1",9.04522866779453e-98,1.4266781336537,0.124,0.056,2.67150828703311e-93,"Plasma cells","METTL7A",0.176908088573059
"SUZ121",3.28534116509128e-97,1.11076759829617,0.204,0.114,9.7032551310971e-93,"Plasma cells","SUZ12",0.226596590052419
"EVI2B",1.38473303709011e-95,1.42137734727957,0.102,0.042,4.08980902504565e-91,"Plasma cells","EVI2B",0.144980489422516
"BARD1",5.15182374914519e-95,1.27597612788172,0.122,0.055,1.52159114431003e-90,"Plasma cells","BARD1",0.15566908760157
"VPS361",1.92284341136391e-94,1.15492336711195,0.19,0.104,5.6791180154633e-90,"Plasma cells","VPS36",0.219435439751271
"OTUD5",8.52576322591742e-94,1.53369159412038,0.11,0.048,2.51808416877471e-89,"Plasma cells","OTUD5",0.168706075353242
"RPL35",8.91941132394622e-94,1.20906290891461,0.107,0.046,2.63434813452751e-89,"Plasma cells","RPL35",0.129369731253863
"SETDB21",7.65640266160768e-93,1.23506934613368,0.157,0.08,2.26131852610583e-88,"Plasma cells","SETDB2",0.193905887342988
"SDHA",1.07370357302325e-92,1.27745583015951,0.144,0.071,3.17118350292418e-88,"Plasma cells","SDHA",0.18395363954297
"NCL",3.26456138331662e-92,1.27263903090713,0.147,0.073,9.64188204562564e-88,"Plasma cells","NCL",0.187077937543348
"SELENOI",7.84711970386771e-92,1.2579279503615,0.141,0.069,2.31764680453733e-87,"Plasma cells","SELENOI",0.177367841000971
"AK3",2.14369004464233e-91,1.2453208327538,0.15,0.076,6.33138854685112e-87,"Plasma cells","AK3",0.18679812491307
"RPS32",2.60419974530684e-91,1.05458621131936,0.134,0.064,7.69150394776377e-87,"Plasma cells","RPS3",0.141314552316794
"COG61",8.35234740005086e-91,1.31966633644818,0.158,0.083,2.46686580460502e-86,"Plasma cells","COG6",0.208507281158813
"INSR",1.09961284191331e-90,1.13188735326691,0.259,0.164,3.24770652859096e-86,"Plasma cells","INSR",0.293158824496131
"USP7",1.24131476654304e-89,1.00522456860743,0.191,0.106,3.66622316298488e-85,"Plasma cells","USP7",0.191997892604019
"MLKL",1.28494779658118e-89,1.31801124243257,0.101,0.043,3.79509331720253e-85,"Plasma cells","MLKL",0.13311913548569
"PIEZO11",1.55345647853306e-88,1.13511973210538,0.142,0.07,4.58813370934739e-84,"Plasma cells","PIEZO1",0.161187001958964
"TNK2",6.30108243930834e-87,1.16145617363045,0.125,0.059,1.86102469844972e-82,"Plasma cells","TNK2",0.145182021703806
"GYS1",5.89015664718407e-86,1.38093110266726,0.118,0.055,1.73965776574581e-81,"Plasma cells","GYS1",0.162949870114737
"XPO5",7.21576081606607e-86,1.51308123738027,0.1,0.043,2.13117495702511e-81,"Plasma cells","XPO5",0.151308123738027
"ARF11",8.46699535610524e-85,1.15473949277226,0.177,0.098,2.50072707842568e-80,"Plasma cells","ARF1",0.20438889022069
"RAD18",9.14971782820206e-85,1.42975828215883,0.103,0.045,2.70236916055948e-80,"Plasma cells","RAD18",0.147265103062359
"SS181",9.67283619044779e-85,1.03893127923862,0.208,0.123,2.85687216884876e-80,"Plasma cells","SS18",0.216097706081632
"PRKD2",3.11465642333791e-84,1.15407753217094,0.13,0.063,9.19913774632853e-80,"Plasma cells","PRKD2",0.150030079182222
"RPL6",4.67993997353946e-84,1.23043722162348,0.107,0.048,1.38222027118488e-79,"Plasma cells","RPL6",0.131656782713712
"INSIG2",8.64881617834017e-84,1.57240844576073,0.111,0.052,2.55442785827277e-79,"Plasma cells","INSIG2",0.174537337479441
"WRN1",1.63342079788937e-83,1.09480596077697,0.21,0.125,4.82430832656626e-79,"Plasma cells","WRN",0.229909251763164
"RGS11",1.70163531286362e-83,1.34617770001114,0.113,0.052,5.0257798965427e-79,"Plasma cells","RGS1",0.152118080101259
"Z93930.2",2.1371046630088e-82,1.36492512379787,0.106,0.048,6.3119386221965e-78,"Plasma cells","Z93930.2",0.144682063122574
"MACO1",5.62183916645791e-81,1.11119084759687,0.162,0.088,1.66041019781334e-76,"Plasma cells","MACO1",0.180012917310693
"AP3D1",4.31011704252284e-80,1.04822402862611,0.203,0.121,1.27299306850912e-75,"Plasma cells","AP3D1",0.2127894778111
"HSPA82",1.031944398465e-79,1.31362707316684,0.159,0.086,3.04784778086639e-75,"Plasma cells","HSPA8",0.208866704633527
"MTG1",1.10771649743856e-79,1.1910865355981,0.141,0.073,3.27164067518478e-75,"Plasma cells","MTG1",0.167943201519332
"VCP",4.21696639333344e-79,1.34159543291963,0.129,0.065,1.24548102427103e-74,"Plasma cells","VCP",0.173065810846633
"DNAJC10",1.05495136220681e-78,1.27098435403947,0.147,0.078,3.11579884827782e-74,"Plasma cells","DNAJC10",0.186834700043802
"AKR1A11",2.01693413420462e-78,1.48015041204008,0.107,0.05,5.95701496537333e-74,"Plasma cells","AKR1A1",0.158376094088289
"BRCA1",2.68316587437547e-78,1.38397155747021,0.1,0.045,7.92473040996796e-74,"Plasma cells","BRCA1",0.138397155747021
"ZNF37A1",8.68791439206699e-78,1.12195077010526,0.167,0.093,2.56597551569698e-73,"Plasma cells","ZNF37A",0.187365778607579
"EIF2S2",3.55486924441612e-77,1.29876938069169,0.138,0.072,1.0499306313383e-72,"Plasma cells","EIF2S2",0.179230174535453
"ZBTB8OS",3.75651660342219e-77,1.28170247441235,0.133,0.068,1.10948717882074e-72,"Plasma cells","ZBTB8OS",0.170466429096842
"C1GALT1",1.08417719213948e-76,1.07762338497737,0.16,0.088,3.20211733698397e-72,"Plasma cells","C1GALT1",0.172419741596379
"LTN1",1.46731421335182e-75,1.07844325940949,0.149,0.08,4.33371252913461e-71,"Plasma cells","LTN1",0.160688045652014
"INTS8",4.85826296035201e-74,1.27489137574459,0.123,0.062,1.43488796533997e-69,"Plasma cells","INTS8",0.156811639216585
"OSBP",5.27625695837751e-74,1.23222911018945,0.132,0.069,1.5583424926568e-69,"Plasma cells","OSBP",0.162654242545007
"SEC13",1.62067258095522e-73,1.27547992092381,0.122,0.062,4.78665646785125e-69,"Plasma cells","SEC13",0.155608550352705
"IFNAR11",5.37794374090405e-73,1.16250206671335,0.144,0.078,1.58837568387601e-68,"Plasma cells","IFNAR1",0.167400297606722
"CCDC1862",7.37036967455815e-73,1.1727758278927,0.16,0.09,2.17683868338075e-68,"Plasma cells","CCDC186",0.187644132462831
"GTPBP1",1.83704812476288e-72,1.26930052586241,0.108,0.052,5.42572163648716e-68,"Plasma cells","GTPBP1",0.13708445679314
"RPL8",2.47042067447499e-72,1.02779358521802,0.109,0.052,7.29638746206189e-68,"Plasma cells","RPL8",0.112029500788764
"MIA3",5.13913563341034e-72,1.13080434780105,0.146,0.079,1.51784370932774e-67,"Plasma cells","MIA3",0.165097434778954
"UCHL5",1.07886347891077e-71,1.24293487291858,0.108,0.052,3.18642328496296e-67,"Plasma cells","UCHL5",0.134236966275207
"PSMA5",1.21751856295513e-71,1.23926297491718,0.114,0.056,3.59594107568799e-67,"Plasma cells","PSMA5",0.141275979140558
"TARSL2",3.10131041864631e-71,1.06284408003357,0.124,0.063,9.15972032147187e-67,"Plasma cells","TARSL2",0.131792665924162
"TMED102",3.16193916998853e-71,1.13440938648329,0.163,0.093,9.33878733856113e-67,"Plasma cells","TMED10",0.184908729996776
"TLE31",4.11812497848492e-71,1.00204342516722,0.13,0.067,1.21628821239552e-66,"Plasma cells","TLE3",0.130265645271738
"SUPT5H",8.68054524329166e-71,1.10043121803435,0.157,0.089,2.56379903760619e-66,"Plasma cells","SUPT5H",0.172767701231394
"TMEM140",4.11615057401523e-70,1.61246257815368,0.1,0.047,1.2157050720354e-65,"Plasma cells","TMEM140",0.161246257815368
"APOL61",2.11549248990857e-69,1.07043537665454,0.159,0.09,6.24810706894496e-65,"Plasma cells","APOL6",0.170199224888072
"COG3",3.86948040478956e-69,1.14115229608991,0.144,0.079,1.1428510375546e-64,"Plasma cells","COG3",0.164325930636947
"FAAH22",9.34168206806786e-69,1.38540408613874,0.145,0.081,2.75906579880384e-64,"Plasma cells","FAAH2",0.200883592490117
"OSBPL101",9.59307535817345e-69,1.08823064013251,0.195,0.121,2.83331480703653e-64,"Plasma cells","OSBPL10",0.21220497482584
"CCPG11",1.94607354294748e-68,1.26761586953262,0.175,0.105,5.7477282090954e-64,"Plasma cells","CCPG1",0.221832777168208
"EIF3J",6.30498897402844e-68,1.1327333528673,0.139,0.075,1.8621784934793e-63,"Plasma cells","EIF3J",0.157449936048555
"POLA1",7.02673889700585e-68,1.01707855862588,0.169,0.098,2.07534733323068e-63,"Plasma cells","POLA1",0.171886276407773
"PSMD141",3.13210404798653e-67,1.10327848182028,0.157,0.09,9.25066930572821e-63,"Plasma cells","PSMD14",0.173214721645784
"SURF4",5.00622002168717e-65,1.24983026076369,0.115,0.059,1.47858708340531e-60,"Plasma cells","SURF4",0.143730479987824
"CDK5RAP3",2.93846922351824e-64,1.4025940914205,0.102,0.051,8.67876885166112e-60,"Plasma cells","CDK5RAP3",0.143064597324891
"EIF2B31",5.58615721484193e-64,1.11608436580037,0.134,0.073,1.64987153340356e-59,"Plasma cells","EIF2B3",0.14955530501725
"SART3",6.43118597430744e-64,1.14012301525087,0.11,0.056,1.8994507775117e-59,"Plasma cells","SART3",0.125413531677596
"CNDP21",2.69048889053297e-63,1.36575264328151,0.118,0.063,7.94635893818912e-59,"Plasma cells","CNDP2",0.161158811907218
"RPS6",2.31955449392308e-62,1.0520338054158,0.102,0.051,6.85080419780182e-58,"Plasma cells","RPS6",0.107307448152411
"USP3-AS12",3.81947002580384e-62,1.024086503622,0.169,0.101,1.12808047212116e-57,"Plasma cells","USP3-AS1",0.173070619112119
"ITFG2",6.03846547785444e-61,1.13885850150518,0.12,0.064,1.78346077888431e-56,"Plasma cells","ITFG2",0.136663020180622
"SMC3",8.18957312833008e-60,1.036355348359,0.118,0.063,2.41879042345229e-55,"Plasma cells","SMC3",0.122289931106362
"STARD71",1.17989484958328e-59,1.31175480975243,0.107,0.055,3.48481943824423e-55,"Plasma cells","STARD7",0.14035776464351
"UPF1",7.8174949305408e-59,1.26338701759369,0.107,0.056,2.30889712773522e-54,"Plasma cells","UPF1",0.135182410882525
"STX5",4.24637895613633e-58,1.17236342440497,0.114,0.061,1.25416802469486e-53,"Plasma cells","STX5",0.133649430382167
"RARS21",6.80519543087375e-58,1.02145564761439,0.177,0.11,2.00991447050856e-53,"Plasma cells","RARS2",0.180797649627748
"H2AFV",1.06895970082289e-57,1.07855143087908,0.101,0.051,3.15717247638042e-53,"Plasma cells","H2AFV",0.108933694518788
"PI4K2B1",2.18434889194561e-57,1.10768568198582,0.127,0.07,6.45147445236135e-53,"Plasma cells","PI4K2B",0.140676081612199
"SLC39A9",1.01314776756235e-56,1.14070495863132,0.118,0.064,2.9923319314954e-52,"Plasma cells","SLC39A9",0.134603185118496
"IL15RA1",2.35330732004221e-56,1.10033407029004,0.104,0.054,6.95049316974467e-52,"Plasma cells","IL15RA",0.114434743310165
"CYREN1",2.86350896431051e-56,1.45845439683398,0.12,0.067,8.4573737260911e-52,"Plasma cells","CYREN",0.175014527620077
"SLC25A46",1.79913000088288e-55,1.15203329138608,0.114,0.061,5.31373045760759e-51,"Plasma cells","SLC25A46",0.131331795218013
"TOPBP1",1.82262974093432e-55,1.02850494615198,0.111,0.059,5.38313693984951e-51,"Plasma cells","TOPBP1",0.11416404902287
"UBA6-AS11",3.67808796601288e-55,1.17153896601807,0.12,0.066,1.0863232807619e-50,"Plasma cells","UBA6-AS1",0.140584675922168
"GOLPH3L",5.87438293354787e-55,1.22158500989208,0.1,0.052,1.73499899942336e-50,"Plasma cells","GOLPH3L",0.122158500989208
"TMEM2412",1.4985909894378e-54,1.12608310634507,0.181,0.116,4.42608848730455e-50,"Plasma cells","TMEM241",0.203821042248457
"N4BP2",3.26249268300058e-54,1.11723016842406,0.135,0.078,9.63577213924221e-50,"Plasma cells","N4BP2",0.150826072737247
"SMC1A",5.60505268464067e-54,1.00301711650788,0.119,0.066,1.65545231040862e-49,"Plasma cells","SMC1A",0.119359036864438
"PMS1",2.50042270753812e-53,1.01505723968562,0.125,0.07,7.38499846671385e-49,"Plasma cells","PMS1",0.126882154960703
"FASTKD11",5.11035095439927e-53,1.20116688675796,0.124,0.071,1.50934215438183e-48,"Plasma cells","FASTKD1",0.148944693957987
"SF3B2",1.43693660547927e-52,1.07439105542703,0.111,0.06,4.24399226428303e-48,"Plasma cells","SF3B2",0.119257407152401
"MIATNB",2.50288455864612e-52,1.20833261378415,0.106,0.057,7.39226954396131e-48,"Plasma cells","MIATNB",0.12808325706112
"PMEPA11",3.12444422784954e-52,1.15307655749105,0.102,0.054,9.22804602695361e-48,"Plasma cells","PMEPA1",0.117613808864087
"SET",5.83845210397363e-52,1.08426569161358,0.105,0.056,1.72438682890861e-47,"Plasma cells","SET",0.113847897619426
"ACO21",8.51674108053745e-52,1.11688703174801,0.118,0.066,2.51541947813673e-47,"Plasma cells","ACO2",0.131792669746265
"XRCC41",1.30448053663014e-51,1.04057955979909,0.143,0.086,3.85278326493712e-47,"Plasma cells","XRCC4",0.14880287705127
"MAGT1",7.11925932317393e-51,1.01287967526067,0.134,0.079,2.10267324109942e-46,"Plasma cells","MAGT1",0.13572587648493
"RACK1",1.05607325863753e-49,1.02514918800414,0.103,0.056,3.11911236938595e-45,"Plasma cells","RACK1",0.105590366364427
"MFSD111",2.25206310867009e-49,1.06195485116455,0.122,0.071,6.65146839145712e-45,"Plasma cells","MFSD11",0.129558491842075
"UFL1",5.05304538438583e-49,1.07640123114845,0.126,0.073,1.49241695427836e-44,"Plasma cells","UFL1",0.135626555124704
"GOLGA1",1.91907092369038e-48,1.10712440228931,0.101,0.055,5.66797597311954e-44,"Plasma cells","GOLGA1",0.11181956463122
"CCDC144A1",2.06486089936124e-48,1.03716220990021,0.145,0.089,6.09856666626344e-44,"Plasma cells","CCDC144A",0.150388520435531
"SEC16A",5.39066078691028e-46,1.03504174271655,0.118,0.069,1.59213166341395e-41,"Plasma cells","SEC16A",0.122134925640553
"ARPP19",8.48966185559354e-45,1.07049841824354,0.119,0.07,2.50742162904955e-40,"Plasma cells","ARPP19",0.127389311770982
"B3GALNT2",1.0673807026384e-41,1.14419326551832,0.104,0.06,3.15250890524252e-37,"Plasma cells","B3GALNT2",0.118996099613905
"MTMR121",1.88540790778008e-41,1.00883543557159,0.117,0.07,5.56855225562848e-37,"Plasma cells","MTMR12",0.118033745961876
"PUDP1",6.1143269921269e-40,1.08448659003129,0.125,0.077,1.80586647712468e-35,"Plasma cells","PUDP",0.135560823753912
"ZMIZ2",1.05256084255403e-39,1.06110724869739,0.108,0.064,3.10873844848334e-35,"Plasma cells","ZMIZ2",0.114599582859319
"DDB1",1.43657205609805e-37,1.00694168988768,0.117,0.072,4.2429155676856e-33,"Plasma cells","DDB1",0.117812177716859
"GOLGA21",2.21342839391384e-35,1.03880687318113,0.118,0.074,6.53736076142453e-31,"Plasma cells","GOLGA2",0.122579211035374
"ODR4",8.66442699083222e-34,1.06269865530721,0.109,0.068,2.5590385117423e-29,"Plasma cells","ODR4",0.115834153428486
"PPARA",9.09607386967801e-33,1.13012008404945,0.106,0.066,2.6865254174094e-28,"Plasma cells","PPARA",0.119792728909242
"UBC1",1.25815023837993e-26,1.01763285442177,0.176,0.133,3.71594672905511e-22,"Plasma cells","UBC",0.179103382378232
"TSC22D31",2.75255857692038e-19,1.11991285847312,0.158,0.124,8.12968175693435e-15,"Plasma cells","TSC22D3",0.176946231638753
"SLC8A11",0,2.40337147698909,0.699,0.202,0,"Monocytes","SLC8A1",1.67995666241538
"VCAN1",0,3.6600286680611,0.638,0.156,0,"Monocytes","VCAN",2.33509829022298
"SLC11A11",0,2.15272168567292,0.584,0.139,0,"Monocytes","SLC11A1",1.25718946443299
"ZEB21",0,1.93148961662048,0.755,0.329,0,"Monocytes","ZEB2",1.45827466054846
"KYNU1",0,2.53743571935233,0.555,0.146,0,"Monocytes","KYNU",1.40827682424054
"ARHGAP261",0,1.78169432234465,0.692,0.321,0,"Monocytes","ARHGAP26",1.2329324710625
"PLXDC22",0,1.17280362072725,0.755,0.394,0,"Monocytes","PLXDC2",0.88546673364907
"ZDHHC202",0,2.62956713603485,0.605,0.244,0,"Monocytes","ZDHHC20",1.59088811730108
"TBXAS12",0,2.1737589103747,0.534,0.178,0,"Monocytes","TBXAS1",1.16078725814009
"ACSL11",0,2.30893250822057,0.534,0.186,0,"Monocytes","ACSL1",1.23296995938978
"PTPRC1",0,1.15894579366924,0.632,0.294,0,"Monocytes","PTPRC",0.732453741598957
"PRKCB2",0,1.7094069541565,0.519,0.191,0,"Monocytes","PRKCB",0.887182209207224
"DMXL21",0,1.84907792856991,0.54,0.214,0,"Monocytes","DMXL2",0.998502081427752
"IRAK31",0,2.11479844985616,0.543,0.218,0,"Monocytes","IRAK3",1.14833555827189
"TLR21",0,2.73370803837826,0.419,0.103,0,"Monocytes","TLR2",1.14542366808049
"SIPA1L11",0,1.9199467044644,0.691,0.378,0,"Monocytes","SIPA1L1",1.3266831727849
"LRMDA1",0,1.27702513109455,0.798,0.499,0,"Monocytes","LRMDA",1.01906605461345
"SBF22",0,1.63499390027728,0.655,0.356,0,"Monocytes","SBF2",1.07092100468162
"DOCK23",0,1.44128318881666,0.545,0.252,0,"Monocytes","DOCK2",0.785499337905077
"GLUL1",0,2.08460434775464,0.463,0.176,0,"Monocytes","GLUL",0.965171813010398
"DPYD1",0,1.57094426311349,0.847,0.566,0,"Monocytes","DPYD",1.33058979085713
"FAM49A2",0,2.08007743276352,0.432,0.153,0,"Monocytes","FAM49A",0.898593450953842
"RNF1492",0,1.62074560377298,0.573,0.297,0,"Monocytes","RNF149",0.928687230961916
"GRK31",0,1.85110755268101,0.498,0.223,0,"Monocytes","GRK3",0.921851561235141
"PTPRJ2",0,1.55885920435786,0.559,0.285,0,"Monocytes","PTPRJ",0.871402295236041
"HSPH12",0,2.80263676562493,0.432,0.159,0,"Monocytes","HSPH1",1.21073908274997
"SAMSN12",0,1.92125317920145,0.419,0.149,0,"Monocytes","SAMSN1",0.805005082085406
"GPCPD11",0,1.67689991734512,0.542,0.273,0,"Monocytes","GPCPD1",0.908879755201055
"HSP90AA12",0,2.62623763623124,0.566,0.303,0,"Monocytes","HSP90AA1",1.48645050210688
"DENND1A1",0,1.68533580754567,0.527,0.267,0,"Monocytes","DENND1A",0.88817197057657
"JARID21",0,1.95479594193075,0.539,0.281,0,"Monocytes","JARID2",1.05363501270068
"RBM471",0,1.3623746538717,0.579,0.321,0,"Monocytes","RBM47",0.788814924591714
"HIF1A2",0,1.83110600611862,0.586,0.328,0,"Monocytes","HIF1A",1.07302811958551
"PSAP1",0,1.18596965498083,0.428,0.172,0,"Monocytes","PSAP",0.507595012331796
"LYN2",0,2.09842100159699,0.495,0.243,0,"Monocytes","LYN",1.03871839579051
"TNFRSF1B2",0,2.42424454423587,0.345,0.1,0,"Monocytes","TNFRSF1B",0.836364367761375
"MCTP11",0,1.73174405918634,0.401,0.158,0,"Monocytes","MCTP1",0.694429367733721
"FGD43",0,1.51561679029925,0.521,0.283,0,"Monocytes","FGD4",0.789636347745911
"MXD11",0,2.96414945753276,0.314,0.077,0,"Monocytes","MXD1",0.930742929665287
"BACH12",0,1.78643985894378,0.492,0.255,0,"Monocytes","BACH1",0.878928410600342
"RNF144B1",0,2.16696486255563,0.377,0.142,0,"Monocytes","RNF144B",0.816945753183473
"GNAQ2",0,1.35102499935256,0.679,0.447,0,"Monocytes","GNAQ",0.917345974560385
"CD1631",0,1.49971669892318,0.363,0.135,0,"Monocytes","CD163",0.544397161709113
"TAOK32",0,1.52114093915874,0.555,0.329,0,"Monocytes","TAOK3",0.844233221233102
"MYO1F2",0,1.8520044071881,0.36,0.14,0,"Monocytes","MYO1F",0.666721586587715
"PICALM2",0,1.28027018581451,0.669,0.45,0,"Monocytes","PICALM",0.85650075430991
"GK1",0,2.16796144831639,0.335,0.117,0,"Monocytes","GK",0.726267085185992
"CTSS1",0,1.88716472564985,0.318,0.115,0,"Monocytes","CTSS",0.600118382756652
"MARCH11",0,2.06110388588888,0.298,0.098,0,"Monocytes","MARCH1",0.614208957994885
"CYBB1",0,2.25774322658866,0.279,0.082,0,"Monocytes","CYBB",0.629910360218235
"COTL12",0,2.37328513917258,0.267,0.079,0,"Monocytes","COTL1",0.633667132159079
"MS4A6A1",0,2.13976164397797,0.254,0.072,0,"Monocytes","MS4A6A",0.543499457570405
"FGR1",0,2.83698822640834,0.223,0.052,0,"Monocytes","FGR",0.63264837448906
"VCAN-AS1",0,3.96819299987431,0.199,0.028,0,"Monocytes","VCAN-AS1",0.789670406974988
"EMILIN21",0,2.3939625915333,0.239,0.069,0,"Monocytes","EMILIN2",0.572157059376459
"FCGR2A1",0,2.75742544219504,0.219,0.052,0,"Monocytes","FCGR2A",0.603876171840713
"SPI11",0,2.62604245113521,0.214,0.059,0,"Monocytes","SPI1",0.561973084542935
"LILRB2",0,4.12524063843162,0.172,0.017,0,"Monocytes","LILRB2",0.709541389810239
"FCN1",0,5.95371813201167,0.151,0.004,0,"Monocytes","FCN1",0.899011437933762
"NEAT12",0,1.34756603204376,0.985,0.841,0,"Monocytes","NEAT1",1.32735254156311
"ADGRE21",0,3.09589058185993,0.172,0.035,0,"Monocytes","ADGRE2",0.532493180079909
"CD300E",0,4.29300834912225,0.143,0.011,0,"Monocytes","CD300E",0.613900193924482
"CLEC12A1",0,3.17808146847872,0.149,0.03,0,"Monocytes","CLEC12A",0.473534138803329
"S100Z",0,3.54608415298816,0.118,0.015,0,"Monocytes","S100Z",0.418437930052602
"IL1R2",0,3.63092593856519,0.116,0.018,0,"Monocytes","IL1R2",0.421187408873562
"VAV31",2.32012642877492e-306,1.56124943692792,0.399,0.171,6.85249340738672e-302,"Monocytes","VAV3",0.62293852533424
"ANPEP1",8.71708397226782e-306,2.67980394631255,0.182,0.047,2.5745907512093e-301,"Monocytes","ANPEP",0.487724318228884
"ITGAX1",1.9664972275144e-304,1.79254389780804,0.277,0.093,5.80804956146377e-300,"Monocytes","ITGAX",0.496534659692826
"VSIR",8.09803898156261e-303,2.70625943764531,0.174,0.043,2.39175581320452e-298,"Monocytes","VSIR",0.470889142150283
"HCK1",9.14026816770029e-297,2.72357305327161,0.193,0.053,2.69957820333028e-292,"Monocytes","HCK",0.52564959928142
"SLC8A1-AS11",3.95886176785016e-289,2.30676394045424,0.22,0.067,1.16924982313455e-284,"Monocytes","SLC8A1-AS1",0.507488066899933
"ITGAM1",1.93063972339817e-288,2.42523358878574,0.194,0.054,5.70214442305651e-284,"Monocytes","ITGAM",0.470495316224434
"SSH22",6.07382333745097e-288,1.28756304859119,0.663,0.475,1.79390372271614e-283,"Monocytes","SSH2",0.853654301215962
"RIPK21",9.89051816188025e-283,2.37626322445138,0.234,0.076,2.92116453911133e-278,"Monocytes","RIPK2",0.556045594521624
"HMOX11",5.58543996378922e-281,1.96070636591678,0.221,0.068,1.64965969330515e-276,"Monocytes","HMOX1",0.433316106867609
"HSPA1B2",2.79585372750855e-279,2.15978168644769,0.248,0.084,8.25755398419651e-275,"Monocytes","HSPA1B",0.535625858239028
"RAP1GAP21",4.11194824694604e-274,2.19728629118605,0.227,0.073,1.21446391473551e-269,"Monocytes","RAP1GAP2",0.498783988099232
"SMAP23",5.56931650689397e-272,1.49309479911687,0.442,0.217,1.64489763031113e-267,"Monocytes","SMAP2",0.659947901209655
"HSPA1A2",1.28052567833281e-267,1.77034516956586,0.359,0.16,3.78203259095596e-263,"Monocytes","HSPA1A",0.635553915874142
"PRAM11",1.03913334371234e-263,2.92139381802503,0.14,0.033,3.0690803306544e-259,"Monocytes","PRAM1",0.408995134523504
"CPVL1",3.0130803575336e-263,2.0265142141608,0.235,0.079,8.8991328359755e-259,"Monocytes","CPVL",0.476230840327788
"USP152",7.87594567700815e-261,1.41079739422189,0.532,0.327,2.32616055570436e-256,"Monocytes","USP15",0.750544213726046
"CTSB1",1.48173488619359e-260,1.00330565866133,0.415,0.185,4.37630398637278e-256,"Monocytes","CTSB",0.416371848344454
"VMP12",4.80822858460076e-259,1.19335424019841,0.635,0.434,1.42011031246184e-254,"Monocytes","VMP1",0.757779942525987
"MAP3K12",7.07486830510351e-257,1.83271060862074,0.342,0.152,2.08956235391232e-252,"Monocytes","MAP3K1",0.626787028148293
"PRKAG21",2.09409798791534e-255,1.56554115568907,0.43,0.221,6.18491840730796e-251,"Monocytes","PRKAG2",0.673182696946299
"PAG12",6.33756350286397e-255,1.69150951687447,0.423,0.215,1.87179938057087e-250,"Monocytes","PAG1",0.715508525637899
"FYB12",2.65394704550887e-252,1.33397699185026,0.382,0.171,7.83843259891044e-248,"Monocytes","FYB1",0.509579210886798
"CPPED11",5.60623728480679e-248,2.85447872863879,0.162,0.044,1.65580218206769e-243,"Monocytes","CPPED1",0.462425554039483
"GAB22",6.99794750622299e-248,1.49824161518555,0.465,0.262,2.06684379596296e-243,"Monocytes","GAB2",0.696682351061281
"TBC1D81",1.88953097335166e-246,2.04495772851192,0.307,0.131,5.58072972979411e-242,"Monocytes","TBC1D8",0.627802022653158
"TYMP1",2.22440970608318e-244,1.65360421611032,0.316,0.133,6.56979406691668e-240,"Monocytes","TYMP",0.522538932290862
"RNF1301",1.51748289286756e-240,1.47553308099428,0.399,0.199,4.48188572408434e-236,"Monocytes","RNF130",0.588737699316718
"NCF21",6.71377706000213e-240,2.26770912741168,0.199,0.063,1.98291405467163e-235,"Monocytes","NCF2",0.451274116354925
"ETS21",2.26568891818522e-239,1.90909436646044,0.335,0.154,6.69171221986005e-235,"Monocytes","ETS2",0.639546612764249
"AOAH2",1.67491923666318e-238,1.22453302539349,0.333,0.14,4.9468739654847e-234,"Monocytes","AOAH",0.407769497456032
"PIK3R52",1.49632814103143e-232,1.35157115239448,0.378,0.176,4.41940516453634e-228,"Monocytes","PIK3R5",0.510893895605113
"DNAJB12",3.62557287777335e-229,2.0004571443427,0.223,0.078,1.07081294945036e-224,"Monocytes","DNAJB1",0.446101943188421
"RIPOR21",4.30729112306485e-228,1.63547043188899,0.289,0.117,1.2721584331972e-223,"Monocytes","RIPOR2",0.472650954815918
"CYTH12",1.29770358122058e-227,1.23150380016172,0.521,0.316,3.83276752713497e-223,"Monocytes","CYTH1",0.641613479884257
"FAM49B2",4.14678511174597e-227,1.20117074448622,0.521,0.314,1.22475298275417e-222,"Monocytes","FAM49B",0.625809957877323
"LILRB31",4.33199398436998e-225,2.74247379147171,0.131,0.032,1.27945442328367e-220,"Monocytes","LILRB3",0.359264066682794
"DOCK83",1.32284051462418e-220,1.16304130914535,0.494,0.281,3.90700945994251e-216,"Monocytes","DOCK8",0.574542406717803
"ARRB21",1.37853185559644e-219,2.09137651546094,0.204,0.07,4.07149383550407e-215,"Monocytes","ARRB2",0.426640809154032
"NUMB2",7.68876757069962e-217,1.43754638227848,0.511,0.338,2.27087750200613e-212,"Monocytes","NUMB",0.734586201344303
"HIF1A-AS32",8.94126879507259e-213,1.75084581591299,0.396,0.214,2.64080373862469e-208,"Monocytes","HIF1A-AS3",0.693334943101544
"LAT2",5.10972419686651e-210,2.64403866286095,0.122,0.03,1.50915704154452e-205,"Monocytes","LAT2",0.322572716869036
"SORL12",9.30405956606257e-206,1.80461702472959,0.248,0.098,2.74795399283658e-201,"Monocytes","SORL1",0.447545022132937
"RAB312",6.67772623399856e-203,1.28256143164434,0.46,0.268,1.97226644321148e-198,"Monocytes","RAB31",0.589978258556397
"MNDA1",7.1402357156231e-203,2.84917699531993,0.114,0.027,2.10886861860928e-198,"Monocytes","MNDA",0.324806177466471
"SLC43A21",3.32770340502851e-202,2.00780221306749,0.247,0.101,9.82837200675169e-198,"Monocytes","SLC43A2",0.49592714662767
"ATP13A31",4.92182544506082e-202,1.79242804306382,0.393,0.223,1.45366114519871e-197,"Monocytes","ATP13A3",0.704424220924082
"SAT12",6.7298374697168e-202,1.21031920049468,0.532,0.336,1.98765749668086e-197,"Monocytes","SAT1",0.643889814663169
"H2AFY1",8.51926947517487e-201,1.54147112884829,0.311,0.143,2.5161662394929e-196,"Monocytes","H2AFY",0.479397521071818
"RIN31",6.60117926176205e-200,1.67698729113874,0.315,0.148,1.94965829496142e-195,"Monocytes","RIN3",0.528250996708704
"ZSWIM61",2.06260895005032e-198,1.07707915413126,0.59,0.418,6.09191553397361e-194,"Monocytes","ZSWIM6",0.635476700937443
"AGFG11",6.96211520413202e-197,1.741009227854,0.414,0.243,2.05626072554039e-192,"Monocytes","AGFG1",0.720777820331555
"GRB22",1.35707074416851e-195,1.43502465678483,0.38,0.201,4.00810844290168e-191,"Monocytes","GRB2",0.545309369578237
"POU2F21",6.81354751123652e-195,2.1923404241997,0.164,0.052,2.01238125744371e-190,"Monocytes","POU2F2",0.359543829568752
"SRGN1",3.02061597689557e-194,1.49046486218497,0.299,0.132,8.92138928776108e-190,"Monocytes","SRGN",0.445648993793305
"TET21",3.11497271742707e-193,1.55855481736873,0.369,0.197,9.20007192092084e-189,"Monocytes","TET2",0.57510672760906
"RNF131",1.06549627897185e-186,1.29332444677598,0.426,0.249,3.14694325994335e-182,"Monocytes","RNF13",0.550956214326569
"PREX12",1.05478161762428e-184,1.18032158587421,0.344,0.166,3.1152975076533e-180,"Monocytes","PREX1",0.40603062554073
"TMEM170B1",1.63894812142739e-184,2.63029089656239,0.13,0.037,4.84063327663579e-180,"Monocytes","TMEM170B",0.341937816553111
"UPP11",1.03831478091137e-183,2.17444973283246,0.18,0.063,3.06666270542174e-179,"Monocytes","UPP1",0.391400951909842
"ALOX51",4.06064730827074e-182,1.42441665069085,0.268,0.115,1.19931218249776e-177,"Monocytes","ALOX5",0.381743662385149
"SDCBP1",2.63891352149522e-181,1.6266935044576,0.331,0.168,7.79403108573614e-177,"Monocytes","SDCBP",0.538435549975465
"HSPD11",2.27362103360349e-180,1.90673214664844,0.291,0.139,6.71513972274791e-176,"Monocytes","HSPD1",0.554859054674695
"TRPS12",3.68925878282009e-180,1.25509172863884,0.463,0.284,1.08962258150591e-175,"Monocytes","TRPS1",0.581107470359784
"FGD21",6.77342243989319e-180,2.14148059160286,0.175,0.061,2.00053031762245e-175,"Monocytes","FGD2",0.374759103530501
"FMNL13",1.42088666804597e-178,1.68586590619614,0.218,0.085,4.19658877407378e-174,"Monocytes","FMNL1",0.367518767550758
"LDLRAD31",1.40302639665727e-177,1.85606773001707,0.238,0.1,4.14383846252725e-173,"Monocytes","LDLRAD3",0.441744119744062
"CCDC88A2",2.39184078659508e-177,1.17141291023016,0.395,0.214,7.06430176320857e-173,"Monocytes","CCDC88A",0.462708099540915
"DLEU21",1.89568168690583e-176,1.2456788892544,0.513,0.355,5.59889586227638e-172,"Monocytes","DLEU2",0.639033270187509
"CD861",4.62437179481833e-176,2.11609013963731,0.161,0.054,1.36580820959959e-171,"Monocytes","CD86",0.340690512481607
"ANKUB11",2.42424883399447e-174,1.26887580171436,0.452,0.279,7.16001893120267e-170,"Monocytes","ANKUB1",0.573531862374892
"AGTPBP13",3.71549709675725e-173,1.44865405358126,0.366,0.201,1.09737206752726e-168,"Monocytes","AGTPBP1",0.530207383610742
"LCP22",9.11825971429654e-173,1.42248095877722,0.272,0.121,2.69307800661748e-168,"Monocytes","LCP2",0.386914820787404
"CSGALNACT21",5.66211916356021e-171,1.61594354017443,0.291,0.141,1.67230689495751e-166,"Monocytes","CSGALNACT2",0.470239570190758
"JAZF12",9.00831668204559e-169,1.27544921319236,0.424,0.256,2.66060633204217e-164,"Monocytes","JAZF1",0.540790466393561
"MYO9B1",5.52704448706209e-168,1.25560456946778,0.424,0.253,1.63241258925379e-163,"Monocytes","MYO9B",0.532376337454338
"PTK2B3",4.50495092030215e-167,1.37373771541089,0.352,0.189,1.33053725431124e-162,"Monocytes","PTK2B",0.483555675824633
"DPYD-AS12",2.64187544973601e-166,1.68107797797964,0.338,0.185,7.80277914079531e-162,"Monocytes","DPYD-AS1",0.568204356557119
"USP35",7.22478372900275e-166,1.32802373452611,0.429,0.269,2.13383987436096e-161,"Monocytes","USP3",0.569722182111703
"ABHD15-AS12",1.06475511456749e-165,1.72379707163364,0.29,0.143,3.14475423087507e-161,"Monocytes","ABHD15-AS1",0.499901150773757
"PILRA1",1.14851703346148e-164,2.4907854386069,0.126,0.037,3.39214505832848e-160,"Monocytes","PILRA",0.31383896526447
"LYST1",4.76352635876468e-162,1.48423216054456,0.409,0.252,1.40690751006115e-157,"Monocytes","LYST",0.607050953662725
"LILRB1",5.10000265577789e-162,2.59706396956817,0.105,0.028,1.506285784384e-157,"Monocytes","LILRB1",0.272691716804658
"NAMPT2",7.76837535382199e-162,1.48611098500563,0.459,0.285,2.29438966075133e-157,"Monocytes","NAMPT",0.682124942117583
"ADAM101",6.28494996065249e-161,2.18550343190292,0.187,0.073,1.85625997087871e-156,"Monocytes","ADAM10",0.408689141765845
"MFSD13",9.13157473172821e-158,1.86445675996295,0.23,0.101,2.69701059701593e-153,"Monocytes","MFSD1",0.428825054791479
"AQP91",6.46097766961893e-157,2.19050492666662,0.145,0.048,1.90824975472195e-152,"Monocytes","AQP9",0.31762321436666
"SNAP231",9.17581944545406e-155,2.04614598109426,0.23,0.103,2.71007827321486e-150,"Monocytes","SNAP23",0.47061357565168
"ETV62",4.82840075073748e-154,1.02211718025084,0.563,0.414,1.42606816173031e-149,"Monocytes","ETV6",0.575451972481223
"CYTIP2",9.3405249946607e-154,1.26835153948014,0.267,0.122,2.75872405717304e-149,"Monocytes","CYTIP",0.338649861041198
"SNX101",5.18734527521129e-153,1.7755881773914,0.208,0.087,1.53208242703366e-148,"Monocytes","SNX10",0.369322340897411
"ATP6V1B21",1.3042563517558e-152,1.94586254276029,0.203,0.084,3.85212113491076e-148,"Monocytes","ATP6V1B2",0.395010096180339
"MTSS12",4.98331926245357e-150,1.74392311522577,0.319,0.174,1.47182334416566e-145,"Monocytes","MTSS1",0.556311473757021
"SLC2A31",4.92779605958416e-148,1.73662928101782,0.312,0.166,1.45542456619818e-143,"Monocytes","SLC2A3",0.54182833567756
"CSF1R1",7.06716930229206e-148,2.04935336977648,0.146,0.05,2.08728845343196e-143,"Monocytes","CSF1R",0.299205591987366
"DENND5A2",2.16386466140484e-145,1.51298782811926,0.326,0.182,6.39097427745921e-141,"Monocytes","DENND5A",0.49323403196688
"MAP2K12",1.69364442501577e-139,1.61250248347635,0.299,0.162,5.00217880928408e-135,"Monocytes","MAP2K1",0.482138242559428
"LCP12",3.10549579512315e-138,1.31763676191525,0.246,0.114,9.17208183089623e-134,"Monocytes","LCP1",0.32413864343115
"MAML33",3.76862811683799e-138,1.12124340351315,0.458,0.308,1.1130643143081e-133,"Monocytes","MAML3",0.513529478809022
"DNAJB61",4.2332086700216e-138,1.46038200911864,0.343,0.201,1.25027818069088e-133,"Monocytes","DNAJB6",0.500911029127695
"MIR181A1HG1",9.46987943984204e-136,1.63614625037226,0.243,0.117,2.79692889255735e-131,"Monocytes","MIR181A1HG",0.397583538840459
"NCKAP1L2",5.74774399242187e-134,1.4304025647958,0.239,0.112,1.6975961881618e-129,"Monocytes","NCKAP1L",0.341866212986196
"ALDH1A21",8.08819119416555e-134,1.98223474525379,0.167,0.066,2.3888472691968e-129,"Monocytes","ALDH1A2",0.331033202457383
"CYB5R41",5.27491613470777e-133,1.77190076053619,0.211,0.095,1.55794648038594e-128,"Monocytes","CYB5R4",0.373871060473137
"CLEC7A1",7.53230774345647e-132,1.90831087916589,0.161,0.062,2.22466709202987e-127,"Monocytes","CLEC7A",0.307238051545708
"PTGES31",2.06064478307494e-131,1.66531552751154,0.298,0.166,6.08611436681182e-127,"Monocytes","PTGES3",0.496264027198438
"APLP22",1.7584978813313e-129,1.47594495812466,0.309,0.176,5.19372349251198e-125,"Monocytes","APLP2",0.456066992060521
"ZC3HAV11",6.02920911675622e-126,1.21259213264637,0.254,0.125,1.78072691263395e-121,"Monocytes","ZC3HAV1",0.307998401692177
"DDX60L2",2.02774153125044e-123,1.61953409079734,0.247,0.125,5.98893461254818e-119,"Monocytes","DDX60L",0.400024920426943
"PIK3AP11",3.21901090666909e-123,1.83935923771511,0.175,0.073,9.50734871284715e-119,"Monocytes","PIK3AP1",0.321887866600145
"STAB11",1.08201023718135e-122,1.5665077792622,0.133,0.047,3.19571723551512e-118,"Monocytes","STAB1",0.208345534641872
"TGFBI1",8.78114069165019e-122,1.84201012216546,0.169,0.07,2.59350990327888e-117,"Monocytes","TGFBI",0.311299710645962
"PPARG1",4.29951968239652e-120,1.00353252661247,0.272,0.137,1.26986313819581e-115,"Monocytes","PPARG",0.272960847238591
"CSF3R2",1.01264831813286e-119,1.82091392090584,0.19,0.085,2.9908568076054e-115,"Monocytes","CSF3R",0.345973644972109
"CBL1",7.67225905290213e-119,1.51437506287307,0.261,0.139,2.26600171127465e-114,"Monocytes","CBL",0.395251891409871
"IFI301",4.79242512201278e-117,1.64535846018045,0.15,0.059,1.41544275978647e-112,"Monocytes","IFI30",0.246803769027068
"TSPAN142",6.69729265880414e-117,1.44928037409996,0.273,0.148,1.9780453867778e-112,"Monocytes","TSPAN14",0.395653542129288
"PECAM12",5.22526292855926e-116,1.3104898713652,0.247,0.125,1.54328140594998e-111,"Monocytes","PECAM1",0.323690998227203
"APBB1IP2",3.0231509277576e-115,1.20747827855046,0.294,0.162,8.92887626513207e-111,"Monocytes","APBB1IP",0.354998613893836
"GK-AS11",6.68448413306894e-114,2.05641542627708,0.128,0.047,1.97426238870191e-109,"Monocytes","GK-AS1",0.263221174563466
"RASSF21",7.50385994685443e-114,1.80513451613238,0.13,0.048,2.21626503530345e-109,"Monocytes","RASSF2",0.234667487097209
"TPST12",8.47285439646073e-114,1.4454945688436,0.347,0.22,2.50245754599468e-109,"Monocytes","TPST1",0.501586615388731
"HSPE1",9.16321153368521e-114,1.7654250897984,0.152,0.061,2.70635452647393e-109,"Monocytes","HSPE1",0.268344613649357
"TXNIP2",3.24923774344224e-113,1.01098269465691,0.392,0.248,9.59662367525666e-109,"Monocytes","TXNIP",0.396305216305508
"HIST1H2AC1",2.15173240020305e-112,1.54327105779379,0.233,0.118,6.35514164399971e-108,"Monocytes","HIST1H2AC",0.359582156465952
"GNA131",3.12708048958608e-112,1.43096122692608,0.265,0.143,9.2358322259925e-108,"Monocytes","GNA13",0.379204725135411
"PLXNC12",1.06363211266022e-111,1.41855330620866,0.239,0.122,3.14143744474195e-107,"Monocytes","PLXNC1",0.339034240183869
"MOB3B1",4.44213503341888e-111,1.38048303605185,0.263,0.142,1.31198458212027e-106,"Monocytes","MOB3B",0.363067038481636
"CHORDC11",7.60185222275745e-111,1.79489470583671,0.176,0.078,2.24520705399141e-106,"Monocytes","CHORDC1",0.31590146822726
"SH3BP21",9.8679800550034e-111,2.06064749505677,0.129,0.049,2.91450790924525e-106,"Monocytes","SH3BP2",0.265823526862323
"C9orf721",1.21048461013274e-110,1.67802389593729,0.184,0.084,3.57516629602706e-106,"Monocytes","C9orf72",0.308756396852461
"HCLS13",2.23393462309246e-108,1.4354347564618,0.193,0.089,6.59792590930359e-104,"Monocytes","HCLS1",0.277038907997128
"TUT73",5.79916801453833e-108,1.45884005657908,0.296,0.176,1.7127842730939e-103,"Monocytes","TUT7",0.431816656747409
"SKAP22",7.20946898258682e-107,1.20888979487871,0.334,0.207,2.12931666400702e-102,"Monocytes","SKAP2",0.40376919148949
"HSP90AB12",1.02745675855726e-106,1.62034230203107,0.253,0.138,3.03459353639886e-102,"Monocytes","HSP90AB1",0.40994660241386
"SPTLC21",1.98815668595279e-106,1.6268145491239,0.241,0.129,5.87202077196156e-102,"Monocytes","SPTLC2",0.39206230633886
"HSPA83",3.97441537480628e-105,1.76862376422587,0.186,0.087,1.17384358094903e-100,"Monocytes","HSPA8",0.328964020146012
"MPP11",6.60023525104215e-105,2.08267733379245,0.108,0.038,1.9493794813953e-100,"Monocytes","MPP1",0.224929152049584
"CD532",2.64707602095076e-104,1.2641937359822,0.207,0.099,7.81813902787808e-100,"Monocytes","CD53",0.261688103348315
"SLC16A101",6.28040995088751e-103,1.09568497312861,0.246,0.128,1.85491907899463e-98,"Monocytes","SLC16A10",0.269538503389639
"FNDC3A2",1.21151294439212e-102,1.36740396349619,0.439,0.328,3.57820348126213e-98,"Monocytes","FNDC3A",0.600290339974829
"KSR11",2.50762685550165e-102,1.59825388309577,0.226,0.119,7.40627591772412e-98,"Monocytes","KSR1",0.361205377579645
"TG2",2.6958469472263e-102,1.52506810055821,0.175,0.079,7.96218395863288e-98,"Monocytes","TG",0.266886917597687
"PTPRE2",9.64892951935548e-102,1.13464366402538,0.344,0.218,2.84981133354164e-97,"Monocytes","PTPRE",0.390317420424729
"CHST151",9.25055457630074e-101,1.5860973073542,0.215,0.11,2.73215129411042e-96,"Monocytes","CHST15",0.341010921081153
"PLAUR1",4.38181128996475e-100,1.51531194897515,0.192,0.092,1.29416796449109e-95,"Monocytes","PLAUR",0.290939894203228
"EPB41L32",6.98309517559213e-99,1.13854042428983,0.296,0.174,2.06245716011114e-94,"Monocytes","EPB41L3",0.33700796558979
"NOTCH22",1.72380655252962e-98,1.51651153205743,0.26,0.149,5.09126265289624e-94,"Monocytes","NOTCH2",0.394292998334932
"ADCY72",4.29160697843676e-98,1.5218736712347,0.187,0.089,1.2675261210813e-93,"Monocytes","ADCY7",0.284590376520888
"DYSF1",5.2304506080416e-98,1.66186327459016,0.153,0.066,1.54481358708509e-93,"Monocytes","DYSF",0.254265081012295
"CMTM61",2.93690182507925e-97,1.67809317787946,0.191,0.094,8.67413954037156e-93,"Monocytes","CMTM6",0.320515796974977
"SLA2",4.48313638180465e-97,1.28624923234115,0.223,0.114,1.324094330366e-92,"Monocytes","SLA",0.286833578812076
"KCNAB22",3.95286856375395e-96,1.37681673438878,0.217,0.111,1.16747973030473e-91,"Monocytes","KCNAB2",0.298769231362366
"USP3-AS13",1.34969631628413e-95,1.58572814145668,0.2,0.101,3.98632807014518e-91,"Monocytes","USP3-AS1",0.317145628291336
"CLMN2",5.9234318948864e-95,1.52693816656556,0.21,0.11,1.7494856101547e-90,"Monocytes","CLMN",0.320657014978768
"TFEC1",4.82562783463706e-94,1.44721758870272,0.186,0.09,1.42524918096005e-89,"Monocytes","TFEC",0.269182471498707
"LTA4H2",7.2439183839378e-94,1.63810545817441,0.2,0.103,2.13949129469603e-89,"Monocytes","LTA4H",0.327621091634883
"SLC39A112",8.35668218053484e-94,1.0679431025288,0.386,0.266,2.46814608202097e-89,"Monocytes","SLC39A11",0.412226037576118
"WDFY21",1.32444547761138e-93,1.34959258410504,0.285,0.173,3.9117497181252e-89,"Monocytes","WDFY2",0.384633886469938
"TNFSF13B1",1.41426581907891e-93,1.94670297898691,0.149,0.066,4.17703409664955e-89,"Monocytes","TNFSF13B",0.29005874386905
"IFNGR22",6.95099502111518e-93,1.4971351517709,0.254,0.148,2.05297637948637e-88,"Monocytes","IFNGR2",0.380272328549808
"CACYBP",7.53990663772729e-93,1.9013082848041,0.103,0.037,2.22691142545276e-88,"Monocytes","CACYBP",0.195834753334822
"ATP8B41",1.0712597759019e-92,1.62145208931507,0.159,0.071,3.16396574812625e-88,"Monocytes","ATP8B4",0.257810882201097
"GAS72",1.08715494691176e-92,1.1658761777994,0.305,0.186,3.21091213570387e-88,"Monocytes","GAS7",0.355592234228816
"FBXL51",1.20676131687884e-92,1.55965707474708,0.26,0.154,3.56416954940164e-88,"Monocytes","FBXL5",0.405510839434241
"CD442",2.19725960488765e-92,1.0775672039765,0.44,0.324,6.48960624303567e-88,"Monocytes","CD44",0.474129569749659
"CDH231",2.48486816376291e-92,1.95543746210076,0.117,0.046,7.33905812167374e-88,"Monocytes","CDH23",0.228786183065789
"LRP12",8.93126144325021e-92,1.01504628754538,0.315,0.193,2.63784806726395e-87,"Monocytes","LRP1",0.319739580576795
"EHBP1L11",5.53332152716463e-90,1.56042159891402,0.188,0.095,1.63426651304807e-85,"Monocytes","EHBP1L1",0.293359260595836
"MGAT11",9.50539336295232e-89,1.33112052200274,0.205,0.106,2.80741792974797e-84,"Monocytes","MGAT1",0.272879707010561
"STK102",1.38671747672944e-88,1.19865605770568,0.261,0.15,4.0956700675204e-84,"Monocytes","STK10",0.312849231061183
"DISC12",2.53234826721521e-88,1.19265165020976,0.271,0.16,7.47929060722013e-84,"Monocytes","DISC1",0.323208597206844
"UBXN2B1",9.3159696644037e-88,1.7756309792635,0.149,0.068,2.75147164038163e-83,"Monocytes","UBXN2B",0.264569015910262
"IL17RA1",1.35445249627976e-87,1.67712243330627,0.161,0.076,4.00037544776228e-83,"Monocytes","IL17RA",0.27001671176231
"IRF81",4.18872667311859e-87,1.87967002309401,0.11,0.043,1.23714042290557e-82,"Monocytes","IRF8",0.206763702540341
"RXRA1",1.90177107836028e-86,1.95207583709962,0.147,0.067,5.61688087993709e-82,"Monocytes","RXRA",0.286955148053644
"RAB8B3",9.54050678275439e-86,1.10808979361829,0.301,0.187,2.81778867828651e-81,"Monocytes","RAB8B",0.333535027879104
"MANBA1",1.11057986641961e-84,1.07341981147637,0.314,0.201,3.28009763547033e-80,"Monocytes","MANBA",0.337053820803579
"STIP1",6.24385347493492e-84,1.81272270026829,0.131,0.057,1.84412212382203e-79,"Monocytes","STIP1",0.237466673735146
"ARL8B1",6.84192914636615e-84,1.42475642020168,0.275,0.172,2.02076377337924e-79,"Monocytes","ARL8B",0.391808015555461
"RASGEF1B1",5.55251179422544e-83,1.32596348497475,0.213,0.115,1.63993435842448e-78,"Monocytes","RASGEF1B",0.282430222299622
"SYK2",6.34270298249954e-83,1.24596466761835,0.244,0.141,1.87331732588124e-78,"Monocytes","SYK",0.304015378898878
"HAVCR21",4.67411578166659e-82,1.64008253724653,0.147,0.068,1.38050009611523e-77,"Monocytes","HAVCR2",0.24109213297524
"TRIM252",1.2498517212917e-81,1.66309476146366,0.176,0.09,3.69143705883505e-77,"Monocytes","TRIM25",0.292704678017605
"CIITA1",1.34523961359618e-81,1.14590695182564,0.234,0.131,3.97316519875631e-77,"Monocytes","CIITA",0.2681422267272
"PLEK1",5.03238132340378e-80,1.95411224555544,0.105,0.042,1.48631382386731e-75,"Monocytes","PLEK",0.205181785783321
"ASAH11",1.06081646277076e-79,1.35237606959515,0.23,0.132,3.13312142279345e-75,"Monocytes","ASAH1",0.311046496006884
"KLHL22",1.35747946711145e-79,1.51402758421667,0.209,0.117,4.00931560611366e-75,"Monocytes","KLHL2",0.316431765101283
"CHD11",1.8952647278113e-79,1.14803681194885,0.336,0.231,5.59766437359067e-75,"Monocytes","CHD1",0.385740368814814
"UBE2D11",7.40108522702713e-77,2.03912743472924,0.11,0.046,2.18591052180246e-72,"Monocytes","UBE2D1",0.224304017820217
"RASSF32",2.13345158113952e-75,1.13802748557911,0.255,0.154,6.30114924489558e-71,"Monocytes","RASSF3",0.290197008822673
"RNASET21",5.36197448232335e-75,1.46563855403449,0.147,0.07,1.5836591633542e-70,"Monocytes","RNASET2",0.21544886744307
"BAG3",2.13175783625754e-74,1.939237240024,0.115,0.049,6.29614676938665e-70,"Monocytes","BAG3",0.22301228260276
"IFNGR11",3.69781012328489e-74,1.26598426662474,0.235,0.139,1.09214821991219e-69,"Monocytes","IFNGR1",0.297506302656814
"XYLT12",8.57323422038875e-73,1.13241503230825,0.234,0.135,2.53210472699182e-68,"Monocytes","XYLT1",0.26498511756013
"B3GNT51",2.03722416277078e-72,1.73775283813264,0.143,0.069,6.01694156474351e-68,"Monocytes","B3GNT5",0.248498655852967
"ADAM92",2.21961238770304e-72,1.25310831309496,0.305,0.209,6.55562518708091e-68,"Monocytes","ADAM9",0.382198035493964
"PLCB11",7.09109661525051e-72,1.23448359109058,0.193,0.103,2.09435538531424e-67,"Monocytes","PLCB1",0.238255333080482
"ZMIZ12",7.97960289364822e-72,1.19372198385673,0.298,0.2,2.356775714639e-67,"Monocytes","ZMIZ1",0.355729151189305
"SRGAP21",1.90153749044013e-71,1.38072911647352,0.219,0.129,5.61619097801493e-67,"Monocytes","SRGAP2",0.302379676507702
"FAM102B2",2.21613174101236e-71,1.35341841568519,0.189,0.103,6.54534509707999e-67,"Monocytes","FAM102B",0.255796080564501
"SPOPL1",2.99863181828951e-71,1.44161755956578,0.199,0.113,8.85645907531806e-67,"Monocytes","SPOPL",0.286881894353589
"TBC1D141",3.12599012444942e-71,1.21728386788014,0.24,0.145,9.23261183256135e-67,"Monocytes","TBC1D14",0.292148128291234
"CEP1701",4.02978524962848e-71,1.1148978895676,0.299,0.199,1.19019707347777e-66,"Monocytes","CEP170",0.333354468980713
"ADAMTS22",1.4776197771404e-70,1.32752284651014,0.209,0.119,4.36415001178418e-66,"Monocytes","ADAMTS2",0.27745227492062
"EAF21",2.87750853103923e-70,1.49532296192232,0.113,0.048,8.49872144642437e-66,"Monocytes","EAF2",0.168971494697222
"CEBPB2",1.60332531867207e-69,1.22355098149657,0.215,0.124,4.73542132869796e-65,"Monocytes","CEBPB",0.263063461021762
"H3F3A2",2.13753524286915e-69,1.49393426681314,0.17,0.09,6.31321033981403e-65,"Monocytes","H3F3A",0.253968825358234
"ABHD33",8.36349321549966e-69,1.18834834055183,0.245,0.151,2.47015772119782e-64,"Monocytes","ABHD3",0.291145343435199
"DNAJA11",1.79926569161855e-68,1.74076055817813,0.152,0.077,5.31413122019539e-64,"Monocytes","DNAJA1",0.264595604843076
"ELF21",1.14974934518294e-67,1.03860916456915,0.37,0.278,3.39578469099782e-63,"Monocytes","ELF2",0.384285390890587
"TET31",1.26853259183649e-67,1.23491251364952,0.248,0.155,3.74661100998907e-63,"Monocytes","TET3",0.30625830338508
"ARAP11",1.36625618901843e-67,1.53501896084274,0.188,0.106,4.03523765426592e-63,"Monocytes","ARAP1",0.288583564638436
"MEGF93",1.03678745354286e-66,1.1929220707541,0.243,0.151,3.06215174403883e-62,"Monocytes","MEGF9",0.289880063193245
"SLC7A71",2.15842021745025e-66,2.03056965052339,0.105,0.045,6.37489411223932e-62,"Monocytes","SLC7A7",0.213209813304956
"UBASH3B2",2.84187291240024e-66,1.32260408158357,0.227,0.136,8.39347164677411e-62,"Monocytes","UBASH3B",0.300231126519471
"LYZ1",2.26347036636398e-65,1.37175133342262,0.105,0.045,6.68515972705602e-61,"Monocytes","LYZ",0.144033890009375
"SH3TC11",1.07689961151841e-64,1.6684142005508,0.126,0.06,3.18062300261963e-60,"Monocytes","SH3TC1",0.210220189269401
"FGD32",1.14502926453973e-64,1.2661498756595,0.13,0.061,3.38184393281808e-60,"Monocytes","FGD3",0.164599483835734
"ITGAL1",3.04368656089483e-64,1.29179860960272,0.149,0.075,8.98952825760289e-60,"Monocytes","ITGAL",0.192477992830805
"STK17B2",3.30009529147819e-64,1.09411456908913,0.262,0.167,9.74683144338085e-60,"Monocytes","STK17B",0.286658017101353
"ATP2B12",3.28397621041747e-63,1.25273320188641,0.296,0.202,9.699223737468e-59,"Monocytes","ATP2B1",0.370809027758376
"CPQ1",6.57386549511113e-63,1.13856972741806,0.278,0.186,1.94159117398107e-58,"Monocytes","CPQ",0.316522384222222
"P4HA12",1.31829112496628e-62,1.51121610436226,0.261,0.174,3.8935728375879e-58,"Monocytes","P4HA1",0.39442740323855
"ADGRE52",3.03489396335803e-62,1.30177915651444,0.205,0.121,8.96355932077795e-58,"Monocytes","ADGRE5",0.26686472708546
"RCBTB21",5.89985659208568e-62,1.84662906299522,0.107,0.048,1.74252264447251e-57,"Monocytes","RCBTB2",0.197589309740489
"PNPLA61",1.96882932843924e-61,1.82138981097593,0.124,0.06,5.8149374215453e-57,"Monocytes","PNPLA6",0.225852336561016
"CYTH42",2.52453499984857e-61,1.50028998321171,0.108,0.048,7.45621412205276e-57,"Monocytes","CYTH4",0.162031318186865
"B4GALT52",3.36415537481346e-61,1.14009898032346,0.302,0.212,9.93603289951154e-57,"Monocytes","B4GALT5",0.344309892057686
"ANXA13",3.92543934714283e-61,1.13449328684912,0.277,0.185,1.15937851117864e-56,"Monocytes","ANXA1",0.314254640457206
"CSF2RA1",6.97822695108885e-61,1.438941240435,0.126,0.061,2.06101933000409e-56,"Monocytes","CSF2RA",0.18130659629481
"DGKD3",2.20861923328568e-60,1.11191798186162,0.267,0.177,6.52315690550925e-56,"Monocytes","DGKD",0.296882101157053
"ARHGAP302",2.21375575389329e-60,1.24801131597236,0.156,0.082,6.53832761912384e-56,"Monocytes","ARHGAP30",0.194689765291689
"FXR11",3.19851159597284e-60,1.3134932665039,0.252,0.166,9.44680399870578e-56,"Monocytes","FXR1",0.331000303158982
"IL10RA3",8.37665419342515e-60,1.37941186113465,0.142,0.072,2.47404481602812e-55,"Monocytes","IL10RA",0.19587648428112
"SLC49A41",1.50020477892483e-59,1.47166490408491,0.153,0.082,4.43085481455448e-55,"Monocytes","SLC49A4",0.225164730324991
"PSTPIP21",3.88029811268868e-59,1.57786042634274,0.134,0.068,1.1460460475826e-54,"Monocytes","PSTPIP2",0.211433297129928
"ACSL31",3.1730554839301e-58,1.32293884404554,0.272,0.189,9.37161937178756e-54,"Monocytes","ACSL3",0.359839365580388
"EEPD11",4.11546225003651e-58,1.26668779625952,0.18,0.102,1.21550177554828e-53,"Monocytes","EEPD1",0.228003803326713
"SULF21",6.41947636930258e-58,1.75804404096339,0.112,0.053,1.89599234567352e-53,"Monocytes","SULF2",0.196900932587899
"GNAI21",7.01596101331157e-58,1.39315567030291,0.166,0.093,2.07216408528157e-53,"Monocytes","GNAI2",0.231263841270283
"STX71",4.2970933114547e-57,1.09263645495441,0.262,0.176,1.26914650953815e-52,"Monocytes","STX7",0.286270751198055
"MOB4",9.68224910636243e-57,1.84096738719993,0.12,0.059,2.85965227356414e-52,"Monocytes","MOB4",0.220916086463991
"DNAJC51",1.38701181188461e-56,1.24155724500869,0.234,0.152,4.0965393864012e-52,"Monocytes","DNAJC5",0.290524395332034
"MTCH11",2.44132384313988e-56,1.42820396072417,0.19,0.114,7.21044997071363e-52,"Monocytes","MTCH1",0.271358752537592
"MIS18BP12",5.64109701335756e-56,1.18046149367226,0.233,0.151,1.66609800289516e-51,"Monocytes","MIS18BP1",0.275047528025637
"USPL12",5.86446289781171e-55,1.54805144734372,0.146,0.079,1.73206911686869e-50,"Monocytes","USPL1",0.226015511312183
"NCOR22",2.59601247440579e-54,1.01308280063269,0.362,0.285,7.6673228431575e-50,"Monocytes","NCOR2",0.366735973829033
"RHOA1",2.08596737427853e-53,1.58206617271456,0.207,0.132,6.16090463993164e-49,"Monocytes","RHOA",0.327487697751914
"SNX12",2.18719244616541e-53,1.251744615263,0.239,0.161,6.45987288974955e-49,"Monocytes","SNX1",0.299166963047858
"ZNF804A1",8.67307603671644e-53,1.32432350466076,0.111,0.054,2.5615930074442e-48,"Monocytes","ZNF804A",0.146999909017344
"KDM1B",3.59241719159379e-52,1.86587573752084,0.103,0.049,1.06102041753723e-47,"Monocytes","KDM1B",0.192185200964646
"GNS1",2.19608079101294e-51,1.51468348203089,0.145,0.08,6.48612461625672e-47,"Monocytes","GNS",0.219629104894479
"SCLT12",4.34889283956513e-51,1.27643147844175,0.258,0.181,1.28444550016556e-46,"Monocytes","SCLT1",0.329319321437972
"MORC32",4.16218336805551e-50,1.26573412046842,0.212,0.137,1.22930085775519e-45,"Monocytes","MORC3",0.268335633539306
"MAPK141",4.60151901830931e-50,1.16279489518264,0.258,0.181,1.35905864205765e-45,"Monocytes","MAPK14",0.300001082957122
"BIN22",7.87551832929632e-50,1.24741039060072,0.11,0.053,2.32603433855767e-45,"Monocytes","BIN2",0.13721514296608
"HDAC91",8.59918399486302e-50,1.06137022284201,0.143,0.078,2.53976899288279e-45,"Monocytes","HDAC9",0.151775941866407
"PPM1L2",3.58121835273353e-49,1.24964232556234,0.2,0.126,1.05771284047985e-44,"Monocytes","PPM1L",0.249928465112468
"VAV13",5.94950045004803e-49,1.31169803010813,0.126,0.066,1.75718495792168e-44,"Monocytes","VAV1",0.165273951793625
"FKBP151",4.07130425962018e-48,1.38139778654334,0.164,0.097,1.20245971307882e-43,"Monocytes","FKBP15",0.226549236993109
"ITGB21",7.70405121832466e-48,1.29136296065898,0.103,0.05,2.27539152733219e-43,"Monocytes","ITGB2",0.133010384947875
"BCL61",1.44606723856694e-47,1.15629354734879,0.245,0.169,4.27095958910747e-43,"Monocytes","BCL6",0.283291919100454
"UBC2",3.13717796953324e-47,1.23483646304847,0.205,0.132,9.26565513301641e-43,"Monocytes","UBC",0.253141474924936
"THEMIS21",6.85583667930661e-47,1.53927161050495,0.104,0.051,2.02487136323321e-42,"Monocytes","THEMIS2",0.160084247492515
"INSYN2B3",1.27133227641066e-46,1.16871793013193,0.135,0.074,3.75487987837889e-42,"Monocytes","INSYN2B",0.157776920567811
"ITPK11",5.07230820078802e-46,1.45977408265906,0.14,0.079,1.49810622710274e-41,"Monocytes","ITPK1",0.204368371572268
"FLVCR22",3.06496319419173e-45,1.31104694648795,0.145,0.083,9.05236879404528e-41,"Monocytes","FLVCR2",0.190101807240753
"IFNAR23",8.1438167097513e-45,1.03302086250599,0.271,0.195,2.40527626522505e-40,"Monocytes","IFNAR2",0.279948653739124
"SLC36A41",2.20289284822982e-44,1.55232290254339,0.145,0.084,6.50624402724678e-40,"Monocytes","SLC36A4",0.225086820868792
"LPCAT21",3.99012515334166e-44,1.55226077679704,0.11,0.057,1.17848346403946e-39,"Monocytes","LPCAT2",0.170748685447674
"USP321",6.55845905687523e-44,1.00615436176898,0.306,0.236,1.9370408824481e-39,"Monocytes","USP32",0.307883234701308
"KCNQ12",1.20141116811271e-43,1.27751894864789,0.151,0.089,3.5483678850209e-39,"Monocytes","KCNQ1",0.192905361245832
"SLC6A61",1.38360644843354e-43,1.2021570317239,0.187,0.12,4.08648164544845e-39,"Monocytes","SLC6A6",0.224803364932368
"PGS12",1.70699145617112e-43,1.4895206313581,0.14,0.081,5.04159926580141e-39,"Monocytes","PGS1",0.208532888390134
"HSPB11",5.52182590538196e-43,1.40803975655566,0.139,0.08,1.63087128115456e-38,"Monocytes","HSPB1",0.195717526161237
"ARRB12",2.8234637273983e-42,1.19215768984044,0.211,0.143,8.33910011887089e-38,"Monocytes","ARRB1",0.251545272556332
"CLIP22",4.43147324367687e-42,1.35922565282516,0.118,0.064,1.30883562251996e-37,"Monocytes","CLIP2",0.160388627033369
"CREB51",5.7424356948646e-42,1.17558726354666,0.13,0.073,1.69602838247826e-37,"Monocytes","CREB5",0.152826344261066
"RCOR13",6.68530349704743e-42,1.04059855490961,0.284,0.215,1.97450438785296e-37,"Monocytes","RCOR1",0.29552998959433
"TTYH31",1.18914932341018e-41,1.26682866633906,0.142,0.083,3.51215252669197e-37,"Monocytes","TTYH3",0.179889670620146
"ZNF2671",5.19711481719621e-41,1.38142101235396,0.119,0.065,1.5349678612589e-36,"Monocytes","ZNF267",0.164389100470121
"TLE32",6.54205301038552e-41,1.43382578325386,0.123,0.068,1.93219535661736e-36,"Monocytes","TLE3",0.176360571340224
"CD831",4.57992604044249e-40,1.29263784276983,0.121,0.067,1.35268115604469e-35,"Monocytes","CD83",0.156409178975149
"DHX341",6.63265345183953e-40,1.62862345363713,0.101,0.053,1.95895419700081e-35,"Monocytes","DHX34",0.16449096881735
"OAZ12",2.85314017336891e-39,1.22725646111387,0.129,0.073,8.42674950204507e-35,"Monocytes","OAZ1",0.15831608348369
"UBE2F1",4.4718137397074e-39,1.43021055675949,0.127,0.073,1.32075018802258e-34,"Monocytes","UBE2F",0.181636740708455
"CPB2-AS12",1.76095983113669e-38,1.10144124608262,0.123,0.069,5.2009948612622e-34,"Monocytes","CPB2-AS1",0.135477273268162
"P2RX71",2.13526310501448e-38,1.54342569085113,0.105,0.056,6.30649958066026e-34,"Monocytes","P2RX7",0.162059697539369
"PFKFB31",2.40809359713836e-38,1.06018013414594,0.24,0.172,7.11230443914815e-34,"Monocytes","PFKFB3",0.254443232195026
"MBD23",9.33659072003292e-38,1.14433829638117,0.227,0.163,2.75756206916172e-33,"Monocytes","MBD2",0.259764793278525
"PXK2",3.35795694026794e-36,1.17991867112069,0.155,0.097,9.91772582308136e-32,"Monocytes","PXK",0.182887394023707
"ZNF1062",1.50231726036584e-35,1.15749804260512,0.215,0.154,4.4370940284905e-31,"Monocytes","ZNF106",0.2488620791601
"RYBP2",1.62657971427956e-35,1.19252546596751,0.19,0.13,4.80410318612468e-31,"Monocytes","RYBP",0.226579838533826
"GRK21",1.63430433410712e-35,1.28494754897111,0.105,0.058,4.82691785078537e-31,"Monocytes","GRK2",0.134919492641967
"ZNF7102",4.19745135293981e-35,1.21495687375086,0.187,0.128,1.23971725709077e-30,"Monocytes","ZNF710",0.22719693539141
"MCF2L22",5.47214895648091e-35,1.33477364156292,0.153,0.097,1.61619919429664e-30,"Monocytes","MCF2L2",0.204220367159127
"ATP6V0A12",6.16430343570223e-35,1.11549989092019,0.202,0.141,1.82062701973465e-30,"Monocytes","ATP6V0A1",0.225330977965878
"PLSCR11",3.69514550711383e-34,1.08781752139487,0.207,0.147,1.09136122552607e-29,"Monocytes","PLSCR1",0.225178226928739
"XRCC42",1.28580689233659e-33,1.35783501367822,0.139,0.087,3.79763065651613e-29,"Monocytes","XRCC4",0.188739066901272
"CDK192",3.39224427747923e-33,1.01281812777315,0.234,0.172,1.00189934735349e-28,"Monocytes","CDK19",0.236999441898916
"PLEKHB21",1.5159083039949e-32,1.3340234557748,0.137,0.086,4.47723517584893e-28,"Monocytes","PLEKHB2",0.182761213441148
"DICER11",1.69284238442891e-32,1.01175278745244,0.269,0.211,4.99980998241078e-28,"Monocytes","DICER1",0.272161499824705
"SNX31",3.13183920397659e-32,1.39162197680796,0.124,0.076,9.24988708894487e-28,"Monocytes","SNX3",0.172561125124187
"P2RX41",3.03810428400294e-31,1.46134586187029,0.113,0.067,8.97304100280269e-27,"Monocytes","P2RX4",0.165132082391343
"KLHL62",3.40821783610466e-31,1.03388677762387,0.141,0.088,1.00661713789351e-26,"Monocytes","KLHL6",0.145778035644965
"SIRPA1",3.67044718854847e-31,1.40053599141472,0.109,0.064,1.08406657713779e-26,"Monocytes","SIRPA",0.152658423064204
"SLC25A25",2.36858864188737e-30,1.35667156392807,0.101,0.058,6.99562655381435e-26,"Monocytes","SLC25A25",0.137023827956736
"SH2B31",3.83157639926553e-30,1.2482275889221,0.129,0.08,1.13165608952308e-25,"Monocytes","SH2B3",0.161021358970951
"PID12",4.14913825106968e-30,1.33908896581469,0.199,0.142,1.22544798245343e-25,"Monocytes","PID1",0.266478704197123
"ZNF5162",4.8721754888525e-30,1.11578735791385,0.204,0.149,1.43899703063259e-25,"Monocytes","ZNF516",0.227620621014425
"FRY1",3.4475757088507e-29,1.06573418518574,0.214,0.158,1.01824148560906e-24,"Monocytes","FRY",0.228067115629747
"ATG16L21",7.77910674129017e-29,1.25701256603353,0.121,0.074,2.29755917604005e-24,"Monocytes","ATG16L2",0.152098520490058
"RHBDF22",1.40820391905472e-28,1.18756632478987,0.118,0.072,4.1591302749281e-24,"Monocytes","RHBDF2",0.140132826325205
"SUSD11",1.8477123179476e-28,1.33775546968251,0.115,0.07,5.45721833105822e-24,"Monocytes","SUSD1",0.153841879013488
"MTPN1",2.9691912202416e-28,1.2469208570576,0.125,0.078,8.76950626898357e-24,"Monocytes","MTPN",0.1558651071322
"ARPC51",5.56344459166225e-28,1.1963589276409,0.123,0.077,1.64316336014745e-23,"Monocytes","ARPC5",0.147152148099831
"APAF11",9.74023600423067e-28,1.22123490684321,0.124,0.078,2.87677870384953e-23,"Monocytes","APAF1",0.151433128448557
"PPP1R15A1",1.52101010428664e-27,1.29047135521972,0.137,0.089,4.49230334301058e-23,"Monocytes","PPP1R15A",0.176794575665101
"ANP32A1",1.70329429711006e-27,1.1981807182736,0.15,0.101,5.03067970651457e-23,"Monocytes","ANP32A",0.179727107741039
"ZDHHC72",5.42354146677353e-27,1.30183382021634,0.14,0.093,1.60184297221156e-22,"Monocytes","ZDHHC7",0.182256734830288
"ANKRD13D1",5.88868954839784e-27,1.26250101539193,0.108,0.065,1.7392244581193e-22,"Monocytes","ANKRD13D",0.136350109662328
"MAP3K32",6.69322208349907e-27,1.05485919443387,0.19,0.138,1.97684314236145e-22,"Monocytes","MAP3K3",0.200423246942436
"CPNE81",1.09371279282783e-26,1.00641655353894,0.218,0.165,3.23028073361699e-22,"Monocytes","CPNE8",0.219398808671488
"SNX271",1.4230028119393e-26,1.23474500042829,0.137,0.091,4.20283880506273e-22,"Monocytes","SNX27",0.169160065058676
"MTMR31",1.49890117183383e-25,1.04056620694384,0.206,0.156,4.42700461101122e-21,"Monocytes","MTMR3",0.214356638630431
"MARK21",5.64194044652603e-25,1.12730553738367,0.16,0.112,1.66634711088146e-20,"Monocytes","MARK2",0.180368885981388
"SLC23A21",7.68419262635811e-25,1.0536118984918,0.164,0.115,2.26952629219487e-20,"Monocytes","SLC23A2",0.172792351352655
"SLC22A152",1.54753972262088e-24,1.17902427651372,0.148,0.102,4.57065857076077e-20,"Monocytes","SLC22A15",0.174495592924031
"ATP6V0D11",1.73965789435564e-24,1.4166448455166,0.1,0.061,5.13807959097938e-20,"Monocytes","ATP6V0D1",0.14166448455166
"PGK11",2.5543855948659e-24,1.14919746516664,0.14,0.094,7.54437785443645e-20,"Monocytes","PGK1",0.16088764512333
"TNFAIP21",5.76172982641393e-24,1.08045617672622,0.14,0.095,1.70172690423135e-19,"Monocytes","TNFAIP2",0.151263864741671
"KCNE11",7.3717702608727e-24,1.20670880131454,0.107,0.067,2.17725234654875e-19,"Monocytes","KCNE1",0.129117841740656
"BANP3",9.10462308432765e-24,1.00740644937976,0.145,0.099,2.68905042795617e-19,"Monocytes","BANP",0.146073935160066
"GBP21",2.37189417948007e-23,1.04424199882824,0.151,0.105,7.00538945909437e-19,"Monocytes","GBP2",0.157680541823064
"YPEL22",4.62420690224893e-22,1.033592855227,0.14,0.097,1.36575950857922e-17,"Monocytes","YPEL2",0.14470299973178
"DNAJC72",1.85106648622241e-21,1.05746440922252,0.153,0.109,5.46712486705789e-17,"Monocytes","DNAJC7",0.161792054611045
"TCF7L21",2.95847574693493e-21,1.2800524536343,0.285,0.251,8.7378581185723e-17,"Monocytes","TCF7L2",0.364814949285776
"IVNS1ABP2",1.24439152298061e-20,1.0664910272096,0.143,0.101,3.67531036312325e-16,"Monocytes","IVNS1ABP",0.152508216890972
"IL3RA1",2.30190422696697e-20,1.40520537382148,0.111,0.073,6.79867413434695e-16,"Monocytes","IL3RA",0.155977796494185
"SLC44A12",4.79793170048131e-20,1.0963280705876,0.213,0.171,1.41706912773716e-15,"Monocytes","SLC44A1",0.233517879035158
"ARID3A2",8.21164745285697e-20,1.15430904242359,0.107,0.07,2.42531007520131e-15,"Monocytes","ARID3A",0.123511067539324
"IL153",3.67574339781015e-18,1.19530101871632,0.115,0.079,1.08563081254323e-13,"Monocytes","IL15",0.137459617152377
"MTMR141",5.3718734390019e-18,1.20620716590851,0.102,0.068,1.58658282020921e-13,"Monocytes","MTMR14",0.123033130922668
"TLN11",4.42766921739389e-17,1.01328427678514,0.136,0.099,1.30771210335729e-12,"Monocytes","TLN1",0.137806661642779
"KRAS1",7.81230985564827e-17,1.16802665056119,0.121,0.087,2.30736571586572e-12,"Monocytes","KRAS",0.141331224717904
"IPMK1",3.82382907898288e-16,1.163305396059,0.109,0.076,1.12936791847759e-11,"Monocytes","IPMK",0.126800288170431
"HSPA41",5.1530211457264e-16,1.02720624337159,0.134,0.099,1.52194479539029e-11,"Monocytes","HSPA4",0.137645636611793
"PHC22",9.00948640493373e-16,1.12749957783289,0.155,0.119,2.66095180969718e-11,"Monocytes","PHC2",0.174762434564097
"STX61",9.27582938841744e-16,1.11656132435723,0.112,0.079,2.73961620986909e-11,"Monocytes","STX6",0.125054868328009
"TOM11",7.93085596676844e-15,1.20984781125983,0.111,0.08,2.34237830978506e-10,"Monocytes","TOM1",0.134293107049841
"IL1RAP1",1.72008905809858e-14,1.10382735125673,0.117,0.085,5.08028303309415e-10,"Monocytes","IL1RAP",0.129147800097037
"ADPGK1",7.72905519136349e-13,1.00623064665866,0.133,0.102,2.28277645076921e-08,"Monocytes","ADPGK",0.133828676005602
"NFKBIZ2",1.25010734395084e-11,1.08638057559887,0.146,0.117,3.69219204035879e-07,"Monocytes","NFKBIZ",0.158611564037435
"RNF241",1.53965567965536e-11,1.06808754840123,0.142,0.113,4.54737304986209e-07,"Monocytes","RNF24",0.151668431872974
"TMEM511",3.57715495981322e-11,1.04574192661453,0.106,0.079,1.05651271738084e-06,"Monocytes","TMEM51",0.11084864422114
"CD2471",0,4.72236606762878,0.736,0.053,0,"Natural killer cells","CD247",3.47566142577478
"AOAH3",0,3.54482366711956,0.759,0.129,0,"Natural killer cells","AOAH",2.69052116334374
"FYN1",0,2.69340748444854,0.784,0.205,0,"Natural killer cells","FYN",2.11163146780766
"SKAP11",0,2.86151288400942,0.675,0.1,0,"Natural killer cells","SKAP1",1.93152119670636
"PTPRC2",0,2.29479107256884,0.86,0.29,0,"Natural killer cells","PTPRC",1.97352032240921
"PRKCH1",0,2.79876124030547,0.795,0.235,0,"Natural killer cells","PRKCH",2.22501518604285
"SYTL31",0,3.23766700865248,0.587,0.085,0,"Natural killer cells","SYTL3",1.900510534079
"SAMD31",0,3.87072707716876,0.542,0.056,0,"Natural killer cells","SAMD3",2.09793407582547
"PARP81",0,2.34931359407874,0.751,0.277,0,"Natural killer cells","PARP8",1.76433450915314
"CARD111",0,3.35523206996824,0.543,0.081,0,"Natural killer cells","CARD11",1.82189101399275
"PITPNC11",0,2.51363699988238,0.683,0.223,0,"Natural killer cells","PITPNC1",1.71681407091967
"PIP4K2A2",0,2.32648436830278,0.743,0.297,0,"Natural killer cells","PIP4K2A",1.72857788564897
"STAT41",0,3.06811462567443,0.529,0.085,0,"Natural killer cells","STAT4",1.62303263698177
"ETS11",0,2.5284156694052,0.565,0.129,0,"Natural killer cells","ETS1",1.42855485321394
"NCALD1",0,3.58619473409124,0.493,0.059,0,"Natural killer cells","NCALD",1.76799400390698
"RIPOR22",0,2.55274093434068,0.528,0.111,0,"Natural killer cells","RIPOR2",1.34784721333188
"IQGAP22",0,2.05907409662511,0.647,0.233,0,"Natural killer cells","IQGAP2",1.33222094051645
"IKZF13",0,2.22256756900094,0.569,0.167,0,"Natural killer cells","IKZF1",1.26464094676154
"SLFN12L1",0,3.10232138328547,0.464,0.063,0,"Natural killer cells","SLFN12L",1.43947712184446
"GNLY",0,5.95343368014709,0.404,0.008,0,"Natural killer cells","GNLY",2.40518720677942
"KLRD1",0,4.53344798127487,0.432,0.038,0,"Natural killer cells","KLRD1",1.95844952791074
"ARHGAP153",0,1.45329319823316,0.658,0.274,0,"Natural killer cells","ARHGAP15",0.956266924437419
"CNOT6L1",0,2.4606043046684,0.53,0.165,0,"Natural killer cells","CNOT6L",1.30412028147425
"GNG21",0,3.51051704549526,0.418,0.053,0,"Natural killer cells","GNG2",1.46739612501702
"RUNX31",0,3.55906803162973,0.391,0.041,0,"Natural killer cells","RUNX3",1.39159560036722
"SYNE22",0,1.77596538758739,0.655,0.306,0,"Natural killer cells","SYNE2",1.16325732886974
"ITGA43",0,2.64584642842382,0.435,0.087,0,"Natural killer cells","ITGA4",1.15094319636436
"PPP2R2B1",0,3.6411386929303,0.367,0.031,0,"Natural killer cells","PPP2R2B",1.33629790030542
"CBLB2",0,1.65318753744101,0.692,0.36,0,"Natural killer cells","CBLB",1.14400577590918
"TXK1",0,3.96824070047883,0.38,0.049,0,"Natural killer cells","TXK",1.50793146618195
"AKNA1",0,2.86000715759713,0.429,0.102,0,"Natural killer cells","AKNA",1.22694307060917
"MCTP22",0,2.45588850069966,0.52,0.198,0,"Natural killer cells","MCTP2",1.27706202036382
"ITGAL2",0,3.18152210557698,0.39,0.069,0,"Natural killer cells","ITGAL",1.24079362117502
"PRKCB3",0,1.82021626480023,0.513,0.193,0,"Natural killer cells","PRKCB",0.93377094384252
"PPP2R5C2",0,2.13714350081917,0.6,0.28,0,"Natural killer cells","PPP2R5C",1.2822861004915
"CD961",0,2.63434896889721,0.369,0.057,0,"Natural killer cells","CD96",0.972074769523069
"RABGAP1L2",0,1.73115476879016,0.763,0.457,0,"Natural killer cells","RABGAP1L",1.32087108858689
"INPP5D3",0,2.008930435262,0.456,0.152,0,"Natural killer cells","INPP5D",0.916072278479472
"ANKRD443",0,1.59671280757018,0.634,0.331,0,"Natural killer cells","ANKRD44",1.01231591999949
"MYBL11",0,4.58910305186943,0.319,0.017,0,"Natural killer cells","MYBL1",1.46392387354635
"VAV32",0,2.12832358437724,0.472,0.17,0,"Natural killer cells","VAV3",1.00456873182606
"CCND31",0,1.92641864489216,0.563,0.263,0,"Natural killer cells","CCND3",1.08457369707429
"CHST114",0,1.18490807700588,0.709,0.411,0,"Natural killer cells","CHST11",0.840099826597166
"MYO1F3",0,2.329286071125,0.435,0.139,0,"Natural killer cells","MYO1F",1.01323944093937
"KLRF1",0,7.77090607632664,0.295,0.002,0,"Natural killer cells","KLRF1",2.29241729251636
"KLF122",0,2.18040043198152,0.461,0.169,0,"Natural killer cells","KLF12",1.00516459914348
"PYHIN11",0,3.9041896589046,0.317,0.025,0,"Natural killer cells","PYHIN1",1.23762812187276
"NFATC23",0,2.27690554458412,0.379,0.089,0,"Natural killer cells","NFATC2",0.862947201397382
"RASA32",0,2.25704431340399,0.438,0.149,0,"Natural killer cells","RASA3",0.988585409270949
"RASA22",0,2.00845124164291,0.559,0.273,0,"Natural killer cells","RASA2",1.12272424407839
"SLC38A12",0,2.27651805556714,0.406,0.121,0,"Natural killer cells","SLC38A1",0.924266330560258
"TOX3",0,2.01254659814831,0.421,0.138,0,"Natural killer cells","TOX",0.847282117820438
"STK103",0,2.27462012971411,0.427,0.146,0,"Natural killer cells","STK10",0.971262795387924
"SYNE12",0,1.39594731107548,0.606,0.331,0,"Natural killer cells","SYNE1",0.84594407051174
"RAP1GAP22",0,3.33363337472446,0.338,0.07,0,"Natural killer cells","RAP1GAP2",1.12676808065687
"DOCK103",0,1.53766301860849,0.5,0.233,0,"Natural killer cells","DOCK10",0.768831509304243
"MBP3",0,2.11321014120446,0.468,0.201,0,"Natural killer cells","MBP",0.988982346083688
"ATP8A13",0,1.88294034781429,0.434,0.173,0,"Natural killer cells","ATP8A1",0.817196110951401
"PRKCQ2",0,2.59148120688576,0.336,0.075,0,"Natural killer cells","PRKCQ",0.870737685513616
"APBA21",0,3.55151953120899,0.296,0.037,0,"Natural killer cells","APBA2",1.05124978123786
"CCDC88C2",0,2.1427604449518,0.381,0.125,0,"Natural killer cells","CCDC88C",0.816391729526635
"PPP1R16B2",0,2.30575833847199,0.33,0.075,0,"Natural killer cells","PPP1R16B",0.760900251695758
"CDC42SE22",0,1.58895071320291,0.5,0.246,0,"Natural killer cells","CDC42SE2",0.794475356601456
"PLCL24",0,2.07996620289151,0.425,0.173,0,"Natural killer cells","PLCL2",0.88398563622889
"ATM2",0,1.83009995921733,0.498,0.246,0,"Natural killer cells","ATM",0.911389779690228
"IKZF32",0,2.53792086681408,0.306,0.06,0,"Natural killer cells","IKZF3",0.776603785245109
"PRF1",0,5.860148467613,0.248,0.006,0,"Natural killer cells","PRF1",1.45331681996802
"PTPN221",0,2.67299307895667,0.306,0.065,0,"Natural killer cells","PTPN22",0.817935882160742
"CLEC2D1",0,2.15619432358856,0.366,0.125,0,"Natural killer cells","CLEC2D",0.789167122433412
"TRERF11",0,2.20799069514113,0.356,0.119,0,"Natural killer cells","TRERF1",0.786044687470242
"KLRK1",0,4.38569181380914,0.25,0.013,0,"Natural killer cells","KLRK1",1.09642295345229
"SEMA4D3",0,1.96508510768579,0.349,0.117,0,"Natural killer cells","SEMA4D",0.685814702582339
"DIP2A1",0,2.34327644711822,0.401,0.17,0,"Natural killer cells","DIP2A",0.939653855294406
"PLCB12",0,2.02438017899925,0.33,0.1,0,"Natural killer cells","PLCB1",0.668045459069754
"TGFBR32",0,2.20875892868023,0.332,0.103,0,"Natural killer cells","TGFBR3",0.733307964321838
"SORL13",0,2.42751088343611,0.324,0.097,0,"Natural killer cells","SORL1",0.786513526233298
"TRG-AS11",0,3.39835593444344,0.265,0.04,0,"Natural killer cells","TRG-AS1",0.900564322627512
"NCAM1",0,5.3144745925151,0.233,0.01,0,"Natural killer cells","NCAM1",1.23827258005602
"BCL11B1",0,1.97136348366273,0.279,0.062,0,"Natural killer cells","BCL11B",0.550010411941902
"PDGFD1",0,3.1031974334043,0.255,0.04,0,"Natural killer cells","PDGFD",0.791315345518096
"EMB1",0,2.02646619617901,0.299,0.085,0,"Natural killer cells","EMB",0.605913392657524
"GFOD1",0,2.91509983452082,0.278,0.068,0,"Natural killer cells","GFOD1",0.810397753996787
"ITK1",0,2.26892986939998,0.247,0.045,0,"Natural killer cells","ITK",0.560425677741794
"P2RY82",0,2.40491765265899,0.266,0.065,0,"Natural killer cells","P2RY8",0.639708095607292
"BIN23",0,2.87798846217924,0.236,0.05,0,"Natural killer cells","BIN2",0.6792052770743
"CYFIP21",0,2.55947406011422,0.239,0.058,0,"Natural killer cells","CYFIP2",0.611714300367298
"SCML41",0,2.87198616656014,0.207,0.028,0,"Natural killer cells","SCML4",0.59450113647795
"DTHD11",0,2.79814394762754,0.211,0.033,0,"Natural killer cells","DTHD1",0.590408372949411
"ZAP701",0,3.70529626967507,0.188,0.016,0,"Natural killer cells","ZAP70",0.696595698698913
"TMC81",0,2.47298364138123,0.225,0.054,0,"Natural killer cells","TMC8",0.556421319310778
"RNF1251",0,3.38215605454121,0.192,0.021,0,"Natural killer cells","RNF125",0.649373962471912
"SPON21",0,3.20484627426744,0.213,0.042,0,"Natural killer cells","SPON2",0.682632256418965
"KCNQ51",0,2.94904780304894,0.211,0.04,0,"Natural killer cells","KCNQ5",0.622249086443327
"UTRN3",0,1.08798606314408,0.783,0.616,0,"Natural killer cells","UTRN",0.851893087441814
"GRAP21",0,2.27191931632398,0.21,0.043,0,"Natural killer cells","GRAP2",0.477103056428037
"CCL5",0,3.74891240841891,0.172,0.014,0,"Natural killer cells","CCL5",0.644812934248052
"CD2261",0,2.88792050358813,0.185,0.028,0,"Natural killer cells","CD226",0.534265293163805
"NKG7",0,5.63144026719257,0.156,0.004,0,"Natural killer cells","NKG7",0.878504681682041
"PTGDR",0,5.03638081991577,0.157,0.006,0,"Natural killer cells","PTGDR",0.790711788726776
"OSBPL5",0,3.10115798748831,0.197,0.047,0,"Natural killer cells","OSBPL5",0.610928123535197
"ZNF8311",0,2.409715842197,0.18,0.032,0,"Natural killer cells","ZNF831",0.43374885159546
"ADGRG5",0,4.61193077704482,0.154,0.009,0,"Natural killer cells","ADGRG5",0.710237339664902
"ABCB1",0,3.6789107258983,0.14,0.012,0,"Natural killer cells","ABCB1",0.515047501625763
"CEP78",0,3.48648109528885,0.153,0.026,0,"Natural killer cells","CEP78",0.533431607579194
"KLRC3",0,5.65714049687453,0.13,0.003,0,"Natural killer cells","KLRC3",0.735428264593689
"NCR1",0,6.58461570392294,0.127,0.002,0,"Natural killer cells","NCR1",0.836246194398213
"SLAMF61",0,2.65567868520903,0.149,0.025,0,"Natural killer cells","SLAMF6",0.395696124096145
"LINGO2",0,6.18609922976768,0.127,0.004,0,"Natural killer cells","LINGO2",0.785634602180496
"ST8SIA6",0,2.90601351927244,0.141,0.019,0,"Natural killer cells","ST8SIA6",0.409747906217415
"SLA21",0,4.06930380608029,0.125,0.009,0,"Natural killer cells","SLA2",0.508662975760036
"ADGRG1",0,4.08061898870239,0.128,0.015,0,"Natural killer cells","ADGRG1",0.522319230553906
"CCL4",0,4.27770284879257,0.121,0.01,0,"Natural killer cells","CCL4",0.517602044703901
"LCK1",0,2.63438365548411,0.131,0.022,0,"Natural killer cells","LCK",0.345104258868419
"GPR1741",0,2.75814607513914,0.115,0.017,0,"Natural killer cells","GPR174",0.317186798641001
"TBX21",0,4.73784089230918,0.102,0.005,0,"Natural killer cells","TBX21",0.483259771015536
"IL12RB2",0,3.10039061016236,0.112,0.016,0,"Natural killer cells","IL12RB2",0.347243748338184
"IL2RB",0,4.38037194197199,0.102,0.006,0,"Natural killer cells","IL2RB",0.446797938081143
"TAFA1",0,3.30212558541475,0.102,0.013,0,"Natural killer cells","TAFA1",0.336816809712304
"TMEM71",5.65729421213716e-307,3.08200701878831,0.115,0.018,1.67088184555471e-302,"Natural killer cells","TMEM71",0.354430807160656
"TRAF3IP31",3.41441754299471e-303,2.43458011264703,0.163,0.034,1.00844822132349e-298,"Natural killer cells","TRAF3IP3",0.396836558361466
"PZP",8.77080201579106e-298,2.79934071618722,0.127,0.022,2.59045637536389e-293,"Natural killer cells","PZP",0.355516270955778
"YPEL1",4.82880508636571e-297,3.25663760636272,0.124,0.021,1.42618758225811e-292,"Natural killer cells","YPEL1",0.403823063188978
"ARL4C",9.032749582465e-295,2.65728917919074,0.21,0.055,2.66782258918104e-290,"Natural killer cells","ARL4C",0.558030727630054
"STK391",1.42372754216962e-291,1.96058107986801,0.394,0.17,4.20497929579797e-287,"Natural killer cells","STK39",0.772468945467996
"SIDT12",4.23831059602683e-291,2.44897121494931,0.207,0.053,1.25178503453653e-286,"Natural killer cells","SIDT1",0.506937041494508
"NOL4L",1.67118079274494e-278,2.76724571505956,0.165,0.037,4.93583247137218e-274,"Natural killer cells","NOL4L",0.456595542984828
"SYTL21",6.0057205881376e-273,2.26173797427484,0.243,0.074,1.77378957570644e-268,"Natural killer cells","SYTL2",0.549602327748787
"CYTIP3",1.62966091726406e-270,1.7742996517739,0.327,0.121,4.81320351913941e-266,"Natural killer cells","CYTIP",0.580195986130066
"PLAC81",3.42242184140039e-267,3.03890907627401,0.147,0.032,1.01081229085761e-262,"Natural killer cells","PLAC8",0.44671963421228
"KAT2B1",3.65118798302693e-267,2.05262209653863,0.325,0.125,1.078378370787e-262,"Natural killer cells","KAT2B",0.667102181375056
"ARAP22",3.14153580149868e-244,1.63010928678596,0.441,0.222,9.27852598972636e-240,"Natural killer cells","ARAP2",0.718878195472608
"NLRC3",7.74295855043321e-233,2.68933263527555,0.111,0.021,2.28688280787045e-228,"Natural killer cells","NLRC3",0.298515922515586
"FAM49B3",6.15214731301269e-232,1.45043131783803,0.523,0.315,1.8170367088983e-227,"Natural killer cells","FAM49B",0.758575579229291
"JAKMIP2",1.80746763036767e-231,2.73794150974952,0.122,0.025,5.33835564629092e-227,"Natural killer cells","JAKMIP2",0.334028864189442
"HSH2D1",8.72479587988681e-229,2.75277284210444,0.132,0.029,2.57686846312457e-224,"Natural killer cells","HSH2D",0.363366015157787
"PRKACB1",3.19084484469588e-223,2.16998529325203,0.262,0.097,9.42416024880928e-219,"Natural killer cells","PRKACB",0.568536146832031
"JAZF13",3.91310766207457e-218,1.59561909439576,0.456,0.256,1.15573634799373e-213,"Natural killer cells","JAZF1",0.727602307044467
"PREX13",6.41851976791526e-216,1.6150364579908,0.365,0.166,1.89570981345377e-211,"Natural killer cells","PREX1",0.589488307166642
"RASGRP12",5.55272557148941e-214,2.22432536745733,0.178,0.05,1.6399974975394e-209,"Natural killer cells","RASGRP1",0.395929915407404
"STK43",1.55751837527016e-211,1.54794921873433,0.393,0.192,4.6001305213604e-207,"Natural killer cells","STK4",0.60834404296259
"CD21",6.65844040983186e-211,2.16361878767881,0.129,0.029,1.96657037504384e-206,"Natural killer cells","CD2",0.279106823610566
"ACAP12",3.38782844135265e-208,2.13164298560252,0.16,0.042,1.00059513015351e-203,"Natural killer cells","ACAP1",0.341062877696404
"SFMBT23",5.41366854326871e-208,1.47853230689901,0.449,0.242,1.59892700425441e-203,"Natural killer cells","SFMBT2",0.663861005797654
"PTPRJ3",1.85592661474607e-207,1.39907608441969,0.49,0.288,5.48147925665252e-203,"Natural killer cells","PTPRJ",0.685547281365649
"PRR5L1",2.38441205389441e-204,2.57086990469782,0.171,0.049,7.04236100117713e-200,"Natural killer cells","PRR5L",0.439618753703327
"RIN32",3.46849519655118e-204,1.93393085179765,0.328,0.149,1.02442005630139e-199,"Natural killer cells","RIN3",0.634329319389628
"FYB13",2.51387574285387e-200,1.27872748699169,0.376,0.172,7.4247320065189e-196,"Natural killer cells","FYB1",0.480801535108874
"RNF2134",2.71987904645824e-193,1.16059922203589,0.595,0.427,8.03316276371441e-189,"Natural killer cells","RNF213",0.690556537111357
"XYLT13",4.78205520656627e-191,1.64433934448745,0.309,0.134,1.41238000525935e-186,"Natural killer cells","XYLT1",0.508100857446621
"PIK3R53",3.95957478493263e-190,1.44883072729909,0.368,0.178,1.16946041272985e-185,"Natural killer cells","PIK3R5",0.533169707646066
"INPP4A4",4.83990485442324e-189,1.62981691659707,0.395,0.211,1.4294658987539e-184,"Natural killer cells","INPP4A",0.643777682055842
"ZC3HAV12",6.75409988089276e-187,1.69403044326203,0.293,0.124,1.99482339982168e-182,"Natural killer cells","ZC3HAV1",0.496350919875774
"ZEB22",5.69952272548868e-183,1.02992323134141,0.554,0.338,1.68335403697308e-178,"Natural killer cells","ZEB2",0.570577470163139
"CD300A",3.62628253123651e-181,2.98637753732807,0.105,0.023,1.0710225456007e-176,"Natural killer cells","CD300A",0.313569641419448
"CEMIP21",9.49653003526512e-180,1.60119502540883,0.405,0.221,2.80480014591555e-175,"Natural killer cells","CEMIP2",0.648483985290577
"NFATC33",3.23459783964084e-177,1.90520902352003,0.325,0.16,9.55338471937922e-173,"Natural killer cells","NFATC3",0.61919293264401
"IPCEF11",2.0981256413206e-172,2.07488395866184,0.157,0.047,6.19681408164039e-168,"Natural killer cells","IPCEF1",0.325756781509909
"AKT32",6.89879126321602e-172,1.29684282832777,0.457,0.269,2.03755799959085e-167,"Natural killer cells","AKT3",0.592657172545793
"NLRC51",1.20183515484254e-168,1.83136415204619,0.255,0.106,3.54962012982745e-164,"Natural killer cells","NLRC5",0.466997858771779
"TFDP21",5.23991730207675e-166,2.15348897161411,0.293,0.141,1.54760957516837e-161,"Natural killer cells","TFDP2",0.630972268682933
"NIBAN11",3.66560120387172e-165,1.46665761069336,0.307,0.141,1.08263531556351e-160,"Natural killer cells","NIBAN1",0.450263886482863
"SPN",1.74329186277939e-164,2.63786464027249,0.133,0.037,5.14881251671893e-160,"Natural killer cells","SPN",0.350835997156241
"DOCK24",9.06238494100789e-163,1.112651239943,0.452,0.256,2.67657539232668e-158,"Natural killer cells","DOCK2",0.502918360454237
"FLI14",1.29036235196409e-162,1.34929395168799,0.389,0.209,3.81108520652595e-158,"Natural killer cells","FLI1",0.524875347206628
"OPRM11",1.1425445616693e-159,2.3115088160415,0.11,0.027,3.37450536289028e-155,"Natural killer cells","OPRM1",0.254265969764565
"USP28",2.43425199558721e-159,2.66848127721094,0.137,0.04,7.18956326896682e-155,"Natural killer cells","USP28",0.365581934977899
"AF165147.11",7.8952604198801e-159,1.95902582259658,0.166,0.054,2.33186516501159e-154,"Natural killer cells","AF165147.1",0.325198286551032
"CLEC2B1",1.23277474018712e-157,2.11551339289292,0.179,0.062,3.64100019514265e-153,"Natural killer cells","CLEC2B",0.378676897327833
"ADGRE53",3.43151015476998e-156,1.78249705252645,0.268,0.12,1.01349652421131e-151,"Natural killer cells","ADGRE5",0.477709210077089
"TNRC6B2",7.62169381211058e-156,1.10244286847091,0.578,0.446,2.25106726740686e-151,"Natural killer cells","TNRC6B",0.637211977976185
"CD533",2.53907279660316e-155,1.78133480945417,0.239,0.099,7.49915150476743e-151,"Natural killer cells","CD53",0.425739019459548
"EVL1",6.76182108465456e-154,1.56235267604199,0.341,0.179,1.99710385735273e-149,"Natural killer cells","EVL",0.532762262530318
"LCP13",1.14526594027951e-153,1.65048917276472,0.262,0.115,3.38254295461553e-149,"Natural killer cells","LCP1",0.432428163264356
"FGD33",2.51480511389266e-152,1.99353436943711,0.176,0.061,7.42747690388197e-148,"Natural killer cells","FGD3",0.350862049020932
"BTN3A12",2.53467418974685e-151,2.21684377946156,0.173,0.06,7.48616021941732e-147,"Natural killer cells","BTN3A1",0.38351397384685
"WIPF13",4.65425179993235e-151,1.43293633193534,0.351,0.187,1.37463326911002e-146,"Natural killer cells","WIPF1",0.502960652509305
"IFI161",4.17341426668872e-149,1.55179707430575,0.36,0.199,1.23261790366651e-144,"Natural killer cells","IFI16",0.558646946750072
"PIK3CD2",2.24178532622757e-147,1.85162854044926,0.186,0.067,6.62111296101311e-143,"Natural killer cells","PIK3CD",0.344402908523563
"RASAL3",3.35325435647339e-147,2.37630062870898,0.1,0.024,9.90383674184415e-143,"Natural killer cells","RASAL3",0.237630062870898
"SSH23",2.94201324761034e-145,1.03359395859394,0.604,0.478,8.68923612681713e-141,"Natural killer cells","SSH2",0.624290750990742
"YES1",3.06105688150266e-144,2.40665928457061,0.184,0.069,9.0408314995181e-140,"Natural killer cells","YES1",0.442825308360992
"PTPN43",3.16344534578639e-143,1.78724773028126,0.296,0.15,9.34323582878011e-139,"Natural killer cells","PTPN4",0.529025328163254
"APBB1IP3",1.13037645654212e-141,1.41936029352646,0.319,0.162,3.33856686439716e-137,"Natural killer cells","APBB1IP",0.452775933634939
"TMEM1811",8.20885379998552e-141,1.75985790946299,0.317,0.17,2.42448496982572e-136,"Natural killer cells","TMEM181",0.557874957299769
"SMCHD12",8.71115714013139e-141,1.05858436039492,0.556,0.409,2.57284026133781e-136,"Natural killer cells","SMCHD1",0.588572904379577
"C1orf212",5.7600223998083e-138,1.56806673403446,0.325,0.175,1.70122261578338e-133,"Natural killer cells","C1orf21",0.509621688561199
"AGTPBP14",9.64682562081003e-138,1.53980262951193,0.355,0.202,2.84918994710624e-133,"Natural killer cells","AGTPBP1",0.546629933476736
"C12orf75",1.75283761250802e-136,2.56718406160306,0.104,0.027,5.17700588854244e-132,"Natural killer cells","C12orf75",0.266987142406718
"RASSF1",2.76569764558218e-136,2.37343065789068,0.154,0.053,8.16848799622695e-132,"Natural killer cells","RASSF1",0.365508321315165
"ARHGEF31",2.06984809485578e-135,1.50141852189712,0.355,0.203,6.11329634815655e-131,"Natural killer cells","ARHGEF3",0.533003575273479
"IKZF2",1.06964896327934e-133,2.3817825054989,0.205,0.087,3.15920821304552e-129,"Natural killer cells","IKZF2",0.488265413627274
"CASP82",3.39987200074138e-132,1.89788843111079,0.217,0.093,1.00415219541897e-127,"Natural killer cells","CASP8",0.411841789551042
"PRKX1",2.96933586542659e-131,1.85994528401862,0.203,0.083,8.76993347853744e-127,"Natural killer cells","PRKX",0.377568892655779
"BTN3A22",5.16373014172647e-131,2.15586963508423,0.159,0.057,1.52510769735891e-126,"Natural killer cells","BTN3A2",0.342783271978392
"RHOH2",3.14155430640134e-129,1.50755075872137,0.185,0.07,9.27858064395635e-125,"Natural killer cells","RHOH",0.278896890363453
"SLA3",8.00960086205069e-124,1.53226379946169,0.246,0.114,2.36563561460667e-119,"Natural killer cells","SLA",0.376936894667575
"CCSER21",2.04361098665848e-123,1.49000047109882,0.361,0.219,6.03580504909582e-119,"Natural killer cells","CCSER2",0.537890170066675
"STIM11",1.05337776752249e-122,1.56075993472606,0.344,0.202,3.11115123637766e-118,"Natural killer cells","STIM1",0.536901417545763
"PARP15",1.64743393584829e-121,2.32240816934881,0.12,0.037,4.86569612952791e-117,"Natural killer cells","PARP15",0.278688980321857
"C5orf561",3.024246191347e-121,1.81930010530098,0.245,0.118,8.93211112614337e-117,"Natural killer cells","C5orf56",0.44572852579874
"LYST2",6.88132698030877e-121,1.57111485745683,0.391,0.254,2.0323999236342e-116,"Natural killer cells","LYST",0.61430590926562
"MAPRE21",2.14303445115367e-120,2.10060740591746,0.204,0.089,6.32945225148237e-116,"Natural killer cells","MAPRE2",0.428523910807162
"GK51",3.57123957843822e-119,2.34829170589003,0.176,0.072,1.05476560949173e-114,"Natural killer cells","GK5",0.413299340236646
"GBP51",4.66827928593232e-119,1.98696784953043,0.123,0.039,1.37877628710011e-114,"Natural killer cells","GBP5",0.244397045492243
"DENND2D",7.06945199803057e-119,2.40323944172824,0.112,0.034,2.08796264761833e-114,"Natural killer cells","DENND2D",0.269162817473563
"CRACR2A",5.99678468990437e-117,2.2140615094349,0.122,0.039,1.77115035816326e-112,"Natural killer cells","CRACR2A",0.270115504151058
"KLHDC41",9.92029352544684e-117,2.12093736708298,0.166,0.065,2.92995869274072e-112,"Natural killer cells","KLHDC4",0.352075602935774
"ATP8B42",4.4597142034451e-116,1.75185726266212,0.178,0.071,1.31717658998751e-111,"Natural killer cells","ATP8B4",0.311830592753857
"CMIP3",7.42082597650444e-116,1.20908971191837,0.483,0.358,2.19174095216059e-111,"Natural killer cells","CMIP",0.583990330856573
"ABHD17A",2.35737110060966e-115,2.5391299041143,0.11,0.033,6.96249554565063e-111,"Natural killer cells","ABHD17A",0.279304289452573
"LNPEP1",3.87666940309457e-115,1.67292070425064,0.301,0.17,1.14497430820398e-110,"Natural killer cells","LNPEP",0.503549131979442
"BCL22",7.66051626493089e-115,1.43060498066651,0.313,0.17,2.26253347884734e-110,"Natural killer cells","BCL2",0.447779358948619
"HIVEP33",9.70500904283262e-114,1.64351258838865,0.317,0.185,2.86637442080061e-109,"Natural killer cells","HIVEP3",0.520993490519202
"FNBP13",2.34424121781944e-113,1.03313034963736,0.447,0.298,6.92371643682972e-109,"Natural killer cells","FNBP1",0.461809266287902
"SH3KBP12",8.49531921582148e-113,1.35605423595306,0.375,0.236,2.50909253039287e-108,"Natural killer cells","SH3KBP1",0.508520338482397
"SEPTIN62",1.03403082697322e-112,1.5187069287307,0.242,0.116,3.0540100474654e-108,"Natural killer cells","SEPTIN6",0.36752707675283
"CEP85L2",3.37299568093068e-112,1.43178822745827,0.309,0.172,9.96214274362876e-108,"Natural killer cells","CEP85L",0.442422562284605
"ZFYVE281",2.17536714804462e-109,1.80162677366884,0.186,0.079,6.42494687174978e-105,"Natural killer cells","ZFYVE28",0.335102579902403
"RAP1B4",5.02956796376891e-108,1.24934423126362,0.433,0.309,1.48548289809915e-103,"Natural killer cells","RAP1B",0.540966052137148
"PLEK2",4.12921408224326e-107,2.19348101243654,0.122,0.041,1.21956337919055e-102,"Natural killer cells","PLEK",0.267604683517258
"SP1402",8.04481599718556e-107,1.5875252891834,0.179,0.074,2.37603640476876e-102,"Natural killer cells","SP140",0.284167026763828
"BTG12",1.31151373267753e-106,1.69391756336629,0.192,0.084,3.87355580946308e-102,"Natural killer cells","BTG1",0.325232172166328
"RCSD13",1.22514663176561e-105,1.55638660348546,0.179,0.074,3.61847057691974e-101,"Natural killer cells","RCSD1",0.278593202023897
"PLEKHA22",2.30561728679684e-104,1.50724437458161,0.285,0.158,6.80964065655447e-100,"Natural killer cells","PLEKHA2",0.429564646755759
"CLASP12",2.48873718447927e-104,1.32443921876972,0.404,0.283,7.35048527435951e-100,"Natural killer cells","CLASP1",0.535073444382967
"MAPK11",9.14459167642274e-103,1.53523261882147,0.336,0.212,2.70085515163146e-98,"Natural killer cells","MAPK1",0.515838159924013
"TTC131",1.95529378868132e-101,1.90004644282113,0.176,0.076,5.77496020487028e-97,"Natural killer cells","TTC13",0.334408173936518
"STK382",4.06338426796229e-101,1.55472919889353,0.3,0.177,1.20012054354266e-96,"Natural killer cells","STK38",0.466418759668058
"DGKD4",1.42667942346049e-100,1.49702741956972,0.301,0.177,4.21369767719055e-96,"Natural killer cells","DGKD",0.450605253290486
"APMAP",2.25763816270415e-97,2.39975205822452,0.111,0.038,6.66793431354671e-93,"Natural killer cells","APMAP",0.266372478462922
"STK17A2",3.53952393587414e-97,1.49584591549557,0.252,0.134,1.04539839446043e-92,"Natural killer cells","STK17A",0.376953170704884
"SLFN51",4.26294559871889e-97,2.07176412366589,0.159,0.067,1.25906098258162e-92,"Natural killer cells","SLFN5",0.329410495662876
"ARHGEF13",9.21443157585925e-96,1.77224795194323,0.196,0.092,2.72148236593003e-91,"Natural killer cells","ARHGEF1",0.347360598580872
"NUP2102",1.3222701201385e-95,1.76524302239574,0.169,0.072,3.90532479982907e-91,"Natural killer cells","NUP210",0.298326070784879
"HLA-E2",3.26929231779111e-95,1.37708914619191,0.275,0.153,9.65585486059604e-91,"Natural killer cells","HLA-E",0.378699515202774
"TNFRSF1B3",5.17363765676611e-94,1.45112842609562,0.216,0.105,1.52803388192587e-89,"Natural killer cells","TNFRSF1B",0.313443740036654
"EFHD21",7.83558017894858e-94,2.35011207158111,0.118,0.042,2.31423860585246e-89,"Natural killer cells","EFHD2",0.277313224446571
"PACS11",1.31321974912081e-92,1.13310800441398,0.401,0.278,3.8785945290283e-88,"Natural killer cells","PACS1",0.454376309770004
"ARHGAP303",4.9313970824731e-92,1.75161002606732,0.18,0.082,1.45648812830843e-87,"Natural killer cells","ARHGAP30",0.315289804692118
"TSPOAP1-AS1",1.08336742776937e-91,2.38909639837828,0.104,0.035,3.19972569791683e-87,"Natural killer cells","TSPOAP1-AS1",0.248466025431341
"ATF7IP1",1.36128081192888e-91,1.25897276467442,0.37,0.25,4.02054287803196e-87,"Natural killer cells","ATF7IP",0.465819922929536
"EPB412",1.18977182040522e-90,1.36712147780683,0.305,0.185,3.51399107156683e-86,"Natural killer cells","EPB41",0.416972050731084
"ZFPM1",1.78895758499269e-89,2.16628787737892,0.117,0.042,5.28368622727591e-85,"Natural killer cells","ZFPM1",0.253455681653333
"ADCY73",7.4287236214108e-89,1.84930084172407,0.188,0.09,2.19407352158368e-84,"Natural killer cells","ADCY7",0.347668558244126
"RESF11",2.3644260471919e-87,1.32123053620741,0.257,0.141,6.98333233038127e-83,"Natural killer cells","RESF1",0.339556247805305
"TNFAIP81",2.45746913310567e-86,1.24354763091602,0.291,0.17,7.25813508462759e-82,"Natural killer cells","TNFAIP8",0.361872360596562
"NLRP13",3.31180200519167e-85,1.46739452614764,0.21,0.106,9.78140722233359e-81,"Natural killer cells","NLRP1",0.308152850491005
"JAK32",2.88755387668791e-84,1.85320374795793,0.103,0.036,8.52839037479774e-80,"Natural killer cells","JAK3",0.190879986039667
"GNPTAB",9.22239874314261e-84,1.76531560456292,0.248,0.143,2.72383546878717e-79,"Natural killer cells","GNPTAB",0.437798269931604
"SP1001",2.62360065251988e-83,1.11708132141803,0.403,0.294,7.74880452721748e-79,"Natural killer cells","SP100",0.450183772531466
"SUN2",7.70058351609024e-82,2.05823048204177,0.134,0.056,2.27436734147725e-77,"Natural killer cells","SUN2",0.275802884593597
"GPATCH8",1.73961190934992e-81,1.38152607291822,0.339,0.232,5.137943774265e-77,"Natural killer cells","GPATCH8",0.468337338719275
"CPB2-AS13",2.54944191645391e-81,1.71669720670119,0.154,0.068,7.52977670024662e-77,"Natural killer cells","CPB2-AS1",0.264371369831984
"DIAPH13",9.11618464078996e-80,1.35047381663748,0.314,0.204,2.69246513365731e-75,"Natural killer cells","DIAPH1",0.424048778424168
"PCED1B2",9.02364897894846e-76,1.22197186884931,0.278,0.168,2.66513472593243e-71,"Natural killer cells","PCED1B",0.339708179540109
"SACM1L1",1.48503484594729e-75,1.72548375025551,0.197,0.104,4.38605041750532e-71,"Natural killer cells","SACM1L",0.339920298800336
"TSPAN51",1.3055708114606e-74,1.24188654529287,0.232,0.128,3.85600339164887e-70,"Natural killer cells","TSPAN5",0.288117678507946
"HLA-F2",1.50144046546508e-73,1.86381530577361,0.151,0.07,4.43450441475111e-69,"Natural killer cells","HLA-F",0.281436111171815
"GPRIN32",5.0994871773029e-73,1.08268239118206,0.284,0.17,1.50613353781641e-68,"Natural killer cells","GPRIN3",0.307481799095704
"CRYBG12",2.4411407528328e-72,1.52103817655591,0.201,0.106,7.20990921349169e-68,"Natural killer cells","CRYBG1",0.305728673487737
"GAB32",2.6978812127205e-72,1.78185911596713,0.145,0.066,7.96819216177001e-68,"Natural killer cells","GAB3",0.258369571815234
"AXIN1",3.81914119573686e-71,2.16187572392478,0.117,0.048,1.12798335216088e-66,"Natural killer cells","AXIN1",0.2529394596992
"ARHGAP253",3.26391412691094e-70,1.34241428159661,0.203,0.108,9.63997037383147e-66,"Natural killer cells","ARHGAP25",0.272510099164111
"ITPKB1",4.13185699290138e-70,1.46600068848204,0.174,0.086,1.22034396285342e-65,"Natural killer cells","ITPKB",0.255084119795875
"FAM53B2",7.95940362705121e-70,1.54980261774821,0.208,0.114,2.35080986124957e-65,"Natural killer cells","FAM53B",0.322358944491627
"LCP23",1.91408039228404e-69,1.23999804931713,0.223,0.123,5.65323643861091e-65,"Natural killer cells","LCP2",0.27651956499772
"CCND22",4.15926098767701e-69,1.69852559690931,0.146,0.068,1.22843773271041e-64,"Natural killer cells","CCND2",0.247984737148759
"TMEM131L2",6.02066425693849e-69,1.2289577396364,0.267,0.163,1.77820318828678e-64,"Natural killer cells","TMEM131L",0.328131716482918
"PIK3AP12",3.14431912917527e-68,1.70764022468719,0.155,0.075,9.28674654801916e-64,"Natural killer cells","PIK3AP1",0.264684234826515
"TPST21",2.41547509846589e-67,1.81836719147336,0.139,0.064,7.134105703319e-63,"Natural killer cells","TPST2",0.252753039614796
"SRPK23",2.71284031154783e-67,1.06613918807787,0.426,0.345,8.0123738601565e-63,"Natural killer cells","SRPK2",0.454175294121171
"DOCK113",2.78421416285998e-67,1.02625158242187,0.316,0.206,8.22317653000694e-63,"Natural killer cells","DOCK11",0.32429550004531
"MCOLN21",1.21927379761691e-66,1.82785232107153,0.112,0.046,3.60112516126155e-62,"Natural killer cells","MCOLN2",0.204719459960012
"EIF4E3",1.53939012396869e-65,1.93366094659501,0.101,0.04,4.54658873114151e-61,"Natural killer cells","EIF4E3",0.195299755606096
"PDE3B1",2.84014668313533e-65,1.05299001748877,0.34,0.233,8.38837322864021e-61,"Natural killer cells","PDE3B",0.35801660594618
"FMNL14",4.17468398530321e-65,1.49704460930574,0.171,0.087,1.2329929150593e-60,"Natural killer cells","FMNL1",0.255994628191282
"ITGB22",1.89531603598962e-64,1.90525814473595,0.117,0.05,5.59781591229534e-60,"Natural killer cells","ITGB2",0.222915202934106
"PPP3CC2",1.45190634263574e-62,1.40171669701795,0.263,0.169,4.28820538297465e-58,"Natural killer cells","PPP3CC",0.36865149131572
"MIR646HG2",1.21297569340829e-61,2.08440421870502,0.132,0.062,3.58252371048138e-57,"Natural killer cells","MIR646HG",0.275141356869062
"PRMT22",1.28420163316147e-61,1.54369402107212,0.237,0.147,3.7928895235424e-57,"Natural killer cells","PRMT2",0.365855482994092
"PDE7A1",2.88221068030127e-61,1.07353048546108,0.361,0.266,8.5126092442698e-57,"Natural killer cells","PDE7A",0.387544505251452
"TNRC6C2",7.93192556985938e-60,1.54996858698911,0.182,0.1,2.34269421705797e-55,"Natural killer cells","TNRC6C",0.282094282832018
"NCOA11",1.37611135590235e-59,1.01836731827929,0.433,0.363,4.06434488965759e-55,"Natural killer cells","NCOA1",0.440953048814932
"PIK3R12",2.11247616152624e-59,1.24951358813601,0.307,0.213,6.23919834306775e-55,"Natural killer cells","PIK3R1",0.383600671557754
"HLA-C3",4.98633418137614e-59,1.54477208840583,0.186,0.103,1.47271380046944e-54,"Natural killer cells","HLA-C",0.287327608443484
"ID2",5.03791004946531e-59,1.79220241602509,0.123,0.056,1.48794673310958e-54,"Natural killer cells","ID2",0.220440897171086
"VAV14",2.53046082341111e-58,1.59028893349318,0.137,0.066,7.4737160419447e-54,"Natural killer cells","VAV1",0.217869583888566
"ATP2A32",6.93626068116593e-57,1.55480075184484,0.104,0.044,2.04862459218236e-52,"Natural killer cells","ATP2A3",0.161699278191863
"RFTN12",7.44631826751871e-57,1.19233127219889,0.267,0.174,2.19927010031165e-52,"Natural killer cells","RFTN1",0.318352449677104
"TGFB12",1.58700714224701e-55,1.55135064136781,0.176,0.098,4.68722559462653e-51,"Natural killer cells","TGFB1",0.273037712880735
"RORA-AS11",1.78152873093598e-55,1.49214366207568,0.173,0.095,5.2617451068194e-51,"Natural killer cells","RORA-AS1",0.258140853539092
"HLA-A2",4.82859141246374e-55,1.20135297919342,0.218,0.131,1.42612447367117e-50,"Natural killer cells","HLA-A",0.261894949464165
"PTPRA1",6.02684060307881e-55,1.35437138792943,0.287,0.202,1.78002737211933e-50,"Natural killer cells","PTPRA",0.388704588335746
"TRAPPC103",2.21932543468275e-54,1.38933607623212,0.242,0.157,6.55477767133551e-50,"Natural killer cells","TRAPPC10",0.336219330448174
"DGKZ",6.3181110971985e-54,1.81662072504977,0.114,0.052,1.86605411255758e-49,"Natural killer cells","DGKZ",0.207094762655674
"PXN1",1.38569477117111e-53,1.75566085939861,0.133,0.066,4.09264950665388e-49,"Natural killer cells","PXN",0.233502894300016
"SLC16A72",2.08590843738976e-52,1.54653362204069,0.157,0.084,6.16073056983066e-48,"Natural killer cells","SLC16A7",0.242805778660388
"SYNRG2",1.09937763892237e-51,1.31579077814691,0.236,0.152,3.24701185655721e-47,"Natural killer cells","SYNRG",0.310526623642672
"ZFP36L23",1.53732346144348e-51,1.10555699281277,0.251,0.162,4.5404848433733e-47,"Natural killer cells","ZFP36L2",0.277494805196005
"RRAS23",1.85554677982478e-51,1.66034129199056,0.171,0.097,5.4803574142125e-47,"Natural killer cells","RRAS2",0.283918360930386
"BPTF1",3.70575213814199e-51,1.02182631248378,0.409,0.345,1.09449389400024e-46,"Natural killer cells","BPTF",0.417926961805865
"VPS37B2",2.1659915456445e-50,1.54955951462038,0.219,0.139,6.39725603006104e-46,"Natural killer cells","VPS37B",0.339353533701864
"TBL1X2",2.85590599419381e-50,1.21645314058915,0.269,0.183,8.43491835385142e-46,"Natural killer cells","TBL1X",0.32722589481848
"ADD32",6.63461076852264e-50,1.24448796182331,0.249,0.165,1.95953229048316e-45,"Natural killer cells","ADD3",0.309877502494005
"HLA-B1",1.14098561220918e-49,1.34372898870969,0.181,0.104,3.36990100565981e-45,"Natural killer cells","HLA-B",0.243214946956455
"LRMP1",3.41409509416608e-49,1.49509015949692,0.11,0.051,1.00835298606195e-44,"Natural killer cells","LRMP",0.164459917544661
"PCSK71",7.73872585903021e-49,1.4660868969993,0.188,0.113,2.28563268246457e-44,"Natural killer cells","PCSK7",0.275624336635868
"CERS41",9.19720688693112e-49,1.80673628792851,0.119,0.058,2.71639505405511e-44,"Natural killer cells","CERS4",0.215001618263492
"LRRC8C2",2.22884714201124e-48,1.33368087633764,0.169,0.096,6.58290003393019e-44,"Natural killer cells","LRRC8C",0.225392068101061
"NAP1L42",5.31643227363123e-48,1.26685287234634,0.255,0.174,1.57020827201698e-43,"Natural killer cells","NAP1L4",0.323047482448318
"PPP2R5A2",3.67611989878049e-47,1.42237747906555,0.207,0.131,1.08574201210482e-42,"Natural killer cells","PPP2R5A",0.294432138166568
"RAB8B4",2.06664264959671e-45,1.15620890221111,0.269,0.189,6.10382906558388e-41,"Natural killer cells","RAB8B",0.311020194694788
"GSAP3",2.6100035581959e-45,1.35597886988061,0.266,0.192,7.7086455091316e-41,"Natural killer cells","GSAP",0.360690379388243
"MLLT62",5.34727629275595e-45,1.46641814441392,0.174,0.103,1.57931805306547e-40,"Natural killer cells","MLLT6",0.255156757128021
"CYBA1",9.09336163650123e-44,1.67326695069457,0.121,0.062,2.68572435934064e-39,"Natural killer cells","CYBA",0.202465301034043
"STIM22",6.45566215588893e-43,1.23062691278607,0.251,0.176,1.9066798177418e-38,"Natural killer cells","STIM2",0.308887355109304
"RNF115",9.11887918877023e-43,1.39529116991895,0.224,0.151,2.69326096840329e-38,"Natural killer cells","RNF115",0.312545222061845
"TG3",9.34718970573346e-43,1.38001994327764,0.145,0.08,2.76069247958838e-38,"Natural killer cells","TG",0.200102891775258
"SMARCA21",1.15468646976253e-42,1.05295391895271,0.305,0.232,3.41036648844364e-38,"Natural killer cells","SMARCA2",0.321150945280576
"RBL21",1.88287013850568e-41,1.30645826054013,0.216,0.144,5.56105695407651e-37,"Natural killer cells","RBL2",0.282194984276669
"ATP10A2",2.14051924729333e-41,1.15482252824144,0.224,0.149,6.32202359688084e-37,"Natural killer cells","ATP10A",0.258680246326082
"MGAT4A3",2.26864009139817e-40,1.03474037702163,0.211,0.136,6.70042850994449e-36,"Natural killer cells","MGAT4A",0.218330219551563
"ARNTL1",4.24907169217731e-40,1.50722059788857,0.155,0.091,1.25496332428457e-35,"Natural killer cells","ARNTL",0.233619192672728
"NCK21",1.11972601137858e-39,1.07981343948687,0.189,0.116,3.30711077460665e-35,"Natural killer cells","NCK2",0.204084740063018
"KCNAB23",1.38164967542618e-39,1.17436563991095,0.183,0.113,4.08070231637122e-35,"Natural killer cells","KCNAB2",0.214908912103704
"STK17B3",2.42914210042365e-39,1.01076578330135,0.244,0.168,7.17447119360125e-35,"Natural killer cells","STK17B",0.246626851125529
"LITAF3",6.3679111134814e-39,1.1169616672526,0.216,0.144,1.88076254736673e-34,"Natural killer cells","LITAF",0.241263720126562
"ARHGAP41",1.94493713366093e-38,1.55448565375809,0.103,0.052,5.74437182426755e-34,"Natural killer cells","ARHGAP4",0.160112022337083
"PDCD42",3.86753125890986e-38,1.16637146794033,0.194,0.125,1.14227535731903e-33,"Natural killer cells","PDCD4",0.226276064780424
"ABHD15-AS13",8.31773041355218e-38,1.30844647787973,0.214,0.146,2.45664167764264e-33,"Natural killer cells","ABHD15-AS1",0.280007546266262
"PPM1L3",1.1936399015697e-37,1.45389399919382,0.193,0.127,3.52541544928611e-33,"Natural killer cells","PPM1L",0.280601541844408
"AGPAT41",1.45016026642681e-37,1.33758997346461,0.199,0.133,4.28304834689157e-33,"Natural killer cells","AGPAT4",0.266180404719458
"SNRK1",1.30412521100103e-36,1.23865349821512,0.179,0.113,3.85173381069155e-32,"Natural killer cells","SNRK",0.221718976180507
"RAP1GDS11",4.25799803067219e-36,1.18635953305573,0.249,0.182,1.25759971835903e-31,"Natural killer cells","RAP1GDS1",0.295403523730877
"CMC12",2.62937066406804e-35,1.54392969824111,0.154,0.095,7.76584625632497e-31,"Natural killer cells","CMC1",0.237765173529131
"WDR372",4.11241387447416e-35,1.29820359876419,0.218,0.154,1.21460143782594e-30,"Natural killer cells","WDR37",0.283008384530592
"XPO62",5.88119346961517e-35,1.27442425644329,0.198,0.133,1.73701049125084e-30,"Natural killer cells","XPO6",0.252336002775771
"SEPTIN71",3.43191523820031e-34,1.14050248501313,0.264,0.2,1.01361616560246e-29,"Natural killer cells","SEPTIN7",0.301092656043466
"KIF2A2",1.33125840824877e-33,1.28551322376196,0.183,0.121,3.93187170876274e-29,"Natural killer cells","KIF2A",0.235248919948438
"PRDM11",2.39651528736538e-33,1.12374827161569,0.101,0.052,7.07810790123364e-29,"Natural killer cells","PRDM1",0.113498575433185
"MTSS13",2.47251145496141e-33,1.01975071434362,0.245,0.177,7.30256258222851e-29,"Natural killer cells","MTSS1",0.249838925014187
"CDK172",2.73501609355837e-33,1.00504511253587,0.283,0.219,8.07787003232466e-29,"Natural killer cells","CDK17",0.284427766847651
"CDC42SE1",6.17931984742726e-33,1.7158966932407,0.107,0.058,1.82506211693764e-28,"Natural killer cells","CDC42SE1",0.183600946176755
"TLE43",3.9760069614915e-32,1.08293168661584,0.238,0.173,1.17431365607651e-27,"Natural killer cells","TLE4",0.257737741414571
"TGFBR12",1.16598012142854e-31,1.34728752370932,0.163,0.105,3.44372228863919e-27,"Natural killer cells","TGFBR1",0.219607866364618
"ESR23",1.20300478322781e-31,1.29145344420265,0.129,0.076,3.55307462726333e-27,"Natural killer cells","ESR2",0.166597494302142
"AGK",4.16336163025651e-31,1.8150934651844,0.105,0.058,1.22964885749626e-26,"Natural killer cells","AGK",0.190584813844362
"ITCH1",3.01738274715412e-30,1.06509058629279,0.312,0.263,8.9118399437197e-26,"Natural killer cells","ITCH",0.332308262923351
"ANXA63",8.53314419916829e-30,1.35420366549147,0.125,0.074,2.52026413922435e-25,"Natural killer cells","ANXA6",0.169275458186434
"CCM22",1.12493298929483e-29,1.18960249364518,0.196,0.137,3.32248958388229e-25,"Natural killer cells","CCM2",0.233162088754456
"SUCLG22",1.15496084261118e-29,1.00896487862506,0.303,0.251,3.41117684865212e-25,"Natural killer cells","SUCLG2",0.305716358223394
"IRF11",1.74105638356695e-29,1.39251238819795,0.114,0.065,5.142210028865e-25,"Natural killer cells","IRF1",0.158746412254566
"BCR3",5.36534442444591e-29,1.43123098732352,0.154,0.1,1.5846544757601e-24,"Natural killer cells","BCR",0.220409572047822
"ERAP22",7.91416287643858e-28,1.39481795652163,0.129,0.079,2.33744800555613e-23,"Natural killer cells","ERAP2",0.17993151639129
"RFX3-AS1",1.31614473173785e-27,1.42221623971199,0.133,0.083,3.88723346518774e-23,"Natural killer cells","RFX3-AS1",0.189154759881695
"CD382",2.051425533029e-27,1.12067514396329,0.161,0.106,6.05888531180115e-23,"Natural killer cells","CD38",0.18042869817809
"HELB2",2.22620790538661e-27,1.26120914085531,0.115,0.067,6.57510504855935e-23,"Natural killer cells","HELB",0.145039051198361
"USP241",3.38559995189954e-27,1.09958939571996,0.271,0.22,9.99936945793529e-23,"Natural killer cells","USP24",0.297988726240109
"SCLT13",9.3719512251476e-27,1.05965015217243,0.238,0.182,2.76800579434734e-22,"Natural killer cells","SCLT1",0.252196736217038
"GRK22",1.01222958528297e-26,1.39645622055416,0.102,0.058,2.98962008013326e-22,"Natural killer cells","GRK2",0.142438534496524
"MNAT11",1.43263986467952e-26,1.22692097319587,0.229,0.177,4.23130184033097e-22,"Natural killer cells","MNAT1",0.280964902861853
"UBE2F2",4.44386449441573e-26,1.60360048801533,0.119,0.073,1.31249537842569e-21,"Natural killer cells","UBE2F",0.190828458073824
"DDX62",4.68791322032753e-26,1.20415601361228,0.187,0.133,1.38457516962373e-21,"Natural killer cells","DDX6",0.225177174545497
"MSL21",2.35875774596099e-25,1.3967297849102,0.126,0.079,6.96659100269578e-21,"Natural killer cells","MSL2",0.175987952898686
"KLF132",2.42914146290321e-25,1.26319917609022,0.161,0.109,7.17446931068464e-21,"Natural killer cells","KLF13",0.203375067350526
"ARSG1",2.61326521717153e-25,1.53573586694874,0.104,0.061,7.71827881891612e-21,"Natural killer cells","ARSG",0.159716530162669
"RAB27A2",1.44659731157552e-24,1.0623606165558,0.222,0.168,4.27252515973829e-20,"Natural killer cells","RAB27A",0.235844056875387
"DIPK1A2",1.99312772610993e-24,1.19530571564914,0.146,0.096,5.88670273906567e-20,"Natural killer cells","DIPK1A",0.174514634484775
"LPCAT12",2.43639005019044e-24,1.09910169565056,0.159,0.108,7.19587801323745e-20,"Natural killer cells","LPCAT1",0.174757169608439
"NIN3",3.65132396337975e-24,1.01860833665926,0.19,0.136,1.07841853258421e-19,"Natural killer cells","NIN",0.193535583965259
"CD473",1.24862511933887e-23,1.08571644622504,0.254,0.206,3.68781428996734e-19,"Natural killer cells","CD47",0.275771977341161
"HERPUD21",5.44224136250285e-23,1.31839297806236,0.143,0.096,1.60736598641522e-18,"Natural killer cells","HERPUD2",0.188530195862918
"RHBDF23",8.37882395338119e-23,1.32243931615948,0.115,0.072,2.47468565463113e-18,"Natural killer cells","RHBDF2",0.15208052135834
"HAVCR22",1.07545584161279e-22,1.43790843265774,0.112,0.069,3.17635882820337e-18,"Natural killer cells","HAVCR2",0.161045744457667
"SFI11",3.03459038563816e-22,1.32006862884433,0.12,0.076,8.96266270398229e-18,"Natural killer cells","SFI1",0.158408235461319
"SSBP32",4.82513639256423e-22,1.17242883774785,0.19,0.141,1.42510403354385e-17,"Natural killer cells","SSBP3",0.222761479172092
"ARHGEF61",1.48883611074934e-21,1.01485589514074,0.125,0.08,4.39727745309818e-17,"Natural killer cells","ARHGEF6",0.126856986892593
"CYLD2",1.798905972584e-21,1.06142657916318,0.174,0.125,5.31306879002686e-17,"Natural killer cells","CYLD",0.184688224774393
"C22orf342",2.19098102732116e-21,1.06162927432065,0.149,0.101,6.47106246419306e-17,"Natural killer cells","C22orf34",0.158182761873777
"MRPL1",3.50978734477623e-21,1.58212002389335,0.104,0.064,1.03661569227966e-16,"Natural killer cells","MRPL1",0.164540482484909
"GBP22",5.21147041305179e-21,1.16464801765729,0.151,0.105,1.53920778649485e-16,"Natural killer cells","GBP2",0.175861850666251
"TMC62",5.32069508524627e-21,1.37908193018418,0.114,0.072,1.57146729342749e-16,"Natural killer cells","TMC6",0.157215340040996
"PRPF38B3",2.03270639186642e-20,1.17202327448603,0.189,0.142,6.00359832837747e-16,"Natural killer cells","PRPF38B",0.221512398877859
"MECP21",3.821286548948e-20,1.06997575023081,0.205,0.159,1.12861698223179e-15,"Natural killer cells","MECP2",0.219345028797317
"OFD13",9.07103047893665e-20,1.25470434018475,0.16,0.116,2.67912885195394e-15,"Natural killer cells","OFD1",0.200752694429561
"PCNT1",9.75022753981699e-20,1.3372484404962,0.127,0.086,2.87972970388495e-15,"Natural killer cells","PCNT",0.169830551943017
"PPP1R23",5.40592492055359e-19,1.18654911863312,0.113,0.074,1.5966399252855e-14,"Natural killer cells","PPP1R2",0.134080050405543
"KDM2B2",6.37523726606548e-19,1.23864264209055,0.141,0.099,1.88292632653244e-14,"Natural killer cells","KDM2B",0.174648612534768
"MPHOSPH92",9.18127333247276e-19,1.30090309196668,0.119,0.079,2.71168907874583e-14,"Natural killer cells","MPHOSPH9",0.154807467944035
"SP1102",1.72849126638983e-18,1.11295484250706,0.132,0.091,5.10509895528235e-14,"Natural killer cells","SP110",0.146910039210932
"TENT4B3",6.02470898542304e-18,1.2382614959405,0.152,0.11,1.7793977988447e-13,"Natural killer cells","TENT4B",0.188215747382955
"GALNT102",1.00673311626565e-17,1.06964799295546,0.196,0.154,2.97338625889059e-13,"Natural killer cells","GALNT10",0.209651006619271
"TRIM221",2.10528561146593e-17,1.153510324291,0.153,0.112,6.21796105346462e-13,"Natural killer cells","TRIM22",0.176487079616523
"IL10RA4",2.75265423121525e-17,1.03312290066346,0.112,0.074,8.12996427189424e-13,"Natural killer cells","IL10RA",0.115709764874307
"SUSD12",7.82897004959474e-17,1.48027931470165,0.106,0.07,2.31228630414781e-12,"Natural killer cells","SUSD1",0.156909607358375
"INSYN2B4",1.19364922159235e-16,1.1565507012555,0.112,0.075,3.525442975973e-12,"Natural killer cells","INSYN2B",0.129533678540616
"DENND6A1",8.53712642553776e-16,1.127276880197,0.155,0.116,2.52144028978258e-11,"Natural killer cells","DENND6A",0.174727916430536
"OXNAD11",2.14618728124756e-15,1.04068720312734,0.14,0.101,6.33876413516468e-11,"Natural killer cells","OXNAD1",0.145696208437827
"PRKY1",6.45961262007961e-15,1.16698511361638,0.115,0.08,1.90784658734051e-10,"Natural killer cells","PRKY",0.134203288065883
"OSTF11",1.39301105720057e-14,1.22529510241893,0.127,0.092,4.11425815744187e-10,"Natural killer cells","OSTF1",0.155612478007204
"LLGL22",2.10320746669382e-14,1.19635563120038,0.123,0.088,6.2118232528802e-10,"Natural killer cells","LLGL2",0.147151742637647
"ZNF718",2.21756431162118e-14,1.43698766088363,0.1,0.068,6.54957619437315e-10,"Natural killer cells","ZNF718",0.143698766088363
"STAG22",2.65927119060311e-14,1.10214752709443,0.118,0.083,7.8541574614463e-10,"Natural killer cells","STAG2",0.130053408197142
"SLC20A12",6.77621135413554e-13,1.0309614858306,0.12,0.087,2.00135402344393e-08,"Natural killer cells","SLC20A1",0.123715378299671
"BICRAL1",2.42817002831739e-12,1.00310079546587,0.156,0.122,7.17160017863542e-08,"Natural killer cells","BICRAL",0.156483724092676
"CALM11",2.66425660190448e-11,1.2060950928676,0.117,0.087,7.86888187372488e-07,"Natural killer cells","CALM1",0.141113125865509
"SLC39A101",5.92273977164194e-11,1.14575592754696,0.107,0.078,1.74928119155445e-06,"Natural killer cells","SLC39A10",0.122595884247525
"PSIP11",1.95326087241765e-10,1.13066671434404,0.101,0.073,5.76895598668552e-06,"Natural killer cells","PSIP1",0.114197338148748
"HIPK11",2.36647216750771e-10,1.12881547929133,0.138,0.11,6.98937554673402e-06,"Natural killer cells","HIPK1",0.155776536142204
"LPGAT12",7.47583999971957e-10,1.15555379705209,0.136,0.109,2.20798934391717e-05,"Natural killer cells","LPGAT1",0.157155316399084
"APOL62",1.97065865302073e-09,1.13494320377824,0.119,0.093,5.82034033169672e-05,"Natural killer cells","APOL6",0.135058241249611
"CHD31",4.7895380771622e-09,1.00894720329753,0.119,0.093,0.000141459007108986,"Natural killer cells","CHD3",0.120064717192407
"DNAJB141",5.53969296541101e-09,1.04303367638525,0.162,0.138,0.000163614831733414,"Natural killer cells","DNAJB14",0.16897145557441
"CDK62",1.13387603398478e-08,1.00723522871072,0.166,0.142,0.000334890286637403,"Natural killer cells","CDK6",0.167201047965979
"OPTN2",2.26019546988268e-08,1.05426148465047,0.112,0.087,0.000667548732029849,"Natural killer cells","OPTN",0.118077286280853
"SNTB22",2.35269858231809e-08,1.11816252517362,0.12,0.095,0.000694869526287647,"Natural killer cells","SNTB2",0.134179503020835
"PLEKHA11",4.05725680821739e-08,1.06381686687276,0.126,0.102,0.00119831079830701,"Natural killer cells","PLEKHA1",0.134040925225967
"ERCC5",7.10718918610657e-08,1.16545384332696,0.104,0.081,0.00209910832611657,"Natural killer cells","ERCC5",0.121207199706004
"DENND6A-AS11",8.80843950641776e-08,1.18227505048568,0.1,0.078,0.00260157260822048,"Natural killer cells","DENND6A-AS1",0.118227505048568
"LASP12",9.78182574329022e-08,1.0674916889785,0.124,0.101,0.00288906223328077,"Natural killer cells","LASP1",0.132368969433334
"CHORDC12",1.84172907175695e-07,1.11588187740008,0.103,0.081,0.00543954681343415,"Natural killer cells","CHORDC1",0.114935833372208
"ZBTB44",2.99465890050816e-06,1.16832357043161,0.103,0.085,0.0884472506265085,"Natural killer cells","ZBTB44",0.120337327754456
"NCK12",1.11997551671229e-05,1.0350072844207,0.127,0.109,0.330784768860973,"Natural killer cells","NCK1",0.131445925121429
"BRD11",2.83883830261779e-05,1.06366416571595,0.106,0.089,0.838450892678163,"Natural killer cells","BRD1",0.112748401565891
"EPG51",3.22277542824717e-05,1.04073605573115,0.148,0.134,0.951846722732801,"Natural killer cells","EPG5",0.15402893624821
"DECR13",0.00014072476739048,1.06565336938299,0.119,0.105,1,"Natural killer cells","DECR1",0.126812750956576
"SETD31",0.000756804722789364,1.02570655081493,0.128,0.117,1,"Natural killer cells","SETD3",0.131290438504311
"MAGED11",0.00181966797161324,1.00501707012408,0.109,0.098,1,"Natural killer cells","MAGED1",0.109546860643525
"LDB2",0,6.03067201916603,0.817,0.051,0,"Endothelial cells","LDB2",4.92705903965864
"CALCRL",0,7.56928871719828,0.612,0.009,0,"Endothelial cells","CALCRL",4.63240469492535
"ST6GALNAC32",0,4.57246307352742,0.638,0.062,0,"Endothelial cells","ST6GALNAC3",2.91723144091049
"TCF41",0,2.99008474665913,0.795,0.236,0,"Endothelial cells","TCF4",2.37711737359401
"DOCK92",0,3.36952608503969,0.709,0.15,0,"Endothelial cells","DOCK9",2.38899399429314
"SASH1",0,3.57652897474259,0.66,0.141,0,"Endothelial cells","SASH1",2.36050912333011
"GALNT181",0,4.60219595472955,0.593,0.074,0,"Endothelial cells","GALNT18",2.72910220115462
"PECAM13",0,3.49692779539354,0.589,0.098,0,"Endothelial cells","PECAM1",2.0596904714868
"RALGAPA21",0,3.31323806669779,0.718,0.241,0,"Endothelial cells","RALGAPA2",2.37890493188901
"VWF",0,8.13796758682532,0.475,0.004,0,"Endothelial cells","VWF",3.86553460374202
"EPAS11",0,3.89581270095563,0.619,0.158,0,"Endothelial cells","EPAS1",2.41150806189154
"ARHGAP291",0,4.24120907273526,0.523,0.064,0,"Endothelial cells","ARHGAP29",2.21815234504054
"TIMP32",0,2.91180269584633,0.578,0.124,0,"Endothelial cells","TIMP3",1.68302195819918
"KALRN1",0,4.16986347564951,0.513,0.064,0,"Endothelial cells","KALRN",2.1391399630082
"PTPRB",0,7.25508331435526,0.455,0.006,0,"Endothelial cells","PTPRB",3.30106290803164
"ZEB13",0,2.27824293049696,0.618,0.178,0,"Endothelial cells","ZEB1",1.40795413104712
"MAGI12",0,2.22239920168578,0.683,0.245,0,"Endothelial cells","MAGI1",1.51789865475139
"FBXL71",0,2.74349159322867,0.57,0.134,0,"Endothelial cells","FBXL7",1.56379020814034
"SPTBN12",0,2.337446015864,0.664,0.236,0,"Endothelial cells","SPTBN1",1.5520641545337
"ADGRL2",0,5.82781970833785,0.47,0.043,0,"Endothelial cells","ADGRL2",2.73907526291879
"PTPRM3",0,2.40100508455364,0.764,0.337,0,"Endothelial cells","PTPRM",1.83436788459898
"SLCO2A1",0,6.21408142610195,0.438,0.016,0,"Endothelial cells","SLCO2A1",2.72176766463266
"PLEKHG11",0,3.75725008979936,0.495,0.073,0,"Endothelial cells","PLEKHG1",1.85983879445068
"PPFIBP12",0,3.22639354199012,0.535,0.135,0,"Endothelial cells","PPFIBP1",1.72612054496471
"HECW2",0,5.78853586679112,0.41,0.019,0,"Endothelial cells","HECW2",2.37329970538436
"ANO2",0,8.05970318493032,0.388,0.003,0,"Endothelial cells","ANO2",3.12716483575297
"RAPGEF51",0,2.67977304678994,0.511,0.131,0,"Endothelial cells","RAPGEF5",1.36936402690966
"NFIB2",0,2.34518725812076,0.587,0.208,0,"Endothelial cells","NFIB",1.37662492051688
"ERG1",0,4.5348543563322,0.404,0.026,0,"Endothelial cells","ERG",1.83208115995821
"APP",0,2.699602483438,0.583,0.206,0,"Endothelial cells","APP",1.57386824784435
"SHANK3",0,7.26628429417539,0.38,0.004,0,"Endothelial cells","SHANK3",2.76118803178665
"TMTC11",0,4.50517827576282,0.431,0.056,0,"Endothelial cells","TMTC1",1.94173183685378
"WWTR13",0,2.99758546793395,0.498,0.134,0,"Endothelial cells","WWTR1",1.49279756303111
"PRKCH2",0,1.39061259489962,0.588,0.227,0,"Endothelial cells","PRKCH",0.817680205800974
"RAPGEF41",0,5.06566896150897,0.379,0.022,0,"Endothelial cells","RAPGEF4",1.9198885364119
"PTK23",0,2.13434506919024,0.568,0.211,0,"Endothelial cells","PTK2",1.21230799930005
"KIAA12171",0,3.20211015502336,0.473,0.127,0,"Endothelial cells","KIAA1217",1.51459810332605
"TTC282",0,1.97674388069092,0.576,0.23,0,"Endothelial cells","TTC28",1.13860447527797
"ABLIM12",0,2.3782954305788,0.502,0.161,0,"Endothelial cells","ABLIM1",1.19390430615056
"PREX2",0,4.39330254803765,0.37,0.032,0,"Endothelial cells","PREX2",1.62552194277393
"PLCB41",0,3.2431006941791,0.407,0.069,0,"Endothelial cells","PLCB4",1.31994198253089
"FLT1",0,6.08142479873822,0.351,0.014,0,"Endothelial cells","FLT1",2.13458010435711
"TFPI2",0,2.59725152626871,0.499,0.163,0,"Endothelial cells","TFPI",1.29602851160809
"PLCB13",0,2.61847970379094,0.418,0.085,0,"Endothelial cells","PLCB1",1.09452451618461
"EPB41L4A1",0,2.96484277570311,0.439,0.107,0,"Endothelial cells","EPB41L4A",1.30156597853367
"RPGR",0,3.85568475124297,0.395,0.063,0,"Endothelial cells","RPGR",1.52299547674097
"ADAMTS91",0,4.18225481311096,0.367,0.045,0,"Endothelial cells","ADAMTS9",1.53488751641172
"BMPR22",0,2.4771794257917,0.561,0.248,0,"Endothelial cells","BMPR2",1.38969765786914
"STXBP61",0,4.56831600879751,0.34,0.031,0,"Endothelial cells","STXBP6",1.55322744299115
"SEMA6A",0,4.75647328882271,0.33,0.022,0,"Endothelial cells","SEMA6A",1.5696361853115
"ASAP13",0,1.42308792625769,0.633,0.334,0,"Endothelial cells","ASAP1",0.90081465732112
"ZBTB162",0,1.57285118220221,0.63,0.331,0,"Endothelial cells","ZBTB16",0.990896244787389
"AKT33",0,1.40958844713365,0.552,0.256,0,"Endothelial cells","AKT3",0.778092822817776
"SEC14L13",0,2.55256350121264,0.417,0.121,0,"Endothelial cells","SEC14L1",1.06441898000567
"CALD11",0,1.19368633465361,0.44,0.146,0,"Endothelial cells","CALD1",0.525221987247586
"CNKSR32",0,3.48044952837368,0.353,0.066,0,"Endothelial cells","CNKSR3",1.22859868351591
"PIK3R3",0,4.97425103917283,0.318,0.035,0,"Endothelial cells","PIK3R3",1.58181183045696
"SH3RF31",0,2.6835252953932,0.379,0.096,0,"Endothelial cells","SH3RF3",1.01705608695402
"COL4A22",0,2.12250624870528,0.401,0.118,0,"Endothelial cells","COL4A2",0.851125005730817
"LHFPL61",0,2.58032369033377,0.382,0.1,0,"Endothelial cells","LHFPL6",0.9856836497075
"MEIS21",0,2.57204683898398,0.396,0.116,0,"Endothelial cells","MEIS2",1.01853054823766
"ARHGEF123",0,1.96400684683676,0.481,0.202,0,"Endothelial cells","ARHGEF12",0.94468729332848
"GNA14",0,3.5783178160776,0.334,0.056,0,"Endothelial cells","GNA14",1.19515815056992
"AFDN2",0,1.81378731081204,0.494,0.218,0,"Endothelial cells","AFDN",0.896010931541147
"ZFPM21",0,2.16369293227975,0.374,0.098,0,"Endothelial cells","ZFPM2",0.809221156672625
"FLI15",0,1.64673589343068,0.47,0.197,0,"Endothelial cells","FLI1",0.77396586991242
"PTPRG2",0,1.51309409558598,0.551,0.28,0,"Endothelial cells","PTPRG",0.833714846667874
"ITGA12",0,2.44933571589435,0.359,0.089,0,"Endothelial cells","ITGA1",0.879311522006071
"EMCN",0,7.84858945896191,0.271,0.002,0,"Endothelial cells","EMCN",2.12696774337868
"SORBS12",0,2.78719077264723,0.369,0.1,0,"Endothelial cells","SORBS1",1.02847339510683
"COL4A12",0,2.03997875963357,0.383,0.114,0,"Endothelial cells","COL4A1",0.781311864939658
"TANC13",0,1.69589316644809,0.466,0.198,0,"Endothelial cells","TANC1",0.790286215564811
"TEK",0,6.04550164506844,0.27,0.007,0,"Endothelial cells","TEK",1.63228544416848
"EGFL7",0,7.29012555532172,0.264,0.002,0,"Endothelial cells","EGFL7",1.92459314660493
"BTNL9",0,7.09200026085896,0.265,0.004,0,"Endothelial cells","BTNL9",1.87938006912762
"CRIM11",0,2.12169212762729,0.412,0.152,0,"Endothelial cells","CRIM1",0.874137156582443
"ETS12",0,1.40290370413845,0.384,0.125,0,"Endothelial cells","ETS1",0.538715022389166
"TSPAN91",0,2.83829835253941,0.33,0.071,0,"Endothelial cells","TSPAN9",0.936638456338005
"FGD5",0,3.97181092673481,0.289,0.031,0,"Endothelial cells","FGD5",1.14785335782636
"EXOC6",0,2.69269504100582,0.374,0.117,0,"Endothelial cells","EXOC6",1.00706794533618
"RHOJ",0,4.59631915090289,0.275,0.018,0,"Endothelial cells","RHOJ",1.26398776649829
"NXN1",0,2.1723551451706,0.386,0.129,0,"Endothelial cells","NXN",0.838529086035852
"CDC42BPA3",0,1.80314484857255,0.472,0.216,0,"Endothelial cells","CDC42BPA",0.851084368526243
"ZDHHC14",0,2.81392118357947,0.349,0.093,0,"Endothelial cells","ZDHHC14",0.982058493069234
"TJP13",0,1.91362111959629,0.411,0.157,0,"Endothelial cells","TJP1",0.786498280154076
"RPS6KA21",0,1.78338977508865,0.465,0.212,0,"Endothelial cells","RPS6KA2",0.829276245416222
"GRB101",0,2.68949634690324,0.358,0.108,0,"Endothelial cells","GRB10",0.962839692191359
"SYN32",0,2.90290647052447,0.31,0.06,0,"Endothelial cells","SYN3",0.899901005862587
"CADPS22",0,1.74723781310008,0.452,0.203,0,"Endothelial cells","CADPS2",0.789751491521237
"ARHGAP312",0,2.2646140027506,0.373,0.129,0,"Endothelial cells","ARHGAP31",0.844701023025972
"PKHD1L1",0,6.81446907520136,0.251,0.007,0,"Endothelial cells","PKHD1L1",1.71043173787554
"CDK173",0,1.76408309710289,0.448,0.205,0,"Endothelial cells","CDK17",0.790309227502095
"AFAP1L1",0,5.90604149907723,0.251,0.008,0,"Endothelial cells","AFAP1L1",1.48241641626839
"ADGRF52",0,2.27979509580059,0.347,0.106,0,"Endothelial cells","ADGRF5",0.791088898242805
"GRK53",0,1.77031928548699,0.43,0.189,0,"Endothelial cells","GRK5",0.761237292759405
"ARHGAP263",0,1.28883867542593,0.558,0.318,0,"Endothelial cells","ARHGAP26",0.719171980887667
"DACH11",0,3.84174086873637,0.274,0.034,0,"Endothelial cells","DACH1",1.05263699803377
"SMAD6",0,5.37112277258025,0.261,0.021,0,"Endothelial cells","SMAD6",1.40186304364344
"THSD42",0,2.2046710368177,0.392,0.152,0,"Endothelial cells","THSD4",0.86423104643254
"SEMA3A",0,5.65809337581935,0.257,0.018,0,"Endothelial cells","SEMA3A",1.45412999758557
"UACA1",0,1.88917206385719,0.363,0.124,0,"Endothelial cells","UACA",0.68576945918016
"DOCK61",0,3.35555599816381,0.285,0.047,0,"Endothelial cells","DOCK6",0.956333459476686
"LIFR2",0,3.3524223756701,0.314,0.078,0,"Endothelial cells","LIFR",1.05266062596041
"ARHGEF102",0,2.7846173859456,0.32,0.087,0,"Endothelial cells","ARHGEF10",0.891077563502592
"AKAP121",0,3.55204475455258,0.287,0.054,0,"Endothelial cells","AKAP12",1.01943684455659
"TGFBR33",0,2.24946371904546,0.327,0.095,0,"Endothelial cells","TGFBR3",0.735574636127865
"THSD7A2",0,3.80669463932722,0.27,0.039,0,"Endothelial cells","THSD7A",1.02780755261835
"HIF3A1",0,3.63076377017163,0.263,0.032,0,"Endothelial cells","HIF3A",0.95489087155514
"RAI142",0,2.19445119123151,0.37,0.139,0,"Endothelial cells","RAI14",0.811946940755657
"MEF2C2",0,1.49138953054659,0.388,0.158,0,"Endothelial cells","MEF2C",0.578659137852076
"PCDH17",0,7.32543326397497,0.233,0.003,0,"Endothelial cells","PCDH17",1.70682595050617
"PRSS231",0,3.10907502225401,0.273,0.046,0,"Endothelial cells","PRSS23",0.848777481075344
"NOTCH4",0,7.20373906430316,0.228,0.002,0,"Endothelial cells","NOTCH4",1.64245250666112
"PDLIM13",0,2.96741702039892,0.304,0.079,0,"Endothelial cells","PDLIM1",0.902094774201273
"KIAA16712",0,2.87900768177544,0.285,0.061,0,"Endothelial cells","KIAA1671",0.820517189306001
"CDH5",0,7.67825092438106,0.224,0.001,0,"Endothelial cells","CDH5",1.71992820706136
"PLXNA22",0,2.42065757714534,0.348,0.125,0,"Endothelial cells","PLXNA2",0.842388836846578
"SPARCL11",0,3.10060496287782,0.275,0.053,0,"Endothelial cells","SPARCL1",0.8526663647914
"SERPINE11",0,2.84982839708309,0.279,0.057,0,"Endothelial cells","SERPINE1",0.795102122786183
"NRG31",0,3.81674164658688,0.252,0.03,0,"Endothelial cells","NRG3",0.961818894939894
"MMRN1",0,8.49644174702292,0.222,0.001,0,"Endothelial cells","MMRN1",1.88621006783909
"TLL1",0,6.18653655044668,0.225,0.004,0,"Endothelial cells","TLL1",1.3919707238505
"EPB41L21",0,1.96802488579866,0.36,0.139,0,"Endothelial cells","EPB41L2",0.708488958887516
"ADGRL4",0,7.61324737280294,0.218,0.001,0,"Endothelial cells","ADGRL4",1.65968792727104
"RIN22",0,1.75000649050843,0.438,0.221,0,"Endothelial cells","RIN2",0.766502842842694
"PLSCR41",0,2.50232058895785,0.284,0.067,0,"Endothelial cells","PLSCR4",0.71065904726403
"ZNF5211",0,2.78984931670206,0.27,0.055,0,"Endothelial cells","ZNF521",0.753259315509555
"CD363",0,2.80186845731859,0.298,0.083,0,"Endothelial cells","CD36",0.83495680028094
"AFF31",0,2.11475073559919,0.33,0.116,0,"Endothelial cells","AFF3",0.697867742747733
"SNTG2",0,6.21702071770802,0.218,0.005,0,"Endothelial cells","SNTG2",1.35531051646035
"PODXL",0,5.96878845585863,0.216,0.006,0,"Endothelial cells","PODXL",1.28925830646546
"FENDRR",0,6.49986874632135,0.214,0.004,0,"Endothelial cells","FENDRR",1.39097191171277
"MYH93",0,1.56096860166352,0.451,0.242,0,"Endothelial cells","MYH9",0.703996839350249
"HLA-E3",0,1.74856013428208,0.351,0.143,0,"Endothelial cells","HLA-E",0.613744607133009
"ZNF385D",0,4.43741391572405,0.219,0.012,0,"Endothelial cells","ZNF385D",0.971793647543567
"DYSF2",0,2.58186101283962,0.261,0.056,0,"Endothelial cells","DYSF",0.673865724351141
"RBMS22",0,2.08121660962091,0.344,0.14,0,"Endothelial cells","RBMS2",0.715938513709593
"RASGRF21",0,3.28551709195243,0.23,0.028,0,"Endothelial cells","RASGRF2",0.75566893114906
"LRCH1",0,1.55867524423856,0.392,0.195,0,"Endothelial cells","LRCH1",0.611000695741514
"PTPN142",0,2.29704227481478,0.291,0.094,0,"Endothelial cells","PTPN14",0.6684393019711
"PLPP11",0,2.85660785932457,0.298,0.101,0,"Endothelial cells","PLPP1",0.851269142078723
"ARGLU1",0,1.85909201337442,0.499,0.303,0,"Endothelial cells","ARGLU1",0.927686914673834
"IGFBP71",0,1.68652361856351,0.301,0.107,0,"Endothelial cells","IGFBP7",0.507643609187617
"SHROOM42",0,2.78184850089089,0.263,0.069,0,"Endothelial cells","SHROOM4",0.731626155734303
"PCAT19",0,7.28772709899845,0.193,0.002,0,"Endothelial cells","PCAT19",1.4065313301067
"SH3D192",0,1.51290296749191,0.371,0.181,0,"Endothelial cells","SH3D19",0.561287000939497
"PALM2-AKAP22",0,1.40545174683471,0.381,0.191,0,"Endothelial cells","PALM2-AKAP2",0.535477115544024
"NFIA2",0,1.15934403728861,0.49,0.301,0,"Endothelial cells","NFIA",0.568078578271418
"SMAD1",0,3.5710621375527,0.239,0.05,0,"Endothelial cells","SMAD1",0.853483850875094
"TMEM255B",0,3.93244816170568,0.205,0.016,0,"Endothelial cells","TMEM255B",0.806151873149664
"ZNF423",0,4.13877298564937,0.205,0.016,0,"Endothelial cells","ZNF423",0.848448462058121
"CTNND12",0,1.36483200818753,0.49,0.302,0,"Endothelial cells","CTNND1",0.668767684011888
"PTPRK2",0,1.18310524356867,0.418,0.23,0,"Endothelial cells","PTPRK",0.494537991811704
"STARD132",0,1.50183853392777,0.402,0.215,0,"Endothelial cells","STARD13",0.603739090638963
"MRTFB1",0,2.30884869037423,0.343,0.156,0,"Endothelial cells","MRTFB",0.79193510079836
"MSRB32",0,2.32455987600403,0.248,0.061,0,"Endothelial cells","MSRB3",0.576490849248999
"EFNB2",0,4.77192763015827,0.204,0.017,0,"Endothelial cells","EFNB2",0.973473236552286
"MCTP12",0,2.27792227703879,0.34,0.154,0,"Endothelial cells","MCTP1",0.774493574193188
"PRKCE2",0,1.58970792526271,0.528,0.342,0,"Endothelial cells","PRKCE",0.839365784538711
"RASAL22",0,1.40572485817983,0.456,0.271,0,"Endothelial cells","RASAL2",0.641010535330002
"KAT6A3",0,1.20475657643351,0.472,0.287,0,"Endothelial cells","KAT6A",0.568645104076617
"SH2D3C",0,3.07747852468925,0.215,0.03,0,"Endothelial cells","SH2D3C",0.661657882808188
"NEDD41",0,2.63229695244769,0.249,0.064,0,"Endothelial cells","NEDD4",0.655441941159476
"CLDN5",0,7.11043461535123,0.185,0.001,0,"Endothelial cells","CLDN5",1.31543040383998
"PALD1",0,3.72835381582992,0.202,0.02,0,"Endothelial cells","PALD1",0.753127470797643
"CSGALNACT12",0,1.78936703174577,0.283,0.101,0,"Endothelial cells","CSGALNACT1",0.506390869984054
"KIAA03551",0,2.13288344580739,0.273,0.092,0,"Endothelial cells","KIAA0355",0.582277180705417
"TIE1",0,7.04506385351949,0.182,0.001,0,"Endothelial cells","TIE1",1.28220162134055
"FNBP1L2",0,2.11669274338783,0.287,0.106,0,"Endothelial cells","FNBP1L",0.607490817352308
"MCF2L",0,4.58686487685856,0.196,0.015,0,"Endothelial cells","MCF2L",0.899025515864277
"PIK3C2A",0,1.67480758858,0.352,0.172,0,"Endothelial cells","PIK3C2A",0.589532271180161
"KLF73",0,1.98818470481393,0.3,0.122,0,"Endothelial cells","KLF7",0.596455411444178
"RBFOX23",0,1.47183355108177,0.358,0.18,0,"Endothelial cells","RBFOX2",0.526916411287272
"TUSC3",0,3.63363694478782,0.211,0.034,0,"Endothelial cells","TUSC3",0.766697395350231
"CPNE82",0,1.61575150368214,0.332,0.156,0,"Endothelial cells","CPNE8",0.536429499222472
"DIPK2B",0,7.39319939717607,0.177,0.001,0,"Endothelial cells","DIPK2B",1.30859629330016
"ECE11",0,2.24314613568304,0.249,0.074,0,"Endothelial cells","ECE1",0.558543387785076
"STOM1",0,2.44865054099276,0.263,0.089,0,"Endothelial cells","STOM",0.643995092281095
"MEF2A3",0,1.32709298259911,0.551,0.38,0,"Endothelial cells","MEF2A",0.731228233412107
"PKP42",0,1.93477691225422,0.331,0.16,0,"Endothelial cells","PKP4",0.640411157956146
"NCKAP13",0,1.73148691950221,0.304,0.133,0,"Endothelial cells","NCKAP1",0.526372023528671
"ITGAV1",0,1.59138257911182,0.355,0.185,0,"Endothelial cells","ITGAV",0.564940815584695
"PDE10A",0,4.33943539409739,0.184,0.014,0,"Endothelial cells","PDE10A",0.79845611251392
"FLT4",0,7.34535698766203,0.169,0.001,0,"Endothelial cells","FLT4",1.24136533091488
"RELN",0,8.29967973232417,0.167,0.001,0,"Endothelial cells","RELN",1.38604651529814
"ENG2",0,2.41603364211107,0.247,0.081,0,"Endothelial cells","ENG",0.596760309601435
"TOX21",0,3.61424567633424,0.189,0.024,0,"Endothelial cells","TOX2",0.683092432827171
"ELK32",0,2.06339196312788,0.25,0.088,0,"Endothelial cells","ELK3",0.515847990781969
"GNA14-AS1",0,3.60361918525614,0.189,0.029,0,"Endothelial cells","GNA14-AS1",0.681084026013411
"HSPG23",0,2.36848552489433,0.249,0.09,0,"Endothelial cells","HSPG2",0.589752895698689
"TSPAN18",0,4.85892009733664,0.164,0.006,0,"Endothelial cells","TSPAN18",0.79686289596321
"CTTNBP2NL2",0,2.14291114175451,0.252,0.095,0,"Endothelial cells","CTTNBP2NL",0.540013607722137
"SNRK2",0,1.90650393481746,0.261,0.105,0,"Endothelial cells","SNRK",0.497597526987358
"ASAP23",0,1.87801623644797,0.253,0.097,0,"Endothelial cells","ASAP2",0.475138107821337
"NOSTRIN",0,4.2195797385716,0.178,0.022,0,"Endothelial cells","NOSTRIN",0.751085193465744
"MPDZ2",0,1.86871687251704,0.248,0.094,0,"Endothelial cells","MPDZ",0.463441784384226
"ADCY4",0,5.44764658115176,0.158,0.004,0,"Endothelial cells","ADCY4",0.860728159821979
"STOX22",0,2.25767647357824,0.274,0.121,0,"Endothelial cells","STOX2",0.618603353760439
"CLEC1A",0,4.70437793205347,0.161,0.009,0,"Endothelial cells","CLEC1A",0.757404847060608
"ITGA51",0,2.45793858521446,0.208,0.056,0,"Endothelial cells","ITGA5",0.511251225724607
"RAMP3",0,7.68978619333247,0.152,0.001,0,"Endothelial cells","RAMP3",1.16884750138653
"VIPR1",0,5.51574369012753,0.157,0.007,0,"Endothelial cells","VIPR1",0.865971759350023
"F8",0,5.66161135954834,0.157,0.007,0,"Endothelial cells","F8",0.888872983449089
"RUNX1T11",0,1.66040905765403,0.231,0.082,0,"Endothelial cells","RUNX1T1",0.38355449231808
"ADIPOR2",0,2.21595144961357,0.251,0.102,0,"Endothelial cells","ADIPOR2",0.556203813853007
"NAV12",0,1.81755416686953,0.244,0.096,0,"Endothelial cells","NAV1",0.443483216716166
"BACE2",0,2.06033741361925,0.233,0.086,0,"Endothelial cells","BACE2",0.480058617373285
"ARAP3",0,4.90773444511888,0.155,0.008,0,"Endothelial cells","ARAP3",0.760698838993426
"CD591",0,2.36920873623316,0.217,0.07,0,"Endothelial cells","CD59",0.514118295762596
"PXDN2",0,2.76049614739551,0.187,0.041,0,"Endothelial cells","PXDN",0.51621277956296
"BCR4",0,1.891806747497,0.238,0.092,0,"Endothelial cells","BCR",0.450250005904286
"FKBP1A",0,2.73748191966018,0.194,0.049,0,"Endothelial cells","FKBP1A",0.531071492414076
"RASGRP32",0,2.39841788939231,0.196,0.052,0,"Endothelial cells","RASGRP3",0.470089906320892
"PIK3C2B",0,2.86057211189661,0.179,0.035,0,"Endothelial cells","PIK3C2B",0.512042408029494
"GFOD11",0,2.0181753680873,0.209,0.065,0,"Endothelial cells","GFOD1",0.421798651930245
"CNTNAP3B",0,5.14452535752957,0.152,0.008,0,"Endothelial cells","CNTNAP3B",0.781967854344494
"LIMS21",0,4.23707376610646,0.158,0.015,0,"Endothelial cells","LIMS2",0.669457655044821
"ITGA91",0,2.15474656268169,0.23,0.087,0,"Endothelial cells","ITGA9",0.495591709416789
"ROBO4",0,7.33494831423211,0.144,0.001,0,"Endothelial cells","ROBO4",1.05623255724942
"MCC2",0,1.95759079781309,0.231,0.089,0,"Endothelial cells","MCC",0.452203474294824
"EML1",0,3.6421579231834,0.169,0.027,0,"Endothelial cells","EML1",0.615524689017995
"CHN1",0,2.97075790220945,0.169,0.028,0,"Endothelial cells","CHN1",0.502058085473397
"KLHL51",0,1.91100946187141,0.222,0.082,0,"Endothelial cells","KLHL5",0.424244100535454
"KDR",0,5.01809470887622,0.145,0.005,0,"Endothelial cells","KDR",0.727623732787051
"HEG12",0,1.7864716891885,0.235,0.096,0,"Endothelial cells","HEG1",0.419820846959298
"LRRC11",0,2.87586335760543,0.19,0.052,0,"Endothelial cells","LRRC1",0.546414037945033
"FAM171A11",0,3.12687016605523,0.162,0.025,0,"Endothelial cells","FAM171A1",0.506552966900947
"PALMD",0,4.71131083542878,0.149,0.012,0,"Endothelial cells","PALMD",0.701985314478887
"TGM21",0,2.06606226768874,0.199,0.063,0,"Endothelial cells","TGM2",0.411146391270059
"ZBTB46",0,2.73459720526052,0.168,0.032,0,"Endothelial cells","ZBTB46",0.459412330483767
"CCDC85A1",0,2.69151631075028,0.176,0.041,0,"Endothelial cells","CCDC85A",0.473706870692049
"NR5A2",0,6.55151931696528,0.136,0.002,0,"Endothelial cells","NR5A2",0.891006627107278
"AQP11",0,3.62602373408983,0.154,0.02,0,"Endothelial cells","AQP1",0.558407655049833
"PGM5",0,3.76207529904635,0.157,0.023,0,"Endothelial cells","PGM5",0.590645821950277
"PROX1",0,6.71340930340583,0.133,0.002,0,"Endothelial cells","PROX1",0.892883437352975
"ITGA61",0,1.53006949658949,0.197,0.067,0,"Endothelial cells","ITGA6",0.301423690828129
"PDE7B",0,2.314139800896,0.183,0.053,0,"Endothelial cells","PDE7B",0.423487583563968
"MARCH31",0,1.69473695147581,0.206,0.077,0,"Endothelial cells","MARCH3",0.349115812004018
"CREB52",0,1.91363307010607,0.195,0.066,0,"Endothelial cells","CREB5",0.373158448670683
"PDE1C",0,3.7570613150864,0.147,0.018,0,"Endothelial cells","PDE1C",0.552288013317701
"YES11",0,2.00506840633581,0.193,0.064,0,"Endothelial cells","YES1",0.386978202422812
"SULF22",0,2.08249451863171,0.175,0.046,0,"Endothelial cells","SULF2",0.36443654076055
"PXN2",0,2.0614776794461,0.187,0.06,0,"Endothelial cells","PXN",0.38549632605642
"ST8SIA61",0,3.63312363534515,0.141,0.015,0,"Endothelial cells","ST8SIA6",0.512270432583666
"JCAD",0,4.04841082527329,0.138,0.012,0,"Endothelial cells","JCAD",0.558680693887714
"RASIP1",0,6.64416954315448,0.127,0.001,0,"Endothelial cells","RASIP1",0.843809531980619
"CAVIN2",0,4.59829319155846,0.134,0.009,0,"Endothelial cells","CAVIN2",0.616171287668833
"SMAD9",0,3.91564630132418,0.139,0.014,0,"Endothelial cells","SMAD9",0.544274835884062
"ADAMTS6",0,2.77046739652858,0.159,0.037,0,"Endothelial cells","ADAMTS6",0.440504316048044
"SDCBP2-AS1",0,2.41371571980064,0.177,0.055,0,"Endothelial cells","SDCBP2-AS1",0.427227682404714
"FAT41",0,1.9235289245069,0.186,0.065,0,"Endothelial cells","FAT4",0.357776379958284
"SEMA6A-AS1",0,2.89463679043894,0.15,0.029,0,"Endothelial cells","SEMA6A-AS1",0.434195518565842
"ABLIM31",0,2.39512921337048,0.163,0.044,0,"Endothelial cells","ABLIM3",0.390406061779389
"ITPRIP",0,2.87441703225264,0.151,0.032,0,"Endothelial cells","ITPRIP",0.434036971870149
"GRASP",0,3.52020297549363,0.134,0.016,0,"Endothelial cells","GRASP",0.471707198716146
"ZFPM2-AS11",0,1.91820099060352,0.179,0.061,0,"Endothelial cells","ZFPM2-AS1",0.34335797731803
"USP311",0,2.3221437111602,0.174,0.056,0,"Endothelial cells","USP31",0.404053005741875
"TMEM100",0,7.22773392060103,0.118,0.001,0,"Endothelial cells","TMEM100",0.852872602630922
"SEMA3D",0,3.63430510489183,0.133,0.017,0,"Endothelial cells","SEMA3D",0.483362578950614
"FAM155A2",0,2.13843397297713,0.172,0.056,0,"Endothelial cells","FAM155A",0.367810643352066
"TSPAN7",0,4.79527262994098,0.124,0.008,0,"Endothelial cells","TSPAN7",0.594613806112681
"SPNS2",0,3.37249538188944,0.133,0.018,0,"Endothelial cells","SPNS2",0.448541885791295
"BMP61",0,2.89769819023389,0.134,0.02,0,"Endothelial cells","BMP6",0.388291557491342
"CD93",0,3.63022252764767,0.125,0.011,0,"Endothelial cells","CD93",0.453777815955959
"PITPNM22",0,2.44735099527169,0.166,0.053,0,"Endothelial cells","PITPNM2",0.406260265215101
"GIMAP8",0,2.92674776479589,0.133,0.02,0,"Endothelial cells","GIMAP8",0.389257452717853
"CYYR1",0,6.35700077833054,0.115,0.002,0,"Endothelial cells","CYYR1",0.731055089508013
"FZD4",0,4.82226988040578,0.12,0.007,0,"Endothelial cells","FZD4",0.578672385648693
"JAM31",0,3.15308198034019,0.139,0.028,0,"Endothelial cells","JAM3",0.438278395267286
"RNF144A",0,2.05059638976011,0.155,0.044,0,"Endothelial cells","RNF144A",0.317842440412817
"HYAL2",0,5.12282027185434,0.116,0.006,0,"Endothelial cells","HYAL2",0.594247151535103
"SLC5A4-AS1",0,4.85833565609675,0.117,0.007,0,"Endothelial cells","SLC5A4-AS1",0.568425271763319
"SHE",0,4.16916766605381,0.118,0.009,0,"Endothelial cells","SHE",0.491961784594349
"TBX1",0,4.40874373737465,0.117,0.009,0,"Endothelial cells","TBX1",0.515823017272834
"STK32B",0,3.7482745386338,0.122,0.014,0,"Endothelial cells","STK32B",0.457289493713324
"TMEM44",0,2.90932497501967,0.129,0.022,0,"Endothelial cells","TMEM44",0.375302921777537
"PCSK6",0,3.02185071144332,0.132,0.025,0,"Endothelial cells","PCSK6",0.398884293910518
"ARHGAP23",0,2.99821184086531,0.129,0.023,0,"Endothelial cells","ARHGAP23",0.386769327471626
"CCL21",0,7.53415513023672,0.106,0.001,0,"Endothelial cells","CCL21",0.798620443805092
"KANK3",0,4.57439377625872,0.111,0.006,0,"Endothelial cells","KANK3",0.507757709164718
"KLHL3",0,3.22535810715949,0.122,0.018,0,"Endothelial cells","KLHL3",0.393493689073458
"KLF2",0,2.66178648387939,0.128,0.025,0,"Endothelial cells","KLF2",0.340708669936562
"MYRIP",0,4.0119198559928,0.121,0.018,0,"Endothelial cells","MYRIP",0.485442302575128
"KCNMB4",0,4.40269413447501,0.112,0.01,0,"Endothelial cells","KCNMB4",0.493101743061201
"VIPR1-AS1",0,5.99201138776084,0.106,0.004,0,"Endothelial cells","VIPR1-AS1",0.635153207102649
"NOVA2",0,6.88956622964033,0.103,0.001,0,"Endothelial cells","NOVA2",0.709625321652954
"PRKAR1B",0,2.73152295500921,0.128,0.027,0,"Endothelial cells","PRKAR1B",0.349634938241179
"SHROOM2",0,3.55114722058049,0.113,0.017,0,"Endothelial cells","SHROOM2",0.401279635925595
"SLCO4A1",0,4.45311564648916,0.103,0.008,0,"Endothelial cells","SLCO4A1",0.458670911588383
"PLA2G4C",0,2.40496260126459,0.129,0.035,0,"Endothelial cells","PLA2G4C",0.310240175563132
"PARD6G",0,4.01627211627228,0.101,0.008,0,"Endothelial cells","PARD6G",0.4056434837435
"ACVRL1",0,4.03096034022624,0.103,0.011,0,"Endothelial cells","ACVRL1",0.415188915043302
"CPAMD81",0,3.23412691144342,0.116,0.024,0,"Endothelial cells","CPAMD8",0.375158721727436
"IRAK2",0,2.36046351518241,0.123,0.032,0,"Endothelial cells","IRAK2",0.290337012367436
"IL33",0,3.66451480959558,0.102,0.012,0,"Endothelial cells","IL33",0.373780510578749
"ASRGL1",0,3.48882930675798,0.1,0.015,0,"Endothelial cells","ASRGL1",0.348882930675798
"PPM1F",0,2.40743759881925,0.103,0.024,0,"Endothelial cells","PPM1F",0.247966072678382
"UNC5B",0,2.81092896905359,0.101,0.023,0,"Endothelial cells","UNC5B",0.283903825874412
"PITPNC12",3.7063901631577e-307,1.24331820275793,0.408,0.225,1.09468233468863e-302,"Endothelial cells","PITPNC1",0.507273826725234
"DOCK14",5.5711778571743e-307,1.22143521797452,0.441,0.268,1.64544738011643e-302,"Endothelial cells","DOCK1",0.538652931126764
"ADGRG6",1.09147169407932e-303,2.75039493595656,0.114,0.03,3.22366164846326e-299,"Endothelial cells","ADGRG6",0.313545022699048
"WARS3",3.74644226625301e-303,2.01744124380626,0.214,0.085,1.10651172333783e-298,"Endothelial cells","WARS",0.43173242617454
"HMBOX1",1.19184174113372e-299,1.48771144785229,0.374,0.211,3.52010458243845e-295,"Endothelial cells","HMBOX1",0.556404081496756
"DPYSL31",3.35450017199277e-299,1.17099141440148,0.221,0.086,9.90751625798065e-295,"Endothelial cells","DPYSL3",0.258789102582728
"EMP11",4.93989397746489e-298,2.24482163798354,0.213,0.086,1.45899768624425e-293,"Endothelial cells","EMP1",0.478147008890494
"DEPP11",1.09614570733803e-297,1.9493446478579,0.133,0.039,3.23746634662288e-293,"Endothelial cells","DEPP1",0.2592628381651
"LEPR1",4.68121872337376e-295,1.85788629231812,0.177,0.063,1.38259794994844e-290,"Endothelial cells","LEPR",0.328845873740307
"NR2F21",6.55286951379848e-294,2.21776098852318,0.128,0.037,1.93539001090038e-289,"Endothelial cells","NR2F2",0.283873406530966
"FLRT21",3.19958323964034e-293,2.29090700139113,0.162,0.056,9.44996909827773e-289,"Endothelial cells","FLRT2",0.371126934225363
"LAMA41",3.66260473292774e-292,1.60513106284204,0.195,0.073,1.08175030787021e-287,"Endothelial cells","LAMA4",0.313000557254198
"BMERB11",5.26059589115075e-291,1.87987552901147,0.183,0.067,1.55371699645137e-286,"Endothelial cells","BMERB1",0.344017221809098
"FLNB2",3.93437897981274e-290,1.68017711171398,0.244,0.106,1.16201883168769e-285,"Endothelial cells","FLNB",0.409963215258212
"IL4R",6.64493632435123e-290,1.7515784369069,0.289,0.143,1.96258194339714e-285,"Endothelial cells","IL4R",0.506206168266095
"CD992",1.46945343221863e-289,1.68319458378653,0.248,0.109,4.34003071205771e-285,"Endothelial cells","CD99",0.417432256779058
"ANGPT2",9.24398346137186e-285,2.87464689571611,0.172,0.063,2.73021051531618e-280,"Endothelial cells","ANGPT2",0.494439266063171
"DAB2IP1",5.04251092454581e-282,2.18001171535128,0.147,0.048,1.48930560156461e-277,"Endothelial cells","DAB2IP",0.320461722156638
"ARL154",2.6191671486908e-278,1.60077120049837,0.542,0.393,7.73571017365828e-274,"Endothelial cells","ARL15",0.867617990670118
"CEP1122",4.38549589774218e-278,1.47693197562774,0.302,0.152,1.29525621339815e-273,"Endothelial cells","CEP112",0.446033456639577
"TM4SF12",1.32035154328067e-276,2.29476792427433,0.111,0.03,3.89965828307945e-272,"Endothelial cells","TM4SF1",0.254719239594451
"RGS3",2.11291523434768e-276,2.22407272118234,0.107,0.028,6.24049514464587e-272,"Endothelial cells","RGS3",0.23797578116651
"HDGFL3",4.36524922881479e-270,1.92489615860027,0.166,0.06,1.28927635973045e-265,"Endothelial cells","HDGFL3",0.319532762327645
"STARD13-AS3",4.8399716723201e-270,2.08310345592855,0.192,0.077,1.42948563341974e-265,"Endothelial cells","STARD13-AS",0.399955863538282
"DNM33",8.56793892516734e-270,1.8553091682965,0.207,0.086,2.53054076154817e-265,"Endothelial cells","DNM3",0.384048997837376
"TNXB1",2.33045361337095e-269,1.58474166762844,0.145,0.047,6.8829947470911e-265,"Endothelial cells","TNXB",0.229787541806124
"PRICKLE22",1.55504478057494e-266,2.41148706461951,0.305,0.168,4.59282475942809e-262,"Endothelial cells","PRICKLE2",0.735503554708949
"VAV33",2.34717737785347e-264,1.34708677154015,0.321,0.168,6.93238838549023e-260,"Endothelial cells","VAV3",0.432414853664387
"NDRG1",3.10196473792555e-263,2.15504615633761,0.216,0.093,9.16165285346312e-259,"Endothelial cells","NDRG1",0.465489969768923
"NUAK11",2.0912605971593e-262,2.51138665586437,0.118,0.035,6.17653817371e-258,"Endothelial cells","NUAK1",0.296343625391996
"PARVB2",1.47763617292734e-260,1.72143931026846,0.179,0.068,4.36419843674089e-256,"Endothelial cells","PARVB",0.308137636538054
"BCAR32",1.29656335731514e-258,1.8761921198749,0.206,0.088,3.82939987583026e-254,"Endothelial cells","BCAR3",0.38649557669423
"DGKH1",4.66981203590465e-258,1.32036187741874,0.357,0.203,1.37922898480444e-253,"Endothelial cells","DGKH",0.47136919023849
"ICA11",1.21198418668504e-255,1.8628288979399,0.184,0.073,3.57959529537427e-251,"Endothelial cells","ICA1",0.342760517220941
"CMTM82",7.89409097850971e-255,2.1384181988747,0.201,0.086,2.33151977050284e-250,"Endothelial cells","CMTM8",0.429822057973815
"CD1091",9.56849169658876e-252,2.20436533047969,0.141,0.049,2.82605402258749e-247,"Endothelial cells","CD109",0.310815511597637
"CNN31",1.43798560697781e-246,1.75300162782202,0.204,0.087,4.24709049020897e-242,"Endothelial cells","CNN3",0.357612332075691
"LAMA51",1.98138414382295e-243,2.36678385583,0.124,0.04,5.85201806878109e-239,"Endothelial cells","LAMA5",0.29348119812292
"WNT2B",7.94343812054983e-243,2.35787177392334,0.114,0.035,2.34609444890439e-238,"Endothelial cells","WNT2B",0.268797382227261
"IGF1R2",2.69692568997747e-240,1.1477949420522,0.393,0.238,7.96537002534845e-236,"Endothelial cells","IGF1R",0.451083412226516
"UHRF2",7.88371381761068e-238,1.82483248332781,0.112,0.033,2.32845487603131e-233,"Endothelial cells","UHRF2",0.204381238132714
"CEMIP22",1.88078399579824e-237,1.30174390729187,0.367,0.217,5.5548955315901e-233,"Endothelial cells","CEMIP2",0.477740013976117
"TBCD2",5.75746030734972e-236,1.35635433992607,0.272,0.136,1.70046590177574e-231,"Endothelial cells","TBCD",0.368928380459891
"TSHZ21",3.28941832175082e-234,1.1736049338584,0.299,0.153,9.71529701329104e-230,"Endothelial cells","TSHZ2",0.350907875223661
"PHLDB11",8.01004986133778e-231,2.24452447003997,0.117,0.037,2.36576822654611e-226,"Endothelial cells","PHLDB1",0.262609362994677
"EVA1C3",7.05722589300043e-230,1.51073590943287,0.299,0.163,2.08435166749768e-225,"Endothelial cells","EVA1C",0.451710036920429
"MBOAT22",7.08153615593962e-229,1.96729047259342,0.172,0.07,2.09153170365677e-224,"Endothelial cells","MBOAT2",0.338373961286068
"DGKE",1.95730861375161e-221,2.04027028193304,0.107,0.033,5.78091099071537e-217,"Endothelial cells","DGKE",0.218308920166835
"NRXN31",1.91450290822415e-220,2.20517496573283,0.19,0.084,5.65448433944002e-216,"Endothelial cells","NRXN3",0.418983243489238
"TLE12",4.43431319857406e-217,1.76438446030845,0.158,0.062,1.30967440319885e-212,"Endothelial cells","TLE1",0.278772744728735
"LUZP1",2.23642262773396e-214,1.63449002064027,0.184,0.079,6.60527423101225e-210,"Endothelial cells","LUZP1",0.30074616379781
"ATP8B1",3.95962942284059e-214,1.84150563824485,0.297,0.17,1.16947655003597e-209,"Endothelial cells","ATP8B1",0.546927174558721
"NEDD93",2.42203361444007e-212,1.14877879793179,0.383,0.237,7.15347628024876e-208,"Endothelial cells","NEDD9",0.439982279607877
"LIMK22",9.05265595872055e-212,1.5256414296137,0.259,0.135,2.67370193740812e-207,"Endothelial cells","LIMK2",0.395141130269949
"Z82215.11",8.74486025200077e-211,1.75896183402058,0.169,0.07,2.58279447542843e-206,"Endothelial cells","Z82215.1",0.297264549949478
"NAV31",1.55425611488915e-208,1.17662381703223,0.206,0.092,4.59049543532511e-204,"Endothelial cells","NAV3",0.242384506308639
"SERPINB61",4.15560970284498e-208,1.93504053506396,0.171,0.073,1.22735932573527e-203,"Endothelial cells","SERPINB6",0.330891931495936
"MAGI1-AS11",9.97277176958904e-208,2.04971719874977,0.113,0.037,2.94545814214812e-203,"Endothelial cells","MAGI1-AS1",0.231618043458723
"FAM241A",4.98599467726114e-207,1.87593868602361,0.122,0.042,1.47261352792908e-202,"Endothelial cells","FAM241A",0.22886451969488
"NCALD2",6.60825681269341e-206,1.97224898111305,0.159,0.065,1.951748649629e-201,"Endothelial cells","NCALD",0.313587587996975
"CAVIN11",2.50226367919917e-201,1.85772725456496,0.113,0.038,7.39043577651476e-197,"Endothelial cells","CAVIN1",0.20992317976584
"FMNL31",1.35508486175091e-200,1.55451780150078,0.165,0.068,4.0022431391813e-196,"Endothelial cells","FMNL3",0.256495437247629
"AMOTL13",9.72034940243649e-200,1.78596804427369,0.162,0.068,2.87090519600962e-195,"Endothelial cells","AMOTL1",0.289326823172339
"CLIC42",1.70137196282898e-198,1.59817573237653,0.291,0.167,5.02500209221539e-194,"Endothelial cells","CLIC4",0.465069138121571
"APOL3",2.13198937439445e-197,1.98320510607316,0.103,0.033,6.29683061727402e-193,"Endothelial cells","APOL3",0.204270125925535
"SMURF21",3.06746854591477e-197,1.44809408886553,0.341,0.213,9.05976835035927e-193,"Endothelial cells","SMURF2",0.493800084303145
"MEIS11",4.15489753708412e-197,1.24657566096081,0.235,0.116,1.22714898757779e-192,"Endothelial cells","MEIS1",0.292945280325791
"C22orf343",5.40784129111259e-194,1.35652422678682,0.205,0.095,1.5972059253301e-189,"Endothelial cells","C22orf34",0.278087466491297
"CCDC502",1.83569385361079e-193,1.49948979425236,0.201,0.094,5.42172179663947e-189,"Endothelial cells","CCDC50",0.301397448644725
"CTNNAL11",2.37621022348614e-191,2.07220784222871,0.129,0.048,7.01813689506632e-187,"Endothelial cells","CTNNAL1",0.267314811647503
"MSN3",8.57803600541282e-190,1.34159103415297,0.346,0.215,2.53352293419868e-185,"Endothelial cells","MSN",0.464190497816927
"HIP11",8.304494915791e-186,1.07580953938172,0.369,0.233,2.45273257337887e-181,"Endothelial cells","HIP1",0.396973720031854
"STARD92",1.47260815084247e-184,1.5964570629783,0.153,0.063,4.34934817351323e-180,"Endothelial cells","STARD9",0.24425793063568
"YBX32",3.22343479598674e-183,1.58595921915932,0.254,0.141,9.52041466994683e-179,"Endothelial cells","YBX3",0.402833641666467
"ARHGEF32",1.10269829401062e-180,1.30549670265067,0.326,0.199,3.25681941136036e-176,"Endothelial cells","ARHGEF3",0.42559192506412
"SAMD123",3.01966290072218e-180,1.35101888706188,0.306,0.185,8.91857437728295e-176,"Endothelial cells","SAMD12",0.413411779440936
"PKIG1",1.05337811855034e-176,1.71393119284557,0.136,0.054,3.11115227313843e-172,"Endothelial cells","PKIG",0.233094642226998
"NOTCH1",2.26408579355788e-175,1.69283343739245,0.127,0.049,6.6869773912732e-171,"Endothelial cells","NOTCH1",0.214989846548841
"ADAMTS9-AS22",2.14653318841962e-173,1.30338428763015,0.234,0.123,6.33978577199734e-169,"Endothelial cells","ADAMTS9-AS2",0.304991923305455
"IL18R11",2.34895418848542e-173,1.0330811410079,0.11,0.038,6.93763619569169e-169,"Endothelial cells","IL18R1",0.113638925510869
"MYO62",1.45505391146534e-168,1.11336111203132,0.315,0.191,4.29750172751288e-164,"Endothelial cells","MYO6",0.350708750289867
"JAG1",1.12613971536336e-166,1.93829817411838,0.11,0.041,3.3260536493257e-162,"Endothelial cells","JAG1",0.213212799153022
"PLD11",7.18620299721712e-164,1.48515802716439,0.223,0.119,2.12244505522808e-159,"Endothelial cells","PLD1",0.331190240057658
"DAAM11",2.86696731618002e-163,1.27261610020846,0.281,0.167,8.46758796833768e-159,"Endothelial cells","DAAM1",0.357605124158577
"PRRG1",1.05341403409006e-162,2.0015544357916,0.106,0.039,3.111258349685e-158,"Endothelial cells","PRRG1",0.21216477019391
"PPP1R13B2",5.8259643027531e-162,1.40691910514226,0.208,0.107,1.72069855681813e-157,"Endothelial cells","PPP1R13B",0.29263917386959
"MYO15B1",2.326893536283e-159,1.61238671831414,0.156,0.07,6.87248005941184e-155,"Endothelial cells","MYO15B",0.251532328057005
"STON21",4.54000977930895e-158,1.90168410801439,0.114,0.044,1.3408918883189e-153,"Endothelial cells","STON2",0.21679198831364
"SSH12",4.59667010811193e-158,1.51865534276255,0.243,0.136,1.35762651643086e-153,"Endothelial cells","SSH1",0.3690332482913
"TSPAN144",9.81672593571213e-157,1.05375165139926,0.259,0.145,2.89937000511258e-152,"Endothelial cells","TSPAN14",0.272921677712409
"CAV11",1.0466231468443e-155,1.07944695897996,0.149,0.065,3.09120146420463e-151,"Endothelial cells","CAV1",0.160837596888013
"KCTD31",5.78959787620984e-154,1.86096366486629,0.135,0.058,1.70995773273858e-149,"Endothelial cells","KCTD3",0.25123009475695
"PTPRE3",1.20871412725568e-152,1.29511758900999,0.327,0.215,3.56993717484965e-148,"Endothelial cells","PTPRE",0.423503451606267
"RGCC2",3.94150289941994e-152,1.74041564515978,0.159,0.075,1.16412288134368e-147,"Endothelial cells","RGCC",0.276726087580405
"NR3C22",2.91075741567678e-151,1.05388274001665,0.27,0.156,8.59692202720138e-147,"Endothelial cells","NR3C2",0.284548339804495
"ZNRF1",3.85874555822558e-149,1.46964221579458,0.162,0.076,1.13968050062193e-144,"Endothelial cells","ZNRF1",0.238082038958722
"TGFBR23",6.47129626017213e-148,1.06301702999208,0.388,0.274,1.91129735044184e-143,"Endothelial cells","TGFBR2",0.412450607636926
"UPF3A",1.16607783694492e-146,1.41114692916121,0.178,0.088,3.44401089141682e-142,"Endothelial cells","UPF3A",0.251184153390696
"SIN3B",2.17746141838466e-146,1.65143401723638,0.132,0.057,6.43113229919911e-142,"Endothelial cells","SIN3B",0.217989290275203
"ZNF6083",6.7039467626449e-146,1.52294031179886,0.199,0.105,1.98001067634717e-141,"Endothelial cells","ZNF608",0.303065122047973
"IPO9-AS11",2.51983479319976e-142,1.80266563138499,0.121,0.051,7.44233206171549e-138,"Endothelial cells","IPO9-AS1",0.218122541397584
"SGIP11",7.4109483381012e-142,1.32062476508856,0.151,0.069,2.18882359165819e-137,"Endothelial cells","SGIP1",0.199414339528373
"COL18A12",1.05446228093872e-141,1.25480167469455,0.142,0.063,3.11435434675252e-137,"Endothelial cells","COL18A1",0.178181837806626
"CDC42BPB1",2.23026593921967e-140,1.18531075384808,0.257,0.153,6.58709045148528e-136,"Endothelial cells","CDC42BPB",0.304624863738956
"IFT1401",2.67910255797015e-140,1.92878305729156,0.123,0.052,7.91272940496484e-136,"Endothelial cells","IFT140",0.237240316046861
"LMCD11",2.38226126161212e-138,1.06801576084028,0.141,0.063,7.03600863617141e-134,"Endothelial cells","LMCD1",0.150590222278479
"MAP4K52",7.76952816498449e-132,1.18933937633667,0.282,0.179,2.29473014352817e-127,"Endothelial cells","MAP4K5",0.335393704126941
"CARHSP11",4.82869482750763e-131,1.8091938849804,0.118,0.051,1.42615501730438e-126,"Endothelial cells","CARHSP1",0.213484878427687
"PLCG1",3.37701213785958e-130,1.41000591954361,0.107,0.043,9.97400534916828e-126,"Endothelial cells","PLCG1",0.150870633391166
"MYO1E2",6.80402626373308e-129,1.32042740859809,0.309,0.207,2.00956915699357e-124,"Endothelial cells","MYO1E",0.40801206925681
"ABHD17B",1.9457452237836e-128,1.55591258580134,0.105,0.042,5.74675851844485e-124,"Endothelial cells","ABHD17B",0.16337082150914
"TCF7L12",1.26860214709168e-127,1.08481159912186,0.204,0.112,3.74681644143529e-123,"Endothelial cells","TCF7L1",0.22130156622086
"ETS22",1.44823078715667e-127,1.09008920058528,0.254,0.154,4.27734962986723e-123,"Endothelial cells","ETS2",0.276882656948661
"RDX1",5.08780749492286e-127,1.17446297146341,0.298,0.196,1.50268394362547e-122,"Endothelial cells","RDX",0.349989965496096
"OPHN12",6.59909581771872e-123,1.40197023800281,0.239,0.146,1.94904294976322e-118,"Endothelial cells","OPHN1",0.335070886882673
"FRMD61",1.26762708129022e-122,1.50376407317045,0.112,0.048,3.74393658459068e-118,"Endothelial cells","FRMD6",0.16842157619509
"FAM219A",1.49373672992672e-122,1.6633033194343,0.118,0.052,4.41175143183857e-118,"Endothelial cells","FAM219A",0.196269791693247
"OSMR3",1.70500609505568e-122,1.34768721934498,0.25,0.154,5.03573550174694e-118,"Endothelial cells","OSMR",0.336921804836245
"LMBR12",3.25627029697987e-122,1.13580475088546,0.264,0.166,9.61739432213004e-118,"Endothelial cells","LMBR1",0.29985245423376
"PAPSS22",1.16098453595797e-119,1.4331492118543,0.229,0.14,3.42896782695185e-115,"Endothelial cells","PAPSS2",0.328191169514635
"SWAP702",1.45701820584323e-119,1.31624765590577,0.224,0.134,4.30330327095799e-115,"Endothelial cells","SWAP70",0.294839474922892
"SH3BP52",9.48868979594956e-117,1.15414801667045,0.228,0.135,2.8024845312337e-112,"Endothelial cells","SH3BP5",0.263145747800863
"SIPA1L22",1.76591614611491e-116,1.33262609861435,0.201,0.115,5.21563333755037e-112,"Endothelial cells","SIPA1L2",0.267857845821484
"ITGA9-AS1",3.25806116951981e-116,1.53384782097512,0.115,0.051,9.62268366417675e-112,"Endothelial cells","ITGA9-AS1",0.176392499412139
"SPATA132",4.94022215428411e-116,1.30791432171799,0.221,0.132,1.45909461326781e-111,"Endothelial cells","SPATA13",0.289049065099676
"PIEZO12",5.11684508619656e-114,1.33478684905389,0.141,0.069,1.51126019620815e-109,"Endothelial cells","PIEZO1",0.188204945716598
"AFAP11",1.11512526679323e-113,1.28642167409061,0.138,0.067,3.2935224754738e-109,"Endothelial cells","AFAP1",0.177526191024504
"SORBS22",3.41274781476131e-113,1.56306249125531,0.165,0.089,1.00795506708975e-108,"Endothelial cells","SORBS2",0.257905311057126
"GNG122",8.5263013808728e-113,1.36731800321993,0.163,0.086,2.51824311284078e-108,"Endothelial cells","GNG12",0.222872834524849
"CHSY12",1.64899056038936e-111,1.23522922986505,0.221,0.132,4.87029362010997e-107,"Endothelial cells","CHSY1",0.272985659800176
"TECPR1",4.9283788269482e-109,1.48075668561667,0.108,0.048,1.45559668653915e-104,"Endothelial cells","TECPR1",0.159921722046601
"HRH1",2.03557816175061e-108,1.80050203193446,0.114,0.053,6.01208010073044e-104,"Endothelial cells","HRH1",0.205257231640529
"CDH131",6.15036651615427e-108,1.4640467985967,0.101,0.043,1.81651075054616e-103,"Endothelial cells","CDH13",0.147868726658267
"ACTN11",2.8064251492651e-107,1.11246215046321,0.229,0.14,8.28877667835446e-103,"Endothelial cells","ACTN1",0.254753832456076
"XAF13",2.87112145244952e-107,1.43018714437584,0.194,0.114,8.47985720980966e-103,"Endothelial cells","XAF1",0.277456306008913
"ARRB13",5.53399901456505e-103,1.12867837859132,0.226,0.14,1.63446660895179e-98,"Endothelial cells","ARRB1",0.255081313561637
"PML",7.17194173772601e-103,1.64064799227963,0.113,0.053,2.11823299223738e-98,"Endothelial cells","PML",0.185393223127598
"ELMSAN1",4.42759590612004e-102,1.35563920299745,0.151,0.08,1.30769045087255e-97,"Endothelial cells","ELMSAN1",0.204701519652615
"CAMTA11",5.99312169746145e-102,1.07881549756265,0.259,0.17,1.77006849334524e-97,"Endothelial cells","CAMTA1",0.279413213868727
"NFATC1",2.32561127584489e-100,1.28402442595639,0.12,0.058,6.8686929032079e-96,"Endothelial cells","NFATC1",0.154082931114767
"RGS121",1.35506223259079e-97,1.32291331448459,0.163,0.09,4.00217630395689e-93,"Endothelial cells","RGS12",0.215634870260989
"GSE11",1.59616971141713e-96,1.07524863668254,0.296,0.208,4.7142872426705e-92,"Endothelial cells","GSE1",0.318273596458031
"PLXND11",1.58069097443344e-94,1.22332707870298,0.148,0.079,4.66857079298917e-90,"Endothelial cells","PLXND1",0.181052407648041
"PDK41",6.99565836666664e-92,1.17230566665636,0.187,0.11,2.06616769859499e-87,"Endothelial cells","PDK4",0.21922115966474
"PRELID21",3.45022687272147e-91,1.02637122428523,0.14,0.074,1.01902450685829e-86,"Endothelial cells","PRELID2",0.143691971399932
"LTBP11",2.02461170462466e-88,1.18981669938065,0.141,0.076,5.97969066960892e-84,"Endothelial cells","LTBP1",0.167764154612672
"TTC7B2",6.31963523983553e-88,1.15463039988135,0.158,0.089,1.86650426808542e-83,"Endothelial cells","TTC7B",0.182431603181253
"NR2F2-AS11",3.75387523556279e-87,1.06007726517122,0.159,0.09,1.10870705082347e-82,"Endothelial cells","NR2F2-AS1",0.168552285162224
"ADAM102",4.24318167766505e-87,1.42973323970564,0.135,0.072,1.25322370849837e-82,"Endothelial cells","ADAM10",0.193013987360262
"SGK11",7.10208197442346e-87,1.58940325990626,0.128,0.068,2.09759991114597e-82,"Endothelial cells","SGK1",0.203443617268002
"HDAC73",2.07069873489403e-86,1.19248744835176,0.167,0.097,6.11580871350952e-82,"Endothelial cells","HDAC7",0.199145403874744
"DNMBP",3.09927804027127e-86,1.27930836030818,0.116,0.058,9.1537176919412e-82,"Endothelial cells","DNMBP",0.148399769795749
"ACACB1",4.76519780197047e-85,1.4643860739887,0.122,0.064,1.40740117081198e-80,"Endothelial cells","ACACB",0.178655101026621
"CHSY33",5.99645837305678e-84,1.35045134336143,0.149,0.084,1.77105398048232e-79,"Endothelial cells","CHSY3",0.201217250160854
"GHR1",2.51659968502467e-83,1.26558427053341,0.106,0.052,7.43277716972037e-79,"Endothelial cells","GHR",0.134151932676542
"SNTB23",1.31138259859761e-80,1.14005535143553,0.159,0.092,3.87316850495803e-76,"Endothelial cells","SNTB2",0.181268800878249
"ITM2B2",2.57978626105073e-80,1.03386837471568,0.191,0.118,7.61939872201332e-76,"Endothelial cells","ITM2B",0.197468859570694
"EFNA51",2.64919621226339e-80,1.67042976729012,0.217,0.149,7.82440101291992e-76,"Endothelial cells","EFNA5",0.362483259501957
"TPST22",4.34084499418529e-80,1.18579840748652,0.12,0.063,1.28206856903263e-75,"Endothelial cells","TPST2",0.142295808898383
"ATXN3",9.50852814798998e-80,1.1327035137166,0.165,0.098,2.80834378850884e-75,"Endothelial cells","ATXN3",0.186896079763239
"GNAI22",9.62712542191607e-79,1.13071171442655,0.157,0.091,2.84337149336291e-74,"Endothelial cells","GNAI2",0.177521739164969
"PON22",1.47089046526032e-78,1.53287510268147,0.142,0.082,4.34427498914635e-74,"Endothelial cells","PON2",0.217668264580769
"ZNF5322",2.21678896879147e-78,1.11501253467469,0.17,0.102,6.5472862193256e-74,"Endothelial cells","ZNF532",0.189552130894697
"IL15RA2",2.4705858260143e-77,1.45380799148419,0.105,0.053,7.29687523713322e-73,"Endothelial cells","IL15RA",0.15264983910584
"TMEM184B2",3.07258067517458e-77,1.43030253155691,0.121,0.065,9.07486702412814e-73,"Endothelial cells","TMEM184B",0.173066606318386
"ABCC41",3.37893660181601e-77,1.12937251061638,0.19,0.121,9.97968925346358e-73,"Endothelial cells","ABCC4",0.214580777017113
"TCIM1",3.74092487848928e-76,1.53693664551367,0.105,0.054,1.10488216286181e-71,"Endothelial cells","TCIM",0.161378347778936
"REEP31",1.8714791359212e-75,1.15636383837758,0.201,0.13,5.52741362794325e-71,"Endothelial cells","REEP3",0.232429131513893
"USP131",2.3967969414448e-75,1.33338133804311,0.12,0.064,7.07893976655722e-71,"Endothelial cells","USP13",0.160005760565173
"ANKS1A3",9.81300963608941e-75,1.10897512978943,0.316,0.244,2.89827239601901e-70,"Endothelial cells","ANKS1A",0.350436141013461
"RIMKLB2",6.04234780596107e-73,1.24968679975608,0.124,0.068,1.7846074244906e-68,"Endothelial cells","RIMKLB",0.154961163169754
"DLGAP42",1.39985959295161e-72,1.31636572562846,0.144,0.084,4.13448530778259e-68,"Endothelial cells","DLGAP4",0.189556664490499
"ENTPD13",1.65021609947014e-70,1.08201889799689,0.143,0.083,4.87391324978504e-66,"Endothelial cells","ENTPD1",0.154728702413556
"HSPB12",1.35409465922019e-68,1.18375228953772,0.136,0.078,3.99931857600684e-64,"Endothelial cells","HSPB1",0.16099031137713
"NR4A13",1.63915971145745e-68,1.285846912488,0.141,0.083,4.84125820778957e-64,"Endothelial cells","NR4A1",0.181304414660808
"IFI441",1.40053696870062e-67,1.24345870270555,0.11,0.059,4.13648593705727e-63,"Endothelial cells","IFI44",0.136780457297611
"GNB42",1.53073274384435e-67,1.10016650517957,0.154,0.093,4.52101915894429e-63,"Endothelial cells","GNB4",0.169425641797653
"PIP5K1C",1.56455015940819e-65,1.35336493386756,0.1,0.053,4.62089889581208e-61,"Endothelial cells","PIP5K1C",0.135336493386756
"LMCD1-AS11",1.99348352733995e-65,1.1164299091133,0.133,0.077,5.88775359799854e-61,"Endothelial cells","LMCD1-AS1",0.148485177912069
"LIMA11",8.94659953673842e-64,1.0905920076656,0.177,0.115,2.64237817317569e-59,"Endothelial cells","LIMA1",0.193034785356812
"EPN23",2.07011026439006e-62,1.0366059158143,0.171,0.11,6.11407066587604e-58,"Endothelial cells","EPN2",0.177259611604246
"RAB11FIP32",2.86217774476138e-60,1.02793816564983,0.144,0.088,8.45344196915273e-56,"Endothelial cells","RAB11FIP3",0.148023095853576
"TJP23",1.1791779758471e-59,1.11172418489192,0.19,0.129,3.4827021516644e-55,"Endothelial cells","TJP2",0.211227595129464
"MIRLET7BHG2",1.34371622973823e-59,1.06964225805748,0.152,0.095,3.96866588453186e-55,"Endothelial cells","MIRLET7BHG",0.162585623224737
"SLC12A21",9.47378982457555e-58,1.20378324098695,0.107,0.06,2.79808382468839e-53,"Endothelial cells","SLC12A2",0.128804806785604
"ESR24",1.24787683279516e-56,1.06585255555807,0.125,0.074,3.68560422566051e-52,"Endothelial cells","ESR2",0.133231569444759
"PHLPP1",2.03742995259397e-56,1.1002225247583,0.165,0.108,6.0175493649863e-52,"Endothelial cells","PHLPP1",0.181536716585119
"IL3RA2",8.42168834909942e-56,1.10418101881869,0.121,0.072,2.48734565390651e-51,"Endothelial cells","IL3RA",0.133605903277061
"KLF91",7.57066689650394e-55,1.06708082479204,0.139,0.086,2.23599646788244e-50,"Endothelial cells","KLF9",0.148324234646094
"PRKD21",2.4160007111308e-54,1.00443445784345,0.111,0.064,7.1356581003248e-50,"Endothelial cells","PRKD2",0.111492224820623
"PPM1D",9.35002397673361e-54,1.20977405971939,0.115,0.067,2.76152958152827e-49,"Endothelial cells","PPM1D",0.13912401686773
"TRIOBP",1.86227559078399e-53,1.03715196946844,0.126,0.076,5.50023095738053e-49,"Endothelial cells","TRIOBP",0.130681148153023
"HACE11",3.17975243495096e-53,1.26005274486498,0.114,0.067,9.39139881662766e-49,"Endothelial cells","HACE1",0.143646012914608
"TNFRSF10B1",1.10681944021684e-51,1.21811098581566,0.127,0.079,3.26899121668044e-47,"Endothelial cells","TNFRSF10B",0.154700095198589
"CSNK1E2",2.87359117781898e-50,1.07912443728467,0.127,0.079,8.48715154368836e-46,"Endothelial cells","CSNK1E",0.137048803535154
"LRP63",4.83405494430517e-50,1.14978952752311,0.135,0.086,1.42773812780053e-45,"Endothelial cells","LRP6",0.15522158621562
"TUBB63",1.50238661032879e-48,1.13659818777601,0.108,0.064,4.43729885360609e-44,"Endothelial cells","TUBB6",0.122752604279809
"WWC32",1.77428114021388e-48,1.01543975636768,0.161,0.108,5.2403393476217e-44,"Endothelial cells","WWC3",0.163485800775196
"GRAMD1A2",1.60897198713543e-47,1.08965733499482,0.126,0.079,4.7520987640045e-43,"Endothelial cells","GRAMD1A",0.137296824209347
"MAOA3",7.68809341202739e-45,1.27345360987054,0.13,0.084,2.27067838924229e-40,"Endothelial cells","MAOA",0.16554896928317
"MTMR21",4.36373705894255e-44,1.06651049452883,0.111,0.068,1.28882974035868e-39,"Endothelial cells","MTMR2",0.1183826648927
"FGFR11",3.36014922472642e-42,1.03323658833516,0.132,0.086,9.92420073522949e-38,"Endothelial cells","FGFR1",0.136387229660242
"NRP22",7.43422622111215e-41,1.13115517458674,0.16,0.114,2.19569871440547e-36,"Endothelial cells","NRP2",0.180984827933878
"CDC371",7.01856713172465e-39,1.02087941731815,0.116,0.074,2.07293380235488e-34,"Endothelial cells","CDC37",0.118422012408905
"IL71",1.51411965057475e-38,1.13794418128176,0.155,0.11,4.47195238797254e-34,"Endothelial cells","IL7",0.176381348098672
"DISP11",3.38107060491468e-36,1.2629568519718,0.138,0.096,9.98599203161551e-32,"Endothelial cells","DISP1",0.174288045572108
"SEPTIN102",3.49675340654488e-36,1.03881131967412,0.127,0.085,1.03276611862303e-31,"Endothelial cells","SEPTIN10",0.131929037598614
"CRYBG31",1.95209442005565e-34,1.05747179428842,0.147,0.105,5.76551086963435e-30,"Endothelial cells","CRYBG3",0.155448353760398
"CATSPERB1",2.30308080054625e-32,1.04576683065101,0.101,0.066,6.80214914441335e-28,"Endothelial cells","CATSPERB",0.105622449895752
"GBE11",1.38054024634914e-29,1.23664511464918,0.198,0.157,4.07742561759219e-25,"Endothelial cells","GBE1",0.244855732700538
"CASZ12",1.50554429681028e-29,1.1379859883761,0.106,0.072,4.44662508062917e-25,"Endothelial cells","CASZ1",0.120626514767867
"ST53",1.30464948367755e-24,1.40713282360598,0.147,0.114,3.85328225004163e-20,"Endothelial cells","ST5",0.206848525070079
"NMD32",1.78029518036214e-23,1.17078611277773,0.101,0.072,5.25810181519959e-19,"Endothelial cells","NMD3",0.118249397390551
"TMC52",0,3.47220456305452,0.608,0.08,0,"Airway epithelial","TMC5",2.11110037433715
"KIAA12172",0,2.39220486883913,0.61,0.118,0,"Airway epithelial","KIAA1217",1.45924496999187
"MUC4",0,6.00277112513506,0.48,0.013,0,"Airway epithelial","MUC4",2.88133014006483
"AGAP13",0,2.12397481587467,0.682,0.223,0,"Airway epithelial","AGAP1",1.44855082442653
"ANK32",0,1.083732056134,0.671,0.227,0,"Airway epithelial","ANK3",0.727184209665912
"MECOM3",0,1.17689763159054,0.629,0.221,0,"Airway epithelial","MECOM",0.740268610270447
"SHANK22",0,2.35660207915062,0.515,0.108,0,"Airway epithelial","SHANK2",1.21365007076257
"PTPRN21",0,5.50762994099841,0.429,0.029,0,"Airway epithelial","PTPRN2",2.36277324468832
"DNAH51",0,5.02619057747785,0.429,0.033,0,"Airway epithelial","DNAH5",2.156235757738
"CHST9",0,9.75559431836663,0.396,0.001,0,"Airway epithelial","CHST9",3.86321535007319
"SAMD124",0,1.70134457320293,0.558,0.168,0,"Airway epithelial","SAMD12",0.949350271847233
"PATJ3",0,1.4483247947344,0.566,0.176,0,"Airway epithelial","PATJ",0.819751833819668
"SYNE24",0,1.04036572595953,0.672,0.291,0,"Airway epithelial","SYNE2",0.699125767844804
"NEDD4L2",0,1.43107455066149,0.602,0.221,0,"Airway epithelial","NEDD4L",0.861506879498217
"ELF32",0,3.7656819901403,0.417,0.04,0,"Airway epithelial","ELF3",1.57028938988851
"EFNA52",0,1.98550762656386,0.505,0.129,0,"Airway epithelial","EFNA5",1.00268135141475
"EZR2",0,1.60272127494139,0.562,0.199,0,"Airway epithelial","EZR",0.900729356517064
"MACROD21",0,1.37346282148972,0.538,0.177,0,"Airway epithelial","MACROD2",0.738922997961468
"PLEKHA52",0,1.70693341603918,0.554,0.196,0,"Airway epithelial","PLEKHA5",0.945641112485705
"RP11",0,5.62019452895864,0.382,0.025,0,"Airway epithelial","RP1",2.1469143100622
"CCDC1461",0,2.89285100750693,0.449,0.094,0,"Airway epithelial","CCDC146",1.29889010237061
"AQP4-AS1",0,7.74013850829821,0.361,0.007,0,"Airway epithelial","AQP4-AS1",2.79419000149565
"GNA141",0,2.68149159195342,0.392,0.052,0,"Airway epithelial","GNA14",1.05114470404574
"SDK11",0,1.65107001972885,0.494,0.156,0,"Airway epithelial","SDK1",0.815628589746052
"MSI23",0,1.01347646437932,0.589,0.252,0,"Airway epithelial","MSI2",0.596937637519421
"NAALADL22",0,1.7076288740879,0.514,0.182,0,"Airway epithelial","NAALADL2",0.877721241281183
"ALCAM3",0,1.12917592305622,0.65,0.319,0,"Airway epithelial","ALCAM",0.733964349986542
"MUC16",0,9.289538634517,0.329,0.001,0,"Airway epithelial","MUC16",3.05625821075609
"TRIM21",0,3.26093901176913,0.379,0.052,0,"Airway epithelial","TRIM2",1.2358958854605
"ABCA131",0,7.79747106995606,0.328,0.003,0,"Airway epithelial","ABCA13",2.55757051094559
"GLIS32",0,1.69725604657437,0.508,0.183,0,"Airway epithelial","GLIS3",0.86220607165978
"IGF1R3",0,1.45162787451548,0.551,0.227,0,"Airway epithelial","IGF1R",0.79984695885803
"BAIAP2L12",0,2.8248097729633,0.394,0.07,0,"Airway epithelial","BAIAP2L1",1.11297505054754
"CDHR3",0,4.99957558713615,0.359,0.035,0,"Airway epithelial","CDHR3",1.79484763578188
"GRHL22",0,3.21102797852819,0.372,0.049,0,"Airway epithelial","GRHL2",1.19450240801249
"MAPK102",0,2.62415581101976,0.46,0.141,0,"Airway epithelial","MAPK10",1.20711167306909
"AGBL4",0,6.42469656997365,0.339,0.02,0,"Airway epithelial","AGBL4",2.17797213722107
"SORBS23",0,2.46077379303522,0.391,0.073,0,"Airway epithelial","SORBS2",0.962162553076771
"BMPR1B1",0,4.70234193501085,0.336,0.021,0,"Airway epithelial","BMPR1B",1.57998689016365
"PSD32",0,1.39507645272084,0.511,0.196,0,"Airway epithelial","PSD3",0.712884067340348
"DNAH111",0,5.18274466302945,0.345,0.03,0,"Airway epithelial","DNAH11",1.78804690874516
"MLPH1",0,2.26374574441295,0.412,0.098,0,"Airway epithelial","MLPH",0.932663246698136
"PTPRK3",0,1.04694131359687,0.534,0.222,0,"Airway epithelial","PTPRK",0.559066661460727
"CELSR12",0,2.90485875905402,0.379,0.067,0,"Airway epithelial","CELSR1",1.10094146968147
"NFIA3",0,1.1548324588773,0.604,0.294,0,"Airway epithelial","NFIA",0.697518805161888
"SPAG161",0,4.4767591240975,0.358,0.049,0,"Airway epithelial","SPAG16",1.60267976642691
"PLCH11",0,2.9234408465722,0.368,0.06,0,"Airway epithelial","PLCH1",1.07582623153857
"ARFGEF31",0,2.28491158691905,0.369,0.061,0,"Airway epithelial","ARFGEF3",0.84313237557313
"DNAH12",0,8.60606481469317,0.311,0.004,0,"Airway epithelial","DNAH12",2.67648615736958
"STK332",0,4.24465515705544,0.367,0.06,0,"Airway epithelial","STK33",1.55778844263935
"EYA2",0,3.69457943711223,0.329,0.024,0,"Airway epithelial","EYA2",1.21551663480992
"DNAH7",0,5.82352991834335,0.324,0.02,0,"Airway epithelial","DNAH7",1.88682369354324
"PTK24",0,1.2324959790758,0.517,0.214,0,"Airway epithelial","PTK2",0.637200421182189
"MYH142",0,2.92768303434647,0.364,0.061,0,"Airway epithelial","MYH14",1.06567662450211
"PLEKHA72",0,2.53284806506267,0.379,0.077,0,"Airway epithelial","PLEKHA7",0.959949416658754
"BACE21",0,2.74808885006578,0.377,0.077,0,"Airway epithelial","BACE2",1.0360294964748
"WDR49",0,4.52108237494394,0.329,0.03,0,"Airway epithelial","WDR49",1.48743610135656
"NBEA2",0,2.47676186642133,0.402,0.103,0,"Airway epithelial","NBEA",0.995658270301376
"EPS81",0,1.36890069220128,0.467,0.17,0,"Airway epithelial","EPS8",0.639276623257999
"LRRIQ1",0,7.46878894656543,0.302,0.006,0,"Airway epithelial","LRRIQ1",2.25557426186276
"ANKFN1",0,4.1570477002816,0.316,0.02,0,"Airway epithelial","ANKFN1",1.31362707328898
"ARHGEF281",0,2.90488676711222,0.351,0.057,0,"Airway epithelial","ARHGEF28",1.01961525525639
"CLIC61",0,3.76074135927551,0.324,0.032,0,"Airway epithelial","CLIC6",1.21848020040527
"ARHGEF381",0,2.48202306231516,0.355,0.063,0,"Airway epithelial","ARHGEF38",0.88111818712188
"TMEM232",0,5.33709357296144,0.319,0.029,0,"Airway epithelial","TMEM232",1.7025328497747
"MET1",0,2.94288322970072,0.34,0.053,0,"Airway epithelial","MET",1.00058029809824
"SPAG17",0,8.16862714771175,0.29,0.003,0,"Airway epithelial","SPAG17",2.36890187283641
"EYA1",0,8.02956074083221,0.287,0.001,0,"Airway epithelial","EYA1",2.30448393261884
"CFAP43",0,7.65646512023993,0.29,0.004,0,"Airway epithelial","CFAP43",2.22037488486958
"FOXP22",0,2.1016750628238,0.399,0.115,0,"Airway epithelial","FOXP2",0.838568350066695
"DNAH6",0,7.54872112454416,0.289,0.005,0,"Airway epithelial","DNAH6",2.18158040499326
"HYDIN",0,7.51351742758277,0.286,0.004,0,"Airway epithelial","HYDIN",2.14886598428867
"DNAH9",0,9.33572238442777,0.283,0.001,0,"Airway epithelial","DNAH9",2.64200943479306
"PPP1R9A2",0,1.67542559263147,0.397,0.117,0,"Airway epithelial","PPP1R9A",0.665143960274694
"PACRG",0,6.27426694641527,0.291,0.011,0,"Airway epithelial","PACRG",1.82581168140684
"DCDC1",0,7.51618606711067,0.285,0.005,0,"Airway epithelial","DCDC1",2.14211302912654
"ARHGAP323",0,1.77403956788729,0.42,0.141,0,"Airway epithelial","ARHGAP32",0.745096618512663
"PTPRT",0,8.50340811890898,0.28,0.002,0,"Airway epithelial","PTPRT",2.38095427329452
"CFAP541",0,5.36122145489708,0.298,0.02,0,"Airway epithelial","CFAP54",1.59764399355933
"EHF1",0,3.78527697691489,0.305,0.029,0,"Airway epithelial","EHF",1.15450947795904
"SLC22A233",0,1.54281586171302,0.393,0.118,0,"Airway epithelial","SLC22A23",0.606326633653215
"NEK10",0,5.73094756193988,0.288,0.014,0,"Airway epithelial","NEK10",1.65051289783868
"EVA1C4",0,1.57489671285406,0.428,0.155,0,"Airway epithelial","EVA1C",0.674055793101537
"TBC1D83",0,1.71549838882409,0.391,0.119,0,"Airway epithelial","TBC1D8",0.67075987003022
"CFAP442",0,2.87611930058592,0.341,0.069,0,"Airway epithelial","CFAP44",0.980756681499798
"PLEKHS1",0,8.64932535917577,0.273,0.001,0,"Airway epithelial","PLEKHS1",2.36126582305498
"MCU2",0,1.37566199298702,0.486,0.215,0,"Airway epithelial","MCU",0.668571728591692
"DNAH3",0,7.29124835547756,0.274,0.004,0,"Airway epithelial","DNAH3",1.99780204940085
"C8orf341",0,2.77010120498124,0.333,0.066,0,"Airway epithelial","C8orf34",0.922443701258752
"FAAH23",0,2.23484200720887,0.334,0.067,0,"Airway epithelial","FAAH2",0.746437230407763
"MAP3K133",0,1.88273618932388,0.373,0.108,0,"Airway epithelial","MAP3K13",0.702260598617807
"MACC13",0,2.22302967290809,0.355,0.09,0,"Airway epithelial","MACC1",0.789175533882372
"CFAP46",0,7.48365613520266,0.267,0.002,0,"Airway epithelial","CFAP46",1.99813618809911
"MYO5C2",0,2.10224387339702,0.348,0.083,0,"Airway epithelial","MYO5C",0.731580867942162
"TCF7L22",0,1.31482778703843,0.499,0.235,0,"Airway epithelial","TCF7L2",0.656099065732176
"COBL2",0,1.98033482513919,0.349,0.085,0,"Airway epithelial","COBL",0.691136853973578
"WDPCP",0,1.58929199068255,0.454,0.191,0,"Airway epithelial","WDPCP",0.721538563769877
"MID14",0,2.12614494594646,0.353,0.09,0,"Airway epithelial","MID1",0.750529165919099
"AFDN3",0,1.07307114071372,0.48,0.219,0,"Airway epithelial","AFDN",0.515074147542587
"ANKRD36C2",0,3.44371328762437,0.416,0.156,0,"Airway epithelial","ANKRD36C",1.43258472765174
"STK392",0,1.52482276472993,0.42,0.16,0,"Airway epithelial","STK39",0.640425561186568
"SPATA133",0,1.63701832446001,0.381,0.121,0,"Airway epithelial","SPATA13",0.623703981619265
"ZBBX",0,9.03239122374615,0.26,0.001,0,"Airway epithelial","ZBBX",2.348421718174
"TMTC23",0,1.1151004918637,0.476,0.217,0,"Airway epithelial","TMTC2",0.530787834127122
"CFAP47",0,9.23826010265739,0.258,0.001,0,"Airway epithelial","CFAP47",2.38347110648561
"CP",0,4.44808099416932,0.277,0.021,0,"Airway epithelial","CP",1.2321184353849
"WWC12",0,1.93966392090535,0.34,0.084,0,"Airway epithelial","WWC1",0.65948573310782
"MYO5B2",0,2.43009684320369,0.318,0.062,0,"Airway epithelial","MYO5B",0.772770796138772
"SPATA6L2",0,2.84740501351051,0.312,0.058,0,"Airway epithelial","SPATA6L",0.888390364215278
"KRT192",0,3.25094832659529,0.292,0.039,0,"Airway epithelial","KRT19",0.949276911365824
"INSR2",0,1.60417734545417,0.405,0.152,0,"Airway epithelial","INSR",0.649691824908937
"DGKH2",0,1.2162129471645,0.448,0.196,0,"Airway epithelial","DGKH",0.544863400329696
"DNAAF1",0,8.02192144545966,0.253,0.001,0,"Airway epithelial","DNAAF1",2.02954612570129
"NEK112",0,3.19720974305772,0.319,0.068,0,"Airway epithelial","NEK11",1.01990990803541
"CAPN82",0,2.88015794177351,0.307,0.057,0,"Airway epithelial","CAPN8",0.884208488124469
"PKP43",0,1.42329823230727,0.404,0.155,0,"Airway epithelial","PKP4",0.575012485852138
"THSD43",0,1.14206343948202,0.401,0.152,0,"Airway epithelial","THSD4",0.457967439232291
"LMNTD1",0,8.66001886161762,0.25,0.001,0,"Airway epithelial","LMNTD1",2.1650047154044
"CASZ13",0,2.4139987132829,0.307,0.059,0,"Airway epithelial","CASZ1",0.741097604977849
"SRGAP3",0,2.65491364403975,0.293,0.045,0,"Airway epithelial","SRGAP3",0.777889697703647
"DYNC2H11",0,2.43908976756685,0.361,0.114,0,"Airway epithelial","DYNC2H1",0.880511406091633
"CCDC301",0,3.58969039556935,0.296,0.05,0,"Airway epithelial","CCDC30",1.06254835708853
"FAM160A12",0,1.98727715012716,0.326,0.08,0,"Airway epithelial","FAM160A1",0.647852350941455
"ARMC3",0,9.1984758644964,0.247,0.001,0,"Airway epithelial","ARMC3",2.27202353853061
"FARP13",0,1.23793310685441,0.419,0.173,0,"Airway epithelial","FARP1",0.518693971771998
"DOCK15",0,1.07419171262533,0.509,0.264,0,"Airway epithelial","DOCK1",0.546763581726295
"VWA3A",0,5.95597828418384,0.251,0.006,0,"Airway epithelial","VWA3A",1.49495054933014
"IGF2BP22",0,1.64682683582991,0.353,0.109,0,"Airway epithelial","IGF2BP2",0.58132987304796
"TACC22",0,1.05200524342839,0.372,0.128,0,"Airway epithelial","TACC2",0.391345950555361
"SPEF2",0,4.2483467208111,0.263,0.021,0,"Airway epithelial","SPEF2",1.11731518757332
"ERICH3",0,8.89861559573294,0.243,0.001,0,"Airway epithelial","ERICH3",2.1623635897631
"SGPP21",0,2.02317384302168,0.296,0.054,0,"Airway epithelial","SGPP2",0.598859457534417
"ADGB",0,6.48573826747319,0.247,0.005,0,"Airway epithelial","ADGB",1.60197735206588
"CCSER12",0,1.75119394673759,0.365,0.124,0,"Airway epithelial","CCSER1",0.639185790559222
"DTHD12",0,3.39471149976833,0.263,0.023,0,"Airway epithelial","DTHD1",0.892809124439071
"ATP1B12",0,2.5381864959221,0.305,0.066,0,"Airway epithelial","ATP1B1",0.774146881256239
"USP542",0,1.53062646711583,0.351,0.112,0,"Airway epithelial","USP54",0.537249889957656
"CASC2",0,4.43024705961137,0.257,0.019,0,"Airway epithelial","CASC2",1.13857349432012
"MAP72",0,2.18028128047846,0.308,0.07,0,"Airway epithelial","MAP7",0.671526634387365
"ERBB41",0,1.12664237447859,0.348,0.111,0,"Airway epithelial","ERBB4",0.39207154631855
"STRBP3",0,1.68998740943048,0.346,0.109,0,"Airway epithelial","STRBP",0.584735643662946
"SPATA17",0,5.72875745330171,0.245,0.009,0,"Airway epithelial","SPATA17",1.40354557605892
"VWA3B",0,8.45343286512623,0.236,0.001,0,"Airway epithelial","VWA3B",1.99501015616979
"PROM1",0,6.97320100535616,0.236,0.001,0,"Airway epithelial","PROM1",1.64567543726405
"GRAMD2B1",0,2.53397182748146,0.286,0.051,0,"Airway epithelial","GRAMD2B",0.724715942659697
"FANK1",0,4.62600767274353,0.253,0.019,0,"Airway epithelial","FANK1",1.17037994120411
"EFCAB6",0,4.09183422063551,0.26,0.026,0,"Airway epithelial","EFCAB6",1.06387689736523
"GPR392",0,2.14202426992754,0.3,0.066,0,"Airway epithelial","GPR39",0.642607280978263
"FLNB3",0,1.71987696642287,0.333,0.1,0,"Airway epithelial","FLNB",0.572719029818814
"GULP12",0,1.79807199862393,0.331,0.099,0,"Airway epithelial","GULP1",0.595161831544522
"GMDS3",0,1.77789617991934,0.451,0.219,0,"Airway epithelial","GMDS",0.801831177143623
"ESRRG",0,4.81588318573673,0.243,0.011,0,"Airway epithelial","ESRRG",1.17025961413402
"ATP2C22",0,2.85006819985027,0.271,0.04,0,"Airway epithelial","ATP2C2",0.772368482159424
"NPAS22",0,2.55407306105969,0.295,0.064,0,"Airway epithelial","NPAS2",0.753451553012608
"TSGA10",0,3.37988362268325,0.264,0.034,0,"Airway epithelial","TSGA10",0.892289276388378
"ULK41",0,2.62906908797754,0.345,0.115,0,"Airway epithelial","ULK4",0.907028835352252
"TOX31",0,5.21342416269116,0.241,0.011,0,"Airway epithelial","TOX3",1.25643522320857
"EPB41L4A2",0,1.32936720668084,0.343,0.114,0,"Airway epithelial","EPB41L4A",0.455972951891528
"WDR603",0,1.69759616286472,0.363,0.134,0,"Airway epithelial","WDR60",0.616227407119893
"CFAP70",0,4.52454334342572,0.246,0.018,0,"Airway epithelial","CFAP70",1.11303766248273
"TTC29",0,8.16554823532622,0.228,0.001,0,"Airway epithelial","TTC29",1.86174499765438
"ARHGAP423",0,1.80023572948367,0.32,0.094,0,"Airway epithelial","ARHGAP42",0.576075433434774
"FYB21",0,4.15122455378688,0.241,0.015,0,"Airway epithelial","FYB2",1.00044511746264
"KCNMB2",0,4.37736385517808,0.243,0.019,0,"Airway epithelial","KCNMB2",1.06369941680827
"SLC44A4",0,5.47323641554444,0.231,0.007,0,"Airway epithelial","SLC44A4",1.26431761199076
"TTC62",0,3.15485351799168,0.262,0.038,0,"Airway epithelial","TTC6",0.82657162171382
"CATSPERB2",0,2.45026168718749,0.277,0.054,0,"Airway epithelial","CATSPERB",0.678722487350935
"WDR78",0,4.3764218038217,0.243,0.02,0,"Airway epithelial","WDR78",1.06347049832867
"AK9",0,3.22150884896282,0.26,0.037,0,"Airway epithelial","AK9",0.837592300730334
"FBXL131",0,3.0011683953119,0.265,0.042,0,"Airway epithelial","FBXL13",0.795309624757654
"WDR66",0,8.41602803856037,0.224,0.001,0,"Airway epithelial","WDR66",1.88519028063752
"ANXA22",0,1.30951956377453,0.418,0.195,0,"Airway epithelial","ANXA2",0.547379177657752
"KIAA08251",0,2.17872106973754,0.327,0.105,0,"Airway epithelial","KIAA0825",0.712441789804174
"BCAS1",0,5.86178500908174,0.227,0.005,0,"Airway epithelial","BCAS1",1.33062519706156
"MEIS22",0,1.33615023558484,0.341,0.12,0,"Airway epithelial","MEIS2",0.45562723033443
"MUC5B",0,7.95869672197066,0.223,0.002,0,"Airway epithelial","MUC5B",1.77478936899946
"TEX9",0,3.07897482477226,0.248,0.028,0,"Airway epithelial","TEX9",0.763585756543521
"MYO63",0,1.08939175219519,0.404,0.185,0,"Airway epithelial","MYO6",0.440114267886857
"MT-CO33",0,1.1507505487626,0.516,0.297,0,"Airway epithelial","MT-CO3",0.593787283161499
"PTPRF2",0,2.41426331197348,0.273,0.055,0,"Airway epithelial","PTPRF",0.659093884168761
"NTN1",0,3.77192741021647,0.234,0.016,0,"Airway epithelial","NTN1",0.882631013990654
"ADGRV12",0,1.61776518235657,0.316,0.098,0,"Airway epithelial","ADGRV1",0.511213797624677
"DNAI1",0,9.01196975015242,0.218,0,0,"Airway epithelial","DNAI1",1.96460940553323
"ARMC4",0,7.72033120150543,0.22,0.002,0,"Airway epithelial","ARMC4",1.6984728643312
"CEP1261",0,3.40727059839433,0.255,0.037,0,"Airway epithelial","CEP126",0.868854002590555
"CDH14",0,1.9558022018288,0.284,0.067,0,"Airway epithelial","CDH1",0.555447825319378
"LLGL23",0,1.80177541251791,0.292,0.075,0,"Airway epithelial","LLGL2",0.526118420455228
"SERPINI2",0,5.26602071458753,0.226,0.01,0,"Airway epithelial","SERPINI2",1.19012068149678
"MOK",0,3.57798282854021,0.246,0.03,0,"Airway epithelial","MOK",0.880183775820891
"RSPH1",0,7.81850895033989,0.217,0.001,0,"Airway epithelial","RSPH1",1.69661644222376
"ODF2L4",0,1.41254841400743,0.374,0.159,0,"Airway epithelial","ODF2L",0.52829310683878
"FAM13A2",0,1.18469112014519,0.412,0.197,0,"Airway epithelial","FAM13A",0.48809274149982
"SEMA4B1",0,2.49218441932699,0.276,0.062,0,"Airway epithelial","SEMA4B",0.687842899734249
"MIPOL13",0,1.99350309469274,0.291,0.077,0,"Airway epithelial","MIPOL1",0.580109400555588
"FNBP1L3",0,1.50884998099555,0.317,0.104,0,"Airway epithelial","FNBP1L",0.47830544397559
"BBS93",0,1.49175627078434,0.426,0.213,0,"Airway epithelial","BBS9",0.635488171354129
"RFX32",0,1.8625968663808,0.423,0.21,0,"Airway epithelial","RFX3",0.787878474479077
"DANT22",0,1.53440998676444,0.336,0.124,0,"Airway epithelial","DANT2",0.515561755552852
"LRIG13",0,1.55445955591552,0.31,0.098,0,"Airway epithelial","LRIG1",0.481882462333811
"MUC12",0,2.03867931458352,0.279,0.068,0,"Airway epithelial","MUC1",0.568791528768801
"C11orf492",0,1.33703712529501,0.364,0.153,0,"Airway epithelial","C11orf49",0.486681513607382
"KLF52",0,3.04019170591742,0.247,0.037,0,"Airway epithelial","KLF5",0.750927351361603
"SCNN1A2",0,2.20822102005286,0.266,0.057,0,"Airway epithelial","SCNN1A",0.58738679133406
"DMD2",0,1.81013058168604,0.328,0.119,0,"Airway epithelial","DMD",0.593722830793021
"CASC1",0,5.7869195157413,0.215,0.006,0,"Airway epithelial","CASC1",1.24418769588438
"IQCH1",0,3.24867006712927,0.243,0.034,0,"Airway epithelial","IQCH",0.789426826312413
"ECT2L",0,6.28053849258724,0.213,0.005,0,"Airway epithelial","ECT2L",1.33775469892108
"MIR31HG",0,5.49830751058593,0.214,0.006,0,"Airway epithelial","MIR31HG",1.17663780726539
"FGFR22",0,2.60797207873215,0.254,0.047,0,"Airway epithelial","FGFR2",0.662424907997965
"TC2N3",0,1.06018146082038,0.318,0.111,0,"Airway epithelial","TC2N",0.33713770454088
"B4GALNT32",0,2.85684448719722,0.246,0.039,0,"Airway epithelial","B4GALNT3",0.702783743850517
"DNAH10",0,6.46208235097007,0.21,0.003,0,"Airway epithelial","DNAH10",1.35703729370372
"KIAA16713",0,1.82931797255796,0.269,0.063,0,"Airway epithelial","KIAA1671",0.49208653461809
"MT-ND22",0,1.11081753893103,0.441,0.235,0,"Airway epithelial","MT-ND2",0.489870534668582
"ZNF6084",0,1.68892189245301,0.304,0.098,0,"Airway epithelial","ZNF608",0.513432255305714
"EGFR3",0,1.33004746027642,0.368,0.162,0,"Airway epithelial","EGFR",0.489457465381723
"CLMN3",0,1.56328186669688,0.306,0.1,0,"Airway epithelial","CLMN",0.478364251209245
"CFAP61",0,7.00853302112625,0.208,0.002,0,"Airway epithelial","CFAP61",1.45777486839426
"ANKMY1",0,2.22686491677666,0.259,0.055,0,"Airway epithelial","ANKMY1",0.576758013445155
"FHAD11",0,3.3304963126659,0.241,0.037,0,"Airway epithelial","FHAD1",0.802649611352481
"NEK5",0,5.36931051364995,0.211,0.007,0,"Airway epithelial","NEK5",1.13292451838014
"PRSS12",0,4.44164605139469,0.212,0.009,0,"Airway epithelial","PRSS12",0.941628962895675
"TMPRSS4",0,6.61023596927333,0.205,0.002,0,"Airway epithelial","TMPRSS4",1.35509837370103
"LGR4",0,2.85775821401831,0.233,0.031,0,"Airway epithelial","LGR4",0.665857663866267
"MGST12",0,1.7108503128213,0.32,0.118,0,"Airway epithelial","MGST1",0.547472100102816
"EFCAB22",0,2.06312824843688,0.297,0.095,0,"Airway epithelial","EFCAB2",0.612749089785752
"SH3RF12",0,1.03204721262112,0.349,0.147,0,"Airway epithelial","SH3RF1",0.360184477204772
"PLCB42",0,1.3446619419515,0.279,0.078,0,"Airway epithelial","PLCB4",0.375160681804469
"KCNMB2-AS1",0,4.09366048240832,0.222,0.022,0,"Airway epithelial","KCNMB2-AS1",0.908792627094647
"TRAF3IP1",0,2.70772118238635,0.243,0.044,0,"Airway epithelial","TRAF3IP1",0.657976247319884
"SLC1A12",0,2.2393996181883,0.259,0.06,0,"Airway epithelial","SLC1A1",0.58000450111077
"RNLS",0,3.48128565588797,0.247,0.048,0,"Airway epithelial","RNLS",0.859877557004329
"KIF21A1",0,2.29682977594525,0.242,0.043,0,"Airway epithelial","KIF21A",0.55583280577875
"DNAI2",0,7.9999259601587,0.2,0.001,0,"Airway epithelial","DNAI2",1.59998519203174
"SAXO2",0,5.87312745028144,0.202,0.004,0,"Airway epithelial","SAXO2",1.18637174495685
"KIAA05561",0,2.33899376524346,0.261,0.063,0,"Airway epithelial","KIAA0556",0.610477372728543
"GNA14-AS11",0,2.76032585965079,0.224,0.027,0,"Airway epithelial","GNA14-AS1",0.618312992561778
"GPRC5A2",0,1.5749033512376,0.305,0.108,0,"Airway epithelial","GPRC5A",0.480345522127467
"CCDC60",0,4.33932977086028,0.208,0.011,0,"Airway epithelial","CCDC60",0.902580592338937
"BPIFB1",0,8.86986455986349,0.197,0.001,0,"Airway epithelial","BPIFB1",1.74736331829311
"DLEU13",0,1.41632071124925,0.408,0.213,0,"Airway epithelial","DLEU1",0.577858850189695
"RAD9A2",0,1.9834867639072,0.266,0.072,0,"Airway epithelial","RAD9A",0.527607479199316
"ERBB32",0,3.51697449622642,0.22,0.026,0,"Airway epithelial","ERBB3",0.773734389169812
"NRXN32",0,1.75909260968175,0.272,0.078,0,"Airway epithelial","NRXN3",0.478473189833435
"NHS1",0,2.15930877507447,0.255,0.061,0,"Airway epithelial","NHS",0.55062373764399
"KIAA1211L1",0,3.37380547429923,0.215,0.022,0,"Airway epithelial","KIAA1211L",0.725368176974334
"ZMYND83",0,1.12150849650876,0.378,0.186,0,"Airway epithelial","ZMYND8",0.423930211680313
"ACTN42",0,1.05569338233675,0.388,0.197,0,"Airway epithelial","ACTN4",0.409609032346659
"IKZF21",0,1.33256489077295,0.268,0.078,0,"Airway epithelial","IKZF2",0.357127390727151
"FGF141",0,2.01622420914799,0.25,0.06,0,"Airway epithelial","FGF14",0.504056052286998
"RAD51B1",0,1.28087135055548,0.344,0.154,0,"Airway epithelial","RAD51B",0.440619744591084
"TOGARAM2",0,4.37727480718972,0.2,0.011,0,"Airway epithelial","TOGARAM2",0.875454961437944
"KIAA2012",0,7.26999121167556,0.191,0.002,0,"Airway epithelial","KIAA2012",1.38856832143003
"LRGUK",0,4.48865990052389,0.2,0.011,0,"Airway epithelial","LRGUK",0.897731980104777
"CEACAM5",0,7.70098943916128,0.191,0.002,0,"Airway epithelial","CEACAM5",1.47088898287981
"MNAT12",0,1.02350061889872,0.355,0.166,0,"Airway epithelial","MNAT1",0.363342719709044
"HNF4G",0,6.58031447174179,0.191,0.003,0,"Airway epithelial","HNF4G",1.25684006410268
"EGLN3",0,3.69023710724872,0.207,0.019,0,"Airway epithelial","EGLN3",0.763879081200484
"NSUN7",0,3.15770494336064,0.215,0.028,0,"Airway epithelial","NSUN7",0.678906562822537
"TMC42",0,2.92619865073539,0.219,0.032,0,"Airway epithelial","TMC4",0.640837504511049
"MS4A8",0,8.79490348379318,0.186,0,0,"Airway epithelial","MS4A8",1.63585204798553
"RGS61",0,4.88200732574265,0.2,0.014,0,"Airway epithelial","RGS6",0.97640146514853
"POF1B",0,5.62801173403642,0.191,0.005,0,"Airway epithelial","POF1B",1.07495024120096
"CSPP12",0,1.45692836576401,0.322,0.137,0,"Airway epithelial","CSPP1",0.46913093377601
"DRAIC",0,4.74715586330702,0.195,0.01,0,"Airway epithelial","DRAIC",0.925695393344868
"TSPAN1",0,6.68251782294485,0.186,0.002,0,"Airway epithelial","TSPAN1",1.24294831506774
"LEKR1",0,4.28128803646566,0.195,0.012,0,"Airway epithelial","LEKR1",0.834851167110803
"SLC4A41",0,2.84043035334355,0.254,0.071,0,"Airway epithelial","SLC4A4",0.721469309749261
"ANXA43",0,1.31086524369185,0.331,0.149,0,"Airway epithelial","ANXA4",0.433896395662001
"AHR1",0,1.37062231034574,0.396,0.215,0,"Airway epithelial","AHR",0.542766434896913
"NTN42",0,1.3938323894365,0.263,0.082,0,"Airway epithelial","NTN4",0.366577918421799
"FAM227A",0,4.91729175930878,0.19,0.009,0,"Airway epithelial","FAM227A",0.934285434268668
"ICA12",0,1.9511792118214,0.249,0.069,0,"Airway epithelial","ICA1",0.485843623743528
"ESR25",0,1.48725306904852,0.246,0.066,0,"Airway epithelial","ESR2",0.365864254985936
"CMTM42",0,2.05419002338584,0.236,0.056,0,"Airway epithelial","CMTM4",0.484788845519059
"CROCC2",0,5.91445999576383,0.182,0.004,0,"Airway epithelial","CROCC2",1.07643171922902
"SYT172",0,2.34396059921827,0.227,0.049,0,"Airway epithelial","SYT17",0.532079056022548
"CFAP52",0,7.25596735980615,0.179,0.001,0,"Airway epithelial","CFAP52",1.2988181574053
"CCDC148",0,4.76361505044509,0.184,0.008,0,"Airway epithelial","CCDC148",0.876505169281897
"C12orf74",0,5.00626681901589,0.181,0.005,0,"Airway epithelial","C12orf74",0.906134294241877
"CDS11",0,3.02844302376599,0.202,0.027,0,"Airway epithelial","CDS1",0.611745490800731
"CCDC170",0,3.30646927834316,0.196,0.022,0,"Airway epithelial","CCDC170",0.64806797855526
"MAATS1",0,4.56223441059705,0.182,0.008,0,"Airway epithelial","MAATS1",0.830326662728663
"CFAP73",0,8.07652135136162,0.175,0.001,0,"Airway epithelial","CFAP73",1.41339123648828
"CCDC173",0,5.40836733814418,0.177,0.004,0,"Airway epithelial","CCDC173",0.957281018851519
"TEKT1",0,7.9296736628046,0.174,0.001,0,"Airway epithelial","TEKT1",1.379763217328
"EFHC12",0,2.12292483475938,0.237,0.065,0,"Airway epithelial","EFHC1",0.503133185837974
"GOLM1",0,2.90125798212374,0.204,0.032,0,"Airway epithelial","GOLM1",0.591856628353243
"RFX22",0,1.39205649094858,0.275,0.104,0,"Airway epithelial","RFX2",0.382815535010859
"KIAA1841",0,2.13760813766411,0.226,0.055,0,"Airway epithelial","KIAA1841",0.483099439112088
"IQCK",0,2.81351659908138,0.201,0.03,0,"Airway epithelial","IQCK",0.565516836415358
"CAPN22",0,1.10949064992674,0.304,0.133,0,"Airway epithelial","CAPN2",0.337285157577729
"IFT881",0,1.75470775384687,0.248,0.077,0,"Airway epithelial","IFT88",0.435167522954024
"DNAH2",0,6.14535165291833,0.173,0.002,0,"Airway epithelial","DNAH2",1.06314583595487
"C4orf191",0,1.95636618239059,0.227,0.057,0,"Airway epithelial","C4orf19",0.444095123402665
"CACHD12",0,1.8336326922824,0.25,0.08,0,"Airway epithelial","CACHD1",0.4584081730706
"ARMC21",0,2.20962088768925,0.23,0.061,0,"Airway epithelial","ARMC2",0.508212804168527
"CYP3A5",0,4.08310182214419,0.188,0.02,0,"Airway epithelial","CYP3A5",0.767623142563108
"CSRP3-AS1",0,6.51162508503231,0.171,0.003,0,"Airway epithelial","CSRP3-AS1",1.11348788954052
"EPB41L11",0,2.040638850623,0.233,0.065,0,"Airway epithelial","EPB41L1",0.47546885219516
"STS1",0,3.4780246911144,0.194,0.026,0,"Airway epithelial","STS",0.674736790076193
"BX284613.22",0,2.47568086923035,0.212,0.044,0,"Airway epithelial","BX284613.2",0.524844344276835
"DLEC1",0,4.88165658446847,0.175,0.007,0,"Airway epithelial","DLEC1",0.854289902281982
"SPAG12",0,2.34381108210004,0.209,0.041,0,"Airway epithelial","SPAG1",0.489856516158909
"CFAP691",0,2.00142941617452,0.215,0.048,0,"Airway epithelial","CFAP69",0.430307324477522
"CAPS",0,5.65854709270159,0.172,0.005,0,"Airway epithelial","CAPS",0.973270099944673
"TSPAN32",0,1.55329130462081,0.261,0.095,0,"Airway epithelial","TSPAN3",0.405409030506031
"EPCAM",0,3.64474449587142,0.183,0.017,0,"Airway epithelial","EPCAM",0.66698824274447
"SPATA18",0,4.36673849765621,0.178,0.012,0,"Airway epithelial","SPATA18",0.777279452582806
"RHPN2",0,4.13024143585546,0.178,0.012,0,"Airway epithelial","RHPN2",0.735182975582273
"BICDL2",0,3.58465041744742,0.182,0.017,0,"Airway epithelial","BICDL2",0.652406375975431
"GNGT1",0,6.29638580220915,0.168,0.004,0,"Airway epithelial","GNGT1",1.05779281477114
"ABHD17C",0,2.72807410755593,0.202,0.038,0,"Airway epithelial","ABHD17C",0.551070969726298
"TTC34",0,7.13513919943981,0.164,0.001,0,"Airway epithelial","TTC34",1.17016282870813
"KLHL32",0,4.49252783580327,0.171,0.008,0,"Airway epithelial","KLHL32",0.768222259922359
"AZIN1-AS1",0,2.45178863185809,0.202,0.039,0,"Airway epithelial","AZIN1-AS1",0.495261303635335
"MUC5AC",0,10.6734335081935,0.163,0,0,"Airway epithelial","MUC5AC",1.73976966183554
"ZNF440",0,3.01285428804278,0.187,0.024,0,"Airway epithelial","ZNF440",0.563403751864001
"AK8",0,5.28262150190009,0.167,0.005,0,"Airway epithelial","AK8",0.882197790817315
"PTPN32",0,2.27937273121488,0.207,0.045,0,"Airway epithelial","PTPN3",0.471830155361481
"CCDC39",0,3.43829201978031,0.181,0.02,0,"Airway epithelial","CCDC39",0.622330855580237
"KIF6",0,5.77047418907651,0.164,0.003,0,"Airway epithelial","KIF6",0.946357767008548
"AKAP62",0,2.44652157582045,0.201,0.04,0,"Airway epithelial","AKAP6",0.491750836739911
"DRC3",0,4.68263479272064,0.169,0.008,0,"Airway epithelial","DRC3",0.791365279969789
"PIGR1",0,3.79780295096859,0.176,0.015,0,"Airway epithelial","PIGR",0.668413319370472
"PPP1R42",0,6.88397015899541,0.161,0.001,0,"Airway epithelial","PPP1R42",1.10831919559826
"RGS22",0,4.50493107652736,0.169,0.009,0,"Airway epithelial","RGS22",0.761333351933124
"CABCOCO1",0,5.63339138473301,0.164,0.004,0,"Airway epithelial","CABCOCO1",0.923876187096213
"ESRP12",0,2.53987972939622,0.196,0.037,0,"Airway epithelial","ESRP1",0.497816426961658
"SPATA61",0,1.42870026440687,0.252,0.094,0,"Airway epithelial","SPATA6",0.36003246663053
"CDC14B2",0,1.5805787570366,0.237,0.079,0,"Airway epithelial","CDC14B",0.374597165417674
"IL72",0,1.6898933137147,0.26,0.103,0,"Airway epithelial","IL7",0.439372261565822
"PHLPP11",0,1.26902445719206,0.259,0.102,0,"Airway epithelial","PHLPP1",0.328677334412743
"KIAA1324",0,4.61658578225923,0.163,0.006,0,"Airway epithelial","KIAA1324",0.752503482508255
"MAP3K19",0,5.45708967228682,0.161,0.004,0,"Airway epithelial","MAP3K19",0.878591437238178
"LIPH2",0,2.64800649220905,0.191,0.034,0,"Airway epithelial","LIPH",0.505769240011929
"CLDN4",0,3.85453001692351,0.171,0.014,0,"Airway epithelial","CLDN4",0.659124632893921
"KIF27",0,2.48078412898801,0.194,0.037,0,"Airway epithelial","KIF27",0.481272121023674
"PPM1H",0,2.41132437559411,0.189,0.032,0,"Airway epithelial","PPM1H",0.455740306987287
"FARP22",0,1.29210686524594,0.262,0.106,0,"Airway epithelial","FARP2",0.338531998694436
"C4orf47",0,4.48246579801549,0.165,0.009,0,"Airway epithelial","C4orf47",0.739606856672555
"CD24",0,4.07953139376835,0.166,0.01,0,"Airway epithelial","CD24",0.677202211365547
"C8orf37-AS1",0,2.66724501857616,0.189,0.033,0,"Airway epithelial","C8orf37-AS1",0.504109308510895
"CEP832",0,1.50545625837693,0.242,0.086,0,"Airway epithelial","CEP83",0.364320414527216
"CAPN131",0,4.42668851291294,0.17,0.015,0,"Airway epithelial","CAPN13",0.7525370471952
"TTC21B1",0,1.56347202887944,0.245,0.09,0,"Airway epithelial","TTC21B",0.383050647075463
"DUOX12",0,1.18734529015813,0.247,0.092,0,"Airway epithelial","DUOX1",0.293274286669058
"TMEM67",0,3.09753553410884,0.179,0.025,0,"Airway epithelial","TMEM67",0.554458860605483
"FRMPD2",0,8.81600899407047,0.154,0,0,"Airway epithelial","FRMPD2",1.35766538508685
"TNFRSF191",0,2.40080478517276,0.188,0.034,0,"Airway epithelial","TNFRSF19",0.451351299612479
"ATP9A3",0,1.88724268625931,0.208,0.054,0,"Airway epithelial","ATP9A",0.392546478741936
"NME71",0,1.45229114369119,0.236,0.082,0,"Airway epithelial","NME7",0.342740709911121
"RASEF2",0,1.69075388056044,0.206,0.053,0,"Airway epithelial","RASEF",0.348295299395451
"MIPEP",0,1.94004456699785,0.21,0.057,0,"Airway epithelial","MIPEP",0.407409359069549
"ITGB81",0,1.66628556560402,0.203,0.051,0,"Airway epithelial","ITGB8",0.338255969817617
"MBOAT23",0,1.60731148740234,0.219,0.067,0,"Airway epithelial","MBOAT2",0.352001215741113
"CCDC40",0,3.06290171052717,0.177,0.025,0,"Airway epithelial","CCDC40",0.542133602763309
"RALGPS12",0,1.44694671743516,0.225,0.074,0,"Airway epithelial","RALGPS1",0.325563011422911
"CCDC138",0,2.11038341202118,0.188,0.037,0,"Airway epithelial","CCDC138",0.396752081459981
"NWD1",0,6.96666425332915,0.152,0.001,0,"Airway epithelial","NWD1",1.05893296650603
"FRK1",0,2.47108817667074,0.185,0.035,0,"Airway epithelial","FRK",0.457151312684087
"DNAAF42",0,2.43693485860024,0.191,0.041,0,"Airway epithelial","DNAAF4",0.465454557992646
"NPHP1",0,3.46412694134865,0.166,0.017,0,"Airway epithelial","NPHP1",0.575045072263876
"FHOD3",0,3.27166457630944,0.167,0.018,0,"Airway epithelial","FHOD3",0.546367984243676
"CYB5A1",0,1.9987554473852,0.227,0.078,0,"Airway epithelial","CYB5A",0.453717486556441
"FER1L6",0,8.32962840936116,0.15,0.001,0,"Airway epithelial","FER1L6",1.24944426140417
"CAPS21",0,1.86587159633325,0.205,0.056,0,"Airway epithelial","CAPS2",0.382503677248316
"ARMH1",0,3.66257804525574,0.163,0.015,0,"Airway epithelial","ARMH1",0.597000221376686
"LRRC6",0,3.53030252560342,0.164,0.016,0,"Airway epithelial","LRRC6",0.578969614198962
"SLC37A12",0,1.56327172093418,0.227,0.079,0,"Airway epithelial","SLC37A1",0.354862680652059
"MROH9",0,4.09272728709152,0.16,0.012,0,"Airway epithelial","MROH9",0.654836365934644
"PTRH1",0,4.13498430135612,0.159,0.011,0,"Airway epithelial","PTRH1",0.657462503915623
"SYTL22",0,1.10519723973833,0.218,0.07,0,"Airway epithelial","SYTL2",0.240932998262956
"CLEC19A",0,4.89278450706349,0.155,0.007,0,"Airway epithelial","CLEC19A",0.758381598594841
"ERN2",0,8.38098242175835,0.149,0.001,0,"Airway epithelial","ERN2",1.24876638084199
"SUN13",0,1.43226848398141,0.231,0.084,0,"Airway epithelial","SUN1",0.330854019799706
"SCGB3A1",0,6.04708663164046,0.153,0.006,0,"Airway epithelial","SCGB3A1",0.925204254640991
"CDHR4",0,8.10217554301998,0.147,0.001,0,"Airway epithelial","CDHR4",1.19101980482394
"SLC9C12",0,1.77400816292542,0.209,0.063,0,"Airway epithelial","SLC9C1",0.370767706051414
"DSP",0,3.58696377520777,0.159,0.013,0,"Airway epithelial","DSP",0.570327240258036
"CFTR1",0,2.95314990418445,0.173,0.027,0,"Airway epithelial","CFTR",0.510894933423909
"NRAD1",0,6.95623133323986,0.147,0.001,0,"Airway epithelial","NRAD1",1.02256600598626
"PLEKHA6",0,3.90558990724421,0.16,0.015,0,"Airway epithelial","PLEKHA6",0.624894385159073
"ITGA23",0,1.35225877979412,0.225,0.08,0,"Airway epithelial","ITGA2",0.304258225453677
"EXPH52",0,1.62028264720292,0.2,0.055,0,"Airway epithelial","EXPH5",0.324056529440584
"ATP10B",0,5.41265176249061,0.151,0.006,0,"Airway epithelial","ATP10B",0.817310416136082
"LRP111",0,2.60624166088512,0.176,0.031,0,"Airway epithelial","LRP11",0.458698532315782
"PPP1R14C1",0,2.5267561880278,0.175,0.03,0,"Airway epithelial","PPP1R14C",0.442182332904865
"WLS3",0,1.58484437998476,0.216,0.072,0,"Airway epithelial","WLS",0.342326386076708
"NOS1AP2",0,1.92542067511161,0.195,0.051,0,"Airway epithelial","NOS1AP",0.375457031646763
"LRP52",0,2.27000370244947,0.187,0.043,0,"Airway epithelial","LRP5",0.424490692358051
"ASTN2",0,2.47762155013955,0.185,0.041,0,"Airway epithelial","ASTN2",0.458359986775818
"PCDH71",0,1.21805254766555,0.199,0.056,0,"Airway epithelial","PCDH7",0.242392456985444
"ADAM281",0,1.65849304429863,0.191,0.048,0,"Airway epithelial","ADAM28",0.316772171461039
"AGR2",0,4.60956490739965,0.152,0.009,0,"Airway epithelial","AGR2",0.700653865924746
"TRPV4",0,3.77018865758097,0.155,0.012,0,"Airway epithelial","TRPV4",0.58437924192505
"BBOF1",0,3.69987718236856,0.157,0.014,0,"Airway epithelial","BBOF1",0.580880717631863
"ITGA33",0,1.35589372072634,0.215,0.073,0,"Airway epithelial","ITGA3",0.291517149956163
"ITGB4",0,4.1163243170404,0.152,0.01,0,"Airway epithelial","ITGB4",0.62568129619014
"PLS1",0,3.37597136548858,0.159,0.018,0,"Airway epithelial","PLS1",0.536779447112685
"FBXL23",0,1.66879381318488,0.213,0.073,0,"Airway epithelial","FBXL2",0.355453082208379
"SIDT13",0,1.23616826241502,0.189,0.049,0,"Airway epithelial","SIDT1",0.233635801596438
"AGR32",0,1.91895320815789,0.181,0.041,0,"Airway epithelial","AGR3",0.347330530676578
"IFT81",0,2.16077815504178,0.182,0.042,0,"Airway epithelial","IFT81",0.393261624217604
"KCTD11",0,2.47327564959504,0.173,0.033,0,"Airway epithelial","KCTD1",0.427876687379943
"WFDC2",0,3.91846931909748,0.154,0.014,0,"Airway epithelial","WFDC2",0.603444275141012
"CCDC190",0,7.82212613967473,0.14,0.001,0,"Airway epithelial","CCDC190",1.09509765955446
"PER2",0,1.97430628255072,0.183,0.044,0,"Airway epithelial","PER2",0.361298049706781
"PLAC82",0,2.15647699551845,0.165,0.026,0,"Airway epithelial","PLAC8",0.355818704260544
"CERS42",0,1.52365075571525,0.19,0.051,0,"Airway epithelial","CERS4",0.289493643585898
"KCNK11",0,2.34869245263872,0.175,0.036,0,"Airway epithelial","KCNK1",0.411021179211776
"CFAP77",0,5.11203123499094,0.144,0.005,0,"Airway epithelial","CFAP77",0.736132497838695
"EPCAM-DT",0,3.3928708379193,0.153,0.015,0,"Airway epithelial","EPCAM-DT",0.519109238201653
"CCDC125",0,1.94179637115319,0.185,0.047,0,"Airway epithelial","CCDC125",0.35923232866334
"DLEU7",0,2.76030236390611,0.161,0.023,0,"Airway epithelial","DLEU7",0.444408680588884
"CLUAP1",0,2.71717374103887,0.163,0.025,0,"Airway epithelial","CLUAP1",0.442899319789337
"LRRC231",0,2.27007994808935,0.176,0.038,0,"Airway epithelial","LRRC23",0.399534070863725
"DHCR242",0,2.03671138060816,0.181,0.044,0,"Airway epithelial","DHCR24",0.368644759890077
"CCDC573",0,1.32315474688052,0.222,0.085,0,"Airway epithelial","CCDC57",0.293740353807476
"GAREM11",0,1.28230289524275,0.216,0.079,0,"Airway epithelial","GAREM1",0.276977425372434
"PPIL6",0,3.78043821813195,0.149,0.012,0,"Airway epithelial","PPIL6",0.56328529450166
"TMEM45B",0,3.58156448551353,0.151,0.014,0,"Airway epithelial","TMEM45B",0.540816237312543
"IQCH-AS1",0,2.25460717931093,0.173,0.036,0,"Airway epithelial","IQCH-AS1",0.390047042020791
"DHRS32",0,1.42894499840086,0.214,0.078,0,"Airway epithelial","DHRS3",0.305794229657785
"TJP3",0,3.53050960371243,0.15,0.014,0,"Airway epithelial","TJP3",0.529576440556864
"MFSD62",0,1.22226044102147,0.203,0.068,0,"Airway epithelial","MFSD6",0.248118869527359
"C6orf118",0,8.01664598857573,0.135,0,0,"Airway epithelial","C6orf118",1.08224720845772
"MARCH10",0,6.39418166769189,0.137,0.002,0,"Airway epithelial","MARCH10",0.876002888473789
"ZNF19",0,3.54972564087817,0.149,0.014,0,"Airway epithelial","ZNF19",0.528909120490847
"DRC1",0,7.26275501653732,0.135,0.001,0,"Airway epithelial","DRC1",0.980471927232538
"FAT12",0,1.83777519743709,0.186,0.052,0,"Airway epithelial","FAT1",0.341826186723299
"ROPN1L",0,6.92405645095471,0.135,0.001,0,"Airway epithelial","ROPN1L",0.934747620878886
"VSTM2L",0,3.82347596624469,0.147,0.013,0,"Airway epithelial","VSTM2L",0.562050967037969
"SLC25A292",0,1.82059173139405,0.182,0.049,0,"Airway epithelial","SLC25A29",0.331347695113717
"RAB40C2",0,1.67725536649162,0.188,0.055,0,"Airway epithelial","RAB40C",0.315324008900425
"CFAP74",0,5.98785593686268,0.134,0.002,0,"Airway epithelial","CFAP74",0.802372695539599
"COL28A11",0,3.49808950777054,0.148,0.016,0,"Airway epithelial","COL28A1",0.51771724715004
"SHISA6",0,4.13036632607408,0.14,0.008,0,"Airway epithelial","SHISA6",0.578251285650371
"CEACAM61",0,2.95125873654474,0.155,0.023,0,"Airway epithelial","CEACAM6",0.457445104164435
"EFHC2",0,4.43862483590825,0.138,0.006,0,"Airway epithelial","EFHC2",0.612530227355338
"HHAT",0,1.77559575750073,0.174,0.043,0,"Airway epithelial","HHAT",0.308953661805126
"GRM7",0,5.77569251583567,0.133,0.002,0,"Airway epithelial","GRM7",0.768167104606145
"SNTN",0,7.68845259460372,0.132,0.001,0,"Airway epithelial","SNTN",1.01487574248769
"TMEM212",0,7.70934516649689,0.132,0.001,0,"Airway epithelial","TMEM212",1.01763356197759
"TUSC31",0,1.74997065252659,0.168,0.037,0,"Airway epithelial","TUSC3",0.293995069624468
"SOX62",0,1.41580796102772,0.188,0.057,0,"Airway epithelial","SOX6",0.266171896673212
"TSPAN19",0,8.80541040883404,0.131,0,0,"Airway epithelial","TSPAN19",1.15350876355726
"ZBTB7C2",0,1.21871295838886,0.203,0.072,0,"Airway epithelial","ZBTB7C",0.247398730552938
"ZNF273",0,3.41128573660844,0.145,0.014,0,"Airway epithelial","ZNF273",0.494636431808224
"FA2H",0,5.12061314292047,0.136,0.006,0,"Airway epithelial","FA2H",0.696403387437185
"CCDC1911",0,1.93198370361526,0.169,0.04,0,"Airway epithelial","CCDC191",0.326505245910979
"CRNDE1",0,2.67694560743699,0.153,0.024,0,"Airway epithelial","CRNDE",0.409572677937859
"IL1RAPL2",0,8.80739552335703,0.13,0.001,0,"Airway epithelial","IL1RAPL2",1.14496141803641
"DHRS9",0,4.38707175816565,0.141,0.012,0,"Airway epithelial","DHRS9",0.618577117901357
"RABL2A",0,2.99435748065127,0.146,0.018,0,"Airway epithelial","RABL2A",0.437176192175086
"SYNPR",0,6.03478920709284,0.13,0.002,0,"Airway epithelial","SYNPR",0.784522596922069
"FABP6",0,7.59557113517702,0.129,0.001,0,"Airway epithelial","FABP6",0.979828676437836
"SOX41",0,1.79216644646362,0.185,0.057,0,"Airway epithelial","SOX4",0.33155079259577
"IQANK1",0,4.11000249145253,0.137,0.009,0,"Airway epithelial","IQANK1",0.563070341328997
"ANKDD1B",0,2.84033062074989,0.149,0.022,0,"Airway epithelial","ANKDD1B",0.423209262491734
"CCDC187",0,8.11565374942321,0.127,0,0,"Airway epithelial","CCDC187",1.03068802617675
"SPAG6",0,6.45249172031681,0.128,0.001,0,"Airway epithelial","SPAG6",0.825918940200552
"RABL2B",0,2.55335033641298,0.153,0.026,0,"Airway epithelial","RABL2B",0.390662601471185
"WDR63",0,2.56327084981266,0.148,0.022,0,"Airway epithelial","WDR63",0.379364085772273
"IQUB",0,4.5630926272558,0.132,0.006,0,"Airway epithelial","IQUB",0.602328226797765
"MNS1",0,3.73896830626572,0.136,0.01,0,"Airway epithelial","MNS1",0.508499689652138
"TMEM231",0,4.62571634615304,0.132,0.006,0,"Airway epithelial","TMEM231",0.610594557692201
"UBE3D",0,1.56873443678634,0.188,0.063,0,"Airway epithelial","UBE3D",0.294922074115831
"ERBB21",0,2.66727341808416,0.151,0.026,0,"Airway epithelial","ERBB2",0.402758286130708
"DIXDC1",0,2.07042797536515,0.17,0.046,0,"Airway epithelial","DIXDC1",0.351972755812075
"PRDM162",0,1.62877699531492,0.182,0.058,0,"Airway epithelial","PRDM16",0.296437413147315
"SLC9C2",0,5.69754281015981,0.127,0.003,0,"Airway epithelial","SLC9C2",0.723587936890296
"MYBPC1",0,7.36029821938478,0.125,0.001,0,"Airway epithelial","MYBPC1",0.920037277423098
"KIAA0319",0,3.9535164664499,0.132,0.009,0,"Airway epithelial","KIAA0319",0.521864173571387
"COL21A11",0,1.59080416693632,0.166,0.043,0,"Airway epithelial","COL21A1",0.264073491711429
"C1orf87",0,7.56757282882778,0.124,0.001,0,"Airway epithelial","C1orf87",0.938379030774645
"AADACL2-AS1",0,5.00559333882712,0.126,0.003,0,"Airway epithelial","AADACL2-AS1",0.630704760692218
"TTLL9",0,5.69968293435014,0.126,0.003,0,"Airway epithelial","TTLL9",0.718160049728118
"ADGRF11",0,3.50151428372736,0.137,0.015,0,"Airway epithelial","ADGRF1",0.479707456870649
"DLG51",0,1.70344942735245,0.171,0.049,0,"Airway epithelial","DLG5",0.291289852077269
"CROCC",0,1.95732821190174,0.159,0.037,0,"Airway epithelial","CROCC",0.311215185692376
"IQCE",0,2.11031866619824,0.157,0.035,0,"Airway epithelial","IQCE",0.331320030593123
"C9orf135",0,7.62075017639342,0.123,0.001,0,"Airway epithelial","C9orf135",0.93735227169639
"FAM155A3",0,1.85912623468999,0.177,0.055,0,"Airway epithelial","FAM155A",0.329065343540128
"AK7",0,7.87071254729605,0.123,0.001,0,"Airway epithelial","AK7",0.968097643317414
"DZIP3",0,1.75300158214831,0.17,0.049,0,"Airway epithelial","DZIP3",0.298010268965213
"EPB41L4B",0,3.49753435640345,0.133,0.012,0,"Airway epithelial","EPB41L4B",0.465172069401658
"CFAP45",0,5.09263402126254,0.124,0.003,0,"Airway epithelial","CFAP45",0.631486618636555
"OSBPL6",0,2.42236248903522,0.147,0.026,0,"Airway epithelial","OSBPL6",0.356087285888178
"EFCAB1",0,7.20609959177403,0.122,0.001,0,"Airway epithelial","EFCAB1",0.879144150196432
"FRMD52",0,2.41817068980579,0.155,0.034,0,"Airway epithelial","FRMD5",0.374816456919898
"TTC21A",0,2.82603484937439,0.141,0.02,0,"Airway epithelial","TTC21A",0.398470913761789
"DZANK1",0,3.31544676777231,0.134,0.014,0,"Airway epithelial","DZANK1",0.444269866881489
"GDE1",0,2.44045092734866,0.148,0.028,0,"Airway epithelial","GDE1",0.361186737247601
"IQCA1",0,3.32109278272677,0.133,0.014,0,"Airway epithelial","IQCA1",0.44170534010266
"USP43",0,3.56075312301934,0.13,0.011,0,"Airway epithelial","USP43",0.462897905992514
"OVOL21",0,1.70722116506123,0.168,0.049,0,"Airway epithelial","OVOL2",0.286813155730286
"ERICH3-AS1",0,8.21587498071607,0.119,0,0,"Airway epithelial","ERICH3-AS1",0.977689122705213
"DYNLRB2",0,6.78463804324029,0.12,0.001,0,"Airway epithelial","DYNLRB2",0.814156565188835
"CNTN3",0,3.13608534724323,0.132,0.014,0,"Airway epithelial","CNTN3",0.413963265836106
"CDH26",0,3.56358734492524,0.129,0.011,0,"Airway epithelial","CDH26",0.459702767495356
"DZIP1L",0,2.25064225382551,0.16,0.042,0,"Airway epithelial","DZIP1L",0.360102760612082
"CLHC1",0,2.16859742973249,0.151,0.034,0,"Airway epithelial","CLHC1",0.327458211889606
"IQCG",0,1.6081917363413,0.172,0.055,0,"Airway epithelial","IQCG",0.276608978650703
"SLC12A22",0,2.08297279184161,0.173,0.056,0,"Airway epithelial","SLC12A2",0.360354292988598
"CFAP65",0,7.18696174799974,0.117,0.001,0,"Airway epithelial","CFAP65",0.84087452451597
"AF165147.12",0,1.2440841040346,0.165,0.049,0,"Airway epithelial","AF165147.1",0.205273877165708
"HHLA2",0,4.87552006245677,0.119,0.003,0,"Airway epithelial","HHLA2",0.580186887432355
"ARHGAP82",0,2.19316371393787,0.153,0.037,0,"Airway epithelial","ARHGAP8",0.335554048232495
"PLA2R12",0,2.23106515544458,0.165,0.05,0,"Airway epithelial","PLA2R1",0.368125750648355
"KIAA1522",0,2.45645455827077,0.142,0.027,0,"Airway epithelial","KIAA1522",0.348816547274449
"TMEM45A1",0,3.23755172789871,0.146,0.031,0,"Airway epithelial","TMEM45A",0.472682552273211
"PCSK61",0,2.27166817923086,0.139,0.025,0,"Airway epithelial","PCSK6",0.315761876913089
"LDLRAD1",0,8.37349224688468,0.114,0,0,"Airway epithelial","LDLRAD1",0.954578116144853
"CSRP3",0,9.10874298588631,0.114,0,0,"Airway epithelial","CSRP3",1.03839670039104
"TTC23L",0,4.59836696624363,0.119,0.005,0,"Airway epithelial","TTC23L",0.547205668982992
"ARRDC3-AS1",0,1.92546303061916,0.153,0.039,0,"Airway epithelial","ARRDC3-AS1",0.294595843684732
"RIMS1",0,5.53781556935894,0.119,0.005,0,"Airway epithelial","RIMS1",0.659000052753713
"GNG12-AS1",0,2.81582197914098,0.136,0.023,0,"Airway epithelial","GNG12-AS1",0.382951789163173
"ABO2",0,2.56919452366318,0.138,0.025,0,"Airway epithelial","ABO",0.354548844265518
"TCTEX1D1",0,4.45558841132164,0.117,0.004,0,"Airway epithelial","TCTEX1D1",0.521303844124632
"SH3BGRL21",0,2.52059026096805,0.133,0.02,0,"Airway epithelial","SH3BGRL2",0.33523850470875
"MUC3A",0,7.54238765933272,0.115,0.002,0,"Airway epithelial","MUC3A",0.867374580823263
"SCGB1A1",0,6.29427925227792,0.117,0.004,0,"Airway epithelial","SCGB1A1",0.736430672516516
"CYP4B12",0,1.51971261894352,0.16,0.048,0,"Airway epithelial","CYP4B1",0.243154019030963
"RPGRIP1L",0,3.00806246806736,0.128,0.016,0,"Airway epithelial","RPGRIP1L",0.385031995912623
"LIPE-AS1",0,1.56156249415193,0.156,0.044,0,"Airway epithelial","LIPE-AS1",0.2436037490877
"SLPI",0,4.33602746851328,0.122,0.01,0,"Airway epithelial","SLPI",0.52899535115862
"HS6ST2",0,3.30003977028586,0.126,0.014,0,"Airway epithelial","HS6ST2",0.415805011056019
"MAL22",0,2.03562248519214,0.151,0.039,0,"Airway epithelial","MAL2",0.307378995264013
"TTC26",0,3.41788566277329,0.122,0.011,0,"Airway epithelial","TTC26",0.416982050858342
"CORO2A1",0,1.63329541772732,0.161,0.05,0,"Airway epithelial","CORO2A",0.262960562254099
"GALNT31",0,1.82770782080999,0.143,0.032,0,"Airway epithelial","GALNT3",0.261362218375829
"HSPA12A",0,2.60191283980653,0.132,0.022,0,"Airway epithelial","HSPA12A",0.343452494854462
"JPT2",0,2.24411295681767,0.138,0.028,0,"Airway epithelial","JPT2",0.309687588040838
"SYNPR-AS1",0,6.76135539082146,0.112,0.002,0,"Airway epithelial","SYNPR-AS1",0.757271803772003
"FCGBP",0,5.0543765277951,0.115,0.005,0,"Airway epithelial","FCGBP",0.581253300696436
"GOLPH3L1",0,1.58740616162203,0.156,0.047,0,"Airway epithelial","GOLPH3L",0.247635361213036
"C11orf16",0,6.61825533193961,0.11,0.001,0,"Airway epithelial","C11orf16",0.728008086513357
"IFT172",0,2.07912484334297,0.14,0.032,0,"Airway epithelial","IFT172",0.291077478068016
"LCA5",0,3.13722697614475,0.123,0.015,0,"Airway epithelial","LCA5",0.385878918065804
"SAMD12-AS1",0,2.65745972646908,0.127,0.019,0,"Airway epithelial","SAMD12-AS1",0.337497385261573
"CCP110",0,1.71281961459776,0.152,0.044,0,"Airway epithelial","CCP110",0.260348581418859
"KRT82",0,2.07935332252717,0.132,0.025,0,"Airway epithelial","KRT8",0.274474638573586
"CLDN7",0,2.43925384810977,0.135,0.028,0,"Airway epithelial","CLDN7",0.329299269494818
"TTLL10",0,7.42115042583653,0.108,0.001,0,"Airway epithelial","TTLL10",0.801484245990346
"RASSF61",0,2.07827905471263,0.123,0.016,0,"Airway epithelial","RASSF6",0.255628323729653
"CFAP57",0,5.15839811931429,0.108,0.002,0,"Airway epithelial","CFAP57",0.557106996885944
"FHL2",0,2.99872234589501,0.127,0.021,0,"Airway epithelial","FHL2",0.380837737928666
"LYPD6B",0,4.34709337387732,0.11,0.004,0,"Airway epithelial","LYPD6B",0.478180271126505
"AGBL2",0,5.17829118805854,0.109,0.003,0,"Airway epithelial","AGBL2",0.56443373949838
"DNAH1",0,1.89446079735953,0.134,0.029,0,"Airway epithelial","DNAH1",0.253857746846177
"HES1",0,3.77753733900235,0.114,0.009,0,"Airway epithelial","HES1",0.430639256646268
"FAM149A1",0,2.10928493913462,0.134,0.029,0,"Airway epithelial","FAM149A",0.282644181844039
"TRMT9B",0,2.07815623052566,0.132,0.027,0,"Airway epithelial","TRMT9B",0.274316622429388
"CFAP58",0,5.36810379267674,0.107,0.002,0,"Airway epithelial","CFAP58",0.574387105816411
"OCLN2",0,1.94680289379848,0.144,0.039,0,"Airway epithelial","OCLN",0.28033961670698
"NME9",0,2.08442168085573,0.135,0.031,0,"Airway epithelial","NME9",0.281396926915523
"TMEM190",0,7.33894546527566,0.105,0.001,0,"Airway epithelial","TMEM190",0.770589273853944
"PPL2",0,2.08571640000926,0.135,0.032,0,"Airway epithelial","PPL",0.28157171400125
"ARHGAP39",0,4.32385103593817,0.109,0.006,0,"Airway epithelial","ARHGAP39",0.47129976291726
"WNK2",0,5.377897430521,0.105,0.002,0,"Airway epithelial","WNK2",0.564679230204705
"USP2-AS1",0,12.5420829487452,0.103,0,0,"Airway epithelial","USP2-AS1",1.29183454372075
"GCNT3",0,6.90316355469185,0.105,0.002,0,"Airway epithelial","GCNT3",0.724832173242644
"CFAP53",0,5.38404942225546,0.105,0.002,0,"Airway epithelial","CFAP53",0.565325189336823
"PLXNB11",0,2.28884212634205,0.129,0.027,0,"Airway epithelial","PLXNB1",0.295260634298124
"C6orf132",0,3.13370697155284,0.116,0.014,0,"Airway epithelial","C6orf132",0.363510008700129
"ZFHX2",0,3.4265446492407,0.113,0.011,0,"Airway epithelial","ZFHX2",0.387199545364199
"DNAJA4",0,1.41384593455022,0.126,0.024,0,"Airway epithelial","DNAJA4",0.178144587753328
"SCNN1B1",0,2.42717318047593,0.133,0.031,0,"Airway epithelial","SCNN1B",0.322814033003299
"NAT1",0,5.25014758136424,0.105,0.003,0,"Airway epithelial","NAT1",0.551265496043245
"SPIRE2",0,3.03642926665176,0.118,0.016,0,"Airway epithelial","SPIRE2",0.358298653464908
"GRIP12",0,2.40148701981734,0.132,0.031,0,"Airway epithelial","GRIP1",0.316996286615889
"LAMC21",0,2.15492078605489,0.122,0.021,0,"Airway epithelial","LAMC2",0.262900335898697
"MIR205HG",0,7.41241280605382,0.102,0.001,0,"Airway epithelial","MIR205HG",0.75606610621749
"HNF1A-AS1",0,5.81005914713703,0.103,0.002,0,"Airway epithelial","HNF1A-AS1",0.598436092155114
"CCDC17",0,6.07086542167863,0.101,0.001,0,"Airway epithelial","CCDC17",0.613157407589542
"MIR4713HG",0,4.29763513326729,0.107,0.007,0,"Airway epithelial","MIR4713HG",0.459846959259601
"ICA1L",0,2.15403386110483,0.124,0.025,0,"Airway epithelial","ICA1L",0.267100198776999
"PKIB",0,3.09867975006688,0.11,0.011,0,"Airway epithelial","PKIB",0.340854772507356
"TSPAN151",0,2.24681590423194,0.13,0.031,0,"Airway epithelial","TSPAN15",0.292086067550152
"PRDM111",0,2.70380601472183,0.116,0.017,0,"Airway epithelial","PRDM11",0.313641497707732
"CCDC13",0,4.62078784989549,0.103,0.004,0,"Airway epithelial","CCDC13",0.475941148539235
"NRG4",0,4.46409740652782,0.104,0.005,0,"Airway epithelial","NRG4",0.464266130278893
"SPNS21",0,2.8211987383829,0.118,0.019,0,"Airway epithelial","SPNS2",0.332901451129182
"CAPN9",0,3.92949959378367,0.107,0.009,0,"Airway epithelial","CAPN9",0.420456456534852
"CHL1",0,2.41040965387624,0.117,0.019,0,"Airway epithelial","CHL1",0.28201792950352
"TAPT1-AS1",0,1.76308321882322,0.137,0.039,0,"Airway epithelial","TAPT1-AS1",0.241542400978781
"DTX2",0,2.32688545888887,0.122,0.024,0,"Airway epithelial","DTX2",0.283880025984442
"SMPD3",0,4.82988265697566,0.101,0.003,0,"Airway epithelial","SMPD3",0.487818148354542
"CEACAM1",0,3.26144515551951,0.111,0.013,0,"Airway epithelial","CEACAM1",0.362020412262666
"FAM83E",0,3.63588136267613,0.109,0.011,0,"Airway epithelial","FAM83E",0.396311068531698
"EML61",0,2.09684018319983,0.118,0.02,0,"Airway epithelial","EML6",0.247427141617579
"EBNA1BP2",0,3.54028590325731,0.106,0.009,0,"Airway epithelial","EBNA1BP2",0.375270305745274
"MUC20",0,2.95066640738486,0.112,0.015,0,"Airway epithelial","MUC20",0.330474637627104
"MINDY4",0,1.71280435144813,0.131,0.034,0,"Airway epithelial","MINDY4",0.224377370039705
"MORN1",0,3.17690401239834,0.107,0.011,0,"Airway epithelial","MORN1",0.339928729326622
"EPHA2",0,2.61907442766944,0.115,0.019,0,"Airway epithelial","EPHA2",0.301193559181985
"HS3ST1",0,3.14215793964046,0.108,0.012,0,"Airway epithelial","HS3ST1",0.339353057481169
"FAM185A",0,1.92071128959738,0.125,0.029,0,"Airway epithelial","FAM185A",0.240088911199673
"CCDC180",0,2.49026031811703,0.115,0.019,0,"Airway epithelial","CCDC180",0.286379936583459
"KATNAL2",0,2.34573914808247,0.117,0.021,0,"Airway epithelial","KATNAL2",0.274451480325649
"SPINT2",0,2.03780787620763,0.128,0.032,0,"Airway epithelial","SPINT2",0.260839408154576
"CXADR2",0,2.07183235414158,0.127,0.031,0,"Airway epithelial","CXADR",0.263122708975981
"C21orf58",0,2.75513896744604,0.11,0.014,0,"Airway epithelial","C21orf58",0.303065286419064
"FBXO36",0,2.99163738991462,0.108,0.013,0,"Airway epithelial","FBXO36",0.323096838110779
"GIPR",0,2.98249892264594,0.105,0.01,0,"Airway epithelial","GIPR",0.313162386877823
"CYP4X11",0,2.37314923309055,0.113,0.019,0,"Airway epithelial","CYP4X1",0.268165863339232
"SH3BP4",0,1.95578192392466,0.126,0.032,0,"Airway epithelial","SH3BP4",0.246428522414507
"NET1",0,2.29133487038092,0.118,0.024,0,"Airway epithelial","NET1",0.270377514704948
"DMKN2",0,2.20751277483021,0.12,0.026,0,"Airway epithelial","DMKN",0.264901532979625
"BTBD3",0,1.904104237344,0.125,0.031,0,"Airway epithelial","BTBD3",0.238013029668
"PERP",0,3.06774353713966,0.104,0.011,0,"Airway epithelial","PERP",0.319045327862524
"EPS8L21",0,2.04575882152412,0.123,0.03,0,"Airway epithelial","EPS8L2",0.251628335047466
"JUP",0,2.26289758778619,0.12,0.027,0,"Airway epithelial","JUP",0.271547710534343
"DENND6B",0,3.3514750636267,0.103,0.01,0,"Airway epithelial","DENND6B",0.34520193155355
"PLAT",0,3.24653957704841,0.111,0.019,0,"Airway epithelial","PLAT",0.360365893052374
"XKR9",0,3.37156967466547,0.108,0.016,0,"Airway epithelial","XKR9",0.364129524863871
"DLG3",0,2.24562894817228,0.113,0.021,0,"Airway epithelial","DLG3",0.253756071143468
"WAKMAR2",0,2.37443480106849,0.113,0.022,0,"Airway epithelial","WAKMAR2",0.26831113252074
"CDKN2B-AS1",0,2.09015178895107,0.114,0.023,0,"Airway epithelial","CDKN2B-AS1",0.238277303940422
"SCIN",0,2.75053041993609,0.104,0.014,0,"Airway epithelial","SCIN",0.286055163673354
"GSTP1",0,2.22664357386995,0.112,0.022,0,"Airway epithelial","GSTP1",0.249384080273434
"GRIK2",0,3.07658683787733,0.1,0.011,0,"Airway epithelial","GRIK2",0.307658683787733
"CAP2",0,2.66737081419145,0.107,0.018,0,"Airway epithelial","CAP2",0.285408677118485
"DNAL1",0,2.61828395279814,0.105,0.016,0,"Airway epithelial","DNAL1",0.274919815043805
"FGF13",0,1.7743870963375,0.113,0.025,0,"Airway epithelial","FGF13",0.200505741886138
"KIAA1549",0,1.54415620066579,0.107,0.02,0,"Airway epithelial","KIAA1549",0.165224713471239
"RNF43",0,2.37004347764875,0.106,0.019,0,"Airway epithelial","RNF43",0.251224608630767
"TCTN1",0,2.63315645623655,0.101,0.015,0,"Airway epithelial","TCTN1",0.265948802079892
"ALDH3B11",0,2.19823438336426,0.11,0.024,0,"Airway epithelial","ALDH3B1",0.241805782170068
"LRRC49",0,2.2250075145988,0.103,0.017,0,"Airway epithelial","LRRC49",0.229175774003677
"TTC12",0,1.65146166637841,0.113,0.028,0,"Airway epithelial","TTC12",0.186615168300761
"DYNLL1",0,2.3779825719232,0.104,0.019,0,"Airway epithelial","DYNLL1",0.247310187480013
"POMGNT1",0,2.42446255488173,0.102,0.018,0,"Airway epithelial","POMGNT1",0.247295180597937
"SNCAIP",0,1.85580934735662,0.109,0.026,0,"Airway epithelial","SNCAIP",0.202283218861871
"HOMER2",0,2.18323556688632,0.106,0.023,0,"Airway epithelial","HOMER2",0.231422970089949
"ATPAF2",0,2.03410978471597,0.104,0.022,0,"Airway epithelial","ATPAF2",0.211547417610461
"MCF2L1",0,1.62528715872279,0.101,0.021,0,"Airway epithelial","MCF2L",0.164154003031002
"SLC22A4",0,2.00688383204098,0.1,0.022,0,"Airway epithelial","SLC22A4",0.200688383204098
"ITGA62",5.1125236392652e-307,1.63673028570793,0.189,0.068,1.50998385685698e-302,"Airway epithelial","ITGA6",0.309342023998799
"SPPL2B",1.5294282171923e-306,1.62015679327348,0.139,0.04,4.51716623947747e-302,"Airway epithelial","SPPL2B",0.225201794265014
"CDC42BPA4",7.29335997445765e-306,1.03228047243812,0.415,0.22,2.15409386845607e-301,"Airway epithelial","CDC42BPA",0.428396396061822
"WDR35",2.32698671940367e-304,1.72365392090312,0.121,0.032,6.87275527575875e-300,"Airway epithelial","WDR35",0.208562124429278
"RSPH3",3.58405947332931e-302,1.72569280115621,0.148,0.045,1.05855196544781e-297,"Airway epithelial","RSPH3",0.255402534571119
"TMPRSS22",6.19218450163108e-302,1.59419598293476,0.177,0.06,1.82886169255674e-297,"Airway epithelial","TMPRSS2",0.282172688979453
"DSCAML1",1.94316196848697e-301,1.81624843487483,0.106,0.026,5.73912887392625e-297,"Airway epithelial","DSCAML1",0.192522334096732
"NUCB2",1.3173821688714e-299,1.47540404399546,0.147,0.045,3.89088823576168e-295,"Airway epithelial","NUCB2",0.216884394467332
"TTLL5",1.3538279136621e-299,1.13274679323978,0.317,0.149,3.99853074300103e-295,"Airway epithelial","TTLL5",0.359080733457011
"LMTK23",4.88317955704629e-299,1.24184488014257,0.237,0.095,1.44224708217362e-294,"Airway epithelial","LMTK2",0.294317236593789
"ST141",1.62164629569227e-298,1.68523821371947,0.157,0.05,4.78953233432711e-294,"Airway epithelial","ST14",0.264582399553957
"INTU",3.17132155357828e-291,1.61214669601101,0.136,0.04,9.36649820849345e-287,"Airway epithelial","INTU",0.219251950657497
"MT-ND33",5.81980607082407e-289,1.04428911411636,0.489,0.297,1.71887972301789e-284,"Airway epithelial","MT-ND3",0.510657376802902
"PPP1R13B3",2.63442540730196e-287,1.11138635547115,0.25,0.104,7.78077544046634e-283,"Airway epithelial","PPP1R13B",0.277846588867786
"ST54",3.02133786788118e-287,1.09667841544811,0.253,0.106,8.92352139278705e-283,"Airway epithelial","ST5",0.277459639108371
"ALMS11",4.33074569901139e-287,1.20635480789761,0.22,0.086,1.27908574220301e-282,"Airway epithelial","ALMS1",0.265398057737475
"RARB1",9.88008584524213e-287,1.52678988062556,0.125,0.035,2.91808335439226e-282,"Airway epithelial","RARB",0.190848735078195
"CC2D2A1",2.4265796466583e-286,1.4317613805249,0.191,0.07,7.1669029864053e-282,"Airway epithelial","CC2D2A",0.273466423680256
"MTRNR2L123",1.92215369319691e-285,1.05315377281292,0.316,0.151,5.67708093285707e-281,"Airway epithelial","MTRNR2L12",0.332796592208884
"EPHA41",1.47001557330331e-282,1.56987628849427,0.13,0.038,4.34169099575132e-278,"Airway epithelial","EPHA4",0.204083917504255
"MTSS2",7.33962606044069e-282,1.70953685972086,0.11,0.029,2.16775855695116e-277,"Airway epithelial","MTSS2",0.188049054569295
"MT-ND53",8.99068287771218e-281,1.08548506593003,0.368,0.192,2.65539818793229e-276,"Airway epithelial","MT-ND5",0.399458504262253
"OXR11",2.33514728556857e-280,1.05751375405898,0.331,0.162,6.89685750792677e-276,"Airway epithelial","OXR1",0.350037052593523
"EFCAB11",6.15517990429088e-280,1.64733076627257,0.121,0.034,1.81793238473231e-275,"Airway epithelial","EFCAB11",0.199327022718981
"SHB2",8.63913650461868e-280,1.52152092405415,0.189,0.07,2.55156896663913e-275,"Airway epithelial","SHB",0.287567454646234
"ABCA54",8.19753389904549e-274,1.03904552672745,0.226,0.091,2.42114163708308e-269,"Airway epithelial","ABCA5",0.234824289040404
"PAWR4",1.04204045372214e-272,1.12776025361851,0.228,0.093,3.07766648006833e-268,"Airway epithelial","PAWR",0.257129337825021
"LMO32",1.15984868500047e-271,1.10418098547302,0.245,0.103,3.42561309114888e-267,"Airway epithelial","LMO3",0.270524341440891
"NDFIP22",1.50171061578786e-271,1.49721983805515,0.14,0.044,4.43530230372945e-267,"Airway epithelial","NDFIP2",0.209610777327722
"DNAJC101",3.28329542220731e-271,1.24785602102842,0.194,0.074,9.69721302948929e-267,"Airway epithelial","DNAJC10",0.242084068079514
"WDR272",1.42249143736198e-269,1.12339094006074,0.22,0.089,4.2013284602486e-265,"Airway epithelial","WDR27",0.247146006813362
"FBXL18",4.66887056757006e-269,1.74077007521006,0.127,0.038,1.37895092213182e-264,"Airway epithelial","FBXL18",0.221077799551678
"F11R2",1.43489099691185e-268,1.40831576567637,0.175,0.063,4.23795055937916e-264,"Airway epithelial","F11R",0.246455258993365
"PGM2L1",4.06422602260314e-268,1.52157990223989,0.131,0.04,1.20036915577584e-263,"Airway epithelial","PGM2L1",0.199326967193425
"IFT1402",4.90156761755636e-267,1.3895414394505,0.152,0.05,1.44767799584527e-262,"Airway epithelial","IFT140",0.211210298796477
"SFTPB2",8.11578254495107e-266,1.0557532240924,0.333,0.169,2.3969963746513e-261,"Airway epithelial","SFTPB",0.351565823622768
"CATSPER2",6.36428819939033e-264,1.72359346997313,0.102,0.026,1.87969251968994e-259,"Airway epithelial","CATSPER2",0.175806533937259
"ANKRD261",5.25034289502463e-263,1.13244983929846,0.246,0.107,1.55068877404552e-258,"Airway epithelial","ANKRD26",0.278582660467421
"ZNF33B1",8.52762856028326e-263,1.18885330153612,0.157,0.053,2.51863509527966e-258,"Airway epithelial","ZNF33B",0.186649968341172
"C1GALT12",5.94570587323996e-262,1.13604336277472,0.209,0.083,1.75606422966142e-257,"Airway epithelial","C1GALT1",0.237433062819916
"TOGARAM12",6.64271244920424e-261,1.25119468831821,0.212,0.086,1.96192512187247e-256,"Airway epithelial","TOGARAM1",0.265253273923461
"GTF2IRD12",2.42893233341377e-260,1.20876768331564,0.24,0.104,7.17385164673756e-256,"Airway epithelial","GTF2IRD1",0.290104243995753
"MT-ATP83",3.39491458831297e-258,1.16884125441325,0.312,0.156,1.00268802365824e-253,"Airway epithelial","MT-ATP8",0.364678471376934
"TBC1D321",2.19132886988265e-253,1.15013692193945,0.199,0.078,6.47208981719841e-249,"Airway epithelial","TBC1D32",0.22887724746595
"ZKSCAN11",2.61458820429306e-253,1.05745796329883,0.26,0.118,7.72218626137956e-249,"Airway epithelial","ZKSCAN1",0.274939070457695
"ZDHHC13",5.10423837529415e-252,1.39616690673699,0.134,0.043,1.50753680414313e-247,"Airway epithelial","ZDHHC13",0.187086365502757
"SH3RF21",1.45954291461821e-250,1.85293581934881,0.113,0.033,4.3107599983249e-246,"Airway epithelial","SH3RF2",0.209381747586415
"PRELID22",4.63130095635619e-250,1.58874094023687,0.182,0.071,1.3678547374598e-245,"Airway epithelial","PRELID2",0.28915085112311
"CNNM2",2.84558200765846e-244,1.08423683468842,0.195,0.077,8.40442645961926e-240,"Airway epithelial","CNNM2",0.211426182764241
"PSMG42",5.49625280088078e-243,1.33226422051398,0.135,0.044,1.62331826474014e-238,"Airway epithelial","PSMG4",0.179855669769387
"SPATS2L2",7.43555390812742e-243,1.00671278800536,0.328,0.169,2.19609084676543e-238,"Airway epithelial","SPATS2L",0.330201794465757
"TENM41",2.25292085688642e-242,1.01904574967291,0.141,0.047,6.65400175081403e-238,"Airway epithelial","TENM4",0.14368545070388
"KIAA19582",2.47903121918435e-242,1.1886559456003,0.199,0.08,7.32181870586097e-238,"Airway epithelial","KIAA1958",0.236542533174459
"RPL311",7.49689481186329e-239,1.41461707098942,0.133,0.044,2.21420788268382e-234,"Airway epithelial","RPL31",0.188144070441593
"FMO51",1.47529369745584e-238,1.24966510144935,0.138,0.046,4.35727993543581e-234,"Airway epithelial","FMO5",0.17245378400001
"PAX8-AS12",4.18866752121358e-236,1.68321702117086,0.168,0.064,1.23712295239043e-231,"Airway epithelial","PAX8-AS1",0.282780459556705
"IFT431",4.41334588354712e-236,1.25278615574532,0.175,0.067,1.30348170670564e-231,"Airway epithelial","IFT43",0.219237577255432
"GIPC12",5.21030806147224e-236,1.61814172187695,0.142,0.049,1.53886448595583e-231,"Airway epithelial","GIPC1",0.229776124506527
"CGN2",3.02841443362526e-235,1.45552556132945,0.113,0.034,8.94442202971222e-231,"Airway epithelial","CGN",0.164474388430227
"GAN",4.48260620409123e-235,1.82190400800146,0.122,0.039,1.32393774237835e-230,"Airway epithelial","GAN",0.222272288976178
"GCLC",2.77781387064041e-234,1.42033778669526,0.136,0.046,8.20427326693646e-230,"Airway epithelial","GCLC",0.193165938990555
"SDC42",5.24440468229219e-232,1.1980668631429,0.197,0.081,1.548934922915e-227,"Airway epithelial","SDC4",0.236019172039151
"SLC45A42",4.13014474328974e-230,1.41952648606131,0.154,0.056,1.21983824993062e-225,"Airway epithelial","SLC45A4",0.218607078853442
"CDON1",7.34344337962778e-230,1.50394089254668,0.11,0.033,2.16888600217306e-225,"Airway epithelial","CDON",0.165433498180135
"URB1",7.80979076254184e-224,1.61962943298818,0.13,0.044,2.30662170171673e-219,"Airway epithelial","URB1",0.210551826288463
"LY75",1.46402243245837e-222,1.12518573813887,0.131,0.044,4.3239902542658e-218,"Airway epithelial","LY75",0.147399331696192
"CDKL11",6.69945462054792e-221,1.4842573059517,0.145,0.053,1.97868392217883e-216,"Airway epithelial","CDKL1",0.215217309362996
"AIG12",7.73349133983935e-221,1.1577242353255,0.185,0.075,2.28408666722155e-216,"Airway epithelial","AIG1",0.214178983535217
"ALOX12-AS1",8.12590731612998e-221,1.08615613843505,0.153,0.056,2.39998672581899e-216,"Airway epithelial","ALOX12-AS1",0.166181889180563
"WDR45B",1.94687070737161e-220,1.07975898186392,0.183,0.074,5.75008263422204e-216,"Airway epithelial","WDR45B",0.197595893681097
"PAK12",2.44785941414026e-219,1.07784527616896,0.182,0.073,7.22975277966324e-215,"Airway epithelial","PAK1",0.196167840262752
"TNFRSF21",3.21940846058005e-212,1.31949221729608,0.135,0.048,9.50852288832318e-208,"Airway epithelial","TNFRSF21",0.17813144933497
"IFT802",7.43595134099814e-212,1.12036047767566,0.196,0.084,2.1962082285638e-207,"Airway epithelial","IFT80",0.219590653624429
"FDFT11",1.84868929599598e-211,1.39758689775841,0.192,0.082,5.46010383572414e-207,"Airway epithelial","FDFT1",0.268336684369615
"IFT122",8.92895936082478e-211,1.35050908639197,0.134,0.047,2.6371681472196e-206,"Airway epithelial","IFT122",0.180968217576524
"PIK3C2B1",2.75257333297087e-210,1.33884903493825,0.118,0.039,8.12972533892946e-206,"Airway epithelial","PIK3C2B",0.157984186122713
"RAI12",1.98156159867082e-208,1.18085454473626,0.201,0.088,5.85254218167425e-204,"Airway epithelial","RAI1",0.237351763491988
"ASAP24",4.98665494889507e-208,1.09140459365333,0.218,0.099,1.47280853915616e-203,"Airway epithelial","ASAP2",0.237926201416425
"MAK",6.84184260217039e-208,1.02110307379334,0.174,0.07,2.02073821255102e-203,"Airway epithelial","MAK",0.177671934840041
"BAIAP22",1.28980677557568e-207,1.3215754685541,0.143,0.053,3.80944431166276e-203,"Airway epithelial","BAIAP2",0.188985292003236
"ERGIC3",1.98667079619658e-207,1.5783816980354,0.121,0.041,5.86763219656661e-203,"Airway epithelial","ERGIC3",0.190984185462283
"CD553",1.43972676458411e-203,1.06716125848071,0.307,0.164,4.25223299919916e-199,"Airway epithelial","CD55",0.327618506353579
"GNA11",1.02090283519816e-202,1.56550383375645,0.104,0.032,3.01523652375776e-198,"Airway epithelial","GNA11",0.162812398710671
"KCNE12",2.32895440567183e-202,1.18199539261495,0.158,0.062,6.87856683715175e-198,"Airway epithelial","KCNE1",0.186755272033162
"EPHX1",1.98267480173947e-201,1.52389623863127,0.1,0.03,5.85583002693753e-197,"Airway epithelial","EPHX1",0.152389623863127
"ARMC92",1.48739056079407e-200,1.03100184116159,0.188,0.08,4.39300802130528e-196,"Airway epithelial","ARMC9",0.19382834613838
"PCLO2",3.90309821253162e-200,1.61403519636236,0.109,0.035,1.15278005707121e-195,"Airway epithelial","PCLO",0.175929836403497
"WARS2-AS12",9.44689417210436e-200,1.04522092076593,0.191,0.082,2.79014019373102e-195,"Airway epithelial","WARS2-AS1",0.199637195866292
"IFT74",1.46731099682273e-199,1.37102494367449,0.13,0.046,4.33370302911594e-195,"Airway epithelial","IFT74",0.178233242677683
"SLC4A8",3.52328313333235e-199,1.22366800767603,0.112,0.036,1.04060167342971e-194,"Airway epithelial","SLC4A8",0.137050816859715
"ABCC32",9.44350432904174e-199,1.33364556469357,0.23,0.112,2.78913900358248e-194,"Airway epithelial","ABCC3",0.306738479879521
"PLXNB22",5.28572174015611e-198,1.38454969050029,0.161,0.065,1.56113791595511e-193,"Airway epithelial","PLXNB2",0.222912500170546
"ABCC51",4.81803201931534e-197,1.15526039326577,0.173,0.072,1.42300575690479e-192,"Airway epithelial","ABCC5",0.199860048034978
"KIF3A",6.97296544186752e-197,1.40341140134325,0.109,0.036,2.05946534325557e-192,"Airway epithelial","KIF3A",0.152971842746414
"ZNF4623",8.07933352150472e-192,1.15690697700119,0.161,0.065,2.38623115557642e-187,"Airway epithelial","ZNF462",0.186262023297192
"MYEF22",2.25916996655627e-191,1.33739767512576,0.114,0.039,6.67245849622393e-187,"Airway epithelial","MYEF2",0.152463334964336
"MIDN1",1.2769618534114e-190,1.14465184181971,0.174,0.074,3.77150683405057e-186,"Airway epithelial","MIDN",0.199169420476629
"DYNC2LI11",2.2440750511005e-189,1.16061291550669,0.127,0.046,6.62787566342533e-185,"Airway epithelial","DYNC2LI1",0.14739784026935
"CUEDC13",9.73034091960391e-187,1.18264707344175,0.174,0.075,2.87385619060501e-182,"Airway epithelial","CUEDC1",0.205780590778865
"ZSCAN5A",1.26131220088467e-186,1.21335030578547,0.144,0.056,3.72528558531288e-182,"Airway epithelial","ZSCAN5A",0.174722444033107
"ASPH2",3.86711215709565e-185,1.15111899950244,0.402,0.262,1.1421515755982e-180,"Airway epithelial","ASPH",0.462749837799983
"CD592",2.05459465962004e-184,1.06855541438431,0.171,0.073,6.06824532718778e-180,"Airway epithelial","CD59",0.182722975859717
"WDR19",6.66711492214112e-184,1.32902118867419,0.13,0.048,1.96913239225438e-179,"Airway epithelial","WDR19",0.172772754527645
"CCDC1712",7.48307605540711e-183,1.29643531473298,0.144,0.057,2.21012651296449e-178,"Airway epithelial","CCDC171",0.18668668532155
"LRIG32",3.2165147303759e-181,1.26753163716478,0.128,0.048,9.49997625616521e-177,"Airway epithelial","LRIG3",0.162244049557092
"SMYD21",4.17980255684031e-178,1.27320690530687,0.121,0.044,1.23450468516279e-173,"Airway epithelial","SMYD2",0.154058035542131
"PACRGL",2.52281451457185e-177,1.27214657904406,0.125,0.047,7.45113266878795e-173,"Airway epithelial","PACRGL",0.159018322380508
"SOBP2",8.51660085602956e-177,1.31061323701579,0.129,0.049,2.51537806282833e-172,"Airway epithelial","SOBP",0.169069107575037
"TOM1L12",3.46781344947441e-176,1.35458542084235,0.128,0.048,1.02421870230227e-171,"Airway epithelial","TOM1L1",0.17338693386782
"ERRFI12",5.80738149301667e-176,1.33953291354549,0.23,0.116,1.71521012396247e-171,"Airway epithelial","ERRFI1",0.308092570115462
"CEP89",2.67308514609107e-175,1.27867069239442,0.12,0.044,7.89495697897999e-171,"Airway epithelial","CEP89",0.15344048308733
"FRMD31",5.30790932609982e-175,1.21446968645387,0.147,0.06,1.56769101946358e-170,"Airway epithelial","FRMD3",0.178527043908719
"NELFA",1.36671951577942e-174,1.34656842401891,0.106,0.036,4.03660608985451e-170,"Airway epithelial","NELFA",0.142736252946005
"RAB3IP2",3.86627955922283e-172,1.10198639739973,0.138,0.054,1.14190566781646e-167,"Airway epithelial","RAB3IP",0.152074122841162
"GNG123",4.81446567187865e-172,1.03329237745304,0.186,0.085,1.42195243618936e-167,"Airway epithelial","GNG12",0.192192382206266
"PCBD21",1.95567396295617e-170,1.03615922002524,0.169,0.074,5.77608304959104e-166,"Airway epithelial","PCBD2",0.175110908184265
"CLDN181",2.37266558749959e-170,1.32027013551153,0.114,0.041,7.00766781268004e-166,"Airway epithelial","CLDN18",0.150510795448315
"ADGRA32",8.23257536423887e-169,1.22351658256335,0.14,0.056,2.43149113382795e-164,"Airway epithelial","ADGRA3",0.171292321558869
"FTO1",1.35408500911712e-168,1.39975073327299,0.435,0.292,3.99929007442742e-164,"Airway epithelial","FTO",0.60889156897375
"PARD6B2",5.61583999674585e-168,1.28744622508038,0.112,0.04,1.65863834303889e-163,"Airway epithelial","PARD6B",0.144193977209003
"C7orf50",3.96245981868398e-162,1.27732246642089,0.129,0.051,1.17031250744831e-157,"Airway epithelial","C7orf50",0.164774598168295
"SPATA7",3.07971968698661e-161,1.32424980283396,0.103,0.036,9.09595209551497e-157,"Airway epithelial","SPATA7",0.136397729691898
"ASL1",1.39168408494497e-158,1.45602234465127,0.105,0.038,4.11033894488497e-154,"Airway epithelial","ASL",0.152882346188384
"SLC22A32",1.83814353002825e-158,1.26438301417935,0.14,0.059,5.42895691593842e-154,"Airway epithelial","SLC22A3",0.177013621985108
"STYXL1",5.51011674470807e-158,1.30787427905753,0.102,0.036,1.62741298054953e-153,"Airway epithelial","STYXL1",0.133403176463868
"C3orf522",1.01907835881968e-157,1.36649227991459,0.11,0.041,3.00984793277393e-153,"Airway epithelial","C3orf52",0.150314150790605
"CHCHD61",1.80274052109625e-156,1.23438482664947,0.118,0.046,5.32439412905777e-152,"Airway epithelial","CHCHD6",0.145657409544638
"QSOX12",7.66881043809351e-156,1.21750915645338,0.186,0.09,2.26498316289092e-151,"Airway epithelial","QSOX1",0.226456703100328
"CNTN42",1.5887172016497e-154,1.06225689043863,0.115,0.044,4.6922762550724e-150,"Airway epithelial","CNTN4",0.122159542400442
"HOOK22",3.06584818372195e-152,1.21695277096055,0.153,0.068,9.05498261062277e-148,"Airway epithelial","HOOK2",0.186193773956964
"MTRNR2L82",4.01400516208862e-152,1.16192547281848,0.136,0.057,1.18553642462287e-147,"Airway epithelial","MTRNR2L8",0.158021864303314
"SCGB2B21",1.99603817045975e-148,1.22189899633223,0.123,0.05,5.89529873645287e-144,"Airway epithelial","SCGB2B2",0.150293576548864
"IRAK1BP11",2.18549724889506e-148,1.27678223771189,0.105,0.039,6.45486612461156e-144,"Airway epithelial","IRAK1BP1",0.134062134959748
"NMNAT2",3.66667353373477e-147,1.2497454339726,0.103,0.038,1.08295202818856e-142,"Airway epithelial","NMNAT2",0.128723779699178
"SERPINB11",5.755126186299e-146,1.19067053010638,0.114,0.044,1.69977651912341e-141,"Airway epithelial","SERPINB1",0.135736440432127
"SH3YL12",3.36912272814835e-141,1.0863371437048,0.14,0.061,9.95070397758616e-137,"Airway epithelial","SH3YL1",0.152087200118672
"KIF9-AS1",4.30928418154086e-141,1.05758562467604,0.123,0.051,1.27274708301809e-136,"Airway epithelial","KIF9-AS1",0.130083031835153
"ACTR3C1",2.63973302627672e-140,1.25640984235002,0.115,0.046,7.79645149310828e-136,"Airway epithelial","ACTR3C",0.144487131870253
"PYGB",6.99187448431214e-139,1.38040331775444,0.136,0.06,2.06505012894159e-134,"Airway epithelial","PYGB",0.187734851214604
"RPH3AL2",1.67101944795895e-138,1.0094586444201,0.149,0.067,4.93535593954675e-134,"Airway epithelial","RPH3AL",0.150409338018595
"MED25",5.31590093918239e-137,1.16461049072527,0.101,0.038,1.57005134238752e-132,"Airway epithelial","MED25",0.117625659563252
"PIGU",1.64757029819853e-134,1.20213872478847,0.104,0.04,4.86609887572935e-130,"Airway epithelial","PIGU",0.125022427378001
"KLF31",9.03784663499709e-131,1.01306564211889,0.147,0.068,2.66932800364639e-126,"Airway epithelial","KLF3",0.148920649391477
"CARHSP12",2.54683818184852e-130,1.21036534796154,0.12,0.051,7.5220865700896e-126,"Airway epithelial","CARHSP1",0.145243841755385
"AP1S31",1.71201648559541e-123,1.01276570915273,0.116,0.049,5.05644069020605e-119,"Airway epithelial","AP1S3",0.117480822261716
"LAMA52",5.71336055917637e-123,1.04493182291102,0.103,0.041,1.68744104115274e-118,"Airway epithelial","LAMA5",0.107627977759835
"ALDH1A1",1.32574615005195e-122,1.01418455538433,0.105,0.043,3.91559125417843e-118,"Airway epithelial","ALDH1A1",0.106489378315355
"ARL17B",3.03699931204774e-120,1.04739093725103,0.103,0.042,8.969777468133e-116,"Airway epithelial","ARL17B",0.107881266536856
"BIN3",4.95014417471172e-113,1.02078629708597,0.115,0.051,1.46202508200111e-108,"Airway epithelial","BIN3",0.117390424164887
"PIM31",4.138883153517e-111,1.06565204330298,0.112,0.049,1.22241913939125e-106,"Airway epithelial","PIM3",0.119353028849934
"HK21",6.72434233884161e-104,1.46637935991779,0.109,0.049,1.98603450977687e-99,"Airway epithelial","HK2",0.159835350231039
"TRAP1",4.30055810263463e-102,1.03247926839332,0.102,0.044,1.27016983561314e-97,"Airway epithelial","TRAP1",0.105312885376118
"ME3",2.8261703525471e-100,1.05668924912332,0.126,0.061,8.34709413624786e-96,"Airway epithelial","ME3",0.133142845389538
"PTPN181",3.16588992903127e-94,1.12151667074648,0.102,0.046,9.35045590539386e-90,"Airway epithelial","PTPN18",0.114394700416141
"F32",8.20981950338875e-94,1.47570532789916,0.105,0.048,2.42477019032587e-89,"Airway epithelial","F3",0.154949059429412
"SELENOW2",2.35412489618938e-92,1.0871796820401,0.104,0.048,6.95290788089532e-88,"Airway epithelial","SELENOW",0.11306668693217
"ERO1A2",3.34123302499912e-78,1.18363057114709,0.163,0.094,9.86833173933491e-74,"Airway epithelial","ERO1A",0.192931783096976
"HSP90AA13",0,1.54839476299543,0.787,0.303,0,"Smooth muscle cells","HSP90AA1",1.2185866784774
"COL3A11",0,1.4468902730736,0.47,0.116,0,"Smooth muscle cells","COL3A1",0.680038428344593
"COL1A21",0,1.07641631856878,0.438,0.133,0,"Smooth muscle cells","COL1A2",0.471470347533125
"TIMP11",0,2.49959453564882,0.247,0.049,0,"Smooth muscle cells","TIMP1",0.617399850305259
"MT-ND43",4.28002845477568e-244,1.52556508332544,0.6,0.286,1.264106404118e-239,"Smooth muscle cells","MT-ND4",0.915339049995262
"MT-CO14",4.95892906239307e-234,1.23654495979936,0.681,0.357,1.46461969857779e-229,"Smooth muscle cells","MT-CO1",0.842087117623366
"FN11",2.61339777861577e-226,1.09505782966985,0.467,0.183,7.71867033914167e-222,"Smooth muscle cells","FN1",0.51139200645582
"HSPH13",3.53974221638167e-224,1.41526243309367,0.422,0.163,1.04546286360833e-219,"Smooth muscle cells","HSPH1",0.59724074676553
"MACROD22",5.63982247048088e-217,1.02524128954756,0.486,0.195,1.66572156665653e-212,"Smooth muscle cells","MACROD2",0.498267266720113
"A2M1",2.143177111784e-193,1.40661131579211,0.369,0.137,6.32987359965405e-189,"Smooth muscle cells","A2M",0.519039575527288
"LUM1",3.26569624447158e-174,1.64232930311569,0.25,0.077,9.64523385804682e-170,"Smooth muscle cells","LUM",0.410582325778921
"SPARC1",3.80545317359678e-171,1.45481587450358,0.243,0.074,1.12394059482181e-166,"Smooth muscle cells","SPARC",0.353520257504369
"COL6A31",2.88809706318162e-169,1.08741212733381,0.36,0.133,8.52999467610691e-165,"Smooth muscle cells","COL6A3",0.391468365840171
"MT-CO24",5.49927733354315e-169,1.03772633812734,0.643,0.361,1.62421156046197e-164,"Smooth muscle cells","MT-CO2",0.667258035415877
"SERPINH11",7.58023828014768e-166,2.3676651228005,0.223,0.067,2.23882337604162e-161,"Smooth muscle cells","SERPINH1",0.527989322384511
"EEF1A12",4.27288035398554e-148,1.93315020180844,0.279,0.104,1.26199521254963e-143,"Smooth muscle cells","EEF1A1",0.539348906304556
"COL4A13",1.32781677260424e-133,1.55137797294847,0.309,0.128,3.92170683788662e-129,"Smooth muscle cells","COL4A1",0.479375793641077
"TMSB4X1",1.9166811755335e-129,1.687231369803,0.296,0.123,5.66091785193818e-125,"Smooth muscle cells","TMSB4X",0.499420485461689
"MT-ATP64",1.29539495287382e-120,1.0222788955242,0.543,0.314,3.82594899331283e-116,"Smooth muscle cells","MT-ATP6",0.55509744026964
"ACTB2",1.93502395501633e-112,1.57501323369215,0.286,0.124,5.71509325114074e-108,"Smooth muscle cells","ACTB",0.450453784835955
"HMGCS12",1.41216383566105e-111,2.24297772625918,0.186,0.063,4.17082588862492e-107,"Smooth muscle cells","HMGCS1",0.417193857084207
"HSP90AB13",2.30107447009043e-111,1.74211769153891,0.303,0.139,6.79622344741207e-107,"Smooth muscle cells","HSP90AB1",0.52786166053629
"MT-ND23",4.41275192704318e-106,1.12423215145086,0.445,0.245,1.3033062816522e-101,"Smooth muscle cells","MT-ND2",0.500283307395633
"MT-ND14",6.68718516548853e-97,1.08445812420785,0.41,0.221,1.97506013862704e-92,"Smooth muscle cells","MT-ND1",0.44462783092522
"MT-ND65",2.19331412432472e-94,1.4665579284245,0.38,0.212,6.47795326619307e-90,"Smooth muscle cells","MT-ND6",0.557292012801311
"ELOVL52",1.67668682729915e-92,1.60895833747694,0.356,0.198,4.95209454442804e-88,"Smooth muscle cells","ELOVL5",0.572789168141791
"MT-ND54",2.34728453420634e-92,1.45613416206516,0.365,0.2,6.93270487177844e-88,"Smooth muscle cells","MT-ND5",0.531488969153784
"IGFBP42",7.28170293204326e-90,1.74548472256057,0.197,0.076,2.15065096097898e-85,"Smooth muscle cells","IGFBP4",0.343860490344433
"MT-ND4L4",7.48564306664389e-89,1.83087251057396,0.286,0.142,2.21088467973327e-84,"Smooth muscle cells","MT-ND4L",0.523629538024153
"HS3ST21",1.88439763972162e-88,1.12793245733542,0.128,0.038,5.56556842891781e-84,"Smooth muscle cells","HS3ST2",0.144375354538933
"SFTPA11",9.60164835035268e-88,1.28537517111297,0.151,0.05,2.83584684027666e-83,"Smooth muscle cells","SFTPA1",0.194091650838058
"PTMA2",2.13846725441291e-86,1.51293272333828,0.32,0.17,6.31596303590854e-82,"Smooth muscle cells","PTMA",0.484138471468249
"HSPD14",1.21165609985628e-80,1.35906948989177,0.283,0.141,3.57862629092552e-76,"Smooth muscle cells","HSPD1",0.384616665639371
"MT2A1",3.52376121961221e-80,1.69234929651368,0.174,0.066,1.04074287621247e-75,"Smooth muscle cells","MT2A",0.29446877759338
"HSPA84",9.78666446014964e-80,1.72940299952711,0.207,0.088,2.8904913483052e-75,"Smooth muscle cells","HSPA8",0.357986420902113
"HSPA1A4",1.8874924720116e-78,1.4599081100431,0.307,0.164,5.57470901608626e-74,"Smooth muscle cells","HSPA1A",0.448191789783231
"HMOX12",1.55107536552216e-77,1.56822501044603,0.18,0.071,4.5811010920697e-73,"Smooth muscle cells","HMOX1",0.282280501880285
"DCN1",1.65286681605391e-77,1.18527313679849,0.225,0.098,4.88174214121521e-73,"Smooth muscle cells","DCN",0.26668645577966
"HSPA1B3",1.75606287069412e-77,1.88045301133689,0.204,0.087,5.18653168859508e-73,"Smooth muscle cells","HSPA1B",0.383612414312725
"MT-ATP84",1.84648120007016e-75,1.49696979343203,0.303,0.163,5.45358222440723e-71,"Smooth muscle cells","MT-ATP8",0.453581847409904
"RPL413",1.34215399122277e-74,1.85549312654107,0.189,0.08,3.96405181307645e-70,"Smooth muscle cells","RPL41",0.350688200916263
"COL15A11",6.48657097693184e-73,2.26876129122129,0.101,0.03,1.91580873803682e-68,"Smooth muscle cells","COL15A1",0.229144890413351
"UBC4",1.13573721821882e-72,1.62744612499861,0.261,0.133,3.35439987400928e-68,"Smooth muscle cells","UBC",0.424763438624638
"GPX31",4.78904541873038e-70,1.85593113683095,0.118,0.039,1.41444456442202e-65,"Smooth muscle cells","GPX3",0.218999874146052
"RPL134",4.79396368066863e-70,1.57100305206575,0.224,0.106,1.41589717308548e-65,"Smooth muscle cells","RPL13",0.351904683662727
"MTRNR2L124",7.85245195870268e-68,1.63609580358639,0.287,0.159,2.31922168600284e-63,"Smooth muscle cells","MTRNR2L12",0.469559495629295
"ACTG12",1.4993335561834e-67,1.69487765371759,0.212,0.1,4.42828165818768e-63,"Smooth muscle cells","ACTG1",0.359314062588129
"IFITM31",5.60335107388619e-66,2.26919921487458,0.105,0.033,1.65494973967229e-61,"Smooth muscle cells","IFITM3",0.238265917561831
"ITGA24",2.68261437699797e-65,1.69104328685356,0.194,0.087,7.92310156246349e-61,"Smooth muscle cells","ITGA2",0.32806239764959
"MGP1",5.45135448100486e-65,1.64867800717322,0.127,0.045,1.61005754596479e-60,"Smooth muscle cells","MGP",0.209382106910999
"HSPB13",9.83990607132099e-63,1.76147901585386,0.181,0.08,2.90621625816466e-58,"Smooth muscle cells","HSPB1",0.318827701869549
"SLCO2A11",4.05771821371278e-62,1.18570430853964,0.12,0.041,1.19844707442007e-57,"Smooth muscle cells","SLCO2A1",0.142284517024757
"ZFP36L11",9.92215531944307e-61,1.26817736386276,0.353,0.227,2.93050857359751e-56,"Smooth muscle cells","ZFP36L1",0.447666609443554
"RPL13A4",9.8362446844124e-60,1.54000341276134,0.21,0.103,2.9051348675412e-55,"Smooth muscle cells","RPL13A",0.323400716679881
"RPL38",2.03740913502909e-57,2.14952363094673,0.112,0.04,6.01748788030843e-53,"Smooth muscle cells","RPL38",0.240746646666034
"S100A63",3.01817883648836e-56,1.49864458466799,0.17,0.076,8.91419119356836e-52,"Smooth muscle cells","S100A6",0.254769579393559
"ADAMTS92",2.2410165210019e-55,1.15365710685828,0.153,0.064,6.61884229477912e-51,"Smooth muscle cells","ADAMTS9",0.176509537349316
"MSMO11",2.54392992040635e-55,2.32973893092173,0.12,0.046,7.51349701992017e-51,"Smooth muscle cells","MSMO1",0.279568671710607
"RPLP12",1.74716954184687e-54,1.60015077027785,0.175,0.081,5.16026524184473e-50,"Smooth muscle cells","RPLP1",0.280026384798623
"RPL36",1.5088827917902e-53,2.03162336372941,0.116,0.044,4.45648532555235e-49,"Smooth muscle cells","RPL36",0.235668310192612
"ENPP21",2.1253058497046e-53,1.69025684297616,0.102,0.036,6.27709082710253e-49,"Smooth muscle cells","ENPP2",0.172406197983568
"INSIG11",2.64014159948854e-53,1.99385370053759,0.117,0.045,7.79765821408939e-49,"Smooth muscle cells","INSIG1",0.233280882962898
"RPL23",1.05175648783973e-50,2.26709094926639,0.105,0.039,3.10636278683464e-46,"Smooth muscle cells","RPL23",0.238044549672971
"MOB41",2.87671731054533e-50,1.83690983469678,0.139,0.06,8.49638457669562e-46,"Smooth muscle cells","MOB4",0.255330467022852
"RPS193",1.81411933311645e-49,1.36346163641149,0.208,0.11,5.35800145035944e-45,"Smooth muscle cells","RPS19",0.283600020373589
"NR2F11",4.67050798960498e-49,1.76943703256181,0.133,0.056,1.37943453472983e-44,"Smooth muscle cells","NR2F1",0.235335125330721
"JUND1",2.39997137103596e-48,1.45895065825551,0.25,0.147,7.08831544435472e-44,"Smooth muscle cells","JUND",0.364737664563878
"RPS284",1.51502466301091e-47,1.46064553886828,0.193,0.1,4.47462534220273e-43,"Smooth muscle cells","RPS28",0.281904589001578
"RPS181",9.73651333849678e-47,1.82721328326857,0.127,0.054,2.87567921452502e-42,"Smooth muscle cells","RPS18",0.232056086975108
"RPS244",3.09724454530307e-45,1.7732271306156,0.164,0.08,9.14771176455263e-41,"Smooth muscle cells","RPS24",0.290809249420959
"TMSB101",2.39541355739801e-44,1.71022701510856,0.12,0.051,7.07485394177503e-40,"Smooth muscle cells","TMSB10",0.205227241813028
"THBS21",1.10563143175168e-43,1.08839457859091,0.158,0.074,3.26548243367859e-39,"Smooth muscle cells","THBS2",0.171966343417364
"TNC1",3.2270265486686e-43,1.0794440209571,0.107,0.042,9.53102291149271e-39,"Smooth muscle cells","TNC",0.115500510242409
"HSPA52",3.25157885992519e-43,1.53818884055429,0.161,0.079,9.60353816278906e-39,"Smooth muscle cells","HSPA5",0.247648403329241
"RPL284",2.42829356093115e-42,1.70205359957375,0.147,0.07,7.17196503221016e-38,"Smooth muscle cells","RPL28",0.250201879137341
"RPS12",8.11290210476666e-41,1.88436809906942,0.109,0.045,2.39614563664283e-36,"Smooth muscle cells","RPS12",0.205396122798567
"RPL15",1.12125759830098e-39,1.9691645895026,0.121,0.054,3.31163431658196e-35,"Smooth muscle cells","RPL15",0.238268915329815
"IGFBP72",6.64162298496458e-39,1.15699748536354,0.209,0.118,1.96160334860929e-34,"Smooth muscle cells","IGFBP7",0.24181247444098
"RPS27",2.96524912646247e-37,1.67036636123065,0.113,0.05,8.75786329500691e-33,"Smooth muscle cells","RPS27",0.188751398819063
"DNAJB13",6.6410207154287e-37,1.33842257427461,0.159,0.082,1.96142546830187e-32,"Smooth muscle cells","DNAJB1",0.212809189309664
"RPL111",2.62916267972194e-35,1.83562264720821,0.121,0.057,7.76523197455876e-31,"Smooth muscle cells","RPL11",0.222110340312193
"RPL351",1.40781801012913e-34,1.85360095375327,0.107,0.048,4.15799049291638e-30,"Smooth muscle cells","RPL35",0.198335302051599
"TPT12",3.44259579588206e-34,1.55521384095941,0.143,0.073,1.01677066831377e-29,"Smooth muscle cells","TPT1",0.222395579257195
"RPS23",7.03524328469836e-34,1.50698539350029,0.145,0.075,2.07785910413566e-29,"Smooth muscle cells","RPS2",0.218512882057542
"RPS61",4.69657131887066e-32,1.78377426359228,0.111,0.052,1.38713233902845e-27,"Smooth muscle cells","RPS6",0.197998943258743
"S100A111",1.42859919674163e-29,1.63271508353903,0.113,0.055,4.2193677275764e-25,"Smooth muscle cells","S100A11",0.18449680443991
"JUNB2",9.63639493974026e-29,1.50379818883554,0.161,0.092,2.84610924545229e-24,"Smooth muscle cells","JUNB",0.242111508402522
"MARCKS2",4.95300501141371e-28,1.57043764775917,0.118,0.06,1.46287003012104e-23,"Smooth muscle cells","MARCKS",0.185311642435582
"FDFT12",1.61315796572198e-27,1.59831476542748,0.152,0.088,4.76446205175987e-23,"Smooth muscle cells","FDFT1",0.242943844344976
"RPL61",2.60069376336421e-27,1.79915493377624,0.103,0.05,7.6811490300962e-23,"Smooth muscle cells","RPL6",0.185312958178953
"SQSTM12",1.15551772435129e-26,1.25812854953132,0.229,0.156,3.41282159887154e-22,"Smooth muscle cells","SQSTM1",0.288111437842673
"BAG31",1.55249480952153e-26,1.54184167032073,0.103,0.051,4.58529341992183e-22,"Smooth muscle cells","BAG3",0.158809692043035
"MTRNR2L83",1.19135702482751e-25,1.58061466984524,0.117,0.061,3.51867297282806e-21,"Smooth muscle cells","MTRNR2L8",0.184931916371893
"ACSL32",1.19489913461728e-25,1.16840507803949,0.263,0.19,3.52913459409215e-21,"Smooth muscle cells","ACSL3",0.307290535524386
"CCN12",4.06753865827352e-25,1.00853607077891,0.124,0.066,1.20134754272108e-20,"Smooth muscle cells","CCN1",0.125058472776585
"LTBP21",1.82686539399495e-24,1.13681951038779,0.11,0.056,5.39564694116407e-20,"Smooth muscle cells","LTBP2",0.125050146142657
"RPL37A4",3.60031639151459e-23,1.40052397028439,0.136,0.079,1.06335344623383e-18,"Smooth muscle cells","RPL37A",0.190471259958677
"RPL33",5.55559461935515e-23,1.33436773798132,0.137,0.079,1.64084487082654e-18,"Smooth muscle cells","RPL3",0.182808380103441
"MMP141",1.73749437731054e-22,1.40894137635032,0.12,0.067,5.13168964338668e-18,"Smooth muscle cells","MMP14",0.169072965162039
"SLC34A22",2.38556149748361e-22,1.24810410038641,0.142,0.084,7.04575588281785e-18,"Smooth muscle cells","SLC34A2",0.17723078225487
"DYSF3",3.08951630185819e-22,1.30894753509515,0.122,0.068,9.12488639753815e-18,"Smooth muscle cells","DYSF",0.159691599281608
"RPL212",1.23464903501882e-21,1.47803521895594,0.116,0.064,3.64653592492808e-17,"Smooth muscle cells","RPL21",0.171452085398889
"SELENOP1",1.36060082886376e-21,1.19141216128662,0.126,0.071,4.01853454804913e-17,"Smooth muscle cells","SELENOP",0.150117932322115
"SPON11",1.70460201579711e-21,1.00694124236883,0.135,0.077,5.03454205365676e-17,"Smooth muscle cells","SPON1",0.135937067719792
"RPL7A1",2.78947524800798e-21,1.37278053052535,0.114,0.063,8.23871514499156e-17,"Smooth muscle cells","RPL7A",0.15649698047989
"RPLP2",4.79109653290569e-21,1.57747228278103,0.104,0.056,1.41505036099369e-16,"Smooth muscle cells","RPLP2",0.164057117409227
"RPS81",6.4470448092218e-21,1.58399329124054,0.106,0.057,1.90413468440366e-16,"Smooth muscle cells","RPS8",0.167903288871497
"RPLP03",8.03106610577818e-21,1.35903154488961,0.123,0.07,2.37197537434159e-16,"Smooth muscle cells","RPLP0",0.167160880021422
"TGM22",8.42237065160125e-21,1.21212876495613,0.124,0.071,2.48754717195043e-16,"Smooth muscle cells","TGM2",0.15030396685456
"CD593",1.33191675920812e-20,1.4724699164243,0.133,0.079,3.93381614832117e-16,"Smooth muscle cells","CD59",0.195838498884431
"CDKN1A",1.38382578956576e-20,1.51596470764977,0.104,0.057,4.08712946948246e-16,"Smooth muscle cells","CDKN1A",0.157660329595576
"MYL61",2.77813615595652e-20,1.47999421973502,0.103,0.056,8.20522513661759e-16,"Smooth muscle cells","MYL6",0.152439404632707
"DNAJA12",2.76191085606957e-19,1.58274300789008,0.131,0.079,8.15730371340147e-15,"Smooth muscle cells","DNAJA1",0.2073393340336
"CTSL2",1.00329238470152e-18,1.01817927664788,0.128,0.076,2.96322405821595e-14,"Smooth muscle cells","CTSL",0.130326947410928
"CNN32",1.40760016530247e-18,1.24968565131801,0.149,0.094,4.15734708822085e-14,"Smooth muscle cells","CNN3",0.186203162046384
"TRAM13",4.90870495817044e-18,1.41539515585977,0.174,0.12,1.44978600939564e-13,"Smooth muscle cells","TRAM1",0.246278757119601
"MXD12",6.98822912964275e-18,1.27560374251625,0.135,0.084,2.06397347343999e-13,"Smooth muscle cells","MXD1",0.172206505239694
"CANX3",1.52069937731612e-17,1.34576637693187,0.185,0.131,4.49138561090315e-13,"Smooth muscle cells","CANX",0.248966779732397
"KRT73",1.69562249289826e-17,1.3670500949831,0.105,0.061,5.008021032775e-13,"Smooth muscle cells","KRT7",0.143540259973225
"FSTL11",3.80056779088174e-17,1.07193675887128,0.131,0.081,1.12249769703692e-12,"Smooth muscle cells","FSTL1",0.140423715412138
"CALR2",4.14706953928184e-17,1.46948611061951,0.119,0.072,1.22483698842689e-12,"Smooth muscle cells","CALR",0.174868847163722
"CEBPB3",1.14362647482522e-16,1.06964329512472,0.182,0.126,3.37770079339628e-12,"Smooth muscle cells","CEBPB",0.194675079712699
"RPL171",1.51267495090684e-16,1.53007660516959,0.116,0.07,4.46768546750336e-12,"Smooth muscle cells","RPL17",0.177488886199673
"ATF32",1.55910916472989e-16,1.2044357460896,0.116,0.07,4.60482891802972e-12,"Smooth muscle cells","ATF3",0.139714546546393
"KCNQ33",2.92574661001835e-16,1.45520970632302,0.114,0.07,8.6411926126892e-12,"Smooth muscle cells","KCNQ3",0.165893906520824
"NPC22",3.07375110923349e-16,1.39688809972627,0.109,0.065,9.0783239011211e-12,"Smooth muscle cells","NPC2",0.152260802870163
"TMEM30A2",5.04517813117207e-16,1.52603348638711,0.169,0.12,1.49009336104167e-11,"Smooth muscle cells","TMEM30A",0.257899659199422
"JUN4",6.43167438520862e-16,1.1075719210191,0.179,0.126,1.89959502967137e-11,"Smooth muscle cells","JUN",0.19825537386242
"HOPX2",8.21514437698607e-16,1.21787122384247,0.125,0.079,2.42634289174283e-11,"Smooth muscle cells","HOPX",0.152233902980309
"RPS33",2.22075063234171e-15,1.26669447505223,0.11,0.067,6.55898699262124e-11,"Smooth muscle cells","RPS3",0.139336392255745
"RPS27A1",2.66263415669793e-15,1.42209671321099,0.102,0.061,7.86408998180734e-11,"Smooth muscle cells","RPS27A",0.145053864747521
"PPP1R15A2",6.25164239472633e-15,1.23047400488561,0.136,0.09,1.84642258128242e-10,"Smooth muscle cells","PPP1R15A",0.167344464664443
"PRSS232",8.29269304528149e-14,1.02844540723433,0.101,0.06,2.44924689092389e-09,"Smooth muscle cells","PRSS23",0.103872986130667
"LAMP11",1.06679291592313e-13,1.00948945288271,0.157,0.108,3.15077287717896e-09,"Smooth muscle cells","LAMP1",0.158489844102586
"EEF23",1.24921526084096e-13,1.1258979051588,0.126,0.082,3.68955727289376e-09,"Smooth muscle cells","EEF2",0.141863136050008
"HSPE11",1.42426006200846e-13,1.23141089960388,0.103,0.063,4.20655209314199e-09,"Smooth muscle cells","HSPE1",0.1268353226592
"CD812",4.9895151646475e-13,1.1820514673854,0.117,0.076,1.47365330387864e-08,"Smooth muscle cells","CD81",0.138300021684091
"CD632",9.55720112813157e-11,1.08260935021758,0.12,0.083,2.82271935319366e-06,"Smooth muscle cells","CD63",0.12991312202611
"C1R1",1.09838885153496e-10,1.02723859815735,0.107,0.071,3.24409147300852e-06,"Smooth muscle cells","C1R",0.109914530002836
"LMAN12",2.16405142894345e-10,1.17918404055744,0.147,0.109,6.39152589538447e-06,"Smooth muscle cells","LMAN1",0.173340053961943
"RPSA1",3.82232889764347e-10,1.14612769233462,0.107,0.072,1.128924839919e-05,"Smooth muscle cells","RPSA",0.122635663079804
"KITLG3",8.75922808267262e-10,1.11364002383255,0.101,0.068,2.58703801421736e-05,"Smooth muscle cells","KITLG",0.112477642407087
"STOM3",1.14634533780348e-09,1.13848130373247,0.136,0.1,3.38573095520258e-05,"Smooth muscle cells","STOM",0.154833457307616
"EIF4A12",2.41745991181354e-09,1.08271601302128,0.15,0.113,7.13996784954129e-05,"Smooth muscle cells","EIF4A1",0.162407401953192
"NCL1",3.20938476235597e-08,1.19740942914779,0.107,0.076,0.000947891789561835,"Smooth muscle cells","NCL",0.128122808918814
"EFEMP12",1.40138519225013e-07,1.14217474725048,0.105,0.076,0.00413899116531076,"Smooth muscle cells","EFEMP1",0.119928348461301
"TMBIM62",2.76555550394388e-07,1.05207735401008,0.136,0.106,0.00816806818089826,"Smooth muscle cells","TMBIM6",0.143082520145371
"ADAM103",3.44617277062395e-07,1.04538529721554,0.104,0.076,0.0101782712780378,"Smooth muscle cells","ADAM10",0.108720070910416
"P4HB2",4.39217096976332e-07,1.03240141555415,0.128,0.098,0.012972276959196,"Smooth muscle cells","P4HB",0.132147381190932
"CEBPD3",4.75749216269053e-07,1.24965097312663,0.104,0.077,0.0140512531025065,"Smooth muscle cells","CEBPD",0.12996370120517
"YWHAG1",1.71611947756602e-06,1.19436789585302,0.12,0.093,0.0506855887699124,"Smooth muscle cells","YWHAG",0.143324147502362
"NORAD2",2.48587690417925e-06,1.2416604322277,0.123,0.096,0.0734203743649343,"Smooth muscle cells","NORAD",0.152724233164007
"CALU2",4.60371750773523e-06,1.08202670206714,0.149,0.123,0.13597079659096,"Smooth muscle cells","CALU",0.161221978608003
"LAPTM4A2",6.35012846565086e-06,1.15588781342352,0.113,0.088,0.187551044232998,"Smooth muscle cells","LAPTM4A",0.130615322916858
"MORF4L23",1.78678031236631e-05,1.07928536521268,0.143,0.119,0.527725565257389,"Smooth muscle cells","MORF4L2",0.154337807225414
"PKM2",2.20624215261494e-05,1.01084562280129,0.135,0.111,0.651613619774822,"Smooth muscle cells","PKM",0.136464159078174
"SDC43",0.000206580903699508,1.06784198513472,0.108,0.088,1,"Smooth muscle cells","SDC4",0.115326934394549
"ACSS22",0.000397632148889453,1.06149185628646,0.109,0.09,1,"Smooth muscle cells","ACSS2",0.115702612335224
"CALM23",0.00228161028595766,1.02058157842256,0.136,0.121,1,"Smooth muscle cells","CALM2",0.138799094665468
"BANK12",0,6.68378736017431,0.791,0.045,0,"B-cells","BANK1",5.28687580189788
"AFF32",0,3.71705015503132,0.791,0.118,0,"B-cells","AFF3",2.94018667262977
"PRKCB4",0,2.72431540383436,0.702,0.194,0,"B-cells","PRKCB",1.91246941349172
"EBF12",0,3.54234084297566,0.58,0.079,0,"B-cells","EBF1",2.05455768892588
"BLK",0,7.83405874540136,0.501,0.004,0,"B-cells","BLK",3.92486343144608
"RALGPS22",0,3.57421922968732,0.602,0.119,0,"B-cells","RALGPS2",2.15167997627177
"ARHGAP243",0,2.99194678071864,0.745,0.273,0,"B-cells","ARHGAP24",2.22900035163539
"ARHGAP154",0,2.03152858752174,0.745,0.277,0,"B-cells","ARHGAP15",1.5134887977037
"MEF2C3",0,3.03270695341459,0.619,0.165,0,"B-cells","MEF2C",1.87724560416363
"MARCH12",0,3.44061715095052,0.52,0.098,0,"B-cells","MARCH1",1.78912091849427
"BACH22",0,4.08401805579302,0.533,0.111,0,"B-cells","BACH2",2.17678162373768
"ANKRD444",0,2.21863068863743,0.749,0.332,0,"B-cells","ANKRD44",1.66175438578943
"OSBPL104",0,3.61316203795761,0.529,0.118,0,"B-cells","OSBPL10",1.91136271807957
"PAX5",0,8.61802326673572,0.403,0.002,0,"B-cells","PAX5",3.4730633764945
"MGAT53",0,2.5156002862314,0.693,0.297,0,"B-cells","MGAT5",1.74331099835836
"INPP5D4",0,2.46474214526051,0.547,0.154,0,"B-cells","INPP5D",1.3482139534575
"RIPOR23",0,2.53570543114777,0.508,0.116,0,"B-cells","RIPOR2",1.28813835902306
"SMAP25",0,2.06409368502934,0.607,0.218,0,"B-cells","SMAP2",1.25290486681281
"ADAM282",0,3.84288218838091,0.428,0.05,0,"B-cells","ADAM28",1.64475357662703
"BCL23",0,2.44213676552445,0.536,0.168,0,"B-cells","BCL2",1.3089853063211
"MS4A1",0,9.41987162087075,0.368,0.001,0,"B-cells","MS4A1",3.46651275648044
"TMEM131L3",0,2.88079216589242,0.525,0.16,0,"B-cells","TMEM131L",1.51241588709352
"BCL11A",0,4.78108414102829,0.373,0.028,0,"B-cells","BCL11A",1.78334438460355
"WDFY42",0,3.20690297265553,0.408,0.075,0,"B-cells","WDFY4",1.30841641284346
"ST6GAL14",0,1.88703063242785,0.562,0.23,0,"B-cells","ST6GAL1",1.06051121542445
"SP1403",0,3.02863005061882,0.388,0.072,0,"B-cells","SP140",1.1751084596401
"SEL1L33",0,2.34621323108387,0.486,0.173,0,"B-cells","SEL1L3",1.14025963030676
"HDAC93",0,2.83467381440343,0.383,0.075,0,"B-cells","HDAC9",1.08568007091651
"CARD112",0,2.3565642335992,0.393,0.088,0,"B-cells","CARD11",0.926129743804486
"STRBP4",0,2.82661176190731,0.418,0.119,0,"B-cells","STRBP",1.18152371647726
"RCSD14",0,3.13096587015837,0.368,0.072,0,"B-cells","RCSD1",1.15219544021828
"IKZF33",0,2.67142855986224,0.358,0.062,0,"B-cells","IKZF3",0.956371424430683
"FCRL1",0,6.89325191428623,0.302,0.007,0,"B-cells","FCRL1",2.08176207811444
"POU2F22",0,3.40080165429244,0.343,0.051,0,"B-cells","POU2F2",1.16647496742231
"GNG71",0,3.70125460152966,0.33,0.039,0,"B-cells","GNG7",1.22141401850479
"PLEKHG13",0,2.69653287837317,0.373,0.095,0,"B-cells","PLEKHG1",1.00580676363319
"PPP1R16B4",0,2.30959583485562,0.342,0.078,0,"B-cells","PPP1R16B",0.789881775520621
"RHOH3",0,2.60678244627367,0.332,0.069,0,"B-cells","RHOH",0.865451772162858
"MICAL34",0,2.98117346679133,0.338,0.08,0,"B-cells","MICAL3",1.00763663177547
"IFNG-AS12",0,2.88291993006007,0.305,0.052,0,"B-cells","IFNG-AS1",0.879290578668322
"LRMP2",0,3.76099937697866,0.296,0.049,0,"B-cells","LRMP",1.11325581558568
"COL19A1",0,5.62811494971059,0.254,0.016,0,"B-cells","COL19A1",1.42954119722649
"TMEM1562",0,3.52825332295177,0.242,0.025,0,"B-cells","TMEM156",0.853837304154328
"CD22",0,5.57353613186755,0.224,0.008,0,"B-cells","CD22",1.24847209353833
"KCNQ52",0,2.94051685876743,0.236,0.041,0,"B-cells","KCNQ5",0.693961978669114
"NIBAN3",0,7.79860247817105,0.195,0.001,0,"B-cells","NIBAN3",1.52072748324335
"STAP1",0,4.76973981063688,0.177,0.006,0,"B-cells","STAP1",0.844243946482728
"RUBCNL",0,3.48014394553716,0.201,0.033,0,"B-cells","RUBCNL",0.699508933052969
"FCRL51",0,2.8438776233523,0.183,0.027,0,"B-cells","FCRL5",0.520429605073471
"C12orf42",0,4.75259216494977,0.161,0.008,0,"B-cells","C12orf42",0.765167338556913
"CNR2",0,6.91244683300983,0.153,0.002,0,"B-cells","CNR2",1.0576043654505
"HVCN1",0,4.05145911994149,0.174,0.023,0,"B-cells","HVCN1",0.704953886869819
"P2RX5",0,4.81064871328356,0.152,0.008,0,"B-cells","P2RX5",0.731218604419101
"TSBP1-AS1",0,4.45865125832134,0.156,0.013,0,"B-cells","TSBP1-AS1",0.69554959629813
"RHEX1",0,4.06898369011678,0.155,0.014,0,"B-cells","RHEX",0.630692471968102
"TMEM154",0,3.72841562223678,0.158,0.02,0,"B-cells","TMEM154",0.589089668313411
"STEAP1B",0,5.50921475454698,0.147,0.009,0,"B-cells","STEAP1B",0.809854568918405
"AIM2",0,4.57549124926435,0.147,0.011,0,"B-cells","AIM2",0.672597213641859
"FCMR",0,4.44652882037713,0.142,0.008,0,"B-cells","FCMR",0.631407092493552
"LY86-AS1",0,4.87956774103236,0.136,0.008,0,"B-cells","LY86-AS1",0.663621212780401
"BCAS4",0,4.06452282834937,0.136,0.014,0,"B-cells","BCAS4",0.552775104655514
"FCRL2",0,6.03628914906652,0.12,0.004,0,"B-cells","FCRL2",0.724354697887982
"KLHL14",0,5.273664202677,0.12,0.004,0,"B-cells","KLHL14",0.632839704321239
"KCNH8",0,4.59767490840602,0.118,0.009,0,"B-cells","KCNH8",0.542525639191911
"TNFRSF13B1",0,4.84492303104246,0.107,0.006,0,"B-cells","TNFRSF13B",0.518406764321544
"CLNK",0,4.37424667715033,0.1,0.004,0,"B-cells","CLNK",0.437424667715033
"FCHSD23",2.12512019758746e-307,1.83043547368088,0.668,0.359,6.27654250357456e-303,"B-cells","FCHSD2",1.22273089641883
"DENND5B2",1.70924722208029e-305,2.61381034290248,0.321,0.083,5.04826167041414e-301,"B-cells","DENND5B",0.839033120071696
"ADAM193",2.18294694837206e-285,2.29156501603489,0.319,0.084,6.44733381201689e-281,"B-cells","ADAM19",0.731009240115131
"CD37",2.57858797911165e-284,3.43252041783415,0.183,0.032,7.61585959630627e-280,"B-cells","CD37",0.628151236463649
"RABEP2",2.65811776421703e-279,3.58291194108649,0.182,0.032,7.850750816615e-275,"B-cells","RABEP2",0.65208997327774
"PDE7A2",2.19765234208247e-269,1.98359196316882,0.561,0.264,6.49076619234058e-265,"B-cells","PDE7A",1.11279509133771
"TPD522",2.35228148845641e-265,2.41849512861748,0.355,0.111,6.947463376156e-261,"B-cells","TPD52",0.858565770659206
"TRAF51",2.0992648280522e-262,2.74990304767407,0.242,0.055,6.20017866965216e-258,"B-cells","TRAF5",0.665476537537124
"JADE3",3.66628057225371e-259,3.73528636309862,0.166,0.029,1.08283596701513e-254,"B-cells","JADE3",0.620057536274371
"LY861",5.72402221678342e-259,3.41707461094801,0.166,0.028,1.69058996172698e-254,"B-cells","LY86",0.567234385417369
"CCND32",2.83157056480217e-256,1.81833298709837,0.563,0.266,8.36304366314321e-252,"B-cells","CCND3",1.02372147173638
"PARP151",1.07003091771742e-254,3.19233846547608,0.191,0.037,3.16033631547839e-250,"B-cells","PARP15",0.609736646905931
"MEF2C-AS11",6.98216732903927e-253,3.1726490794952,0.205,0.042,2.06218312063175e-248,"B-cells","MEF2C-AS1",0.650393061296516
"ZCCHC73",9.03518993800814e-247,2.01597109625672,0.6,0.347,2.66854334819071e-242,"B-cells","ZCCHC7",1.20958265775403
"SLC9A7",4.23045006292797e-246,3.27909103402065,0.185,0.036,1.24946342608578e-241,"B-cells","SLC9A7",0.606631841293821
"PTPRC3",2.88161229084273e-242,1.09499876629582,0.647,0.3,8.51084190100401e-238,"B-cells","PTPRC",0.708464201793398
"ITPR12",8.52058168164196e-240,2.15743083819019,0.473,0.206,2.51655379967295e-235,"B-cells","ITPR1",1.02046478646396
"BLNK1",1.54164832303679e-235,3.01870739896505,0.193,0.04,4.55325832208917e-231,"B-cells","BLNK",0.582610528000255
"CDK142",5.81009286181329e-228,1.90853921388126,0.55,0.282,1.71601092673655e-223,"B-cells","CDK14",1.0496965676347
"TNFAIP82",1.43284300836421e-221,1.90924683417,0.427,0.169,4.23190182520369e-217,"B-cells","TNFAIP8",0.815248398190588
"USP6NL4",9.08528533620511e-220,2.44188868142866,0.38,0.146,2.68333902404818e-215,"B-cells","USP6NL",0.927917698942891
"IKZF14",4.17478258983827e-215,1.58030495042531,0.444,0.174,1.23302203790873e-210,"B-cells","IKZF1",0.701655397988836
"PLCG23",1.51632098290237e-210,1.81550812236448,0.556,0.304,4.47845402300214e-206,"B-cells","PLCG2",1.00942251603465
"P2RY83",5.94300449884893e-209,2.09576738642816,0.252,0.068,1.75526637873503e-204,"B-cells","P2RY8",0.528133381379898
"SP1103",9.88758732795806e-208,2.53567079356996,0.286,0.088,2.92029891731241e-203,"B-cells","SP110",0.725201846961009
"ZNF1071",7.57938860530678e-207,3.13207733983266,0.179,0.039,2.23857242457736e-202,"B-cells","ZNF107",0.560641843830045
"RABGAP1L3",9.70533858389407e-203,1.55423449227434,0.676,0.462,2.86647175075311e-198,"B-cells","RABGAP1L",1.05066251677745
"RASSF62",8.17622572211706e-200,4.12388643832541,0.126,0.021,2.41484826702727e-195,"B-cells","RASSF6",0.519609691229002
"VOPP13",1.04810732556218e-193,1.94470412643029,0.44,0.197,3.09558498604791e-189,"B-cells","VOPP1",0.855669815629326
"ANGPTL1",3.7867981522843e-192,3.63515122300075,0.115,0.018,1.11843083427717e-187,"B-cells","ANGPTL1",0.418042390645087
"CYFIP22",1.2850287530249e-191,2.34460232609019,0.226,0.06,3.79533242205903e-187,"B-cells","CYFIP2",0.529880125696383
"IRF82",2.10158585164465e-190,2.85106238363578,0.183,0.043,6.20703381283248e-186,"B-cells","IRF8",0.521744416205348
"EML62",8.40463687575933e-190,3.33182333749935,0.134,0.024,2.48230950125552e-185,"B-cells","EML6",0.446464327224913
"POU2AF12",1.25654894570519e-189,2.09155437495971,0.172,0.037,3.71121731114029e-185,"B-cells","POU2AF1",0.35974735249307
"LYN4",2.44820261171843e-188,1.66226669638538,0.498,0.248,7.23076641371038e-184,"B-cells","LYN",0.827808814799921
"SYK3",6.54161779793141e-185,2.05865657238316,0.359,0.141,1.93206681661904e-180,"B-cells","SYK",0.739057709485556
"ATP2A33",3.03932124881405e-181,2.41680127600211,0.183,0.043,8.97663530837229e-177,"B-cells","ATP2A3",0.442274633508386
"TNRC6B3",7.04314671903301e-181,1.42109957017406,0.645,0.446,2.0801933834664e-176,"B-cells","TNRC6B",0.91660922276227
"MEF2C-AS2",1.93937706544806e-179,3.34768026999021,0.114,0.019,5.72795016280083e-175,"B-cells","MEF2C-AS2",0.381635550778884
"CD534",2.75750063155566e-179,2.10837896521726,0.294,0.099,8.14427811529963e-175,"B-cells","CD53",0.619863415773875
"SETBP13",3.05231194131451e-173,1.719488793255,0.39,0.162,9.01500331867241e-169,"B-cells","SETBP1",0.670600629369452
"RASGRP2",7.17244146593499e-172,3.00745558547371,0.106,0.017,2.1183805869639e-167,"B-cells","RASGRP2",0.318790292060214
"CDC42SE23",2.07119533391763e-167,1.54872584510119,0.49,0.249,6.11727541872571e-163,"B-cells","CDC42SE2",0.758875664099582
"STX72",8.26739753510695e-166,2.09541063931515,0.385,0.175,2.44177586199384e-161,"B-cells","STX7",0.806733096136335
"SMCHD13",1.67353990709494e-164,1.37359635064001,0.626,0.409,4.9428001156049e-160,"B-cells","SMCHD1",0.859871315500647
"DOCK25",5.95783599440346e-157,1.26800107404388,0.51,0.257,1.75964686094706e-152,"B-cells","DOCK2",0.646680547762379
"SWAP703",1.74265061356515e-155,2.21290617229327,0.329,0.136,5.14691858716468e-151,"B-cells","SWAP70",0.728046130684487
"SP1003",4.44878175832042e-155,1.70162460838108,0.504,0.294,1.31394769231994e-150,"B-cells","SP100",0.857618802624066
"XKR65",7.49521831016035e-155,1.90784159795119,0.382,0.174,2.21371272790586e-150,"B-cells","XKR6",0.728795490417355
"NCOA33",2.11537733606733e-154,1.56601045392385,0.493,0.277,6.24776696207487e-150,"B-cells","NCOA3",0.772043153784456
"DAPP11",1.72890811571878e-153,2.94072693190703,0.14,0.031,5.10633011977543e-149,"B-cells","DAPP1",0.411701770466984
"FNBP14",5.78557036051069e-151,1.45653560019444,0.523,0.299,1.70876820597683e-146,"B-cells","FNBP1",0.761768118901693
"ATP2B13",7.71665996699425e-148,1.74132854803837,0.414,0.202,2.27911552125175e-143,"B-cells","ATP2B1",0.720910018887885
"UVRAG3",7.99668691559911e-143,1.69360822959684,0.475,0.275,2.3618214805222e-138,"B-cells","UVRAG",0.804463909058497
"TTN1",1.29376165941035e-141,1.34329938103292,0.333,0.133,3.82112506106846e-137,"B-cells","TTN",0.447318693883962
"SNX293",8.47547621095374e-138,1.60781093499556,0.522,0.331,2.50323189890519e-133,"B-cells","SNX29",0.839277308067684
"STK17A3",2.82856245229809e-136,1.87571982851485,0.32,0.134,8.35415920286241e-132,"B-cells","STK17A",0.600230345124753
"ARHGEF181",1.40554809887308e-135,2.31093717958897,0.277,0.109,4.15128631002165e-131,"B-cells","ARHGEF18",0.640129598746144
"SLC38A13",2.00473928221687e-134,1.64036477782094,0.312,0.126,5.92099747002753e-130,"B-cells","SLC38A1",0.511793810680132
"CD832",1.1644301240762e-132,2.26285547873976,0.208,0.066,3.43914437145904e-128,"B-cells","CD83",0.470673939577869
"DOCK85",3.33764917826294e-132,1.22074316944731,0.514,0.284,9.85774684799959e-128,"B-cells","DOCK8",0.627461989095917
"STK17B4",5.92092996125003e-132,1.68362611001411,0.362,0.167,1.7487466640552e-127,"B-cells","STK17B",0.609472651825109
"MAP4K44",3.53099882701611e-130,1.51994585514082,0.472,0.273,1.04288050355921e-125,"B-cells","MAP4K4",0.717414443626465
"SSPN1",4.6942037432789e-130,3.2308421741,0.11,0.023,1.38643307557742e-125,"B-cells","SSPN",0.355392639151
"RAB301",3.96177396901041e-123,2.38953139202804,0.142,0.037,1.17010994174723e-118,"B-cells","RAB30",0.339313457667982
"TBC1D22A4",1.62922587014147e-120,1.34254892713248,0.561,0.394,4.81191860746282e-116,"B-cells","TBC1D22A",0.753169948121321
"KHDRBS22",7.09312420838734e-119,1.07795618023449,0.28,0.108,2.0949542349472e-114,"B-cells","KHDRBS2",0.301827730465656
"PACS13",1.09770556276375e-118,1.53003952486613,0.466,0.278,3.24207337962273e-114,"B-cells","PACS1",0.712998418587617
"SEPTIN63",1.43897364771356e-116,1.69210663184239,0.283,0.117,4.25000866852199e-112,"B-cells","SEPTIN6",0.478866176811395
"ITGA44",1.1224881243671e-114,1.45221326015603,0.252,0.095,3.31526867531824e-110,"B-cells","ITGA4",0.36595774155932
"SSH24",2.3432280481749e-114,1.05235802789762,0.636,0.479,6.92072404028456e-110,"B-cells","SSH2",0.669299705742887
"RASGRP33",2.59183635353125e-114,2.23234293926387,0.184,0.06,7.65498867015456e-110,"B-cells","RASGRP3",0.410751100824552
"PRDM23",5.57876253094706e-114,1.93418113092898,0.359,0.185,1.64768751351521e-109,"B-cells","PRDM2",0.694371026003502
"ATM3",1.64112210793287e-112,1.47332529699518,0.435,0.25,4.84705414577973e-108,"B-cells","ATM",0.640896504192904
"ARHGAP254",2.04525977282152e-106,1.72185341577516,0.262,0.108,6.04067473902837e-102,"B-cells","ARHGAP25",0.451125594933092
"ZNF804A2",1.49349180379129e-105,3.37524733985888,0.167,0.054,4.41102804249757e-101,"B-cells","ZNF804A",0.563666305756432
"SESN32",2.64077863434518e-105,2.13549533432614,0.241,0.098,7.7995396965385e-101,"B-cells","SESN3",0.5146543755726
"HLA-DQA11",4.93960650999431e-103,2.43914125726583,0.14,0.04,1.45891278272682e-98,"B-cells","HLA-DQA1",0.341479776017216
"CLEC2D2",6.43951274729208e-103,1.65620793553789,0.29,0.129,1.90191008991272e-98,"B-cells","CLEC2D",0.480300301305989
"PIK3AP13",4.23459033469002e-101,2.00071860753973,0.203,0.075,1.2506862553507e-96,"B-cells","PIK3AP1",0.406145877330566
"UHRF21",1.50569769710575e-100,2.28034377076232,0.132,0.037,4.44707814840182e-96,"B-cells","UHRF2",0.301005377740627
"MCOLN22",2.56486090618809e-97,2.05506018733288,0.15,0.046,7.57531668642652e-93,"B-cells","MCOLN2",0.308259028099933
"ARID1B2",3.82224713889751e-97,1.09471693084871,0.628,0.528,1.12890069247338e-92,"B-cells","ARID1B",0.687482232572991
"CAMK1D4",1.81167625954248e-96,1.24260025423824,0.455,0.28,5.35078583255872e-92,"B-cells","CAMK1D",0.565383115678399
"SIPA1L33",2.04988811514156e-96,1.60853404948372,0.39,0.229,6.05434454807059e-92,"B-cells","SIPA1L3",0.627328279298649
"PPM1K1",2.46354009884913e-95,2.3454354000665,0.166,0.056,7.27606568195092e-91,"B-cells","PPM1K",0.38934227641104
"CIITA2",2.71877348671821e-95,1.54755526929149,0.287,0.132,8.02989749302225e-91,"B-cells","CIITA",0.444148362286658
"NUP2103",1.00925893019022e-94,1.86730742876204,0.197,0.073,2.98084625031682e-90,"B-cells","NUP210",0.367859563466122
"CHD74",2.54273337386711e-94,1.94836015410503,0.269,0.124,7.5099630197165e-90,"B-cells","CHD7",0.524108881454254
"BIRC31",8.0485972608636e-94,1.90502597074171,0.177,0.062,2.37715320099606e-89,"B-cells","BIRC3",0.337189596821283
"NIN4",1.07077425719189e-92,1.79570409115916,0.285,0.135,3.16253176861625e-88,"B-cells","NIN",0.511775665980361
"TMC82",4.43098159666307e-92,1.9027418802227,0.168,0.057,1.30869041457444e-87,"B-cells","TMC8",0.319660635877414
"TBC1D53",1.03998718560125e-90,1.0607720733883,0.602,0.479,3.07160215267329e-86,"B-cells","TBC1D5",0.638584788179757
"JAZF14",1.27072867388307e-90,1.51099614162633,0.416,0.259,3.75309713831365e-86,"B-cells","JAZF1",0.628574394916554
"KLF123",2.20770724298208e-90,1.44436460092176,0.336,0.174,6.52046334214758e-86,"B-cells","KLF12",0.485306505909712
"TFEB",2.75877045340839e-90,2.55565985745984,0.142,0.045,8.14802853414167e-86,"B-cells","TFEB",0.362903699759298
"CCSER13",1.40695708315346e-88,1.84862076852147,0.282,0.137,4.15544774509374e-84,"B-cells","CCSER1",0.521311056723056
"CR11",2.23617687549753e-87,2.49168350637235,0.111,0.03,6.60454840178195e-83,"B-cells","CR1",0.276576869207331
"CXCR41",4.43445704523386e-86,2.0569020055491,0.134,0.041,1.30971688830982e-81,"B-cells","CXCR4",0.27562486874358
"HSH2D2",7.90772375385592e-86,2.21006742825092,0.111,0.03,2.33554621070135e-81,"B-cells","HSH2D",0.245317484535852
"MYCBP24",9.46238008242414e-86,1.11639396168287,0.54,0.4,2.79471395734397e-81,"B-cells","MYCBP2",0.602852739308752
"ZHX23",1.86661441171018e-85,1.40263577509342,0.404,0.246,5.513045664986e-81,"B-cells","ZHX2",0.566664853137741
"BICD15",5.26386452301022e-84,1.74834054534096,0.285,0.142,1.55468238687107e-79,"B-cells","BICD1",0.498277055422174
"BASP13",1.6002582216596e-83,1.84068838475183,0.205,0.083,4.72636265767162e-79,"B-cells","BASP1",0.377341118874124
"SLAMF62",3.97266116845852e-83,1.89898068249864,0.102,0.027,1.17332547610422e-78,"B-cells","SLAMF6",0.193696029614862
"BMP2K2",1.19724099239498e-82,1.36748633377092,0.37,0.216,3.53605127103856e-78,"B-cells","BMP2K",0.505969943495241
"RRAS24",8.56656360871108e-82,1.98884810296036,0.221,0.097,2.53013456183282e-77,"B-cells","RRAS2",0.43953543075424
"TRAF3IP32",1.45258762093814e-81,1.91870865815451,0.121,0.036,4.29021753844078e-77,"B-cells","TRAF3IP3",0.232163747636695
"LMBRD12",2.74047746224418e-81,1.80253944374023,0.288,0.149,8.09400018473818e-77,"B-cells","LMBRD1",0.519131359797186
"DOCK104",4.40876766969425e-80,1.07623054857837,0.41,0.238,1.3021295312442e-75,"B-cells","DOCK10",0.441254524917132
"CNTRL4",1.15832129845907e-79,1.61563744142104,0.3,0.158,3.42110195499887e-75,"B-cells","CNTRL",0.484691232426313
"TMEM1313",3.1319174527058e-78,1.47099005295814,0.395,0.254,9.25011819656657e-74,"B-cells","TMEM131",0.581041070918467
"SIDT14",2.63876591344266e-75,2.05254588200656,0.154,0.056,7.79359512535291e-71,"B-cells","SIDT1",0.316092065829011
"PIK3CD3",2.00732248226273e-74,1.66080735199879,0.177,0.069,5.92862695136298e-70,"B-cells","PIK3CD",0.293962901303786
"DGKD5",8.45125356711503e-74,1.53584507322708,0.317,0.178,2.49607774104742e-69,"B-cells","DGKD",0.486862888212984
"ATF7IP3",1.32312412964242e-72,1.45047781974851,0.391,0.251,3.9078471168989e-68,"B-cells","ATF7IP",0.567136827521667
"TMED8",5.18394659418043e-71,2.36828690227312,0.132,0.046,1.53107862659119e-66,"B-cells","TMED8",0.312613871100052
"MAP3K15",1.8881122373393e-70,1.57517134107968,0.29,0.156,5.57653949298163e-66,"B-cells","MAP3K1",0.456799688913107
"PIP4K2A3",6.78165628449487e-69,1.03319317117523,0.457,0.307,2.00296218362556e-64,"B-cells","PIP4K2A",0.472169279227081
"DMXL11",7.34677044614638e-69,1.57618393975967,0.343,0.212,2.16986865126933e-64,"B-cells","DMXL1",0.540631091337565
"RESF12",3.84622028061217e-68,1.47196881149838,0.272,0.142,1.1359811598788e-63,"B-cells","RESF1",0.40037551672756
"AMN1",4.76254597618024e-68,2.39680543362153,0.103,0.031,1.40661795406483e-63,"B-cells","AMN1",0.246870959663017
"MTFR13",9.28955762684265e-68,1.8598207811262,0.216,0.102,2.74367084508798e-63,"B-cells","MTFR1",0.40172128872326
"SGPP11",4.6344493480878e-64,2.12029227865591,0.16,0.065,1.36878461495773e-59,"B-cells","SGPP1",0.339246764584946
"GRK32",1.0898737743475e-62,1.29793592542145,0.363,0.231,3.21894219253535e-58,"B-cells","GRK3",0.471150740927988
"KDM4C3",1.30978486883124e-62,1.31377925048054,0.411,0.292,3.86844961009306e-58,"B-cells","KDM4C",0.539963271947504
"EAF22",5.50830533609416e-62,1.86737962226616,0.133,0.049,1.62687798101541e-57,"B-cells","EAF2",0.248361489761399
"CASTOR31",9.28605615596029e-61,2.21412070860988,0.126,0.046,2.74263668566287e-56,"B-cells","CASTOR3",0.278979209284845
"ARID5B4",2.82473475562238e-60,1.16704352428897,0.477,0.356,8.34285410073069e-56,"B-cells","ARID5B",0.55667976108584
"PHTF21",4.64902638387987e-59,1.55278955256286,0.254,0.136,1.37308994247892e-54,"B-cells","PHTF2",0.394408546350966
"PXK3",1.16207160330624e-58,1.76294471714831,0.203,0.098,3.43217848036498e-54,"B-cells","PXK",0.357877777581108
"SGO1-AS11",2.32185254477056e-58,2.10219409103281,0.141,0.056,6.85759149097985e-54,"B-cells","SGO1-AS1",0.296409366835627
"RHBDD11",4.06071203272785e-58,1.65858100905612,0.245,0.132,1.19933129886617e-53,"B-cells","RHBDD1",0.406352347218749
"PVT13",2.75161805421944e-57,1.4221578705145,0.325,0.2,8.12690392313713e-53,"B-cells","PVT1",0.462201307917214
"TEX91",8.76419468307897e-57,2.44453447873825,0.114,0.041,2.58850489964737e-52,"B-cells","TEX9",0.27867693057616
"PLEKHA23",1.26914899386693e-56,1.46013051700598,0.279,0.159,3.74843155338599e-52,"B-cells","PLEKHA2",0.407376414244667
"GNB5",2.20256864186143e-56,2.28910463661677,0.1,0.033,6.50528648373774e-52,"B-cells","GNB5",0.228910463661677
"COBLL14",1.15461631552066e-55,1.46300493359315,0.279,0.161,3.41015928789027e-51,"B-cells","COBLL1",0.408178376472488
"ORAI21",1.39380494541457e-55,2.35308146439555,0.103,0.035,4.11660290628192e-51,"B-cells","ORAI2",0.242367390832741
"GGA22",2.71298544215117e-55,1.63555364274547,0.249,0.138,8.01280250339348e-51,"B-cells","GGA2",0.407252857043622
"INPP5F",3.35357333950748e-55,2.15964532327911,0.141,0.058,9.90477885823533e-51,"B-cells","INPP5F",0.304509990582354
"MSI24",1.1224824856543e-54,1.10409112132864,0.399,0.272,3.31525202137997e-50,"B-cells","MSI2",0.440532357410129
"CCDC88C4",5.89785757583218e-54,1.21185646926323,0.247,0.13,1.74193223502203e-49,"B-cells","CCDC88C",0.299328547908019
"FUT83",7.00523166782028e-53,1.20633974319313,0.333,0.209,2.06899517309072e-48,"B-cells","FUT8",0.401711134483311
"DENND4A3",1.39589392881225e-52,1.20333348633209,0.406,0.294,4.12277271874697e-48,"B-cells","DENND4A",0.488553395450829
"TRAF33",1.91819699882665e-52,1.43815137951954,0.299,0.184,5.6653948360345e-48,"B-cells","TRAF3",0.430007262476344
"FLI16",8.92899603849218e-52,1.03872510092936,0.341,0.212,2.63717897996867e-47,"B-cells","FLI1",0.354205259416912
"MARCH33",1.02289885002357e-51,1.5774531124324,0.178,0.084,3.02113175354461e-47,"B-cells","MARCH3",0.280786654012968
"PLCL25",1.84620977631601e-51,1.24036858085402,0.297,0.178,5.45278057434934e-47,"B-cells","PLCL2",0.368389468513643
"DNAJC102",6.52586850458693e-51,2.00489654698358,0.169,0.08,1.92741526282975e-46,"B-cells","DNAJC10",0.338827516440225
"TUT43",7.35276906389512e-51,1.31564615942213,0.339,0.225,2.17164034302142e-46,"B-cells","TUT4",0.446004048044101
"DIPK1A3",8.50759834536794e-51,1.52901231093408,0.195,0.096,2.51271917130442e-46,"B-cells","DIPK1A",0.298157400632146
"STK44",2.71872382753005e-50,1.11752035695913,0.318,0.196,8.02975082461e-46,"B-cells","STK4",0.355371473513004
"PAN34",4.4178421107291e-50,1.08071045777899,0.453,0.357,1.30480966740384e-45,"B-cells","PAN3",0.489561837373882
"EZR3",7.36365311873989e-50,1.08483214371423,0.343,0.22,2.17485494861983e-45,"B-cells","EZR",0.37209742529398
"FAM117B",8.3223238620847e-50,2.02401464396801,0.145,0.063,2.45799835266672e-45,"B-cells","FAM117B",0.293482123375362
"LRRK12",4.43130724405093e-49,1.87999519873265,0.224,0.124,1.30878659453044e-44,"B-cells","LRRK1",0.421118924516113
"TOX4",1.61950837045249e-48,1.4465217092125,0.254,0.145,4.78321797213142e-44,"B-cells","TOX",0.367416514139976
"VAV34",1.15151967031739e-47,1.11070690579514,0.294,0.176,3.40101334628241e-43,"B-cells","VAV3",0.326547830303771
"AP1S32",2.68416983625282e-47,2.25058622027066,0.125,0.052,7.92769561137271e-43,"B-cells","AP1S3",0.281323277533833
"PIK3C2B2",4.60174300411514e-47,1.94438286333774,0.111,0.043,1.35912479626541e-42,"B-cells","PIK3C2B",0.215826497830489
"PTK2B5",6.51817944431082e-46,1.18088122079092,0.305,0.192,1.9251442988772e-41,"B-cells","PTK2B",0.360168772341231
"TBC1D110",2.21528363275096e-45,1.41758718973954,0.266,0.162,6.54284020932997e-41,"B-cells","TBC1D1",0.377078192470717
"HLA-DQB11",9.67863083507675e-45,1.70220118752289,0.131,0.056,2.85858361713992e-40,"B-cells","HLA-DQB1",0.222988355565499
"DRAM21",6.60911234029604e-44,2.01413977517905,0.146,0.068,1.95200132970644e-39,"B-cells","DRAM2",0.294064407176141
"ADAMTS61",1.66010621432818e-43,1.88662225532098,0.109,0.044,4.90312370401829e-39,"B-cells","ADAMTS6",0.205641825829987
"ITSN23",2.16868405468733e-43,1.15107320508495,0.411,0.324,6.40520835551904e-39,"B-cells","ITSN2",0.473091087289916
"CERS43",4.86750079740942e-43,1.745820072322,0.132,0.058,1.43761636051487e-38,"B-cells","CERS4",0.230448249546504
"NCK22",5.2306065503621e-43,1.31690243291141,0.214,0.117,1.54485964464945e-38,"B-cells","NCK2",0.281817120643042
"AKNA2",7.23312202712468e-43,1.11394755133744,0.208,0.11,2.13630259071127e-38,"B-cells","AKNA",0.231701090678188
"LHPP",7.24886526412234e-43,2.39460125607769,0.104,0.041,2.14095235575853e-38,"B-cells","LHPP",0.24903853063208
"FAM3C3",3.75086545015796e-42,1.86776508959413,0.15,0.072,1.10781811070415e-37,"B-cells","FAM3C",0.280164763439119
"ACAP13",5.40795052134422e-42,1.46799030159274,0.111,0.045,1.59723818647901e-37,"B-cells","ACAP1",0.162946923476794
"ENTPD14",3.27484349526784e-41,1.49526463619613,0.17,0.086,9.67225026327358e-37,"B-cells","ENTPD1",0.254194988153343
"REL3",1.08415566033581e-40,1.383464616271,0.231,0.135,3.20205374280182e-36,"B-cells","REL",0.319580326358602
"HLA-DPB12",5.15312234688748e-40,1.46179763081936,0.169,0.086,1.52197468515322e-35,"B-cells","HLA-DPB1",0.247043799608471
"SMC63",5.981098771807e-40,1.7482078349637,0.183,0.099,1.7665175222532e-35,"B-cells","SMC6",0.319922033798357
"ATP8B12",9.60729977453147e-40,1.37536899837828,0.271,0.176,2.83751598840787e-35,"B-cells","ATP8B1",0.372724998560513
"FAM214A2",1.21560657391812e-39,1.25006819753775,0.29,0.192,3.59029401606717e-35,"B-cells","FAM214A",0.362519777285947
"TCF31",1.77527737630419e-39,1.90178252460597,0.117,0.05,5.24328173091441e-35,"B-cells","TCF3",0.222508555378899
"SLC44A2",2.5961888302927e-39,1.94517905074314,0.107,0.045,7.66784371026948e-35,"B-cells","SLC44A2",0.208134158429516
"RABEP11",8.68609016771785e-39,1.48107575350474,0.26,0.168,2.56543673103547e-34,"B-cells","RABEP1",0.385079695911233
"NUP88",1.18479505594537e-38,1.87932637181187,0.151,0.075,3.49929219773465e-34,"B-cells","NUP88",0.283778282143593
"FAM53B3",5.12290652510758e-38,1.53296583164955,0.203,0.116,1.51305044219052e-33,"B-cells","FAM53B",0.311192063824858
"PRAG11",8.30237234556941e-38,1.86326012095323,0.133,0.063,2.45210567226392e-33,"B-cells","PRAG1",0.24781359608678
"INSYN2B5",1.04237908298929e-37,1.5450316189443,0.151,0.075,3.07866662160886e-33,"B-cells","INSYN2B",0.23329977446059
"RBM61",2.31886037070445e-37,1.01931215155922,0.443,0.38,6.84875410487559e-33,"B-cells","RBM6",0.451555283140737
"ERAP23",2.88281404814481e-37,1.663257812011,0.156,0.079,8.51439129119569e-33,"B-cells","ERAP2",0.259468218673716
"UTY3",3.41282831840391e-37,1.23726104713234,0.293,0.198,1.0079788438406e-32,"B-cells","UTY",0.362517486809776
"CARMIL13",1.03022912692705e-36,1.47592760929399,0.338,0.258,3.04278172637905e-32,"B-cells","CARMIL1",0.49886353194137
"L3MBTL3",2.03901428185909e-35,1.90722178685143,0.105,0.045,6.02222868147084e-31,"B-cells","L3MBTL3",0.200258287619401
"MARF1",4.90454406993222e-35,1.66967791028338,0.172,0.094,1.44855709105448e-30,"B-cells","MARF1",0.287184600568742
"RFX33",5.8651251291854e-35,1.02614838257768,0.318,0.222,1.73226470690491e-30,"B-cells","RFX3",0.326315185659701
"LAPTM52",7.99171471196568e-35,1.1593247766486,0.193,0.108,2.36035294017906e-30,"B-cells","LAPTM5",0.22374968189318
"APBB1IP4",9.40147893963846e-35,1.02314825944964,0.261,0.165,2.77672680482222e-30,"B-cells","APBB1IP",0.267041695716355
"CD962",1.66855735379763e-34,1.01697839695586,0.137,0.065,4.9280841444413e-30,"B-cells","CD96",0.139326040382953
"HLA-DMB1",5.59168064114297e-34,1.83175430589561,0.106,0.047,1.65150287736158e-29,"B-cells","HLA-DMB",0.194165956424935
"RNASET22",6.9257565565448e-34,1.61121062649138,0.141,0.071,2.04552219897551e-29,"B-cells","RNASET2",0.227180698335285
"CCDC503",2.38347382093165e-33,1.82446081998256,0.175,0.1,7.03958993012161e-29,"B-cells","CCDC50",0.319280643496947
"INPP5A3",6.22209455443905e-33,1.43316630283964,0.199,0.118,1.83769562665357e-28,"B-cells","INPP5A",0.285200094265089
"PCED1B3",8.07188854259183e-33,1.13421433258697,0.261,0.169,2.3840322810545e-28,"B-cells","PCED1B",0.2960299408052
"BBX3",1.19358207539823e-32,1.12178370360327,0.364,0.287,3.52524465968867e-28,"B-cells","BBX",0.408329268111589
"ENTPD1-AS13",1.20813564387713e-32,1.22526724919495,0.255,0.168,3.56822862419111e-28,"B-cells","ENTPD1-AS1",0.312443148544711
"TLE44",1.32415247475605e-32,1.39534442782024,0.26,0.174,3.91088433419198e-28,"B-cells","TLE4",0.362789551233262
"CEP85L3",3.34430049760721e-32,1.15283376403175,0.263,0.174,9.87739151968289e-28,"B-cells","CEP85L",0.303195279940351
"ABHD15-AS14",6.61810085663848e-32,1.32169155950131,0.23,0.146,1.95465608800817e-27,"B-cells","ABHD15-AS1",0.303989058685302
"LARGE14",6.92818107652804e-32,1.4438520154569,0.272,0.19,2.04623828095256e-27,"B-cells","LARGE1",0.392727748204277
"WASHC42",6.95168915210661e-32,1.3173272906159,0.281,0.2,2.05318139107469e-27,"B-cells","WASHC4",0.370168968663067
"VAV15",1.18868491234952e-31,1.5101752208777,0.133,0.067,3.51078088862431e-27,"B-cells","VAV1",0.200853304376734
"TRAK12",1.80893227838524e-31,1.27956676852557,0.299,0.217,5.34268148421081e-27,"B-cells","TRAK1",0.382590463789145
"KLHL52",1.99850726995218e-31,1.52836197838498,0.163,0.09,5.90259122180375e-27,"B-cells","KLHL5",0.249123002476752
"ANKRD13A2",4.82013845724634e-31,1.7258358777121,0.151,0.082,1.42362789334771e-26,"B-cells","ANKRD13A",0.260601217534527
"TMEM2431",8.48261267796684e-31,1.72335377479162,0.132,0.067,2.50533965443751e-26,"B-cells","TMEM243",0.227482698272494
"DGKA1",3.32932791685344e-30,1.55589375440242,0.107,0.049,9.83317000242662e-26,"B-cells","DGKA",0.166480631721059
"SMIM143",9.10096621070822e-30,1.73083728426658,0.189,0.117,2.68797037033267e-25,"B-cells","SMIM14",0.327128246726383
"ADK3",1.35719178069824e-29,1.10142922116013,0.42,0.362,4.00846592429225e-25,"B-cells","ADK",0.462600272887254
"SINHCAF1",1.88883215812133e-29,1.76985996872359,0.107,0.051,5.57866577901136e-25,"B-cells","SINHCAF",0.189375016653424
"CPED13",4.35392384533234e-29,1.84942998700293,0.137,0.073,1.28593140771891e-24,"B-cells","CPED1",0.253371908219401
"PSIP12",4.65700425996856e-29,1.50055101357698,0.138,0.073,1.37544620818171e-24,"B-cells","PSIP1",0.207076039873623
"CUL3",4.8102532721441e-29,1.16091636986774,0.31,0.235,1.42070830392776e-24,"B-cells","CUL3",0.359884074658999
"ST8SIA45",8.67245533444122e-29,1.13602174639073,0.194,0.116,2.56140968302721e-24,"B-cells","ST8SIA4",0.220388218799802
"ZNF8275",1.43395566332149e-28,1.60682970294051,0.163,0.093,4.23518805162001e-24,"B-cells","ZNF827",0.261913241579303
"MTSS14",5.35451820409968e-27,1.08974966723911,0.257,0.178,1.58145695158084e-22,"B-cells","MTSS1",0.280065664480451
"SNX22",1.68530358937347e-26,1.50367194690571,0.196,0.126,4.97754415121455e-22,"B-cells","SNX2",0.294719701593518
"LCP14",1.80491393648464e-26,1.03640678877656,0.193,0.117,5.33081331140738e-22,"B-cells","LCP1",0.200026510233877
"TLK12",2.48055545523594e-26,1.12933545801065,0.304,0.233,7.32632053703934e-22,"B-cells","TLK1",0.343317979235237
"ARHGAP173",4.47063227290611e-26,1.33257202719314,0.215,0.142,1.32040124180282e-21,"B-cells","ARHGAP17",0.286502985846526
"RHBDF24",1.22837273707621e-25,1.4413834912181,0.133,0.072,3.62799887895458e-21,"B-cells","RHBDF2",0.191704004332007
"PPP3CC4",8.34232685658526e-25,1.11601446201536,0.244,0.17,2.46390623709246e-20,"B-cells","PPP3CC",0.272307528731747
"STIM23",1.16322357989901e-24,1.11845159489039,0.251,0.177,3.43558084323173e-20,"B-cells","STIM2",0.280731350317489
"MDM41",1.22717538376559e-24,1.21208279697413,0.251,0.179,3.62446249595168e-20,"B-cells","MDM4",0.304232782040508
"MIATNB1",1.85760500573049e-24,1.53653326647288,0.113,0.058,5.48643638442501e-20,"B-cells","MIATNB",0.173628259111435
"SAMD125",1.86852487813079e-24,1.27832220491147,0.264,0.192,5.5186882275593e-20,"B-cells","SAMD12",0.337477062096627
"RAB11A3",2.46915369974382e-24,1.08004172949894,0.329,0.266,7.29264545219338e-20,"B-cells","RAB11A",0.355333729005151
"SFMBT12",1.14598327677888e-23,1.63616333954815,0.169,0.106,3.38466160796642e-19,"B-cells","SFMBT1",0.276511604383638
"RB14",1.81792292210137e-23,1.0867384516127,0.308,0.242,5.36923535042641e-19,"B-cells","RB1",0.334715443096711
"RASSF34",6.31773414850887e-23,1.05389002752034,0.228,0.156,1.86594278076209e-18,"B-cells","RASSF3",0.240286926274638
"SETX3",7.01369637062525e-23,1.01090845445551,0.336,0.274,2.07149522306417e-18,"B-cells","SETX",0.339665240697052
"COA12",2.62732986396082e-22,1.19557097830354,0.243,0.176,7.75981875320828e-18,"B-cells","COA1",0.290523747727761
"KLHL63",2.63402961855853e-22,1.38633214824499,0.15,0.089,7.77960647841262e-18,"B-cells","KLHL6",0.207949822236749
"UGDH-AS11",4.34913026752906e-22,1.82560518659648,0.107,0.057,1.28451562451471e-17,"B-cells","UGDH-AS1",0.195339754965823
"CCDC182",6.52763748370907e-22,1.46370184051134,0.145,0.086,1.92793773081347e-17,"B-cells","CCDC18",0.212236766874144
"SLC39A102",1.92040318443642e-21,1.71027414934216,0.132,0.078,5.67191080523297e-17,"B-cells","SLC39A10",0.225756187713165
"SP140L4",2.16044021634747e-21,1.44158055916498,0.154,0.095,6.38086017898224e-17,"B-cells","SP140L",0.222003406111407
"CCM23",3.32875847317536e-21,1.16129765668627,0.203,0.137,9.83148815052344e-17,"B-cells","CCM2",0.235743424307312
"ITPKB3",7.24122581071329e-21,1.06318486533839,0.147,0.088,2.13869604319417e-16,"B-cells","ITPKB",0.156288175204743
"NLRC53",8.25675489202951e-21,1.17198965128926,0.171,0.109,2.43863255736092e-16,"B-cells","NLRC5",0.200410230370463
"DEPDC5",1.85830217445299e-20,1.50225112132924,0.117,0.066,5.4884954722469e-16,"B-cells","DEPDC5",0.175763381195521
"RAD51B2",2.40696231073325e-20,1.14136381601937,0.231,0.165,7.10896318475064e-16,"B-cells","RAD51B",0.263655041500474
"TBC1D94",2.92916769592135e-20,1.64047640657365,0.167,0.111,8.6512967899037e-16,"B-cells","TBC1D9",0.2739595598978
"CCDC61",3.24680798762073e-20,1.26767833041273,0.217,0.154,9.58944739143784e-16,"B-cells","CCDC6",0.275086197699563
"TLE13",3.69935261864059e-20,1.57896819963559,0.118,0.067,1.0926037959155e-15,"B-cells","TLE1",0.186318247557
"UBE2D22",1.6010381566054e-19,1.14815597650185,0.232,0.171,4.72866619553406e-15,"B-cells","UBE2D2",0.266372186548429
"RBM262",3.03618045447643e-19,1.01543711839844,0.31,0.255,8.96735897229614e-15,"B-cells","RBM26",0.314785506703516
"ENTPD41",5.11765148117071e-19,1.40702935179649,0.125,0.073,1.51149836496377e-14,"B-cells","ENTPD4",0.175878668974561
"RUBCN2",1.20718303711663e-18,1.52740880663132,0.122,0.072,3.56541510012397e-14,"B-cells","RUBCN",0.18634387440902
"TPK13",1.33490893143272e-18,1.21782035598617,0.187,0.128,3.94265352898655e-14,"B-cells","TPK1",0.227732406569414
"AMFR1",1.33555181236536e-18,1.54852958499712,0.105,0.059,3.9445522778211e-14,"B-cells","AMFR",0.162595606424698
"CDK131",1.62616116106952e-18,1.00590193527683,0.328,0.283,4.80286698921883e-14,"B-cells","CDK13",0.329935834770801
"OFD15",1.91150968130759e-18,1.32790236183516,0.173,0.116,5.64564384374198e-14,"B-cells","OFD1",0.229727108597483
"FGD22",2.00179319505037e-18,1.44893869353802,0.112,0.064,5.91229620158127e-14,"B-cells","FGD2",0.162281133676258
"ZNF506",2.51410073275156e-18,1.55044143435772,0.12,0.071,7.42539651418173e-14,"B-cells","ZNF506",0.186052972122927
"MYCBP2-AS11",2.59307237146919e-18,1.56156053036789,0.13,0.08,7.65863924913425e-14,"B-cells","MYCBP2-AS1",0.203002868947826
"SREBF25",7.75744276489599e-18,1.09715240820637,0.249,0.191,2.29116072061203e-13,"B-cells","SREBF2",0.273190949643387
"TRIM222",9.60472694793947e-18,1.38661887917811,0.166,0.112,2.83675610407392e-13,"B-cells","TRIM22",0.230178733943566
"ZFAND64",1.04088313117927e-17,1.00053028681868,0.293,0.241,3.07424832793796e-13,"B-cells","ZFAND6",0.293155374037874
"SNX81",1.16087696406255e-17,1.66402400217846,0.1,0.056,3.42865011335874e-13,"B-cells","SNX8",0.166402400217846
"NFATC11",8.13853735352e-17,1.18058941333406,0.106,0.061,2.40371700736213e-12,"B-cells","NFATC1",0.12514247781341
"USP242",1.10696498246125e-16,1.07009500249132,0.271,0.22,3.26942107569931e-12,"B-cells","USP24",0.289995745675147
"RPS6KA54",1.54135802152464e-16,1.13795732131587,0.176,0.121,4.55240091657302e-12,"B-cells","RPS6KA5",0.200280488551593
"NGLY11",1.74701549350655e-16,1.3093433878109,0.157,0.105,5.1598102600716e-12,"B-cells","NGLY1",0.205566911886312
"BOD1L13",2.41332121890508e-16,1.12571897794609,0.222,0.167,7.12774422003615e-12,"B-cells","BOD1L1",0.249909613104032
"STAG23",3.22610556704774e-16,1.16443057217271,0.133,0.084,9.52830279227551e-12,"B-cells","STAG2",0.15486926609897
"LNPEP2",3.53117527698572e-16,1.03169527429621,0.229,0.172,1.04293261805773e-11,"B-cells","LNPEP",0.236258217813832
"PRKD33",7.61895237592567e-16,1.29120366798232,0.159,0.108,2.25025758422965e-11,"B-cells","PRKD3",0.205301383209189
"CPB2-AS14",1.03401900944529e-15,1.09962398723084,0.116,0.07,3.05397514439666e-11,"B-cells","CPB2-AS1",0.127556382518777
"VAV23",1.09748007783435e-15,1.28306484934347,0.159,0.109,3.24140740988375e-11,"B-cells","VAV2",0.204007311045612
"UBE2J11",3.94677248257284e-15,1.25932236306951,0.102,0.06,1.16567925272789e-10,"B-cells","UBE2J1",0.12845088103309
"TASOR21",6.66918464801641e-15,1.14587081245698,0.237,0.189,1.96974368579165e-10,"B-cells","TASOR2",0.271571382552303
"C11orf803",2.02632987609889e-14,1.22609771965273,0.131,0.085,5.98476528905806e-10,"B-cells","C11orf80",0.160618801274508
"UST2",2.9020710776151e-14,1.04469257517418,0.217,0.167,8.57126692773619e-10,"B-cells","UST",0.226698288812796
"GSAP4",3.51245061950519e-14,1.04825787472552,0.239,0.193,1.03740229047086e-09,"B-cells","GSAP",0.2505336320594
"IQSEC14",4.79382106814068e-14,1.00091214661068,0.205,0.154,1.41585505247535e-09,"B-cells","IQSEC1",0.205186990055189
"FGD34",6.36028329204639e-14,1.09453801439592,0.105,0.063,1.8785096703059e-09,"B-cells","FGD3",0.114926491511572
"TMC63",8.39713134301685e-14,1.31908551095713,0.115,0.073,2.48009274216003e-09,"B-cells","TMC6",0.151694833760069
"PIKFYVE3",1.15347155252711e-13,1.06557386381229,0.214,0.165,3.40677823038883e-09,"B-cells","PIKFYVE",0.228032806855831
"NDUFAF62",1.31828266710037e-13,1.12654213268031,0.156,0.109,3.89354785728093e-09,"B-cells","NDUFAF6",0.175740572698129
"ESR26",2.18686901867371e-13,1.12144626754845,0.12,0.077,6.4589176466528e-09,"B-cells","ESR2",0.134573552105814
"LBR1",2.53712910814051e-13,1.17265592151141,0.107,0.066,7.493410820893e-09,"B-cells","LBR",0.125474183601721
"ARHGEF14",2.7539629339048e-13,1.09011327663131,0.14,0.094,8.13382952528783e-09,"B-cells","ARHGEF1",0.152615858728383
"GABPB1-AS11",2.99495914180539e-13,1.42613266602299,0.116,0.075,8.84561182532222e-09,"B-cells","GABPB1-AS1",0.165431389258667
"MARCH81",4.38221778616071e-13,1.19609678074593,0.116,0.074,1.29428802314257e-08,"B-cells","MARCH8",0.138747226566527
"USP12",5.90995999895749e-13,1.1956964091937,0.173,0.127,1.74550668569209e-08,"B-cells","USP12",0.206855478790511
"PPFIBP22",8.31620156372476e-13,1.44865753979101,0.106,0.067,2.45619013184611e-08,"B-cells","PPFIBP2",0.153557699217847
"PRKD22",1.58592965033758e-12,1.45302697556066,0.104,0.066,4.68404322227204e-08,"B-cells","PRKD2",0.151114805458308
"BTG13",3.00789397435446e-12,1.04207538485818,0.129,0.086,8.88381485325589e-08,"B-cells","BTG1",0.134427724646705
"ZBTB20-AS53",4.01670403124058e-12,1.32298090606189,0.126,0.085,1.1863335356269e-07,"B-cells","ZBTB20-AS5",0.166695594163798
"LRCH31",8.36469076813761e-12,1.03957454910017,0.225,0.183,2.47051141836944e-07,"B-cells","LRCH3",0.233904273547537
"CHPT11",1.3020573901848e-11,1.50137968484412,0.122,0.084,3.8456265019108e-07,"B-cells","CHPT1",0.183168321550983
"ZDHHC213",7.39197655869454e-11,1.12552971527399,0.22,0.184,2.18322027661043e-06,"B-cells","ZDHHC21",0.247616537360278
"SLC12A64",8.38092713050842e-11,1.24641629328454,0.157,0.118,2.47530682799566e-06,"B-cells","SLC12A6",0.195687358045672
"VRK22",1.62565751565871e-10,1.19238150644196,0.181,0.142,4.801379472498e-06,"B-cells","VRK2",0.215821052665995
"RFX3-AS12",3.41494847014043e-10,1.23734504331291,0.12,0.083,1.00860503065598e-05,"B-cells","RFX3-AS1",0.148481405197549
"MTPN2",8.41263411026071e-10,1.36392085737511,0.114,0.079,2.4846714844655e-05,"B-cells","MTPN",0.155486977740763
"PCGF53",8.86549071395408e-10,1.00289945004659,0.2,0.162,2.61842268236634e-05,"B-cells","PCGF5",0.200579890009319
"EFCAB131",9.27571158333567e-10,1.420734532491,0.112,0.079,2.73958141613819e-05,"B-cells","EFCAB13",0.159122267638992
"NUBPL1",1.44438638593472e-09,1.200958082514,0.157,0.121,4.2659951908582e-05,"B-cells","NUBPL",0.188550418954698
"TTC132",1.45138155913781e-09,1.12318007370027,0.113,0.078,4.28665543491351e-05,"B-cells","TTC13",0.12691934832813
"HIVEP11",1.57999386270146e-09,1.09111734403427,0.204,0.168,4.66651187348875e-05,"B-cells","HIVEP1",0.222587938182991
"CWF19L22",1.59027914815338e-09,1.04310644972741,0.181,0.143,4.69688946407101e-05,"B-cells","CWF19L2",0.188802267400662
"TP53INP11",2.58306193753198e-09,1.01906498763468,0.109,0.075,7.6290734325007e-05,"B-cells","TP53INP1",0.11107808365218
"AP1B11",2.59100274193714e-09,1.24231164883147,0.107,0.074,7.65252659831133e-05,"B-cells","AP1B1",0.132927346424967
"IL4R1",3.43950453399256e-09,1.13345864771805,0.189,0.152,0.00010158576641147,"B-cells","IL4R",0.214223684418711
"HSPA42",4.35193302065744e-09,1.30344314233268,0.133,0.099,0.000128534341765117,"B-cells","HSPA4",0.173357937930246
"LYPLAL11",1.09375940771565e-08,1.36976799987141,0.123,0.09,0.000323041841068816,"B-cells","LYPLAL1",0.168481463984183
"TRIM5",1.13151049047503e-08,1.34267173003144,0.11,0.079,0.000334191623361801,"B-cells","TRIM5",0.147693890303459
"MFN12",1.92958794529744e-08,1.31667888977303,0.118,0.086,0.0005699037996436,"B-cells","MFN1",0.155368108993217
"SLC23A22",9.52221846255629e-08,1.05522613636031,0.149,0.117,0.002812387222916,"B-cells","SLC23A2",0.157228694317686
"MCPH13",1.88078904012838e-07,1.04458527038115,0.177,0.147,0.00555491043001918,"B-cells","MCPH1",0.184891592857463
"ZRANB32",1.91839540246894e-07,1.14141319312914,0.129,0.098,0.00566598082119203,"B-cells","ZRANB3",0.147242301913659
"COL4A43",1.94778880537313e-07,1.22766953879784,0.101,0.073,0.00575279423666953,"B-cells","COL4A4",0.123994623418581
"AMZ11",2.47720773949845e-07,1.40354450448562,0.11,0.081,0.00731643305860867,"B-cells","AMZ1",0.154389895493418
"SPOPL2",2.71574739092346e-07,1.0047466446808,0.146,0.115,0.00802095991909245,"B-cells","SPOPL",0.146693010123397
"C1GALT13",4.0579902158842e-07,1.2247760118537,0.12,0.091,0.011985274102614,"B-cells","C1GALT1",0.146973121422444
"NPIPB52",4.79185482030947e-07,1.04701733819651,0.125,0.095,0.014152743211784,"B-cells","NPIPB5",0.130877167274563
"GGNBP21",4.85163405180117e-07,1.0388154549838,0.173,0.144,0.0143293011719947,"B-cells","GGNBP2",0.179715073712197
"TRANK14",5.73697642572871e-07,1.04393394208247,0.133,0.104,0.0169441598733898,"B-cells","TRANK1",0.138843214296968
"LRRC8D2",7.04069908799454e-07,1.15908686941075,0.121,0.093,0.0207947047563919,"B-cells","LRRC8D",0.140249511198701
"MTMR13",8.19235089803991e-07,1.14775464253179,0.112,0.085,0.0241961083773609,"B-cells","MTMR1",0.128548519963561
"RFTN13",1.13172988472504e-06,1.03108698341023,0.203,0.177,0.0334256421453542,"B-cells","RFTN1",0.209310657632277
"CSNK1G33",1.40713698598727e-06,1.05508912738768,0.151,0.123,0.041559790881134,"B-cells","CSNK1G3",0.15931845823554
"CEPT11",1.6949409066314e-06,1.27182078197856,0.114,0.087,0.0500600796773584,"B-cells","CEPT1",0.144987569145556
"TBC1D322",1.93987868098215e-06,1.17458347311372,0.112,0.086,0.0572943168428077,"B-cells","TBC1D32",0.131553348988737
"SNX102",3.68469968188741e-06,1.0221543559816,0.117,0.09,0.108827605104545,"B-cells","SNX10",0.119592059649847
"RNASEH2B1",4.1413669509671e-06,1.0519709198301,0.122,0.096,0.122315272896813,"B-cells","RNASEH2B",0.128340452219272
"TCEA11",5.85172501899641e-06,1.0403149977143,0.13,0.103,0.172830698436059,"B-cells","TCEA1",0.135240949702859
"RPRD1A2",1.36649780869193e-05,1.11264537058777,0.117,0.092,0.403595127797163,"B-cells","RPRD1A",0.13017950835877
"ZNF7212",1.55350021740735e-05,1.00176263250266,0.148,0.124,0.45882628921126,"B-cells","ZNF721",0.148260869610394
"TFEC2",2.29107326690211e-05,1.11937707038572,0.116,0.093,0.676668489379539,"B-cells","TFEC",0.129847740164744
"RALGPS13",3.11499575329991e-05,1.11485899392037,0.106,0.083,0.920013995737127,"B-cells","RALGPS1",0.118175053355559
"AKAP112",3.59186795755391e-05,1.10325038216767,0.122,0.1,1,"B-cells","AKAP11",0.134596546624456
"TRIM382",5.4334444085294e-05,1.03852140381357,0.113,0.091,1,"B-cells","TRIM38",0.117352918630934
"IQCB11",8.82758867406753e-05,1.00316368438365,0.136,0.113,1,"B-cells","IQCB1",0.136430261076176
"FARP23",9.01737833602569e-05,1.05308459309406,0.137,0.116,1,"B-cells","FARP2",0.144272589253886
"TMLHE-AS12",0.000104466744686235,1.05377217198043,0.113,0.091,1,"B-cells","TMLHE-AS1",0.119076255433789
"MAPK8IP31",0.000223395923401255,1.00408269673573,0.134,0.114,1,"B-cells","MAPK8IP3",0.134547081362588
"MGMT3",0.000558789792796164,1.05687559688921,0.14,0.123,1,"B-cells","MGMT",0.14796258356449
"KCNQ14",0.000804168202088456,1.02252685949092,0.108,0.091,1,"B-cells","KCNQ1",0.110432900825019
"TARBP12",0.00100765636742714,1.1424292540345,0.101,0.084,1,"B-cells","TARBP1",0.115385354657484
"ZNF5323",0.00171404447090254,1.05792005562509,0.121,0.106,1,"B-cells","ZNF532",0.128008326730636
"SKAP13",0,2.348639210707,0.721,0.107,0,"CD8+ T-cells","SKAP1",1.69336887091974
"PTPRC4",0,1.68808672245268,0.849,0.298,0,"CD8+ T-cells","PTPRC",1.43318562736232
"ARHGAP155",0,1.9329140757859,0.821,0.277,0,"CD8+ T-cells","ARHGAP15",1.58692245622022
"THEMIS3",0,2.86550365614193,0.608,0.066,0,"CD8+ T-cells","THEMIS",1.7422262229343
"SLFN12L2",0,2.97542233534745,0.6,0.067,0,"CD8+ T-cells","SLFN12L",1.78525340120847
"PRKCH3",0,1.89911299880288,0.753,0.243,0,"CD8+ T-cells","PRKCH",1.43003208809857
"MKI671",0,5.460684026912,0.515,0.018,0,"CD8+ T-cells","MKI67",2.81225227385968
"FYN3",0,1.53774435866272,0.697,0.215,0,"CD8+ T-cells","FYN",1.07180781798791
"CD2472",0,2.41680373186856,0.54,0.066,0,"CD8+ T-cells","CD247",1.30507401520902
"BCL11B2",0,2.64888691518956,0.533,0.062,0,"CD8+ T-cells","BCL11B",1.41185672579604
"ETS14",0,2.06852352678202,0.597,0.135,0,"CD8+ T-cells","ETS1",1.23490854548887
"ITGA45",0,2.59325699352146,0.551,0.091,0,"CD8+ T-cells","ITGA4",1.42888460343033
"IKZF15",0,1.75595756801006,0.623,0.172,0,"CD8+ T-cells","IKZF1",1.09396156487027
"EZH21",0,3.678186396608,0.51,0.062,0,"CD8+ T-cells","EZH2",1.87587506227008
"SEMA4D5",0,2.37488697245879,0.56,0.117,0,"CD8+ T-cells","SEMA4D",1.32993670457692
"RRM21",0,5.18921074038906,0.449,0.017,0,"CD8+ T-cells","RRM2",2.32995562243469
"DOCK26",0,1.52379033181335,0.674,0.256,0,"CD8+ T-cells","DOCK2",1.0270346836422
"ASPM1",0,5.38424851365225,0.434,0.016,0,"CD8+ T-cells","ASPM",2.33676385492507
"NSD22",0,2.63080203818919,0.569,0.152,0,"CD8+ T-cells","NSD2",1.49692635972965
"PRKCB5",0,1.64429083815114,0.612,0.196,0,"CD8+ T-cells","PRKCB",1.0063059929485
"CAMK41",0,2.32484631766955,0.468,0.059,0,"CD8+ T-cells","CAMK4",1.08802807666935
"TSPAN53",0,2.17098122580738,0.531,0.125,0,"CD8+ T-cells","TSPAN5",1.15279103090372
"SMC43",0,2.85659438257449,0.497,0.099,0,"CD8+ T-cells","SMC4",1.41972740813952
"CENPF",0,5.1024232437974,0.415,0.017,0,"CD8+ T-cells","CENPF",2.11750564617592
"TOP2A",0,5.20385399780442,0.41,0.016,0,"CD8+ T-cells","TOP2A",2.13358013909981
"PTPRJ4",0,1.71687038609484,0.681,0.288,0,"CD8+ T-cells","PTPRJ",1.16918873293058
"CENPP3",0,2.89356354903799,0.497,0.104,0,"CD8+ T-cells","CENPP",1.43810108387188
"RUNX32",0,2.90697325448042,0.431,0.046,0,"CD8+ T-cells","RUNX3",1.25290547268106
"CENPE1",0,4.6907304500806,0.403,0.022,0,"CD8+ T-cells","CENPE",1.89036437138248
"GPRIN33",0,1.88497806676957,0.545,0.168,0,"CD8+ T-cells","GPRIN3",1.02731304638942
"NFATC24",0,1.94419505170136,0.468,0.092,0,"CD8+ T-cells","NFATC2",0.909883284196239
"CARD113",0,2.05643594107209,0.462,0.088,0,"CD8+ T-cells","CARD11",0.950073404775304
"FUT84",0,1.86792569110331,0.579,0.206,0,"CD8+ T-cells","FUT8",1.08152897514882
"CEP1282",0,1.83491343824916,0.482,0.116,0,"CD8+ T-cells","CEP128",0.884428277236096
"IKZF34",0,2.41650266242811,0.426,0.062,0,"CD8+ T-cells","IKZF3",1.02943013419437
"SAMD32",0,2.5924784928734,0.427,0.064,0,"CD8+ T-cells","SAMD3",1.10698831645694
"DIAPH32",0,3.36827704618382,0.405,0.047,0,"CD8+ T-cells","DIAPH3",1.36415220370445
"EMB3",0,2.18130537537226,0.442,0.086,0,"CD8+ T-cells","EMB",0.96413697591454
"PTMA3",0,1.9789117383825,0.518,0.168,0,"CD8+ T-cells","PTMA",1.02507628048214
"CD963",0,2.07979031615892,0.41,0.061,0,"CD8+ T-cells","CD96",0.852714029625156
"KNL11",0,5.11716544398819,0.364,0.015,0,"CD8+ T-cells","KNL1",1.8626482216117
"CLEC2D3",0,1.86056497572314,0.471,0.127,0,"CD8+ T-cells","CLEC2D",0.876326103565601
"ATAD21",0,3.18009999677378,0.401,0.063,0,"CD8+ T-cells","ATAD2",1.27522009870629
"SEPTIN64",0,1.91008603272776,0.451,0.115,0,"CD8+ T-cells","SEPTIN6",0.86144880076022
"GRAMD1B3",0,2.85804038367516,0.406,0.071,0,"CD8+ T-cells","GRAMD1B",1.16036439577211
"FANCI1",0,4.06750677957458,0.36,0.029,0,"CD8+ T-cells","FANCI",1.46430244064685
"MELK",0,5.29738717459514,0.342,0.012,0,"CD8+ T-cells","MELK",1.81170641371154
"PRKCQ3",0,2.21703582040898,0.406,0.077,0,"CD8+ T-cells","PRKCQ",0.900116543086047
"PTPN222",0,2.41210386426382,0.39,0.068,0,"CD8+ T-cells","PTPN22",0.940720507062891
"BRIP1",0,4.23648926980843,0.346,0.024,0,"CD8+ T-cells","BRIP1",1.46582528735372
"KCNQ53",0,3.34018411426447,0.353,0.04,0,"CD8+ T-cells","KCNQ5",1.17908499233536
"NCAPG21",0,4.01591115806967,0.336,0.028,0,"CD8+ T-cells","NCAPG2",1.34934614911141
"TMPO1",0,2.86733733300814,0.369,0.062,0,"CD8+ T-cells","TMPO",1.05804747588
"POLQ1",0,4.51610647985997,0.32,0.017,0,"CD8+ T-cells","POLQ",1.44515407355519
"STAT42",0,1.59315982266148,0.394,0.093,0,"CD8+ T-cells","STAT4",0.627704970128621
"GRAP22",0,2.41700011613871,0.344,0.043,0,"CD8+ T-cells","GRAP2",0.831448039951717
"NUP2104",0,2.48048312963036,0.366,0.071,0,"CD8+ T-cells","NUP210",0.907856825444713
"KIF20B1",0,3.53253887578253,0.327,0.033,0,"CD8+ T-cells","KIF20B",1.15514021238089
"NCALD4",0,2.09595970397576,0.358,0.067,0,"CD8+ T-cells","NCALD",0.75035357402332
"GNG23",0,2.17905384326664,0.349,0.059,0,"CD8+ T-cells","GNG2",0.760489791300058
"SP1404",0,2.10464083576924,0.361,0.073,0,"CD8+ T-cells","SP140",0.759775341712695
"PIK3CD4",0,2.32292869950153,0.352,0.066,0,"CD8+ T-cells","PIK3CD",0.817670902224538
"ITK2",0,2.03474139522444,0.332,0.047,0,"CD8+ T-cells","ITK",0.675534143214515
"TACC3",0,3.59363878894216,0.316,0.032,0,"CD8+ T-cells","TACC3",1.13558985730572
"KIF11",0,4.34547466042434,0.298,0.017,0,"CD8+ T-cells","KIF11",1.29495144880645
"ADAM194",0,2.11630066223511,0.357,0.084,0,"CD8+ T-cells","ADAM19",0.755519336417935
"CIT",0,3.98288409436544,0.302,0.029,0,"CD8+ T-cells","CIT",1.20283099649836
"ITGAL3",0,2.03790467893389,0.346,0.074,0,"CD8+ T-cells","ITGAL",0.705115018911126
"ARHGAP11B",0,4.04073119782696,0.287,0.022,0,"CD8+ T-cells","ARHGAP11B",1.15968985377634
"MMS22L1",0,2.61728687622439,0.338,0.074,0,"CD8+ T-cells","MMS22L",0.884642964163843
"SPN1",0,3.12231218456185,0.295,0.036,0,"CD8+ T-cells","SPN",0.921082094445746
"CD23",0,2.72637786106332,0.284,0.028,0,"CD8+ T-cells","CD2",0.774291312541983
"KIF14",0,5.11375545537081,0.265,0.01,0,"CD8+ T-cells","KIF14",1.35514519567326
"HMGB2",0,3.39510452000667,0.29,0.035,0,"CD8+ T-cells","HMGB2",0.984580310801935
"ST8SIA11",0,3.10841855033647,0.297,0.045,0,"CD8+ T-cells","ST8SIA1",0.923200309449933
"TRG-AS12",0,2.58171357235495,0.281,0.043,0,"CD8+ T-cells","TRG-AS1",0.72546151383174
"CENPK",0,3.65052730234198,0.258,0.022,0,"CD8+ T-cells","CENPK",0.94183604400423
"C12orf751",0,3.408467798899,0.262,0.026,0,"CD8+ T-cells","C12orf75",0.893018563311539
"CEP1521",0,2.81343047700031,0.285,0.05,0,"CD8+ T-cells","CEP152",0.801827685945089
"APOLD11",0,3.28573473705075,0.268,0.035,0,"CD8+ T-cells","APOLD1",0.880576909529602
"LMNB1",0,3.29611121639353,0.26,0.028,0,"CD8+ T-cells","LMNB1",0.856988916262317
"KNTC11",0,3.05017338827907,0.271,0.039,0,"CD8+ T-cells","KNTC1",0.826596988223627
"KIF15",0,5.06128818042846,0.239,0.009,0,"CD8+ T-cells","KIF15",1.2096478751224
"NUSAP1",0,4.06331037902825,0.245,0.018,0,"CD8+ T-cells","NUSAP1",0.995511042861922
"RASGRP13",0,2.13509380774749,0.274,0.051,0,"CD8+ T-cells","RASGRP1",0.585015703322812
"BUB1B",0,4.6617215223201,0.234,0.012,0,"CD8+ T-cells","BUB1B",1.0908428362229
"GTSE1",0,5.16911756588964,0.231,0.009,0,"CD8+ T-cells","GTSE1",1.19406615772051
"DTL",0,4.75064164203912,0.232,0.011,0,"CD8+ T-cells","DTL",1.10214886095308
"NCAPG",0,4.64210910211778,0.233,0.012,0,"CD8+ T-cells","NCAPG",1.08161142079344
"TPX2",0,4.74347891624205,0.226,0.011,0,"CD8+ T-cells","TPX2",1.0720262350707
"ACAP14",0,2.19184234812933,0.257,0.043,0,"CD8+ T-cells","ACAP1",0.563303483469239
"NCAPD31",0,3.15943423436516,0.249,0.035,0,"CD8+ T-cells","NCAPD3",0.786699124356926
"ANLN",0,4.78488052789905,0.224,0.012,0,"CD8+ T-cells","ANLN",1.07181323824939
"GNLY1",0,3.64167993975375,0.227,0.016,0,"CD8+ T-cells","GNLY",0.826661346324101
"BICDL11",0,2.72415811306366,0.24,0.032,0,"CD8+ T-cells","BICDL1",0.653797947135278
"KIF18B",0,5.13451145784956,0.216,0.008,0,"CD8+ T-cells","KIF18B",1.1090544748955
"NDC80",0,4.47864027095856,0.218,0.01,0,"CD8+ T-cells","NDC80",0.976343579068966
"ECT2",0,2.98724152506775,0.252,0.045,0,"CD8+ T-cells","ECT2",0.752784864317073
"CLSPN",0,4.65500310252586,0.218,0.011,0,"CD8+ T-cells","CLSPN",1.01479067635064
"ATP2A34",0,2.19981681144262,0.247,0.043,0,"CD8+ T-cells","ATP2A3",0.543354752426326
"ATAD5",0,2.91475879927116,0.242,0.038,0,"CD8+ T-cells","ATAD5",0.70537162942362
"KIF4A",0,4.82376339518535,0.212,0.01,0,"CD8+ T-cells","KIF4A",1.02263783977929
"TRAF3IP33",0,2.18753132359959,0.234,0.034,0,"CD8+ T-cells","TRAF3IP3",0.511882329722303
"CD61",0,2.42447088950728,0.225,0.025,0,"CD8+ T-cells","CD6",0.545505950139139
"PRC1",0,4.25900064696035,0.212,0.013,0,"CD8+ T-cells","PRC1",0.902908137155594
"ZNF8312",0,2.08935557455874,0.23,0.033,0,"CD8+ T-cells","ZNF831",0.48055178214851
"MIAT2",0,2.52454365656366,0.227,0.03,0,"CD8+ T-cells","MIAT",0.573071410039952
"FANCA1",0,3.23486823709993,0.224,0.028,0,"CD8+ T-cells","FANCA",0.724610485110385
"CORO1A",0,3.2036484151517,0.214,0.019,0,"CD8+ T-cells","CORO1A",0.685580760842463
"LCK2",0,2.63552386395667,0.216,0.022,0,"CD8+ T-cells","LCK",0.569273154614642
"HELLS",0,3.52115463452124,0.214,0.022,0,"CD8+ T-cells","HELLS",0.753527091787545
"BUB11",0,4.3707534504326,0.201,0.012,0,"CD8+ T-cells","BUB1",0.878521443536954
"CCL51",0,3.26194323850868,0.203,0.016,0,"CD8+ T-cells","CCL5",0.662174477417263
"BLM",0,3.43855278926708,0.205,0.019,0,"CD8+ T-cells","BLM",0.704903321799751
"SMC2",0,3.61131001752581,0.206,0.021,0,"CD8+ T-cells","SMC2",0.743929863610317
"CD2262",0,2.21525229176041,0.21,0.03,0,"CD8+ T-cells","CD226",0.465202981269687
"PYHIN12",0,2.04483523132279,0.21,0.031,0,"CD8+ T-cells","PYHIN1",0.429415398577785
"NEIL3",0,5.60345000583157,0.182,0.005,0,"CD8+ T-cells","NEIL3",1.01982790106135
"BTBD111",0,2.58578980314867,0.201,0.025,0,"CD8+ T-cells","BTBD11",0.519743750432883
"STIL",0,4.36316066646281,0.187,0.012,0,"CD8+ T-cells","STIL",0.815911044628545
"ZAP702",0,2.55956523834802,0.192,0.018,0,"CD8+ T-cells","ZAP70",0.491436525762819
"LIG1",0,2.88285025194946,0.202,0.03,0,"CD8+ T-cells","LIG1",0.58233575089379
"CIP2A",0,4.07668142847239,0.186,0.014,0,"CD8+ T-cells","CIP2A",0.758262745695864
"IL12RB21",0,2.88583163468678,0.186,0.016,0,"CD8+ T-cells","IL12RB2",0.536764684051741
"PARPBP1",0,3.50943944057961,0.188,0.019,0,"CD8+ T-cells","PARPBP",0.659774614828966
"ZGRF1",0,3.1784688139327,0.193,0.025,0,"CD8+ T-cells","ZGRF1",0.613444481089011
"PTPN7",0,3.03785130295879,0.185,0.018,0,"CD8+ T-cells","PTPN7",0.562002491047375
"GPR1742",0,2.64340706116946,0.185,0.018,0,"CD8+ T-cells","GPR174",0.489030306316351
"DEPDC1B",0,4.51135111155564,0.176,0.009,0,"CD8+ T-cells","DEPDC1B",0.793997795633792
"Z94721.1",0,3.03313900538912,0.19,0.024,0,"CD8+ T-cells","Z94721.1",0.576296411023933
"ARHGAP11A",0,4.18048244460691,0.177,0.011,0,"CD8+ T-cells","ARHGAP11A",0.739945392695423
"NCAPH",0,4.48810538713097,0.169,0.008,0,"CD8+ T-cells","NCAPH",0.758489810425134
"SGO2",0,4.10074652235984,0.174,0.013,0,"CD8+ T-cells","SGO2",0.713529894890612
"CCNF",0,4.29910726510866,0.17,0.011,0,"CD8+ T-cells","CCNF",0.730848235068473
"RNF157",0,3.10414911902491,0.175,0.016,0,"CD8+ T-cells","RNF157",0.543226095829359
"WDHD1",0,3.3184347320231,0.178,0.022,0,"CD8+ T-cells","WDHD1",0.590681382300112
"INCENP",0,3.71722183813152,0.173,0.017,0,"CD8+ T-cells","INCENP",0.643079377996753
"DLGAP5",0,5.07718653189559,0.162,0.007,0,"CD8+ T-cells","DLGAP5",0.822504218167086
"TRAC",0,3.5156677741598,0.162,0.009,0,"CD8+ T-cells","TRAC",0.569538179413888
"DNA2",0,3.41531661956284,0.171,0.019,0,"CD8+ T-cells","DNA2",0.584019141945246
"CENPI",0,4.19268707535667,0.16,0.011,0,"CD8+ T-cells","CENPI",0.670829932057068
"NUF2",0,3.4400480854174,0.168,0.021,0,"CD8+ T-cells","NUF2",0.577928078350124
"PRR11",0,4.39564526780432,0.156,0.01,0,"CD8+ T-cells","PRR11",0.685720661777474
"KIF18A",0,4.01833033527941,0.158,0.013,0,"CD8+ T-cells","KIF18A",0.634896192974148
"KIF23",0,4.38885045710774,0.153,0.01,0,"CD8+ T-cells","KIF23",0.671494119937485
"DPF3",0,3.42865779070216,0.156,0.014,0,"CD8+ T-cells","DPF3",0.534870615349537
"FANCD2",0,3.46616512943192,0.156,0.015,0,"CD8+ T-cells","FANCD2",0.54072176019138
"CDCA2",0,4.89550350940457,0.147,0.006,0,"CD8+ T-cells","CDCA2",0.719639015882471
"C21orf581",0,3.39657674680776,0.158,0.018,0,"CD8+ T-cells","C21orf58",0.536659125995627
"IL2RG",0,3.21871239759502,0.153,0.015,0,"CD8+ T-cells","IL2RG",0.492462996832038
"KIFC1",0,4.70271051060153,0.145,0.007,0,"CD8+ T-cells","KIFC1",0.681893024037222
"KIF21B",0,2.83737225557303,0.152,0.015,0,"CD8+ T-cells","KIF21B",0.431280582847101
"GZMA",0,3.74008413384638,0.142,0.007,0,"CD8+ T-cells","GZMA",0.531091947006185
"WDR76",0,3.69945607185345,0.147,0.012,0,"CD8+ T-cells","WDR76",0.543820042562456
"POLE2",0,3.52313440873882,0.147,0.017,0,"CD8+ T-cells","POLE2",0.517900758084606
"PRF11",0,3.02652023328258,0.135,0.011,0,"CD8+ T-cells","PRF1",0.408580231493148
"CD3G",0,3.43455692821647,0.131,0.007,0,"CD8+ T-cells","CD3G",0.449926957596357
"HJURP",0,4.89059532283288,0.125,0.005,0,"CD8+ T-cells","HJURP",0.61132441535411
"SHCBP11",0,3.5467735835724,0.132,0.013,0,"CD8+ T-cells","SHCBP1",0.468174113031556
"CDCA8",0,4.65449871498567,0.124,0.006,0,"CD8+ T-cells","CDCA8",0.577157840658223
"E2F2",0,4.77487455173828,0.119,0.005,0,"CD8+ T-cells","E2F2",0.568210071656856
"TTK",0,4.69201800295351,0.119,0.006,0,"CD8+ T-cells","TTK",0.558350142351467
"FOXM1",0,4.14760913297822,0.121,0.008,0,"CD8+ T-cells","FOXM1",0.501860705090364
"CHEK1",0,3.8204433635165,0.123,0.011,0,"CD8+ T-cells","CHEK1",0.46991453371253
"CDK1",0,4.22632670526238,0.12,0.008,0,"CD8+ T-cells","CDK1",0.507159204631486
"WDR62",0,3.90254738849951,0.118,0.009,0,"CD8+ T-cells","WDR62",0.460500591842942
"HMMR",0,4.42464338148081,0.114,0.006,0,"CD8+ T-cells","HMMR",0.504409345488813
"PCLAF",0,4.50318464517652,0.114,0.007,0,"CD8+ T-cells","PCLAF",0.513363049550123
"IL2RB1",0,3.27553374931669,0.112,0.007,0,"CD8+ T-cells","IL2RB",0.366859779923469
"STMN1",0,4.30918448410792,0.112,0.008,0,"CD8+ T-cells","STMN1",0.482628662220087
"CDC25C",0,4.52937819872485,0.108,0.006,0,"CD8+ T-cells","CDC25C",0.489172845462284
"NKG71",0,3.29894435325959,0.109,0.007,0,"CD8+ T-cells","NKG7",0.359584934505295
"ZNF367",0,5.70453365036494,0.103,0.002,0,"CD8+ T-cells","ZNF367",0.587566965987588
"GZMB",0,4.14375806676568,0.104,0.004,0,"CD8+ T-cells","GZMB",0.430950838943631
"KIF2C",0,4.17768730519516,0.106,0.007,0,"CD8+ T-cells","KIF2C",0.442834854350687
"PIF1",0,4.02434912639276,0.106,0.008,0,"CD8+ T-cells","PIF1",0.426581007397632
"CD3E",0,2.91570435003454,0.104,0.008,0,"CD8+ T-cells","CD3E",0.303233252403592
"RBL1",1.19479411930408e-307,2.52532024795757,0.26,0.049,3.52882443136459e-303,"CD8+ T-cells","RBL1",0.656583264468969
"CDC42SE24",1.23649428118431e-307,1.52240424745006,0.644,0.247,3.65198585947785e-303,"CD8+ T-cells","CDC42SE2",0.980428335357839
"LRP8",1.56307800779386e-306,3.08107812403708,0.163,0.021,4.61655089601917e-302,"CD8+ T-cells","LRP8",0.502215734218044
"KIF22",2.92702691293717e-306,3.38618548580822,0.136,0.015,8.64497398735994e-302,"CD8+ T-cells","KIF22",0.460521226069918
"P2RY84",3.68867122834844e-304,1.94872358256475,0.316,0.067,1.08944904729271e-299,"CD8+ T-cells","P2RY8",0.615796652090462
"PPP1R16B5",3.28795367546874e-302,1.65375630847506,0.35,0.079,9.71097118049693e-298,"CD8+ T-cells","PPP1R16B",0.57881470796627
"NLRC31",2.49283704538923e-295,2.4594186970226,0.164,0.021,7.36259421355708e-291,"CD8+ T-cells","NLRC3",0.403344666311707
"DOCK105",4.6006193715986e-292,1.42140132377049,0.634,0.235,1.35879293140165e-287,"CD8+ T-cells","DOCK10",0.901168439270492
"PDE3B2",4.40297379751161e-291,1.59350111605016,0.61,0.23,1.30041831109505e-286,"CD8+ T-cells","PDE3B",0.972035680790596
"INPP4B2",1.49411608213672e-290,1.52202051454475,0.483,0.144,4.41287184859081e-286,"CD8+ T-cells","INPP4B",0.735135908525116
"CCDC88C5",7.07467235821712e-290,1.7219178483642,0.447,0.128,2.08950448099943e-285,"CD8+ T-cells","CCDC88C",0.769697278218798
"PIP4K2A4",3.34436626714537e-286,1.43855550522369,0.694,0.304,9.87758577001385e-282,"CD8+ T-cells","PIP4K2A",0.99835752062524
"CENPU",1.72282524332292e-285,3.7028729285706,0.107,0.01,5.08836435615423e-281,"CD8+ T-cells","CENPU",0.396207403357054
"SPOCK22",2.28001463513112e-284,2.15860608283774,0.243,0.045,6.73402322485977e-280,"CD8+ T-cells","SPOCK2",0.524541278129571
"BRCA11",5.27298984821333e-282,2.75165873334538,0.238,0.045,1.55737755166981e-277,"CD8+ T-cells","BRCA1",0.6548947785362
"RABGAP1L4",7.0599815824014e-282,1.43863106473571,0.803,0.461,2.08516556036225e-277,"CD8+ T-cells","RABGAP1L",1.15522074498278
"PARP82",5.0020982145202e-281,1.33799812875288,0.666,0.284,1.47736970765854e-276,"CD8+ T-cells","PARP8",0.891106753749417
"LBR2",1.60671387938979e-279,2.32702128925018,0.29,0.063,4.74542944277773e-275,"CD8+ T-cells","LBR",0.674836173882551
"RHOH4",5.60269655578661e-279,1.65345611318689,0.316,0.07,1.65475642775157e-274,"CD8+ T-cells","RHOH",0.522492131767056
"BRCA21",8.54092394772577e-279,2.87483200072698,0.191,0.03,2.52256188796081e-274,"CD8+ T-cells","BRCA2",0.549092912138853
"MPHOSPH93",2.39941802100945e-278,2.28454518686257,0.321,0.077,7.0866811250514e-274,"CD8+ T-cells","MPHOSPH9",0.733339004982884
"ICOS",4.6605042455959e-278,2.75603683045914,0.103,0.009,1.37647992893675e-273,"CD8+ T-cells","ICOS",0.283871793537292
"CHST116",4.88320631614846e-276,1.27693166308917,0.806,0.414,1.44225498547445e-271,"CD8+ T-cells","CHST11",1.02920692044987
"GINS1",4.02569479925219e-274,3.61784590269189,0.101,0.009,1.18898895895914e-269,"CD8+ T-cells","GINS1",0.365402436171881
"BARD11",2.27176319981554e-273,2.59474753875133,0.265,0.055,6.7096526106552e-269,"CD8+ T-cells","BARD1",0.687608097769103
"RFWD3",1.13956441672234e-272,2.79272097469722,0.216,0.038,3.36570350478942e-268,"CD8+ T-cells","RFWD3",0.6032277305346
"FYB14",4.15933685943216e-270,1.46014992148186,0.525,0.173,1.22846014143329e-265,"CD8+ T-cells","FYB1",0.766578708777978
"C1orf112",1.50533098594294e-268,2.74599972830414,0.173,0.026,4.44599506698249e-264,"CD8+ T-cells","C1orf112",0.475057952996616
"SLC38A14",1.51333989052218e-268,1.54855273803292,0.431,0.125,4.46964936665725e-264,"CD8+ T-cells","SLC38A1",0.667426230092187
"INPP5D5",2.18964071595418e-266,1.55357874786816,0.49,0.156,6.46710385457066e-262,"CD8+ T-cells","INPP5D",0.7612535864554
"SFMBT24",3.56484413076741e-265,1.63864051078725,0.601,0.243,1.05287671402215e-260,"CD8+ T-cells","SFMBT2",0.984822946983137
"ZC3HAV14",1.51242239368357e-261,1.63387869930655,0.425,0.125,4.46693953974442e-257,"CD8+ T-cells","ZC3HAV1",0.694398447205285
"CDC7",1.7166451124429e-261,3.07169090144142,0.144,0.019,5.0701113396001e-257,"CD8+ T-cells","CDC7",0.442323489807565
"JAK33",1.73353326435203e-261,2.17468345899417,0.205,0.035,5.11999049626373e-257,"CD8+ T-cells","JAK3",0.445810109093805
"POLE",8.56111081294344e-261,2.82775337712145,0.173,0.026,2.52852407860284e-256,"CD8+ T-cells","POLE",0.489201334242011
"COX10-AS11",1.64561577127977e-260,2.51048740743815,0.279,0.063,4.86032618047481e-256,"CD8+ T-cells","COX10-AS1",0.700425986675244
"SLC27A2",7.23589983015539e-259,3.11345734613832,0.103,0.01,2.13712301483639e-254,"CD8+ T-cells","SLC27A2",0.320686106652246
"CHAF1A",9.49666800198904e-259,3.17632474053414,0.142,0.018,2.80484089438746e-254,"CD8+ T-cells","CHAF1A",0.451038113155848
"DNMT11",1.96437668143933e-255,2.23328395535445,0.329,0.085,5.80178652863107e-251,"CD8+ T-cells","DNMT1",0.734750421311615
"VRK11",1.10728303796692e-252,2.35633392696655,0.222,0.042,3.2703604526353e-248,"CD8+ T-cells","VRK1",0.523106131786575
"RIPOR24",7.26977141828596e-251,1.30051615868821,0.416,0.118,2.14712698839076e-246,"CD8+ T-cells","RIPOR2",0.541014722014294
"PRIM22",1.25943924496556e-249,2.12530268239578,0.396,0.121,3.71975381000578e-245,"CD8+ T-cells","PRIM2",0.841619862228728
"CCDC150",1.91250186687654e-247,3.37579428886914,0.116,0.013,5.64857426381985e-243,"CD8+ T-cells","CCDC150",0.391592137508821
"TRERF12",1.89471439095036e-246,1.79623063289446,0.403,0.121,5.59603895367189e-242,"CD8+ T-cells","TRERF1",0.723880945056469
"RACGAP1",2.26358244884013e-244,3.12525907715669,0.147,0.021,6.68549076264933e-240,"CD8+ T-cells","RACGAP1",0.459413084342033
"TUBB",3.41153890397359e-244,2.96987559187431,0.191,0.034,1.0075980152886e-239,"CD8+ T-cells","TUBB",0.567246238047993
"RASAL31",3.07023329410757e-243,2.25901204116472,0.162,0.024,9.0679340341467e-239,"CD8+ T-cells","RASAL3",0.365959950668684
"KLRK11",3.85471059418741e-241,2.26766113047612,0.138,0.018,1.13848877399325e-236,"CD8+ T-cells","KLRK1",0.312937236005705
"PSTPIP1",1.3507933291043e-239,2.33006025034149,0.179,0.029,3.98956809750954e-235,"CD8+ T-cells","PSTPIP1",0.417080784811127
"RABL6",9.70457357954337e-238,3.14181700822316,0.157,0.024,2.86624580671813e-233,"CD8+ T-cells","RABL6",0.493265270291036
"COTL13",3.19346945603756e-237,2.07014594123914,0.315,0.082,9.43191203840693e-233,"CD8+ T-cells","COTL1",0.65209597149033
"RFC31",5.84469885595504e-237,2.62692681164933,0.203,0.038,1.72623180710632e-232,"CD8+ T-cells","RFC3",0.533266142764815
"RRM1",6.33930724081356e-237,2.80386274962712,0.171,0.028,1.87231439357429e-232,"CD8+ T-cells","RRM1",0.479460530186237
"TBC1D10C",4.0941602236819e-236,2.63484807890051,0.116,0.013,1.20921022206445e-231,"CD8+ T-cells","TBC1D10C",0.305642377152459
"RNF2135",2.5568928129043e-235,1.45333463219466,0.745,0.427,7.55178292291286e-231,"CD8+ T-cells","RNF213",1.08273430098502
"NIBAN12",1.6945712347266e-234,1.45340748069,0.439,0.141,5.004916141765e-230,"CD8+ T-cells","NIBAN1",0.638045884022908
"TTF2",5.38353111401234e-233,2.48370947751142,0.222,0.045,1.59002591452355e-228,"CD8+ T-cells","TTF2",0.551383504007536
"MCM3",6.56147215465417e-233,3.25984485748074,0.125,0.016,1.93793080087711e-228,"CD8+ T-cells","MCM3",0.407480607185092
"MCM8",1.01749219805705e-229,2.91857427501181,0.132,0.018,3.00516320696149e-225,"CD8+ T-cells","MCM8",0.385251804301559
"GIMAP7",9.37793228693203e-227,2.68996622261487,0.123,0.016,2.76977230094538e-222,"CD8+ T-cells","GIMAP7",0.330865845381629
"LCP15",1.72570107768382e-223,1.66979831384247,0.381,0.115,5.09685813293917e-219,"CD8+ T-cells","LCP1",0.636193157573982
"TOPBP11",2.52220928360822e-220,2.43396214438495,0.252,0.059,7.44934511913689e-216,"CD8+ T-cells","TOPBP1",0.613358460385007
"ARL4C1",9.40215216706624e-216,2.14309945826397,0.247,0.057,2.77692564254301e-211,"CD8+ T-cells","ARL4C",0.529345566191202
"SYNE25",3.23229788580003e-215,1.23958178653519,0.669,0.311,9.54659180571038e-211,"CD8+ T-cells","SYNE2",0.829280215192043
"SLF11",4.80844074394499e-215,2.11963349341537,0.268,0.066,1.42017297372415e-210,"CD8+ T-cells","SLF1",0.568061776235318
"CNTRL5",2.45685020606982e-214,1.77069186586352,0.438,0.156,7.25630708362721e-210,"CD8+ T-cells","CNTRL",0.775563037248224
"STK393",6.5865902994273e-211,1.69893387963848,0.461,0.172,1.94534944493585e-206,"CD8+ T-cells","STK39",0.783208518513341
"MCOLN23",1.54542504911739e-209,2.01871173281655,0.215,0.045,4.56441288256821e-205,"CD8+ T-cells","MCOLN2",0.434023022555558
"ANKRD445",2.96764521666064e-205,1.20149655531121,0.675,0.334,8.76494014740719e-201,"CD8+ T-cells","ANKRD44",0.811010174835064
"UHRF22",1.29485288758632e-204,2.15542254573235,0.188,0.036,3.82434800348618e-200,"CD8+ T-cells","UHRF2",0.405219438597682
"CKAP52",3.53290376653478e-204,2.20061250513205,0.305,0.087,1.04344312744605e-199,"CD8+ T-cells","CKAP5",0.671186814065276
"PPP2R2B2",8.85830101050793e-204,1.96277531172496,0.194,0.038,2.61629920345352e-199,"CD8+ T-cells","PPP2R2B",0.380778410474643
"TNFRSF1B4",6.51015949460969e-203,1.58266280853926,0.351,0.105,1.92277560673297e-198,"CD8+ T-cells","TNFRSF1B",0.555514645797282
"CYTOR2",4.08216819744337e-201,1.93478408169368,0.276,0.072,1.2056683771149e-196,"CD8+ T-cells","CYTOR",0.534000406547456
"RASA24",2.1641590891687e-200,1.41878836054776,0.59,0.276,6.39184386985975e-196,"CD8+ T-cells","RASA2",0.83708513272318
"TNFAIP83",1.4824747089441e-198,1.40011237296288,0.46,0.169,4.3784890528664e-194,"CD8+ T-cells","TNFAIP8",0.644051691562924
"SFI13",2.96317880863331e-198,1.97621794864937,0.279,0.074,8.75174861129847e-194,"CD8+ T-cells","SFI1",0.551364807673174
"CBLB3",1.34942119511702e-197,1.2387475883222,0.695,0.364,3.98551549977813e-193,"CD8+ T-cells","CBLB",0.860929573883931
"CCDC183",1.89800227663643e-196,2.0691698341636,0.297,0.084,5.60574972404571e-192,"CD8+ T-cells","CCDC18",0.61454344074659
"SLAMF1",8.22261210862176e-196,2.35379495984388,0.112,0.015,2.42854848628144e-191,"CD8+ T-cells","SLAMF1",0.263625035502515
"CYFIP23",1.00721413880248e-195,1.78205560739882,0.249,0.06,2.97480695895311e-191,"CD8+ T-cells","CYFIP2",0.443731846242306
"PREX16",3.13993582933288e-195,1.47690186378864,0.455,0.168,9.27380047193467e-191,"CD8+ T-cells","PREX1",0.671990348023832
"MAP4K1",8.9880517515317e-195,2.46583777180963,0.105,0.013,2.65462108481489e-190,"CD8+ T-cells","MAP4K1",0.258912966040011
"SCML42",1.24596532939415e-194,1.75534304273476,0.17,0.031,3.67995860036564e-190,"CD8+ T-cells","SCML4",0.298408317264909
"HS3ST3B1",7.47311073644499e-194,2.51264132145302,0.123,0.018,2.20718325600903e-189,"CD8+ T-cells","HS3ST3B1",0.309054882538722
"POLA12",1.9307935744614e-193,2.10459171629023,0.321,0.099,5.70259882217174e-189,"CD8+ T-cells","POLA1",0.675573940929163
"RAC2",4.85361204113922e-193,2.54365054977135,0.115,0.016,1.43351431635047e-188,"CD8+ T-cells","RAC2",0.292519813223705
"DEF6",6.76635064715074e-193,2.24357147917087,0.155,0.027,1.99844166363597e-188,"CD8+ T-cells","DEF6",0.347753579271484
"SUN21",4.12289784697151e-192,2.14620493153078,0.232,0.055,1.21769787910304e-187,"CD8+ T-cells","SUN2",0.497919544115141
"IL32",6.5998612388279e-192,2.60858458435687,0.139,0.023,1.94926901688782e-187,"CD8+ T-cells","IL32",0.362593257225605
"CCDC88B1",5.58173192810675e-191,2.16295074802885,0.184,0.037,1.64856452496633e-186,"CD8+ T-cells","CCDC88B",0.397982937637308
"ARHGAP305",7.29532570441777e-191,1.80960345315764,0.293,0.082,2.15467444679979e-186,"CD8+ T-cells","ARHGAP30",0.530213811775189
"PCNT2",2.07314730795669e-188,1.99171023993281,0.292,0.084,6.12304057405008e-184,"CD8+ T-cells","PCNT",0.581579390060382
"OXCT11",2.83300862144488e-187,2.04976014192069,0.22,0.051,8.36729096343745e-183,"CD8+ T-cells","OXCT1",0.450947231222552
"STK17A4",3.26170155274199e-187,1.63133661970655,0.386,0.134,9.63343553602347e-183,"CD8+ T-cells","STK17A",0.629695935206729
"SLAMF63",9.55742762339116e-186,1.83240784202837,0.151,0.026,2.82278624856858e-181,"CD8+ T-cells","SLAMF6",0.276693584146284
"SASS6",6.15642488064826e-185,2.74729107758669,0.12,0.018,1.81830008849946e-180,"CD8+ T-cells","SASS6",0.329674929310402
"CEP85L4",7.92798938633637e-183,1.50131984498641,0.447,0.172,2.34153166525445e-178,"CD8+ T-cells","CEP85L",0.671089970708924
"PDE7A3",1.07656023133903e-182,1.39156742706256,0.564,0.265,3.17962064325982e-178,"CD8+ T-cells","PDE7A",0.784844028863286
"CEP1921",3.09133954025461e-181,1.72735397295865,0.447,0.182,9.13027133214199e-177,"CD8+ T-cells","CEP192",0.772127225912518
"IPCEF12",1.14515875851548e-180,1.66809306183939,0.21,0.047,3.38222639327548e-176,"CD8+ T-cells","IPCEF1",0.350299542986271
"AKNA3",1.64496086966955e-180,1.42950863154742,0.344,0.108,4.85839192856901e-176,"CD8+ T-cells","AKNA",0.491750969252313
"IFI164",3.55050393666639e-179,1.44540239509431,0.485,0.2,1.04864133769442e-174,"CD8+ T-cells","IFI16",0.701020161620741
"OPRM12",9.76855172830924e-178,2.0967269266824,0.151,0.027,2.88514175295613e-173,"CD8+ T-cells","OPRM1",0.316605765929042
"GRK23",1.71410132693927e-177,2.02118235941144,0.229,0.057,5.06259826911513e-173,"CD8+ T-cells","GRK2",0.46285076030522
"MYO1F4",1.26977105524701e-176,1.43297026057947,0.403,0.144,3.75026881167204e-172,"CD8+ T-cells","MYO1F",0.577487015013525
"TMC83",2.45812062309988e-176,1.74338739808901,0.229,0.056,7.26005926032549e-172,"CD8+ T-cells","TMC8",0.399235714162383
"KCNAB24",2.55732131316322e-176,1.49581526981481,0.345,0.112,7.55304849842756e-172,"CD8+ T-cells","KCNAB2",0.516056268086111
"BCL24",5.36432540561382e-176,1.28988054291014,0.447,0.17,1.58435350854804e-171,"CD8+ T-cells","BCL2",0.576576602680831
"UHRF1",5.99389512247677e-175,2.60406504313484,0.123,0.019,1.77029692442351e-170,"CD8+ T-cells","UHRF1",0.320300000305585
"TMEM1563",1.93120306079143e-174,1.82026975345113,0.148,0.027,5.70380824004749e-170,"CD8+ T-cells","TMEM156",0.269399923510767
"PITPNC13",3.80680442968888e-174,1.16738231920221,0.533,0.232,1.12433968830861e-169,"CD8+ T-cells","PITPNC1",0.622214776134779
"XYLT15",1.46640720014598e-173,1.39137368330518,0.387,0.135,4.33103366563114e-169,"CD8+ T-cells","XYLT1",0.538461615439106
"ANP32E",3.94280389626284e-173,2.63991006567589,0.153,0.029,1.16450713076123e-168,"CD8+ T-cells","ANP32E",0.403906240048411
"NFATC35",4.42888632707671e-173,1.6002711417372,0.418,0.161,1.30807157670211e-168,"CD8+ T-cells","NFATC3",0.668913337246149
"NCAPD21",5.41518378570506e-172,2.36228644245545,0.178,0.038,1.59937453110799e-167,"CD8+ T-cells","NCAPD2",0.42048698675707
"EVL2",1.95451742147998e-171,1.40520417586182,0.449,0.179,5.77266720434113e-167,"CD8+ T-cells","EVL",0.630936674961956
"NAP1L43",2.48540653983491e-170,1.57572335132058,0.433,0.173,7.34064821540241e-166,"CD8+ T-cells","NAP1L4",0.682288211121809
"CYTIP5",8.74303669691689e-169,1.26645226095099,0.368,0.123,2.5822558884344e-164,"CD8+ T-cells","CYTIP",0.466054432029964
"CKAP2",5.96702836221952e-168,2.8074228743722,0.119,0.019,1.76236182678154e-163,"CD8+ T-cells","CKAP2",0.334083322050291
"PRKDC1",4.28275224300121e-167,1.70457653877784,0.442,0.187,1.26491087497041e-162,"CD8+ T-cells","PRKDC",0.753422830139803
"KIF2A4",2.01722235340869e-166,1.66111908689611,0.347,0.12,5.95786622079257e-162,"CD8+ T-cells","KIF2A",0.576408323152949
"NLRC54",4.85983212828552e-166,1.61942797343373,0.327,0.107,1.43535141908913e-161,"CD8+ T-cells","NLRC5",0.529552947312831
"SKA2",1.73365833341311e-165,2.50993441153732,0.164,0.034,5.12035988773563e-161,"CD8+ T-cells","SKA2",0.41162924349212
"NCK23",8.85344970296287e-165,1.46385220395572,0.343,0.115,2.61486636977008e-160,"CD8+ T-cells","NCK2",0.502101305956813
"PHTF22",7.63000283751694e-163,1.5940680037673,0.369,0.135,2.25352133806063e-158,"CD8+ T-cells","PHTF2",0.588211093390133
"ARHGEF62",2.68615347399803e-162,1.68346379917016,0.271,0.079,7.93355428545318e-158,"CD8+ T-cells","ARHGEF6",0.456218689575113
"CDK5RAP22",7.79664556328677e-162,1.73414867708095,0.368,0.137,2.30273926711675e-157,"CD8+ T-cells","CDK5RAP2",0.638166713165788
"STIM13",1.14247970478981e-160,1.48168778211105,0.466,0.202,3.3743138080967e-156,"CD8+ T-cells","STIM1",0.690466506463749
"DEK3",5.74670052802311e-160,1.80126143333579,0.335,0.117,1.69728800095163e-155,"CD8+ T-cells","DEK",0.603422580167489
"TBC1D31",4.53574285727805e-158,2.26031813375867,0.173,0.038,1.33963165289707e-153,"CD8+ T-cells","TBC1D31",0.39103503714025
"ARHGAP19",1.28425391474041e-157,2.43407058610265,0.158,0.033,3.7930439371858e-153,"CD8+ T-cells","ARHGAP19",0.384583152604218
"INPP4A5",2.55195105656264e-157,1.35131598241643,0.482,0.212,7.53718744555775e-153,"CD8+ T-cells","INPP4A",0.651334303524717
"STK105",9.32020436140312e-157,1.34660645405948,0.397,0.15,2.75272235814041e-152,"CD8+ T-cells","STK10",0.534602762261612
"PBX41",1.21895493939406e-156,2.00392980627046,0.158,0.032,3.60018341350035e-152,"CD8+ T-cells","PBX4",0.316620909390733
"SPC25",5.46906072022787e-156,2.56389410631381,0.124,0.022,1.6152870837193e-151,"CD8+ T-cells","SPC25",0.317922869182912
"TOX5",3.55843897853267e-155,1.39061419547361,0.383,0.143,1.05098495230962e-150,"CD8+ T-cells","TOX",0.532605236866392
"CRACR2A2",3.75699368078018e-154,1.96046640241295,0.176,0.04,1.10962808361842e-149,"CD8+ T-cells","CRACR2A",0.345042086824679
"RCSD15",7.0008786014977e-154,1.40758414124642,0.26,0.075,2.06770949495234e-149,"CD8+ T-cells","RCSD1",0.365971876724069
"MCM6",1.34447793575709e-153,2.67911396662213,0.106,0.017,3.97091558325857e-149,"CD8+ T-cells","MCM6",0.283986080461946
"STK45",2.23118624087031e-153,1.17292668839723,0.466,0.194,6.58980856241047e-149,"CD8+ T-cells","STK4",0.54658383679311
"LMNB2",3.54212158052936e-153,2.81118270433317,0.112,0.018,1.04616560880935e-148,"CD8+ T-cells","LMNB2",0.314852462885315
"ARL6IP11",4.00827692372835e-153,2.4682733290535,0.196,0.049,1.18384458942317e-148,"CD8+ T-cells","ARL6IP1",0.483781572494485
"ARAP24",1.9916245254577e-152,1.21574852908902,0.5,0.224,5.88226303593933e-148,"CD8+ T-cells","ARAP2",0.607874264544512
"LSP11",1.7316602606624e-151,2.11731056530083,0.147,0.029,5.1144585798664e-147,"CD8+ T-cells","LSP1",0.311244653099223
"DGKZ1",1.47154419250684e-149,1.98607334861268,0.202,0.052,4.34620577256894e-145,"CD8+ T-cells","DGKZ",0.401186816419761
"TUBA1B1",2.1665447164878e-149,2.32616429455846,0.181,0.043,6.39888982014673e-145,"CD8+ T-cells","TUBA1B",0.42103573731508
"TRAF52",1.65787438964795e-148,1.69325238240975,0.214,0.056,4.89653200982523e-144,"CD8+ T-cells","TRAF5",0.362356009835686
"APBB1IP5",3.7115739301604e-148,1.26265968876294,0.414,0.163,1.09621336027287e-143,"CD8+ T-cells","APBB1IP",0.522741111147859
"SCLT14",1.51962459726598e-147,1.58644247929083,0.421,0.18,4.48821124802507e-143,"CD8+ T-cells","SCLT1",0.667892283781441
"RAD181",2.51973674785155e-147,2.25673610052567,0.187,0.046,7.44204248477956e-143,"CD8+ T-cells","RAD18",0.4220096507983
"ARHGEF15",1.84675555850789e-146,1.68637779741478,0.284,0.092,5.45439254205304e-142,"CD8+ T-cells","ARHGEF1",0.478931294465798
"CDK63",5.92532094171066e-146,1.62387601747375,0.362,0.139,1.75004354013424e-141,"CD8+ T-cells","CDK6",0.587843118325496
"NDC1",2.06878015487984e-145,2.38866822171997,0.154,0.033,6.11014218743761e-141,"CD8+ T-cells","NDC1",0.367854906144875
"LRRC8C3",1.05775208824096e-144,1.53227340540042,0.291,0.095,3.12407079261968e-140,"CD8+ T-cells","LRRC8C",0.445891560971522
"CALM3",4.33926308231469e-143,2.65860338927625,0.123,0.023,1.28160135136164e-138,"CD8+ T-cells","CALM3",0.327008216880979
"TMEM131L4",7.33361365580577e-143,1.29398008514924,0.403,0.163,2.16598279324224e-138,"CD8+ T-cells","TMEM131L",0.521473974315144
"KATNAL1",1.13094183222127e-142,1.94756662135703,0.233,0.068,3.34023670146551e-138,"CD8+ T-cells","KATNAL1",0.453783022776187
"GBP52",1.23336567642985e-142,1.76734522921855,0.17,0.039,3.64274552533558e-138,"CD8+ T-cells","GBP5",0.300448688967154
"DIAPH14",4.48015770882467e-142,1.32188583483847,0.456,0.204,1.32321457930137e-137,"CD8+ T-cells","DIAPH1",0.602779940686342
"TFDP1",1.09880896750356e-141,2.14972934748696,0.202,0.054,3.24533228552178e-137,"CD8+ T-cells","TFDP1",0.434245328192367
"LIN541",3.989270952855e-141,2.09314328859647,0.21,0.058,1.17823117592573e-136,"CD8+ T-cells","LIN54",0.439560090605259
"SP4",5.74075054940803e-141,2.00452879424813,0.175,0.042,1.69553067476766e-136,"CD8+ T-cells","SP4",0.350792538993423
"RUNX23",6.3133139407469e-141,1.5134329057192,0.332,0.122,1.8646372723996e-136,"CD8+ T-cells","RUNX2",0.502459724698773
"FAM102A1",8.36102472381409e-141,1.95998569849987,0.173,0.041,2.46942865217849e-136,"CD8+ T-cells","FAM102A",0.339077525840477
"RNF1252",1.33324853046248e-140,1.63347572673258,0.13,0.025,3.93774953472094e-136,"CD8+ T-cells","RNF125",0.212351844475235
"HIST1H1E",3.625342890613e-140,2.57484691508398,0.105,0.017,1.07074502274255e-135,"CD8+ T-cells","HIST1H1E",0.270358926083818
"FGD35",7.44804614451189e-140,1.53154882681574,0.222,0.062,2.19978042878159e-135,"CD8+ T-cells","FGD3",0.340003839553094
"LRBA6",3.62645613300244e-138,1.10799378697772,0.677,0.424,1.07107381888227e-133,"CD8+ T-cells","LRBA",0.750111793783916
"TMSB4X2",6.7635119698343e-138,1.45088531991689,0.336,0.123,1.99760326029056e-133,"CD8+ T-cells","TMSB4X",0.487497467492075
"CNOT6L2",1.4724927873479e-137,1.01350056227586,0.419,0.172,4.34900744743204e-133,"CD8+ T-cells","CNOT6L",0.424656735593587
"CLASP13",1.24146847756234e-135,1.28627017450912,0.536,0.283,3.66667714848037e-131,"CD8+ T-cells","CLASP1",0.689440813536888
"SMC1A1",2.50063681134096e-135,2.0091314412872,0.225,0.066,7.38563082229553e-131,"CD8+ T-cells","SMC1A",0.45205457428962
"MYO1G",5.48992142497995e-134,2.07411659176388,0.154,0.035,1.62144829286783e-129,"CD8+ T-cells","MYO1G",0.319413955131638
"PCNX21",2.86251980430842e-133,1.48548292119787,0.334,0.127,8.45445224202491e-129,"CD8+ T-cells","PCNX2",0.496151295680088
"CD383",5.60539370708579e-133,1.46171238917466,0.299,0.104,1.65555303138779e-128,"CD8+ T-cells","CD38",0.437052004363224
"USP1",9.29811736357704e-133,2.49271140750685,0.118,0.023,2.74619896333248e-128,"CD8+ T-cells","USP1",0.294139946085808
"HMGB12",8.36880394269529e-131,1.46075584487858,0.451,0.213,2.47172624447505e-126,"CD8+ T-cells","HMGB1",0.658800886040239
"CASP83",6.25389638313669e-130,1.60860426037117,0.277,0.094,1.84708829675942e-125,"CD8+ T-cells","CASP8",0.445583380122814
"CBX5",1.58526361083189e-129,2.02568975098427,0.188,0.05,4.68207607459199e-125,"CD8+ T-cells","CBX5",0.380829673185042
"OXNAD12",1.69448346473052e-129,1.4924460549447,0.287,0.1,5.00465691308158e-125,"CD8+ T-cells","OXNAD1",0.428332017769129
"SMC31",2.61841041798139e-129,1.92017944287531,0.216,0.063,7.73347516950803e-125,"CD8+ T-cells","SMC3",0.414758759661067
"TSPOAP1-AS11",7.94628362815936e-129,1.97850211332383,0.152,0.035,2.34693486957687e-124,"CD8+ T-cells","TSPOAP1-AS1",0.300732321225223
"ZFYVE283",3.74252165856936e-127,1.56392812530203,0.249,0.079,1.10535377185846e-122,"CD8+ T-cells","ZFYVE28",0.389418103200205
"MYH94",7.25605098315608e-127,1.14162607753527,0.507,0.252,2.14307465787515e-122,"CD8+ T-cells","MYH9",0.57880442131038
"CKLF",2.2960461535136e-126,1.75651961974322,0.197,0.055,6.78137231440242e-122,"CD8+ T-cells","CKLF",0.346034365089414
"WIPF15",6.7607068447921e-125,1.1765397059182,0.427,0.188,1.99677476660935e-120,"CD8+ T-cells","WIPF1",0.502382454427072
"DDX11",2.31198632945169e-124,2.58306037137137,0.11,0.021,6.82845162403555e-120,"CD8+ T-cells","DDX11",0.284136640850851
"E2F34",2.98862867937458e-124,1.748937564794,0.279,0.1,8.82691480453283e-120,"CD8+ T-cells","E2F3",0.487953580577525
"TRAF1",3.01832100994493e-123,1.97581388505566,0.112,0.021,8.91461110287236e-119,"CD8+ T-cells","TRAF1",0.221291155126234
"G2E3",2.75651249145478e-122,1.95788239424119,0.221,0.069,8.14135964351168e-118,"CD8+ T-cells","G2E3",0.432692009127302
"TBCD3",3.39845014834993e-122,1.52170403977422,0.347,0.142,1.00373225131515e-117,"CD8+ T-cells","TBCD",0.528031301801653
"OGN",7.57336740683081e-122,2.58254125385439,0.113,0.022,2.23679406360748e-117,"CD8+ T-cells","OGN",0.291827161685547
"PLCL26",2.42451612855449e-121,1.23279766529897,0.406,0.177,7.16080838568569e-117,"CD8+ T-cells","PLCL2",0.500515852111381
"SET1",1.74616071826564e-120,2.15343632348316,0.194,0.056,5.15728568139758e-116,"CD8+ T-cells","SET",0.417766646755733
"FAM49B5",5.73539855705009e-120,1.04157072493053,0.578,0.317,1.69394996382474e-115,"CD8+ T-cells","FAM49B",0.602027879009848
"DPP41",8.10546766850678e-119,2.05085073263005,0.172,0.046,2.39394987589348e-114,"CD8+ T-cells","DPP4",0.352746326012368
"TTC39C3",1.08656457227185e-118,1.3479830182724,0.334,0.133,3.20916846420492e-114,"CD8+ T-cells","TTC39C",0.450226328102983
"GALM1",1.97684231478477e-118,1.65358072506487,0.256,0.088,5.83860377671681e-114,"CD8+ T-cells","GALM",0.423316665616605
"SEPTIN73",6.16280547713875e-117,1.29823030602228,0.423,0.199,1.82018459767293e-112,"CD8+ T-cells","SEPTIN7",0.549151419447425
"FANCM",1.02822347738323e-116,2.14361529700019,0.132,0.03,3.03685804045136e-112,"CD8+ T-cells","FANCM",0.282957219204025
"APBA22",3.68660095782674e-116,1.67427210464167,0.164,0.042,1.08883759289413e-111,"CD8+ T-cells","APBA2",0.274580625161234
"NETO2",6.78263812691424e-116,2.11639645515623,0.118,0.025,2.00325217078412e-111,"CD8+ T-cells","NETO2",0.249734781708435
"RAD212",1.79753516509112e-115,1.65102213750731,0.303,0.118,5.30902011009662e-111,"CD8+ T-cells","RAD21",0.500259707664714
"CD691",2.10352834467235e-115,1.52067714059259,0.121,0.025,6.21277096598979e-111,"CD8+ T-cells","CD69",0.184001934011704
"RAB27A3",8.70060671174441e-115,1.35920500193735,0.377,0.167,2.56972419231371e-110,"CD8+ T-cells","RAB27A",0.512420285730379
"SH2D3C1",1.41169238460973e-114,1.70037014747083,0.157,0.04,4.16943345794484e-110,"CD8+ T-cells","SH2D3C",0.266958113152921
"DBF4",1.61478802091248e-114,2.27111598396595,0.138,0.032,4.76927641976501e-110,"CD8+ T-cells","DBF4",0.313414005787301
"SLC7A51",4.63156669274688e-114,1.59731202280266,0.147,0.036,1.36793322270279e-109,"CD8+ T-cells","SLC7A5",0.234804867351991
"ARHGAP451",3.20109149403797e-113,1.76034882303222,0.162,0.042,9.45442372764115e-109,"CD8+ T-cells","ARHGAP45",0.28517650933122
"FAM111A1",9.51919786411265e-113,1.75104649623994,0.232,0.078,2.81149508916567e-108,"CD8+ T-cells","FAM111A",0.406242787127666
"KLF124",1.17618347923429e-111,1.13870015602983,0.394,0.174,3.47385790591847e-107,"CD8+ T-cells","KLF12",0.448647861475753
"TMEM1812",1.25768333529095e-111,1.38374360732106,0.379,0.171,3.71456773078181e-107,"CD8+ T-cells","TMEM181",0.524438827174684
"TOX22",3.2257269382295e-110,1.80674584463437,0.139,0.033,9.52718451206082e-106,"CD8+ T-cells","TOX2",0.251137672404177
"MLLT34",5.56509356922333e-109,1.15735889226401,0.42,0.197,1.64365038567011e-104,"CD8+ T-cells","MLLT3",0.486090734750885
"ANP32B",9.39017790332688e-109,1.92560088744494,0.203,0.064,2.77338904374759e-104,"CD8+ T-cells","ANP32B",0.390896980151323
"BAZ1B3",5.25537727728479e-108,1.42529488060183,0.353,0.154,1.55217567884606e-103,"CD8+ T-cells","BAZ1B",0.503129092852447
"SRPK11",1.72353971153837e-107,1.59770758477363,0.262,0.096,5.09047453802857e-103,"CD8+ T-cells","SRPK1",0.418599387210692
"VAV16",3.85809017848702e-107,1.49443095757036,0.209,0.066,1.13948693421614e-102,"CD8+ T-cells","VAV1",0.312336070132206
"FMNL15",1.03182280430303e-106,1.36634069154085,0.25,0.087,3.04748865250901e-102,"CD8+ T-cells","FMNL1",0.341585172885212
"SASH3",1.10571718924543e-106,2.00105990603433,0.127,0.029,3.26573571843636e-102,"CD8+ T-cells","SASH3",0.25413460806636
"GLMN",1.36738272634147e-106,1.73976728242025,0.205,0.065,4.03856488224954e-102,"CD8+ T-cells","GLMN",0.35665229289615
"STK17B5",1.26172381311371e-105,1.15184315928329,0.377,0.167,3.72650128203133e-101,"CD8+ T-cells","STK17B",0.4342448710498
"KAT2B3",1.78596473199136e-105,1.24274751311534,0.317,0.128,5.27484683593649e-101,"CD8+ T-cells","KAT2B",0.393950961657562
"SH3KBP14",9.27323562060137e-105,1.11507413336891,0.466,0.237,2.73885014054461e-100,"CD8+ T-cells","SH3KBP1",0.519624546149912
"SPATA51",1.65590797935807e-104,1.38674384285812,0.328,0.139,4.89072421703405e-100,"CD8+ T-cells","SPATA5",0.454851980457464
"ADCY31",2.93485241471812e-104,1.81507575869059,0.184,0.055,8.66808660686998e-100,"CD8+ T-cells","ADCY3",0.333973939599069
"ARID3B1",1.05408826725828e-103,1.77373051960767,0.149,0.039,3.11324969734732e-99,"CD8+ T-cells","ARID3B",0.264285847421543
"PACS14",1.09434697510545e-103,1.02293524757292,0.512,0.278,3.23215379097396e-99,"CD8+ T-cells","PACS1",0.523742846757333
"LYST3",2.31515204048078e-103,1.1707496951195,0.476,0.255,6.83780155155997e-99,"CD8+ T-cells","LYST",0.557276854876883
"CSE1L",1.27476533661424e-102,1.82280345287766,0.187,0.058,3.76501942169015e-98,"CD8+ T-cells","CSE1L",0.340864245688123
"ARHGDIB1",1.11984834916003e-101,1.64267993809027,0.153,0.041,3.30747209924415e-97,"CD8+ T-cells","ARHGDIB",0.251330030527811
"CPB2-AS15",2.56718075693109e-101,1.50917703041367,0.21,0.069,7.58216836559596e-97,"CD8+ T-cells","CPB2-AS1",0.31692717638687
"LNPEP3",1.9607043205327e-100,1.36564824206177,0.368,0.17,5.79094021069334e-96,"CD8+ T-cells","LNPEP",0.50255855307873
"CSK",9.55126463803502e-100,1.90172417179657,0.144,0.038,2.82096601084364e-95,"CD8+ T-cells","CSK",0.273848280738706
"ATP8B43",1.12584505752012e-99,1.64369500977605,0.214,0.072,3.32518337738566e-95,"CD8+ T-cells","ATP8B4",0.351750732092074
"LAMTOR5-AS1",1.79975515172005e-99,1.87914498933725,0.197,0.064,5.31557684060516e-95,"CD8+ T-cells","LAMTOR5-AS1",0.370191562899438
"TBL1X3",1.86305053539958e-98,1.24356542530887,0.385,0.183,5.50251975630267e-94,"CD8+ T-cells","TBL1X",0.478772688743917
"MSN5",4.33397118331524e-98,1.10184602137612,0.436,0.22,1.28003838899216e-93,"CD8+ T-cells","MSN",0.480404865319986
"ZFPM11",1.04726397612691e-97,1.81909823363595,0.154,0.043,3.09309415349083e-93,"CD8+ T-cells","ZFPM1",0.280141127979937
"PHACTR21",2.00040109829608e-97,1.25840066369917,0.469,0.261,5.90818464381748e-93,"CD8+ T-cells","PHACTR2",0.590189911274912
"ARHGEF33",4.04092115856138e-97,1.07545741696585,0.417,0.204,1.1934860641811e-92,"CD8+ T-cells","ARHGEF3",0.448465742874759
"SP1004",1.37629226452563e-96,1.06539388000027,0.516,0.294,4.06487920327645e-92,"CD8+ T-cells","SP100",0.549743242080137
"TAF151",1.75808560142708e-96,1.23852819690541,0.437,0.232,5.19250582381489e-92,"CD8+ T-cells","TAF15",0.541236822047665
"CCSER22",2.12205307519698e-96,1.18731723145058,0.429,0.22,6.26748375759429e-92,"CD8+ T-cells","CCSER2",0.509359092292298
"IL21R",3.04371829206645e-96,1.83154283338127,0.105,0.023,8.98962197561827e-92,"CD8+ T-cells","IL21R",0.192311997505033
"CENPJ1",3.27651245481938e-96,2.05368114331195,0.123,0.03,9.67717953530903e-92,"CD8+ T-cells","CENPJ",0.25260278062737
"SFXN12",3.54474676837654e-96,1.73411778549921,0.188,0.06,1.04694095804001e-91,"CD8+ T-cells","SFXN1",0.326014143673852
"ADGRE54",6.04287148814171e-96,1.19798455222698,0.298,0.121,1.78476209402265e-91,"CD8+ T-cells","ADGRE5",0.356999396563641
"ATP8A15",8.52113109516308e-96,1.03240897509462,0.386,0.178,2.51671606895642e-91,"CD8+ T-cells","ATP8A1",0.398509864386522
"KPNB13",1.6065335390792e-95,1.34963399904832,0.345,0.159,4.74489680767043e-91,"CD8+ T-cells","KPNB1",0.465623729671672
"PRKCA3",3.71573382722992e-95,1.1071786548654,0.462,0.248,1.09744198587236e-90,"CD8+ T-cells","PRKCA",0.511516538547816
"CEP2951",1.29178063563205e-94,1.75545744611788,0.203,0.069,3.81527410733927e-90,"CD8+ T-cells","CEP295",0.356357861561929
"PSD4",1.3138898848194e-94,1.90071114976387,0.134,0.035,3.88057377481409e-90,"CD8+ T-cells","PSD4",0.254695294068358
"CD535",1.41075692699017e-94,1.13870182149751,0.265,0.1,4.16667058386547e-90,"CD8+ T-cells","CD53",0.30175598269684
"MBP4",1.79449821430396e-94,1.05155170427051,0.416,0.206,5.30005047594673e-90,"CD8+ T-cells","MBP",0.437445508976531
"CEP781",6.41082823698155e-94,2.01261952656963,0.117,0.028,1.8934381197925e-89,"CD8+ T-cells","CEP78",0.235476484608646
"RESF13",1.46171578710579e-93,1.09231315793292,0.329,0.141,4.31717757721696e-89,"CD8+ T-cells","RESF1",0.35937102895993
"SUZ122",8.3536515999622e-93,1.4608776120901,0.281,0.116,2.46725100004884e-88,"CD8+ T-cells","SUZ12",0.410506608997317
"PSMA12",1.16000730812894e-92,1.40852703100614,0.266,0.105,3.42608158455883e-88,"CD8+ T-cells","PSMA1",0.374668190247633
"RBM15",2.95061793826648e-92,2.08811321787006,0.138,0.037,8.71465008067004e-88,"CD8+ T-cells","RBM15",0.288159624066068
"RTTN1",3.21952728586113e-92,1.56847900924145,0.221,0.08,9.50887383879084e-88,"CD8+ T-cells","RTTN",0.34663386104236
"WNK12",4.22096132658095e-92,1.0124166052368,0.547,0.333,1.24666092780568e-87,"CD8+ T-cells","WNK1",0.553791883064529
"PPP6R1",7.9348359104105e-92,1.76196595525354,0.186,0.061,2.34355378613974e-87,"CD8+ T-cells","PPP6R1",0.327725667677158
"NUCKS11",1.11198227048413e-91,1.48147274062926,0.334,0.155,3.28423963587489e-87,"CD8+ T-cells","NUCKS1",0.494811895370173
"G2E3-AS1",2.92896253764806e-91,2.27735679769985,0.114,0.027,8.65069085494355e-87,"CD8+ T-cells","G2E3-AS1",0.259618674937782
"NASP2",5.94712670438651e-91,1.50259393616651,0.233,0.087,1.75648387214055e-86,"CD8+ T-cells","NASP",0.350104387126797
"MASTL",1.02775118602958e-90,2.12363269295183,0.116,0.028,3.03546312793836e-86,"CD8+ T-cells","MASTL",0.246341392382412
"PSMB9",1.25681863139452e-90,1.74988942071603,0.17,0.053,3.71201382782371e-86,"CD8+ T-cells","PSMB9",0.297481201521726
"CD584",1.53123957704567e-90,1.33737688385155,0.257,0.101,4.5225160908044e-86,"CD8+ T-cells","CD58",0.34370585914985
"ANXA64",6.00316808889535e-90,1.40704455393887,0.21,0.073,1.77303569505524e-85,"CD8+ T-cells","ANXA6",0.295479356327163
"BIN24",8.99984928291605e-90,1.48532342864877,0.173,0.054,2.65810548570925e-85,"CD8+ T-cells","BIN2",0.256960953156237
"PFKP1",2.19730702844936e-89,1.66162240662298,0.176,0.056,6.48974630852518e-85,"CD8+ T-cells","PFKP",0.292445543565644
"H2AFV1",9.19952557482848e-89,1.88123338677977,0.167,0.052,2.71707987852559e-84,"CD8+ T-cells","H2AFV",0.314165975592221
"CAB394",1.03690606003677e-88,1.13445802413064,0.458,0.253,3.06250204831859e-84,"CD8+ T-cells","CAB39",0.519581775051835
"SLC4A74",2.53358898227305e-88,1.03274982919305,0.386,0.187,7.48295505914347e-84,"CD8+ T-cells","SLC4A7",0.398641434068516
"HCFC1",2.79931729706352e-88,2.29964554858183,0.103,0.024,8.26778363687711e-84,"CD8+ T-cells","HCFC1",0.236863491503928
"FAM107B4",3.2062951104858e-88,1.15925163215989,0.376,0.184,9.46979260881982e-84,"CD8+ T-cells","FAM107B",0.43587861369212
"UBASH3B4",3.51918066733859e-88,1.22089855094246,0.313,0.137,1.03939001009845e-83,"CD8+ T-cells","UBASH3B",0.382141246444991
"GBP4",4.15125772390039e-88,1.8419489732282,0.121,0.031,1.22607396875398e-83,"CD8+ T-cells","GBP4",0.222875825760612
"RAPGEF64",1.13760309712172e-87,1.10154068465632,0.425,0.224,3.35991074734899e-83,"CD8+ T-cells","RAPGEF6",0.468154790978934
"SLC5A31",2.27720028550615e-87,1.53116027148972,0.225,0.084,6.72571104324242e-83,"CD8+ T-cells","SLC5A3",0.344511061085188
"GEN11",3.88484785777222e-87,2.08996693861342,0.12,0.031,1.14738981479302e-82,"CD8+ T-cells","GEN1",0.250796032633611
"RAD51B3",4.49640929361504e-87,1.35823798385905,0.342,0.164,1.3280144848692e-82,"CD8+ T-cells","RAD51B",0.464517390479797
"SAE1",7.31984551788602e-87,1.8181274811554,0.17,0.055,2.16191637370764e-82,"CD8+ T-cells","SAE1",0.309081671796417
"ITPKB4",1.56366064235722e-86,1.19216385803356,0.232,0.086,4.61827170720205e-82,"CD8+ T-cells","ITPKB",0.276582015063787
"CASK2",2.72293655664031e-86,1.12224682521141,0.431,0.23,8.04219312003717e-82,"CD8+ T-cells","CASK",0.48368838166612
"BUB3",3.74077490468315e-86,2.01510568397496,0.11,0.027,1.10483786809817e-81,"CD8+ T-cells","BUB3",0.221661625237246
"PRKX3",3.74202605920735e-86,1.32021143285851,0.227,0.085,1.10520739658689e-81,"CD8+ T-cells","PRKX",0.299687995258881
"AAK13",9.65602195082684e-86,1.01880678421024,0.5,0.294,2.85190608317671e-81,"CD8+ T-cells","AAK1",0.509403392105122
"MAZ",2.40704796256937e-84,2.28315292257032,0.119,0.031,7.10921615744864e-80,"CD8+ T-cells","MAZ",0.271695197785868
"POLH",7.80411004559709e-84,2.07696945513175,0.136,0.039,2.3049439019671e-79,"CD8+ T-cells","POLH",0.282467845897917
"ARF6",1.11092918774432e-83,2.21077695079248,0.117,0.03,3.28112935600285e-79,"CD8+ T-cells","ARF6",0.258660903242721
"NNT2",1.31604547759993e-83,1.39678739270525,0.269,0.113,3.8869403180914e-79,"CD8+ T-cells","NNT",0.375735808637713
"EED",1.51703179601317e-83,1.86004580910045,0.153,0.047,4.48055340952489e-79,"CD8+ T-cells","EED",0.28458700879237
"HAVCR23",3.08478293875724e-83,1.59167334854261,0.195,0.069,9.11090640961951e-79,"CD8+ T-cells","HAVCR2",0.310376302965809
"R3HDM12",3.85058258082041e-83,1.24410504943074,0.319,0.147,1.13726956524531e-78,"CD8+ T-cells","R3HDM1",0.396869510768406
"ODF2",4.12148735704711e-83,2.23157341046642,0.103,0.025,1.21728129090386e-78,"CD8+ T-cells","ODF2",0.229852061278042
"PRDM12",4.28918267445922e-83,1.15459082800525,0.166,0.052,1.26681010290153e-78,"CD8+ T-cells","PRDM1",0.191662077448872
"SYNJ21",1.1167712680198e-82,1.70751569023069,0.161,0.051,3.29838394009648e-78,"CD8+ T-cells","SYNJ2",0.274910026127141
"KMT2A4",1.81842179803652e-82,1.08424477210992,0.424,0.229,5.37070878050087e-78,"CD8+ T-cells","KMT2A",0.459719783374606
"KLRD11",3.2154549692835e-82,1.55456498427597,0.153,0.047,9.49684625177883e-78,"CD8+ T-cells","KLRD1",0.237848442594224
"OSBPL33",4.58376389080941e-82,1.1086327730009,0.383,0.195,1.35381466515056e-77,"CD8+ T-cells","OSBPL3",0.424606352059345
"TBC1D2B2",5.76135895755524e-82,1.18052890902054,0.319,0.147,1.70161736811394e-77,"CD8+ T-cells","TBC1D2B",0.376588721977552
"CHD32",7.30067511501735e-82,1.46343267504536,0.233,0.092,2.15625439522037e-77,"CD8+ T-cells","CHD3",0.340979813285568
"LPIN23",7.80179917164205e-82,1.20262753546881,0.331,0.156,2.30426138534448e-77,"CD8+ T-cells","LPIN2",0.398069714240178
"ACTR23",1.04926720328955e-81,1.14819546152102,0.365,0.182,3.09901068491569e-77,"CD8+ T-cells","ACTR2",0.419091343455171
"KIF21A2",1.72725462720773e-81,1.63201475097198,0.167,0.054,5.10144654145804e-77,"CD8+ T-cells","KIF21A",0.272546463412321
"ERAP24",3.03114720941034e-81,1.37341011196279,0.212,0.079,8.95249328299345e-77,"CD8+ T-cells","ERAP2",0.291162943736112
"GTDC13",6.86494194906685e-81,1.17409995507347,0.361,0.179,2.02756060465689e-76,"CD8+ T-cells","GTDC1",0.423850083781521
"DIP2A2",7.30914080196575e-81,1.13064695488706,0.353,0.174,2.15875473586059e-76,"CD8+ T-cells","DIP2A",0.399118375075133
"EPB414",8.97273361600542e-81,1.08298606467052,0.371,0.186,2.6500968734872e-76,"CD8+ T-cells","EPB41",0.401787829992762
"HSPA85",1.59710403543022e-80,1.18669523408359,0.229,0.088,4.71704676864317e-76,"CD8+ T-cells","HSPA8",0.271753208605143
"DGKA2",2.77601722934582e-80,1.44127959612304,0.156,0.049,8.19896688687288e-76,"CD8+ T-cells","DGKA",0.224839616995193
"PRKACB3",4.76551927671539e-80,1.25740728045984,0.245,0.099,1.40749611837789e-75,"CD8+ T-cells","PRKACB",0.308064783712661
"XPO12",5.20325249566984e-80,1.04284838119043,0.457,0.26,1.53678062459609e-75,"CD8+ T-cells","XPO1",0.476581710204025
"TDP1",2.01147194464116e-79,1.82892216343984,0.119,0.032,5.94088238849766e-75,"CD8+ T-cells","TDP1",0.217641737449341
"NBEAL21",9.22782763359342e-79,1.66981225510974,0.144,0.044,2.72543889158182e-74,"CD8+ T-cells","NBEAL2",0.240452964735802
"ADD35",1.11540417811701e-78,1.12462119285306,0.342,0.165,3.29434624006859e-74,"CD8+ T-cells","ADD3",0.384620447955746
"SUB11",1.30143659233604e-78,1.413915215564,0.198,0.072,3.84379297546449e-74,"CD8+ T-cells","SUB1",0.279955212681672
"ARHGAP255",3.69915681624521e-78,1.15848603813405,0.261,0.108,1.09254596567802e-73,"CD8+ T-cells","ARHGAP25",0.302364855952986
"RORA-AS12",7.20364842021255e-78,1.35340491307539,0.235,0.095,2.12759756090978e-73,"CD8+ T-cells","RORA-AS1",0.318050154572716
"PIK3CG1",2.11377843007718e-77,1.63338190163594,0.112,0.029,6.24304459323295e-73,"CD8+ T-cells","PIK3CG",0.182938772983226
"SYNE31",3.34114055984963e-77,1.65933945153015,0.147,0.046,9.86805864351589e-73,"CD8+ T-cells","SYNE3",0.243922899374932
"CBFB2",3.91453108163036e-77,1.25630512419895,0.305,0.142,1.15615675495953e-72,"CD8+ T-cells","CBFB",0.38317306288068
"STAG24",7.78824951586103e-77,1.44331633264022,0.214,0.083,2.30025949450956e-72,"CD8+ T-cells","STAG2",0.308869695185008
"MSH2",7.90380834142319e-77,2.05558630205501,0.118,0.032,2.33438979363934e-72,"CD8+ T-cells","MSH2",0.242559183642491
"EIPR12",7.50304902451532e-76,1.50854772910882,0.215,0.084,2.2160255293906e-71,"CD8+ T-cells","EIPR1",0.324337761758395
"TSPAN145",7.84687460541148e-76,1.12808565987568,0.318,0.15,2.31757441470828e-71,"CD8+ T-cells","TSPAN14",0.358731239840465
"MIS18BP13",4.58451591551334e-75,1.20936760888928,0.316,0.151,1.35403677564686e-70,"CD8+ T-cells","MIS18BP1",0.382160164409011
"CARD86",5.6022731892001e-75,1.24689219393679,0.261,0.112,1.65463138643025e-70,"CD8+ T-cells","CARD8",0.325438862617501
"GCH1",8.90044593513057e-75,1.51402549518234,0.14,0.043,2.62874670694081e-70,"CD8+ T-cells","GCH1",0.211963569325528
"SUPT16H",2.85518360813076e-74,1.76014565162559,0.175,0.063,8.43278478661419e-70,"CD8+ T-cells","SUPT16H",0.308025489034478
"ITGA13",2.88647113830346e-74,1.38129814303058,0.246,0.104,8.52519250697926e-70,"CD8+ T-cells","ITGA1",0.339799343185523
"SRSF101",4.91726828802764e-74,1.41705096593376,0.269,0.121,1.45231518886896e-69,"CD8+ T-cells","SRSF10",0.38118670983618
"ACTG13",6.30544747682171e-74,1.33303854260941,0.239,0.1,1.86231391227929e-69,"CD8+ T-cells","ACTG1",0.31859621168365
"NUP205",1.17526518410864e-73,1.65304571024169,0.175,0.062,3.47114572126488e-69,"CD8+ T-cells","NUP205",0.289282999292296
"HSH2D3",1.43852699720349e-73,1.57213798899797,0.113,0.031,4.2486894862405e-69,"CD8+ T-cells","HSH2D",0.17765159275677
"CLSTN31",2.27002473838396e-73,1.66895391592937,0.149,0.048,6.70451806481701e-69,"CD8+ T-cells","CLSTN3",0.248674133473476
"SIDT15",2.31635627096233e-73,1.23790370925217,0.166,0.056,6.84135824628724e-69,"CD8+ T-cells","SIDT1",0.205492015735859
"SYNRG4",3.30281775025336e-73,1.14124197099168,0.316,0.152,9.75487222537329e-69,"CD8+ T-cells","SYNRG",0.36063246283337
"RPSA2",1.05145469663706e-72,1.43022225508165,0.19,0.071,3.10547144651757e-68,"CD8+ T-cells","RPSA",0.271742228465513
"DENND1B3",2.50907159562808e-72,1.03811793515588,0.392,0.211,7.41054295768753e-68,"CD8+ T-cells","DENND1B",0.406942230581104
"ACTB3",4.50853827627224e-72,1.05438268142969,0.278,0.124,1.33159677989701e-67,"CD8+ T-cells","ACTB",0.293118385437455
"ZNRF12",1.23545665542221e-71,1.29082598069741,0.205,0.08,3.64892123178949e-67,"CD8+ T-cells","ZNRF1",0.264619326042969
"EIF4E31",2.16409903959694e-71,1.45858566449088,0.132,0.04,6.39166651344958e-67,"CD8+ T-cells","EIF4E3",0.192533307712797
"HP1BP31",3.09368168826504e-71,1.16258390829842,0.38,0.208,9.13718886629081e-67,"CD8+ T-cells","HP1BP3",0.4417818851534
"MTF21",3.54771324938758e-70,1.33153438540749,0.264,0.12,1.04781710820662e-65,"CD8+ T-cells","MTF2",0.351525077747577
"DDX39A",4.02214346467951e-70,2.01842567570221,0.101,0.027,1.18794007229309e-65,"CD8+ T-cells","DDX39A",0.203860993245924
"RANGAP1",1.01380899619799e-69,1.67757489219916,0.147,0.049,2.99428487027077e-65,"CD8+ T-cells","RANGAP1",0.246603509153277
"TRAF34",1.45280592176264e-69,1.09813806718621,0.353,0.184,4.29086228992595e-65,"CD8+ T-cells","TRAF3",0.387642737716733
"TCF202",1.46751462670076e-69,1.32935677900109,0.257,0.115,4.3343044499607e-65,"CD8+ T-cells","TCF20",0.341644692203281
"ABHD35",3.01320265023424e-69,1.08039510754691,0.313,0.152,8.89949402746684e-65,"CD8+ T-cells","ABHD3",0.338163668662183
"TATDN2",3.99707902602894e-69,1.93405657357667,0.107,0.03,1.18053729033765e-64,"CD8+ T-cells","TATDN2",0.206944053372703
"NIPAL33",4.02195769035371e-69,1.56274792948468,0.16,0.056,1.18788520384597e-64,"CD8+ T-cells","NIPAL3",0.250039668717548
"HAUS6",9.69378957133079e-69,1.78908192801573,0.126,0.038,2.86306074989255e-64,"CD8+ T-cells","HAUS6",0.225424322929981
"CXCR42",1.06330181428034e-68,1.27987897375318,0.134,0.041,3.14046190847699e-64,"CD8+ T-cells","CXCR4",0.171503782482927
"POLA2",3.31683195299108e-68,1.93798394143192,0.103,0.028,9.79626317315915e-64,"CD8+ T-cells","POLA2",0.199612345967488
"TLE51",3.59955688679397e-68,1.5861920267736,0.186,0.071,1.0631291265146e-63,"CD8+ T-cells","TLE5",0.29503171697989
"TBC1D111",6.26923136222679e-68,1.01646463132483,0.325,0.161,1.85161748283368e-63,"CD8+ T-cells","TBC1D1",0.330351005180569
"RNASEH2B2",1.26114914914745e-67,1.37653198316814,0.224,0.094,3.72480401200699e-63,"CD8+ T-cells","RNASEH2B",0.308343164229664
"INSYN2B6",1.28309439458326e-67,1.23835496146011,0.194,0.074,3.78961929440167e-63,"CD8+ T-cells","INSYN2B",0.240240862523262
"NUP153",2.11370815748141e-67,1.1539377554709,0.302,0.147,6.24283704312134e-63,"CD8+ T-cells","NUP153",0.348489202152213
"NUP107",2.42277104099491e-67,1.50960195975229,0.182,0.069,7.15565426957846e-63,"CD8+ T-cells","NUP107",0.274747556674916
"GBP24",2.95061667246839e-67,1.31698153253531,0.239,0.104,8.71464634213538e-63,"CD8+ T-cells","GBP2",0.314758586275939
"TAP1",3.06204050485789e-67,1.72823713620673,0.132,0.042,9.04373663109777e-63,"CD8+ T-cells","TAP1",0.228127301979288
"CGAS",2.27800121508997e-66,1.57231635178265,0.13,0.041,6.72807658876824e-62,"CD8+ T-cells","CGAS",0.204401125731744
"NOTCH11",4.52380413296303e-66,1.5252109524511,0.151,0.052,1.33610555067063e-61,"CD8+ T-cells","NOTCH1",0.230306853820117
"SSBP4",7.14460493697024e-66,1.72752381537092,0.131,0.042,2.11015906813416e-61,"CD8+ T-cells","SSBP4",0.226305619813591
"HNRNPLL3",1.60148658706431e-65,1.31463546897424,0.236,0.104,4.72999063489443e-61,"CD8+ T-cells","HNRNPLL",0.310253970677921
"CDC25B",3.79650040330818e-65,1.95873831942518,0.108,0.031,1.12129639411707e-60,"CD8+ T-cells","CDC25B",0.211543738497919
"CTCF2",8.01690001058048e-65,1.31265896246814,0.201,0.082,2.36779141812495e-60,"CD8+ T-cells","CTCF",0.263844451456097
"TAB21",8.27851780989963e-65,1.14293984557101,0.333,0.174,2.44506023515386e-60,"CD8+ T-cells","TAB2",0.380598968575147
"STIM24",1.52291070108462e-64,1.09177691214429,0.336,0.176,4.49791675565343e-60,"CD8+ T-cells","STIM2",0.366837042480481
"CPT1A1",4.37284215302158e-64,1.34431606659928,0.212,0.089,1.29151892989492e-59,"CD8+ T-cells","CPT1A",0.284995006119048
"RAP1GDS13",5.38437078351324e-64,1.00490047099476,0.344,0.181,1.59027391091064e-59,"CD8+ T-cells","RAP1GDS1",0.345685762022197
"HELB3",5.7890760509144e-64,1.33015343096712,0.177,0.067,1.70980361163757e-59,"CD8+ T-cells","HELB",0.23543715728118
"STAT5B2",6.74252241775276e-64,1.09853411219795,0.273,0.128,1.99140399608328e-59,"CD8+ T-cells","STAT5B",0.299899812630041
"PVT14",8.76908957399897e-64,1.19488278449263,0.361,0.2,2.5899506056806e-59,"CD8+ T-cells","PVT1",0.431352685201841
"RECQL",1.37389276965955e-63,1.98283411342452,0.125,0.04,4.05779229518948e-59,"CD8+ T-cells","RECQL",0.247854264178065
"ECM21",2.53731821931785e-63,1.91287010963175,0.119,0.037,7.49396936075526e-59,"CD8+ T-cells","ECM2",0.227631543046179
"RNGTT4",1.64394701067414e-62,1.12641912107475,0.345,0.187,4.85539749602608e-58,"CD8+ T-cells","RNGTT",0.388614596770788
"NIN5",2.58054887917936e-62,1.08372942816671,0.282,0.136,7.62165111465623e-58,"CD8+ T-cells","NIN",0.305611698743013
"MDFIC3",3.05324910728521e-62,1.03904321417324,0.329,0.172,9.01777123836687e-58,"CD8+ T-cells","MDFIC",0.341845217462996
"SLC7A11",5.56969344301923e-62,1.7043929288753,0.133,0.045,1.64500895839573e-57,"CD8+ T-cells","SLC7A1",0.226684259540415
"DCLRE1C",7.97637442401415e-62,1.69543048691205,0.135,0.046,2.35582218613258e-57,"CD8+ T-cells","DCLRE1C",0.228883115733126
"FAM53B4",1.71747132190566e-61,1.21438108960996,0.249,0.115,5.07255154924836e-57,"CD8+ T-cells","FAM53B",0.302380891312881
"ADCY74",3.84588174524726e-61,1.12077336672967,0.214,0.091,1.13588117345878e-56,"CD8+ T-cells","ADCY7",0.239845500480148
"CTDSPL22",6.15863204167211e-61,1.21534543254414,0.28,0.138,1.81895197350786e-56,"CD8+ T-cells","CTDSPL2",0.34029672111236
"ASXL12",1.2590171700736e-60,1.02200658848841,0.366,0.205,3.71850721181237e-56,"CD8+ T-cells","ASXL1",0.374054411386759
"PARP13",1.72888609801172e-60,1.67853125329749,0.134,0.046,5.10626509047762e-56,"CD8+ T-cells","PARP1",0.224923187941863
"CYLD3",9.37366645312072e-60,1.04174292112067,0.263,0.124,2.76851238692921e-55,"CD8+ T-cells","CYLD",0.273978388254736
"IDH2",1.10507041926065e-59,1.76357209427729,0.117,0.037,3.26382548328632e-55,"CD8+ T-cells","IDH2",0.206337935030443
"NDE1",1.27668191223998e-59,1.51879890014944,0.137,0.047,3.77068002780079e-55,"CD8+ T-cells","NDE1",0.208075449320473
"NUDT21",1.48793339548074e-59,1.82330955348165,0.113,0.035,4.39461128355237e-55,"CD8+ T-cells","NUDT21",0.206033979543426
"CHEK2",2.18694632840061e-59,1.99468614244296,0.103,0.031,6.45914598093119e-55,"CD8+ T-cells","CHEK2",0.205452672671625
"PSIP13",2.91686208560673e-59,1.23882819045131,0.182,0.072,8.61495216983947e-55,"CD8+ T-cells","PSIP1",0.225466730662138
"SF3B31",4.25229529980306e-59,1.41158283130566,0.185,0.076,1.25591541679683e-54,"CD8+ T-cells","SF3B3",0.261142823791547
"SYTL23",4.83138876758963e-59,1.11526505303768,0.19,0.077,1.4269506725076e-54,"CD8+ T-cells","SYTL2",0.211900360077159
"RPA1",6.98141215034653e-59,1.53180459137727,0.155,0.058,2.06196007860485e-54,"CD8+ T-cells","RPA1",0.237429711663476
"HMGN2",7.99331284668244e-59,1.84906647417828,0.111,0.035,2.36082494926766e-54,"CD8+ T-cells","HMGN2",0.205246378633789
"CCM24",3.96051437242751e-58,1.06951830933742,0.277,0.137,1.16973791989647e-53,"CD8+ T-cells","CCM2",0.296256571686466
"CASP8AP2",9.15009402527788e-58,1.51283719182976,0.173,0.069,2.70248027036582e-53,"CD8+ T-cells","CASP8AP2",0.261720834186549
"TNK21",9.44305589404558e-58,1.33372806399864,0.16,0.061,2.78900655830636e-53,"CD8+ T-cells","TNK2",0.213396490239782
"PCSK72",1.20171990242025e-57,1.1551246048292,0.242,0.113,3.5492797317982e-53,"CD8+ T-cells","PCSK7",0.279540154368666
"GMCL1",6.68253012854371e-57,1.53273778578542,0.149,0.056,1.97368527346538e-52,"CD8+ T-cells","GMCL1",0.228377930082027
"BTN3A23",7.36043790418807e-57,1.32698437715577,0.155,0.058,2.17390533500195e-52,"CD8+ T-cells","BTN3A2",0.205682578459145
"ARHGAP352",1.11630256915261e-56,1.1450093436476,0.296,0.154,3.29699963799224e-52,"CD8+ T-cells","ARHGAP35",0.338922765719689
"RNF41",1.70303126952007e-56,1.48572985381794,0.175,0.071,5.02990285452752e-52,"CD8+ T-cells","RNF4",0.26000272441814
"TRAPPC104",5.22244233250104e-56,1.0389174054397,0.302,0.157,1.54244834290418e-51,"CD8+ T-cells","TRAPPC10",0.313753056442788
"RCC22",5.93152225301448e-56,1.48325967633413,0.169,0.068,1.75187509742783e-51,"CD8+ T-cells","RCC2",0.250670885300467
"CDK194",8.26866743844929e-56,1.03825916187031,0.319,0.172,2.442150927946e-51,"CD8+ T-cells","CDK19",0.331204672636629
"PPP1R18",2.18038328218094e-55,1.87025351629342,0.102,0.031,6.43976202392141e-51,"CD8+ T-cells","PPP1R18",0.190765858661929
"SMC64",4.77743138956835e-55,1.3086328987295,0.216,0.098,1.41101436090901e-50,"CD8+ T-cells","SMC6",0.282664706125572
"RASSF11",6.69379523449904e-55,1.48515971281809,0.147,0.055,1.97701242250929e-50,"CD8+ T-cells","RASSF1",0.218318477784259
"ZNF1072",1.13432371471497e-54,1.40445032863347,0.119,0.04,3.35022509141068e-50,"CD8+ T-cells","ZNF107",0.167129589107384
"SLC16A74",1.33223741500764e-54,1.12469364024757,0.197,0.085,3.93476320522508e-50,"CD8+ T-cells","SLC16A7",0.221564647128772
"APOL63",1.43606937821071e-54,1.23689843454611,0.207,0.092,4.24143090854534e-50,"CD8+ T-cells","APOL6",0.256037975951045
"PPP3CC5",1.45313995806478e-54,1.00187622929758,0.317,0.17,4.29184886614434e-50,"CD8+ T-cells","PPP3CC",0.317594764687333
"KLHDC42",2.07563801563553e-54,1.24658032343358,0.167,0.067,6.13039687917955e-50,"CD8+ T-cells","KLHDC4",0.208178914013407
"RFC14",2.95794854232922e-54,1.22726386593184,0.237,0.113,8.73630101976936e-50,"CD8+ T-cells","RFC1",0.290861536225846
"CCND23",4.83874709878341e-54,1.24450512561143,0.17,0.069,1.42912395562568e-49,"CD8+ T-cells","CCND2",0.211565871353944
"ARHGAP43",6.83305299299695e-54,1.23302802422249,0.142,0.052,2.01814220148165e-49,"CD8+ T-cells","ARHGAP4",0.175089979439594
"HDAC1",8.04745079176485e-54,1.52534068164886,0.136,0.049,2.37681459134775e-49,"CD8+ T-cells","HDAC1",0.207446332704245
"SP140L5",9.45687447695067e-54,1.22627690364645,0.21,0.095,2.79308787676738e-49,"CD8+ T-cells","SP140L",0.257518149765755
"TAP2",3.5403599594436e-53,1.51104200145261,0.124,0.043,1.04564531402167e-48,"CD8+ T-cells","TAP2",0.187369208180124
"SLFN53",4.53218389427646e-53,1.1862016963627,0.168,0.068,1.33858051317455e-48,"CD8+ T-cells","SLFN5",0.199281884988933
"DCP24",5.40397054814022e-53,1.21558932250815,0.241,0.117,1.59606270139321e-48,"CD8+ T-cells","DCP2",0.292957026724463
"UBE2G13",1.99231198206161e-52,1.03586043545132,0.287,0.15,5.88429343901896e-48,"CD8+ T-cells","UBE2G1",0.29729194497453
"CEP971",2.27847082330452e-52,1.91138791838473,0.101,0.032,6.72946357662989e-48,"CD8+ T-cells","CEP97",0.193050179756858
"GFOD12",2.86350196343087e-52,1.08612826155468,0.175,0.072,8.45735304899307e-48,"CD8+ T-cells","GFOD1",0.190072445772069
"WDR13",3.43663917476765e-52,1.25641354418064,0.181,0.077,1.01501138026762e-47,"CD8+ T-cells","WDR1",0.227410851496695
"AGK1",5.02981415783379e-52,1.37891207344975,0.15,0.058,1.48555561151621e-47,"CD8+ T-cells","AGK",0.206836811017463
"ITGAE",1.22636473781198e-51,1.68092239622636,0.11,0.036,3.62206825312769e-47,"CD8+ T-cells","ITGAE",0.1849014635849
"SACM1L2",2.57952105730599e-51,1.22582568072569,0.221,0.105,7.61861544275324e-47,"CD8+ T-cells","SACM1L",0.270907475440378
"CLEC2B3",2.98650334736295e-51,1.10939413916447,0.16,0.063,8.82063763643647e-47,"CD8+ T-cells","CLEC2B",0.177503062266315
"PSMD142",3.66251206469847e-51,1.30448145007204,0.202,0.092,1.08172293830869e-46,"CD8+ T-cells","PSMD14",0.263505252914553
"ARPC1B2",5.24917269872618e-51,1.15295294572447,0.218,0.102,1.55034315656878e-46,"CD8+ T-cells","ARPC1B",0.251343742167935
"WDR82",8.19576814194369e-51,1.42227469131459,0.147,0.058,2.42062012072307e-46,"CD8+ T-cells","WDR82",0.209074379623245
"CSNK1G2",3.10576947120487e-50,1.39101449142643,0.166,0.069,9.17289013320359e-46,"CD8+ T-cells","CSNK1G2",0.230908405576787
"RFX73",3.24823293927794e-50,1.00271328792825,0.34,0.197,9.59365598615739e-46,"CD8+ T-cells","RFX7",0.340922517895604
"ERI1",3.35456230681888e-50,1.4886332525408,0.131,0.049,9.90769977318955e-46,"CD8+ T-cells","ERI1",0.195010956082845
"SELENOI1",1.2542480308708e-49,1.40434482311638,0.169,0.071,3.70442155917692e-45,"CD8+ T-cells","SELENOI",0.237334275106668
"PREP2",1.33956669074419e-49,1.28910654286122,0.189,0.084,3.95641022111297e-45,"CD8+ T-cells","PREP",0.243641136600771
"KMT5A",1.73149578119177e-48,1.8311349636189,0.104,0.035,5.11397278974989e-44,"CD8+ T-cells","KMT5A",0.190438036216365
"SERBP11",1.80357747425307e-48,1.27777434397543,0.195,0.09,5.32686607020645e-44,"CD8+ T-cells","SERBP1",0.24916599707521
"LASP13",1.89026816620284e-48,1.19871010338741,0.211,0.1,5.5829070288801e-44,"CD8+ T-cells","LASP1",0.252927831814743
"MCUB4",1.90674355799896e-48,1.14652540418048,0.203,0.093,5.63156709854994e-44,"CD8+ T-cells","MCUB",0.232744657048638
"MLLT63",2.21809107096436e-48,1.11775358872811,0.218,0.104,6.55113197809324e-44,"CD8+ T-cells","MLLT6",0.243670282342729
"TENT4A2",2.65655825368888e-48,1.18031128692811,0.235,0.117,7.8461448022701e-44,"CD8+ T-cells","TENT4A",0.277373152428105
"NFATC2IP1",2.66729415065972e-48,1.2697315223292,0.195,0.09,7.87785327397349e-44,"CD8+ T-cells","NFATC2IP",0.247597646854194
"TTF1",4.29302133990112e-48,1.46382334808514,0.119,0.043,1.2679438527398e-43,"CD8+ T-cells","TTF1",0.174194978422132
"ATG16L11",8.70874997197119e-48,1.37616774887265,0.134,0.051,2.57212930422169e-43,"CD8+ T-cells","ATG16L1",0.184406478348935
"CERK2",1.39574266801662e-46,1.23643902162425,0.152,0.062,4.1223259699871e-42,"CD8+ T-cells","CERK",0.187938731286887
"FGFR1OP1",1.51321366415024e-46,1.5138598033332,0.149,0.062,4.46927655706773e-42,"CD8+ T-cells","FGFR1OP",0.225565110696647
"MTHFD1",2.04152704104396e-46,1.76584160666026,0.103,0.035,6.02965011572334e-42,"CD8+ T-cells","MTHFD1",0.181881685486007
"CALM14",4.27883542327289e-46,1.29403646823734,0.189,0.087,1.26375404226365e-41,"CD8+ T-cells","CALM1",0.244572892496858
"INTS7",9.20949895782417e-46,1.41533872378547,0.131,0.051,2.72002551719337e-41,"CD8+ T-cells","INTS7",0.185409372815897
"BRD12",1.07898901966352e-45,1.05818948414793,0.192,0.088,3.18679406957621e-41,"CD8+ T-cells","BRD1",0.203172380956403
"TMC64",1.09148780372965e-45,1.20540455651338,0.167,0.072,3.22370922831552e-41,"CD8+ T-cells","TMC6",0.201302560937734
"RASSF51",2.2162962119789e-45,1.37343999748502,0.138,0.055,6.54583086207968e-41,"CD8+ T-cells","RASSF5",0.189534719652932
"PTP4A23",4.47297973490692e-45,1.02851634679325,0.277,0.151,1.32109456470476e-40,"CD8+ T-cells","PTP4A2",0.284899028061732
"HNRNPA1",4.6719670406271e-45,1.51241128404679,0.139,0.056,1.37986546544921e-40,"CD8+ T-cells","HNRNPA1",0.210225168482503
"ILF34",5.394194026412e-45,1.13642745104871,0.223,0.111,1.59317520570079e-40,"CD8+ T-cells","ILF3",0.253423321583861
"CEP571",8.18802086842631e-45,1.20132983370929,0.186,0.086,2.41833196348971e-40,"CD8+ T-cells","CEP57",0.223447349069929
"HNRNPUL2",9.41682573407378e-45,1.62198969566071,0.145,0.06,2.78125948055869e-40,"CD8+ T-cells","HNRNPUL2",0.235188505870803
"CBX3",9.70991967496974e-45,1.53794271701537,0.149,0.063,2.86782477600231e-40,"CD8+ T-cells","CBX3",0.22915346483529
"N4BP21",2.82098840108845e-44,1.20351318002488,0.176,0.079,8.33178924261473e-40,"CD8+ T-cells","N4BP2",0.211818319684379
"KRAS2",4.1616324705377e-44,1.23381124779521,0.186,0.086,1.22913815017331e-39,"CD8+ T-cells","KRAS",0.22948889208991
"PPM1G",5.27405942075822e-44,1.50478617667882,0.122,0.047,1.55769344992094e-39,"CD8+ T-cells","PPM1G",0.183583913554816
"CEP135",5.37125808480485e-44,1.22758808383565,0.141,0.057,1.58640107534711e-39,"CD8+ T-cells","CEP135",0.173089919820827
"DUT",1.1985867236771e-43,1.4989222702708,0.116,0.043,3.54002588838032e-39,"CD8+ T-cells","DUT",0.173874983351413
"SRGAP31",1.78563826332599e-43,1.53490268291416,0.143,0.059,5.2738826107333e-39,"CD8+ T-cells","SRGAP3",0.219491083656725
"ZDHHC131",1.88494153169639e-43,1.46565481359071,0.123,0.048,5.56717481386527e-39,"CD8+ T-cells","ZDHHC13",0.180275542071657
"AATF2",2.44053585926395e-43,1.08585178273085,0.196,0.093,7.20812266033607e-39,"CD8+ T-cells","AATF",0.212826949415246
"TPM35",2.54383414389982e-43,1.10123990789235,0.216,0.107,7.51321414400813e-39,"CD8+ T-cells","TPM3",0.237867820104748
"DGKE1",2.80082403435309e-43,1.29220665570409,0.104,0.036,8.27223378546184e-39,"CD8+ T-cells","DGKE",0.134389492193225
"HIPK13",3.39211353953492e-43,1.02154787193108,0.219,0.109,1.00186073390164e-38,"CD8+ T-cells","HIPK1",0.223718983952907
"GMPS",3.49365672762437e-43,1.3893959532876,0.141,0.058,1.03185151450386e-38,"CD8+ T-cells","GMPS",0.195904829413552
"CDYL21",5.91068127006556e-43,1.28744060254318,0.145,0.06,1.74571971311386e-38,"CD8+ T-cells","CDYL2",0.186678887368761
"RNPS1",5.91977709968271e-43,1.39675258718465,0.142,0.059,1.74840616639129e-38,"CD8+ T-cells","RNPS1",0.198338867380221
"ENTPD15",6.50292206379522e-43,1.12313312055828,0.184,0.086,1.92063803154192e-38,"CD8+ T-cells","ENTPD1",0.206656494182724
"STAMBPL1",8.32836499562508e-43,1.08407375811159,0.117,0.043,2.45978260145787e-38,"CD8+ T-cells","STAMBPL1",0.126836629699056
"GAB33",1.44105287028845e-42,1.13867692439207,0.156,0.067,4.25614965239694e-38,"CD8+ T-cells","GAB3",0.177633600205164
"NOP582",1.7683635638341e-42,1.02836470493346,0.24,0.125,5.22286178578401e-38,"CD8+ T-cells","NOP58",0.24680752918403
"EIF4E1",2.20842987898695e-42,1.22081625049053,0.181,0.085,6.52259764758794e-38,"CD8+ T-cells","EIF4E",0.220967741338787
"MIR181A1HG2",3.07329564914167e-42,1.02294997082392,0.232,0.12,9.07697869973991e-38,"CD8+ T-cells","MIR181A1HG",0.23732439323115
"SLC25A123",3.33749485609708e-42,1.08676295315925,0.211,0.105,9.85729105748271e-38,"CD8+ T-cells","SLC25A12",0.229306983116602
"LPXN3",4.85056437529079e-42,1.12630808550725,0.164,0.073,1.43261418824213e-37,"CD8+ T-cells","LPXN",0.184714526023188
"POLD3",5.09388975433881e-42,1.60333582709325,0.121,0.048,1.50448033894397e-37,"CD8+ T-cells","POLD3",0.194003635078284
"LIN521",6.36978403675096e-42,1.23824977551132,0.161,0.071,1.8813157152544e-37,"CD8+ T-cells","LIN52",0.199358213857322
"NCL2",6.8413686152097e-42,1.52154368771403,0.166,0.076,2.02059822050218e-37,"CD8+ T-cells","NCL",0.25257625216053
"COX10",1.03194580391405e-41,1.40844028217991,0.126,0.05,3.04785193186015e-37,"CD8+ T-cells","COX10",0.177463475554668
"NPM12",1.04890570951799e-41,1.452752133033,0.162,0.073,3.09794301306138e-37,"CD8+ T-cells","NPM1",0.235345845551347
"PTPN111",1.46580234813996e-41,1.12771596459487,0.214,0.108,4.32924723523137e-37,"CD8+ T-cells","PTPN11",0.241331216423303
"HECA3",1.59625906155258e-41,1.07039906561529,0.182,0.085,4.71455113829554e-37,"CD8+ T-cells","HECA",0.194812629941983
"OLA15",2.03934428698895e-41,1.07433123013058,0.257,0.141,6.02320335162186e-37,"CD8+ T-cells","OLA1",0.276103126143558
"KLF134",4.79756311401523e-41,1.00682067782879,0.216,0.109,1.4169602657244e-36,"CD8+ T-cells","KLF13",0.217473266411019
"NEDD1",5.62317499324605e-41,1.49996435774715,0.116,0.045,1.66080473425522e-36,"CD8+ T-cells","NEDD1",0.173995865498669
"UBTF",9.33181980081411e-41,1.54211690322494,0.115,0.044,2.75615297817045e-36,"CD8+ T-cells","UBTF",0.177343443870868
"RBBP41",1.06511685402811e-40,1.12491832281089,0.193,0.094,3.14582262837202e-36,"CD8+ T-cells","RBBP4",0.217109236302502
"PIEZO13",1.76961047721237e-40,1.1711188068852,0.161,0.072,5.22654454444674e-36,"CD8+ T-cells","PIEZO1",0.188550127908517
"DDB2",1.81304069322998e-40,1.16110099347848,0.174,0.081,5.35481568745474e-36,"CD8+ T-cells","DDB2",0.202031572865255
"ST3GAL32",8.21775428161413e-40,1.0641449064758,0.221,0.115,2.42711372707473e-35,"CD8+ T-cells","ST3GAL3",0.235176024331151
"SENP1",1.10554920125446e-39,1.3393049953272,0.108,0.041,3.26523956590506e-35,"CD8+ T-cells","SENP1",0.144644939495337
"SLBP",2.30436206416524e-39,1.44765035754699,0.102,0.037,6.80593335651205e-35,"CD8+ T-cells","SLBP",0.147660336469793
"DNASE11",2.70243796286938e-39,1.28744617872233,0.152,0.068,7.98165052333473e-35,"CD8+ T-cells","DNASE1",0.195691819165795
"DOT1L1",4.06779017712016e-39,1.27454236928039,0.158,0.072,1.20142182881244e-34,"CD8+ T-cells","DOT1L",0.201377694346302
"CMC2",4.25565301177922e-39,1.50422102406083,0.12,0.048,1.25690711702899e-34,"CD8+ T-cells","CMC2",0.1805065228873
"UBA23",4.60012172188095e-39,1.18948310737392,0.218,0.114,1.35864595055754e-34,"CD8+ T-cells","UBA2",0.259307317407514
"ZFP911",6.30769346824278e-39,1.29055629326266,0.164,0.076,1.86297726584551e-34,"CD8+ T-cells","ZFP91",0.211651232095077
"USP281",6.80697087515064e-39,1.46803832678769,0.109,0.042,2.01043884797574e-34,"CD8+ T-cells","USP28",0.160016177619858
"NOL4L1",2.12172202474207e-38,1.14921324340157,0.106,0.04,6.26650600007572e-34,"CD8+ T-cells","NOL4L",0.121816603800566
"UXS13",5.56179668119024e-38,1.28820981825078,0.157,0.072,1.64267664978954e-33,"CD8+ T-cells","UXS1",0.202248941465372
"NFYC",3.01012852740502e-37,1.14370546261108,0.162,0.076,8.89041460569074e-33,"CD8+ T-cells","NFYC",0.185280284942995
"ATP8B22",4.18486978274798e-37,1.10601145723744,0.114,0.045,1.23600129033462e-32,"CD8+ T-cells","ATP8B2",0.126085306125068
"SUGP21",5.0287418964123e-37,1.06871210360843,0.231,0.126,1.48523891910537e-32,"CD8+ T-cells","SUGP2",0.246872495933547
"ARL6IP5",6.70545659361182e-37,1.16357617035603,0.14,0.061,1.98045660492325e-32,"CD8+ T-cells","ARL6IP5",0.162900663849844
"PLCG11",6.94285011100612e-37,1.17997903633781,0.116,0.046,2.05057078028566e-32,"CD8+ T-cells","PLCG1",0.136877568215186
"ITGB23",1.32615701438021e-36,1.04492278018654,0.123,0.051,3.91680474197196e-32,"CD8+ T-cells","ITGB2",0.128525501962944
"GNAI23",1.82501483925985e-36,1.06677844268177,0.188,0.094,5.39018132775397e-32,"CD8+ T-cells","GNAI2",0.200554347224172
"CCDC1381",2.11440053034629e-36,1.34761466570429,0.113,0.045,6.24488196637776e-32,"CD8+ T-cells","CCDC138",0.152280457224585
"DCAF72",2.52105776822291e-36,1.06482830533048,0.219,0.118,7.44594411844637e-32,"CD8+ T-cells","DCAF7",0.233197398867376
"PARP93",2.96864512145651e-36,1.08396760317051,0.223,0.121,8.7678933662218e-32,"CD8+ T-cells","PARP9",0.241724775507024
"AGPAT5",4.5262241393186e-36,1.44266810186277,0.107,0.042,1.33682029954775e-31,"CD8+ T-cells","AGPAT5",0.154365486899316
"HERPUD22",6.09579135646278e-36,1.13321292040462,0.189,0.096,1.80039197713128e-31,"CD8+ T-cells","HERPUD2",0.214177241956473
"HACE12",7.93713613233825e-36,1.17937639605021,0.15,0.069,2.3442331566861e-31,"CD8+ T-cells","HACE1",0.176906459407532
"IMMP1L",8.77013861046662e-36,1.39607956657871,0.126,0.054,2.59026043860132e-31,"CD8+ T-cells","IMMP1L",0.175906025388918
"PCBP1",1.13712039491229e-35,1.59404214581408,0.109,0.044,3.35848508637345e-31,"CD8+ T-cells","PCBP1",0.173750593893735
"POC1B1",1.58801478521439e-35,1.16588792416948,0.153,0.071,4.69020166813071e-31,"CD8+ T-cells","POC1B",0.17838085239793
"HNRNPUL11",2.02075505083559e-35,1.07807254311378,0.181,0.091,5.96830004264292e-31,"CD8+ T-cells","HNRNPUL1",0.195131130303594
"NUP50",3.50512921235616e-35,1.23815264685038,0.131,0.057,1.03523991286939e-30,"CD8+ T-cells","NUP50",0.1621979967374
"OTULIN2",4.72068513378864e-35,1.07540862414155,0.182,0.092,1.39425435426447e-30,"CD8+ T-cells","OTULIN",0.195724369593763
"MSL22",8.40747701738893e-35,1.11577904707936,0.164,0.079,2.48314833708582e-30,"CD8+ T-cells","MSL2",0.182987763721015
"NAA164",1.3004143788677e-34,1.05952725357386,0.217,0.118,3.84077386798575e-30,"CD8+ T-cells","NAA16",0.229917414025529
"INPP5F1",1.35677794078297e-34,1.40624097466514,0.131,0.058,4.00724364810251e-30,"CD8+ T-cells","INPP5F",0.184217567681133
"TRIM37",3.32594494458234e-34,1.2657554904226,0.144,0.067,9.82317839382394e-30,"CD8+ T-cells","TRIM37",0.182268790620855
"HLA-F3",3.34187982908812e-34,1.0903547271323,0.151,0.071,9.87024207521177e-30,"CD8+ T-cells","HLA-F",0.164643563796977
"PCBD22",8.21619395882172e-34,1.22338314509336,0.161,0.079,2.42665288573799e-29,"CD8+ T-cells","PCBD2",0.196964686360031
"ITGB3BP",8.72614613252575e-34,1.45247763344964,0.126,0.055,2.57726726024148e-29,"CD8+ T-cells","ITGB3BP",0.183012181814655
"HDGF",1.64977290928546e-33,1.57823695062183,0.109,0.045,4.8726042875746e-29,"CD8+ T-cells","HDGF",0.17202782761778
"HBS1L1",2.12663172753652e-33,1.12001925686186,0.171,0.086,6.28100680727912e-29,"CD8+ T-cells","HBS1L",0.191523292923377
"ARHGDIA",2.17354628291758e-33,1.5112973869816,0.101,0.04,6.41956894659706e-29,"CD8+ T-cells","ARHGDIA",0.152641036085141
"PRRC2A",3.33123052155657e-33,1.36729691974997,0.131,0.059,9.83878934541733e-29,"CD8+ T-cells","PRRC2A",0.179115896487246
"LUZP11",6.38857709381609e-33,1.07342029744143,0.169,0.084,1.88686624465858e-28,"CD8+ T-cells","LUZP1",0.181408030267601
"INTS6L",7.37456492915309e-33,1.01283912357865,0.129,0.057,2.17807775182536e-28,"CD8+ T-cells","INTS6L",0.130656246941646
"FAM3C4",8.04422960249344e-33,1.3369924144622,0.149,0.072,2.37586321309644e-28,"CD8+ T-cells","FAM3C",0.199211869754868
"RFX3-AS13",1.21265004711032e-32,1.15516646474049,0.166,0.083,3.58156191414034e-28,"CD8+ T-cells","RFX3-AS1",0.191757633146922
"NUP93",2.21687370272762e-32,1.44894237776391,0.135,0.063,6.54753648100603e-28,"CD8+ T-cells","NUP93",0.195607220998128
"ZNF7181",2.96994051996355e-32,1.13929940225536,0.144,0.068,8.77171932571234e-28,"CD8+ T-cells","ZNF718",0.164059113924772
"UHMK11",3.69853862007877e-32,1.14528270707751,0.166,0.084,1.09236338144026e-27,"CD8+ T-cells","UHMK1",0.190116929374866
"NPAT1",7.85726018220287e-32,1.15881254862192,0.152,0.074,2.32064179481362e-27,"CD8+ T-cells","NPAT",0.176139507390531
"BRF1",8.53484245333993e-32,1.20665137035606,0.126,0.056,2.52076571859395e-27,"CD8+ T-cells","BRF1",0.152038072664864
"ERMP1",1.08141164740871e-31,1.3231262070257,0.116,0.05,3.19394930062163e-27,"CD8+ T-cells","ERMP1",0.153482640014981
"HNRNPF1",1.45877658842673e-31,1.11152390820803,0.157,0.077,4.30849665391834e-27,"CD8+ T-cells","HNRNPF",0.17450925358866
"CFL11",1.8198872788079e-31,1.41659947044198,0.118,0.052,5.37503707795913e-27,"CD8+ T-cells","CFL1",0.167158737512154
"RPS29",1.87128741009384e-31,1.30106512803555,0.119,0.053,5.52684736571215e-27,"CD8+ T-cells","RPS29",0.15482675023623
"RNF138",2.16711763536163e-31,1.06960578779839,0.136,0.063,6.40058193604057e-27,"CD8+ T-cells","RNF138",0.145466387140581
"D2HGDH1",7.35074547536239e-31,1.09914434883212,0.143,0.068,2.17104267614828e-26,"CD8+ T-cells","D2HGDH",0.157177641882993
"UBE2N",1.65316596366519e-30,1.26217499210627,0.118,0.052,4.88262567368513e-26,"CD8+ T-cells","UBE2N",0.14893664906854
"CORO71",1.65660480616164e-30,1.03424316043597,0.134,0.063,4.89278229499839e-26,"CD8+ T-cells","CORO7",0.13858858349842
"EVI2B1",5.12749058410704e-30,1.29445735766229,0.105,0.045,1.51440434401601e-25,"CD8+ T-cells","EVI2B",0.135918022554541
"SNX5",5.86775722391335e-30,1.23669480970551,0.139,0.067,1.73304209608281e-25,"CD8+ T-cells","SNX5",0.171900578549066
"MRPS62",6.09633373091792e-30,1.03705121664499,0.136,0.065,1.80055216742661e-25,"CD8+ T-cells","MRPS6",0.141038965463718
"DCAF1",1.10555170219051e-29,1.08720290240164,0.144,0.07,3.26524695241968e-25,"CD8+ T-cells","DCAF1",0.156557217945836
"DAZAP11",1.99636981599734e-29,1.0315433767074,0.168,0.087,5.89627825154815e-25,"CD8+ T-cells","DAZAP1",0.173299287286844
"HMGXB4",2.21450105397392e-29,1.269374272525,0.114,0.05,6.54052886291198e-25,"CD8+ T-cells","HMGXB4",0.14470866706785
"HACD3",2.21862371500914e-29,1.34734972676659,0.116,0.052,6.55270514227948e-25,"CD8+ T-cells","HACD3",0.156292568304924
"METAP1",2.47644530824137e-29,1.30789696999709,0.117,0.053,7.31418121789089e-25,"CD8+ T-cells","METAP1",0.153023945489659
"HAT1",2.52703942221462e-29,1.27850281524662,0.124,0.057,7.46361093351089e-25,"CD8+ T-cells","HAT1",0.158534349090581
"H3F3A4",8.81069607948944e-29,1.06896876445151,0.173,0.092,2.60223908707721e-24,"CD8+ T-cells","H3F3A",0.184931596250111
"SMARCAD11",1.09906074020506e-28,1.06905698754757,0.172,0.091,3.24607589619563e-24,"CD8+ T-cells","SMARCAD1",0.183877801858183
"PRKD23",1.2903542900437e-28,1.03490375076467,0.136,0.066,3.81106139564406e-24,"CD8+ T-cells","PRKD2",0.140746910103995
"USP371",1.79849277345996e-28,1.04071978789716,0.165,0.086,5.311848406414e-24,"CD8+ T-cells","USP37",0.171718765003032
"MBD3",2.68167094851716e-28,1.38352493298247,0.1,0.043,7.92031514644542e-24,"CD8+ T-cells","MBD3",0.138352493298247
"RRP1B",1.39154372467191e-27,1.24262490913625,0.103,0.045,4.10992439081849e-23,"CD8+ T-cells","RRP1B",0.127990365641033
"PIGU1",1.55034261161498e-27,1.33351686527599,0.101,0.044,4.57893690340486e-23,"CD8+ T-cells","PIGU",0.134685203392875
"NAA502",2.60378349173457e-27,1.06016921322305,0.22,0.131,7.69027454283805e-23,"CD8+ T-cells","NAA50",0.233237226909071
"PI4K2B2",3.05523932434314e-27,1.11330317451038,0.144,0.072,9.02364934444746e-23,"CD8+ T-cells","PI4K2B",0.160315657129494
"SERPINB9",3.4075466220672e-27,1.0286842112606,0.103,0.045,1.00641889482755e-22,"CD8+ T-cells","SERPINB9",0.105954473759842
"BRD8",4.3901536032176e-27,1.17070137549279,0.114,0.052,1.29663186671032e-22,"CD8+ T-cells","BRD8",0.133459956806179
"SRSF21",4.92969187555231e-27,1.16957624484386,0.123,0.058,1.45598449544437e-22,"CD8+ T-cells","SRSF2",0.143857878115795
"PHRF1",2.34232652908306e-26,1.12240955735953,0.122,0.058,6.91806140364681e-22,"CD8+ T-cells","PHRF1",0.136933965997863
"LYPLA13",3.19278161924433e-26,1.04526803681591,0.158,0.084,9.42988051243814e-22,"CD8+ T-cells","LYPLA1",0.165152349816913
"TXK2",4.08851498015836e-26,1.030499219542,0.121,0.058,1.20754289938977e-21,"CD8+ T-cells","TXK",0.124690405564582
"L3MBTL31",5.00960193681586e-26,1.09771724289352,0.103,0.046,1.47958593203856e-21,"CD8+ T-cells","L3MBTL3",0.113064876018032
"RPS27A2",7.27340042512699e-26,1.12420489262426,0.125,0.061,2.14819881556126e-21,"CD8+ T-cells","RPS27A",0.140525611578032
"USP421",9.02670304737313e-26,1.03329580223351,0.146,0.075,2.66603674504165e-21,"CD8+ T-cells","USP42",0.150861187126092
"ZC3H18",1.10630788596233e-25,1.00666632209894,0.139,0.07,3.26748034118974e-21,"CD8+ T-cells","ZC3H18",0.139926618771753
"MRE11",1.37093195824413e-25,1.02676560406123,0.131,0.064,4.04904753867405e-21,"CD8+ T-cells","MRE11",0.134506294132021
"YY14",1.71184199459728e-25,1.007264035793,0.184,0.104,5.05592533104307e-21,"CD8+ T-cells","YY1",0.185336582585912
"DNAJC9",1.83927835162434e-25,1.18296637118229,0.129,0.064,5.43230861152247e-21,"CD8+ T-cells","DNAJC9",0.152602661882515
"MAP2K2",2.44674792660715e-25,1.07064163596106,0.118,0.056,7.22647000123422e-21,"CD8+ T-cells","MAP2K2",0.126335713043405
"CREBZF1",3.20539930013309e-25,1.02817769336617,0.146,0.076,9.46714683294307e-21,"CD8+ T-cells","CREBZF",0.150113943231461
"ZNF2171",5.48620706119275e-25,1.04756940188675,0.129,0.064,1.62035125552328e-20,"CD8+ T-cells","ZNF217",0.135136452843391
"RBBP83",8.02088598551484e-25,1.20707277536786,0.119,0.058,2.36896867582181e-20,"CD8+ T-cells","RBBP8",0.143641660268776
"MLH1",8.64668043560647e-25,1.16231127912265,0.101,0.045,2.55379706665637e-20,"CD8+ T-cells","MLH1",0.117393439191388
"HMGN12",2.26232768657653e-24,1.16607928322127,0.145,0.077,6.68178482230379e-20,"CD8+ T-cells","HMGN1",0.169081496067084
"ELAVL11",3.13979732482457e-24,1.05894655822564,0.143,0.075,9.27339139886937e-20,"CD8+ T-cells","ELAVL1",0.151429357826267
"UBE2Q21",5.28517203474024e-24,1.00508700124663,0.144,0.076,1.56097556046053e-19,"CD8+ T-cells","UBE2Q2",0.144732528179515
"ANAPC1",8.82910263846051e-24,1.15080215012132,0.106,0.05,2.60767546426931e-19,"CD8+ T-cells","ANAPC1",0.12198502791286
"LRRC41",3.01107258174728e-23,1.15010703565366,0.107,0.051,8.89320287019058e-19,"CD8+ T-cells","LRRC41",0.123061452814942
"PTBP1",3.01424335142364e-23,1.20010327154425,0.13,0.067,8.90256773842973e-19,"CD8+ T-cells","PTBP1",0.156013425300753
"SURF41",3.73838711438676e-23,1.20848197738494,0.121,0.061,1.10413263423413e-18,"CD8+ T-cells","SURF4",0.146226319263578
"MAPK9",1.23003602592472e-22,1.09785848064879,0.112,0.055,3.63291140256865e-18,"CD8+ T-cells","MAPK9",0.122960149832665
"FANCL1",1.56408087895639e-22,1.02539957127318,0.141,0.075,4.6195128759977e-18,"CD8+ T-cells","FANCL",0.144581339549519
"SMG5",1.9147285814598e-22,1.14555281598917,0.114,0.056,5.65515086534152e-18,"CD8+ T-cells","SMG5",0.130593021022766
"STIP11",2.09542330011417e-22,1.01877760833886,0.117,0.058,6.18883271688721e-18,"CD8+ T-cells","STIP1",0.119196980175646
"STAT5A1",1.1437713827937e-21,1.04774783627873,0.105,0.05,3.37812877908119e-17,"CD8+ T-cells","STAT5A",0.110013522809267
"CTBP1",1.35547056300787e-21,1.01280800711743,0.137,0.074,4.00338230784374e-17,"CD8+ T-cells","CTBP1",0.138754696975088
"ITPK12",1.69569592943735e-21,1.01783373862694,0.146,0.08,5.00823792759321e-17,"CD8+ T-cells","ITPK1",0.148603725839533
"FAM160B1",2.0335127764348e-21,1.02987375623926,0.133,0.071,6.00597998520019e-17,"CD8+ T-cells","FAM160B1",0.136973209579822
"TAF1B",2.94835229566166e-21,1.03523524938607,0.129,0.069,8.70795850523671e-17,"CD8+ T-cells","TAF1B",0.133545347170803
"ARL6IP6",3.98800871644315e-21,1.16292769237317,0.103,0.05,1.17785837440149e-16,"CD8+ T-cells","ARL6IP6",0.119781552314436
"CARNMT1",6.00321800023283e-21,1.09929228850327,0.101,0.049,1.77305043636877e-16,"CD8+ T-cells","CARNMT1",0.11102852113883
"KCTD91",1.04143578712479e-20,1.11772095492315,0.118,0.061,3.07588059727306e-16,"CD8+ T-cells","KCTD9",0.131891072680931
"CDC123",1.91612654277032e-19,1.14314617908865,0.105,0.054,5.65927974407215e-15,"CD8+ T-cells","CDC123",0.120030348804308
"C2CD31",2.18095347729086e-19,1.08292146683471,0.116,0.061,6.44144609517856e-15,"CD8+ T-cells","C2CD3",0.125618890152827
"RBX1",2.3880058182578e-19,1.02198445423862,0.114,0.059,7.05297518422442e-15,"CD8+ T-cells","RBX1",0.116506227783203
"NONO",3.09936656121453e-19,1.07240390244832,0.108,0.056,9.15397913854712e-15,"CD8+ T-cells","NONO",0.115819621464418
"DDX50",5.40765586913833e-19,1.1850198459077,0.104,0.053,1.59715116095001e-14,"CD8+ T-cells","DDX50",0.123242063974401
"CCT4",2.99392217435886e-18,1.14103924495029,0.116,0.063,8.84254914196891e-14,"CD8+ T-cells","CCT4",0.132360552414233
"MYO19",3.60520583092249e-18,1.12617379976444,0.106,0.055,1.06479754216296e-13,"CD8+ T-cells","MYO19",0.119374422775031
"ZBED4",1.47049433564244e-17,1.01751074533432,0.108,0.058,4.34310502031995e-13,"CD8+ T-cells","ZBED4",0.109891160496106
"TRIM66",1.90319843236557e-17,1.01892976333247,0.114,0.062,5.6210965699917e-13,"CD8+ T-cells","TRIM66",0.116157993019902
"TMEM161B",3.19641323535972e-17,1.04738766551464,0.112,0.061,9.44060649063494e-13,"CD8+ T-cells","TMEM161B",0.117307418537639
"LYRM4",1.52920070668758e-15,1.07614548113962,0.107,0.06,4.51649428720178e-11,"CD8+ T-cells","LYRM4",0.115147566481939
"ZCCHC81",9.97739903962512e-15,1.00300401891989,0.116,0.067,2.94682480635328e-10,"CD8+ T-cells","ZCCHC8",0.116348466194708
"RACK11",1.1376801742664e-13,1.18595656027219,0.101,0.058,3.36013839469583e-09,"CD8+ T-cells","RACK1",0.119781612587491
"KIT",0,10.2227416242303,0.882,0.003,0,"Neuronal cells","KIT",9.01645811257111
"SLC24A31",0,6.34706902883976,0.973,0.104,0,"Neuronal cells","SLC24A3",6.17569816506109
"IL18R12",0,6.02364977455356,0.796,0.033,0,"Neuronal cells","IL18R1",4.79482522054464
"SYTL32",0,4.02808374158428,0.775,0.09,0,"Neuronal cells","SYTL3",3.12176489972782
"BMP2K3",0,3.95686432087644,0.863,0.21,0,"Neuronal cells","BMP2K",3.41477390891637
"CPA3",0,11.0685901161439,0.642,0.001,0,"Neuronal cells","CPA3",7.10603485456439
"NTM1",0,2.40695116204006,0.669,0.071,0,"Neuronal cells","NTM",1.6102503274048
"ADAM121",0,4.64645132751797,0.637,0.054,0,"Neuronal cells","ADAM12",2.95978949562895
"SLC18A2",0,8.73217661589804,0.567,0.004,0,"Neuronal cells","SLC18A2",4.95114414121419
"FER3",0,3.47039429226491,0.834,0.273,0,"Neuronal cells","FER",2.89430883974894
"SAMSN15",0,2.80902332106907,0.665,0.151,0,"Neuronal cells","SAMSN1",1.86800050851093
"CDK15",0,9.3160929200702,0.515,0.002,0,"Neuronal cells","CDK15",4.79778785383616
"PRKCA4",0,2.88354196272581,0.74,0.245,0,"Neuronal cells","PRKCA",2.1338210524171
"PDE7B1",0,4.35588203600485,0.549,0.055,0,"Neuronal cells","PDE7B",2.39137923776667
"GALC1",0,5.04635152542342,0.551,0.061,0,"Neuronal cells","GALC",2.7805396905083
"KIAA15491",0,6.232386288227,0.5,0.019,0,"Neuronal cells","KIAA1549",3.1161931441135
"ARHGAP156",0,1.72088776953021,0.756,0.279,0,"Neuronal cells","ARHGAP15",1.30099115376484
"DIP2C4",0,3.21106853908571,0.644,0.173,0,"Neuronal cells","DIP2C",2.0679281391712
"PZP1",0,5.164287247015,0.489,0.019,0,"Neuronal cells","PZP",2.52533646379034
"GRAP23",0,3.94822600888081,0.497,0.042,0,"Neuronal cells","GRAP2",1.96226832641376
"TNIK4",0,2.60311726887662,0.699,0.253,0,"Neuronal cells","TNIK",1.81957897094476
"PLCL12",0,3.38947774971092,0.542,0.106,0,"Neuronal cells","PLCL1",1.83709694034332
"IL1RL1",0,5.9986460981066,0.442,0.007,0,"Neuronal cells","IL1RL1",2.65140157536312
"MS4A2",0,10.4833513729377,0.428,0.001,0,"Neuronal cells","MS4A2",4.48687438761732
"MAML34",0,2.56834066908489,0.726,0.308,0,"Neuronal cells","MAML3",1.86461532575563
"ITGA92",0,3.39378878974041,0.505,0.091,0,"Neuronal cells","ITGA9",1.71386333881891
"RNF1302",0,2.65125532157336,0.609,0.201,0,"Neuronal cells","RNF130",1.61461449083818
"HPGDS",0,8.36242085418968,0.403,0.003,0,"Neuronal cells","HPGDS",3.37005560423844
"PAG14",0,2.6375371838431,0.611,0.217,0,"Neuronal cells","PAG1",1.61153521932814
"RGS131",0,7.80390402108094,0.395,0.003,0,"Neuronal cells","RGS13",3.08254208832697
"CADPS",0,7.6819009713227,0.393,0.004,0,"Neuronal cells","CADPS",3.01898708172982
"STXBP62",0,3.66114827321112,0.431,0.046,0,"Neuronal cells","STXBP6",1.57795490575399
"ABCC42",0,3.32996331849714,0.504,0.12,0,"Neuronal cells","ABCC4",1.67830151252256
"ACER33",0,2.84028560969723,0.531,0.154,0,"Neuronal cells","ACER3",1.50819165874923
"GSE12",0,2.5159173883197,0.585,0.209,0,"Neuronal cells","GSE1",1.47181167216703
"ARHGAP183",0,2.38368176708062,0.565,0.195,0,"Neuronal cells","ARHGAP18",1.34678019840055
"A2M2",0,1.64048611585718,0.505,0.136,0,"Neuronal cells","A2M",0.828445488507873
"SLC44A13",0,2.68162554652799,0.528,0.167,0,"Neuronal cells","SLC44A1",1.41589828856678
"RHOH5",0,2.94317406579606,0.428,0.069,0,"Neuronal cells","RHOH",1.25967850016071
"SLC8A3",0,8.59542266662447,0.35,0.001,0,"Neuronal cells","SLC8A3",3.00839793331856
"NDEL13",0,3.7001308846359,0.434,0.089,0,"Neuronal cells","NDEL1",1.60585680393198
"HDC",0,9.20403908173597,0.341,0.001,0,"Neuronal cells","HDC",3.13857732687197
"ALOX53",0,2.653724075249,0.453,0.116,0,"Neuronal cells","ALOX5",1.2021370060878
"GATA2",0,6.81165162282172,0.323,0.005,0,"Neuronal cells","GATA2",2.20016347417142
"MSRA2",0,2.89076408415169,0.452,0.135,0,"Neuronal cells","MSRA",1.30662536603657
"ARHGEF63",0,3.13161799641438,0.389,0.078,0,"Neuronal cells","ARHGEF6",1.2181994006052
"HPGD",0,4.55048394207268,0.33,0.027,0,"Neuronal cells","HPGD",1.50165970088398
"PRKX4",0,3.01721485121539,0.381,0.083,0,"Neuronal cells","PRKX",1.14955885831306
"RAB27B1",0,4.26854943822906,0.331,0.038,0,"Neuronal cells","RAB27B",1.41288986405382
"PRELID23",0,3.22979491324332,0.366,0.074,0,"Neuronal cells","PRELID2",1.18210493824705
"SPECC1",0,3.59277724552954,0.339,0.052,0,"Neuronal cells","SPECC1",1.21795148623451
"PDE3A1",0,3.12136578146193,0.336,0.051,0,"Neuronal cells","PDE3A",1.04877890257121
"TMEM233",0,6.55696964075216,0.29,0.007,0,"Neuronal cells","TMEM233",1.90152119581813
"ST8SIA12",0,3.01369312553351,0.321,0.045,0,"Neuronal cells","ST8SIA1",0.967395493296258
"AREG1",0,3.94633871180443,0.308,0.04,0,"Neuronal cells","AREG",1.21547232323576
"P2RX11",0,4.54192129231602,0.288,0.02,0,"Neuronal cells","P2RX1",1.30807333218701
"CTTNBP2",0,4.57576911325914,0.28,0.022,0,"Neuronal cells","CTTNBP2",1.28121535171256
"STX32",0,3.57411562588257,0.313,0.06,0,"Neuronal cells","STX3",1.11869819090124
"RGS14",0,2.90956752743538,0.304,0.052,0,"Neuronal cells","RGS1",0.884508528340356
"PAQR3",0,4.04038578121561,0.294,0.042,0,"Neuronal cells","PAQR3",1.18787341967739
"P2RY14",0,4.97101321753717,0.262,0.011,0,"Neuronal cells","P2RY14",1.30240546299474
"MAOB1",0,4.14739106987683,0.262,0.025,0,"Neuronal cells","MAOB",1.08661646030773
"RYR3",0,5.34015731759007,0.247,0.011,0,"Neuronal cells","RYR3",1.31901885744475
"PTGS1",0,5.88287101368693,0.243,0.008,0,"Neuronal cells","PTGS1",1.42953765632593
"MTCL1",0,4.48554532338095,0.258,0.024,0,"Neuronal cells","MTCL1",1.15727069343229
"HS6ST1",0,3.94163595035203,0.265,0.035,0,"Neuronal cells","HS6ST1",1.04453352684329
"ST8SIA62",0,3.72809621750749,0.249,0.02,0,"Neuronal cells","ST8SIA6",0.928295958159364
"PPM1H1",0,3.86518107761013,0.267,0.039,0,"Neuronal cells","PPM1H",1.03200334772191
"MED12L",0,5.228189829157,0.234,0.011,0,"Neuronal cells","MED12L",1.22339642002274
"VWA5A",0,4.99851368503488,0.239,0.017,0,"Neuronal cells","VWA5A",1.19464477072334
"TESPA1",0,4.22090459114068,0.224,0.013,0,"Neuronal cells","TESPA1",0.945482628415511
"CD692",0,3.3514149765938,0.23,0.024,0,"Neuronal cells","CD69",0.770825444616574
"ENPP3",0,6.85414452392978,0.208,0.005,0,"Neuronal cells","ENPP3",1.42566206097739
"PIK3R6",0,4.88901053361821,0.215,0.013,0,"Neuronal cells","PIK3R6",1.05113726472792
"GLOD5",0,8.00729377148084,0.193,0.002,0,"Neuronal cells","GLOD5",1.5454076978958
"NRCAM1",0,3.76526354310717,0.214,0.03,0,"Neuronal cells","NRCAM",0.805766398224934
"GPAT3",0,4.44913747803047,0.191,0.016,0,"Neuronal cells","GPAT3",0.849785258303821
"TPSB2",0,9.02572581147768,0.173,0,0,"Neuronal cells","TPSB2",1.56145056538564
"LRP1B",0,7.39361260357654,0.173,0.001,0,"Neuronal cells","LRP1B",1.27909498041874
"TMEM441",0,3.80817794945643,0.198,0.027,0,"Neuronal cells","TMEM44",0.754019233992373
"SLC26A2",0,4.0988370805345,0.193,0.026,0,"Neuronal cells","SLC26A2",0.791075556543159
"CCDC601",0,4.16020686210103,0.18,0.021,0,"Neuronal cells","CCDC60",0.748837235178186
"CD221",0,4.35509441550383,0.168,0.01,0,"Neuronal cells","CD22",0.731655861804643
"CBFA2T31",0,3.65734445773259,0.174,0.019,0,"Neuronal cells","CBFA2T3",0.636377935645471
"TMEM266",0,6.08119488037736,0.159,0.005,0,"Neuronal cells","TMEM266",0.966909985980001
"SLC38A111",0,6.28249586752705,0.157,0.004,0,"Neuronal cells","SLC38A11",0.986351851201746
"RAB44",0,7.5002791556156,0.15,0.001,0,"Neuronal cells","RAB44",1.12504187334234
"CACNA1H",0,6.85678560594726,0.15,0.002,0,"Neuronal cells","CACNA1H",1.02851784089209
"RHEX2",0,3.80826362642871,0.16,0.015,0,"Neuronal cells","RHEX",0.609322180228593
"SIGLEC6",0,8.82945126309949,0.132,0,0,"Neuronal cells","SIGLEC6",1.16548756672913
"ST8SIA6-AS1",0,4.32309842516002,0.14,0.009,0,"Neuronal cells","ST8SIA6-AS1",0.605233779522403
"CT69",0,5.09294560837063,0.123,0.006,0,"Neuronal cells","CT69",0.626432309829587
"VWC2",0,6.5127231027877,0.106,0.002,0,"Neuronal cells","VWC2",0.690348648895496
"FERMT1",0,4.98262543986252,0.109,0.007,0,"Neuronal cells","FERMT1",0.543106172945015
"SMYD35",1.45623748917958e-307,1.87547551411387,0.802,0.501,4.3009974242919e-303,"Neuronal cells","SMYD3",1.50413136231933
"SGK12",3.49040861223542e-304,2.87933934937061,0.318,0.068,1.03089218362373e-299,"Neuronal cells","SGK1",0.915629913099855
"ITGA9-AS11",1.06797050798768e-299,3.29713500944144,0.272,0.052,3.15425089534162e-295,"Neuronal cells","ITGA9-AS1",0.896820722568071
"MARCH34",2.24947802197653e-298,3.02146811504834,0.347,0.082,6.64383333790769e-294,"Neuronal cells","MARCH3",1.04844943592177
"EPB41L12",3.74761098744111e-298,3.2592467380248,0.321,0.073,1.10685690514073e-293,"Neuronal cells","EPB41L1",1.04621820290596
"ALS2",7.19632812859656e-297,3.41543686722966,0.296,0.063,2.12543551278099e-292,"Neuronal cells","ALS2",1.01096931269998
"NBEA3",7.62319002749048e-294,2.77353489795196,0.413,0.118,2.25150917461931e-289,"Neuronal cells","NBEA",1.14546991285416
"FOXP13",7.14031971084927e-290,1.54297775051585,0.848,0.589,2.10889342659933e-285,"Neuronal cells","FOXP1",1.30844513243744
"PRKCA-AS1",6.44225619046436e-283,3.95849179184697,0.186,0.027,1.90272036585365e-278,"Neuronal cells","PRKCA-AS1",0.736279473283536
"AKAP131",4.28701426730913e-282,1.40612216787411,0.886,0.67,1.26616966384975e-277,"Neuronal cells","AKAP13",1.24582424073646
"BACE22",1.16475477947521e-272,2.59217425225081,0.357,0.092,3.44010324118005e-268,"Neuronal cells","BACE2",0.925406208053537
"EDARADD",5.61554982873406e-271,3.96151710818026,0.105,0.009,1.65855264191661e-266,"Neuronal cells","EDARADD",0.415959296358928
"STXBP52",1.0887233046181e-264,2.39269248424423,0.507,0.191,3.21554428018955e-260,"Neuronal cells","STXBP5",1.21309508951182
"IFITM10",3.75239924848606e-259,3.96047789255684,0.135,0.016,1.10827111804036e-254,"Neuronal cells","IFITM10",0.534664515495173
"LRMDA3",8.33478784713593e-252,1.34927482430811,0.844,0.504,2.4616795906516e-247,"Neuronal cells","LRMDA",1.13878795171604
"KCNIP11",1.80142812322621e-251,3.59404841979553,0.148,0.019,5.32051796194862e-247,"Neuronal cells","KCNIP1",0.531919166129738
"PRKX-AS1",9.06848627511027e-246,3.99373792160483,0.114,0.012,2.67837742135382e-241,"Neuronal cells","PRKX-AS1",0.455286123062951
"SLC39A113",1.60217789226478e-245,2.10085897817578,0.583,0.266,4.73203240480402e-241,"Neuronal cells","SLC39A11",1.22480078427648
"MEIS23",1.31557650600771e-242,2.4745389944478,0.41,0.13,3.88555521049378e-238,"Neuronal cells","MEIS2",1.0145609877236
"B4GALT54",5.95996853508042e-241,2.61929128188816,0.508,0.211,1.760276706836e-236,"Neuronal cells","B4GALT5",1.33059997119918
"SKAP14",6.83202694713978e-240,1.40148241544406,0.411,0.112,2.01783915883773e-235,"Neuronal cells","SKAP1",0.576009272747508
"TMEFF21",2.26035036357214e-237,3.91924070006856,0.173,0.027,6.6759447988103e-233,"Neuronal cells","TMEFF2",0.67802864111186
"BCL11A1",9.67537073283774e-237,3.23945347039347,0.19,0.032,2.85762074594363e-232,"Neuronal cells","BCL11A",0.615496159374759
"ACSL43",8.71700528535324e-234,2.27626865701066,0.528,0.224,2.57456751102908e-229,"Neuronal cells","ACSL4",1.20186985090163
"SRGN3",6.26434924113497e-231,2.16567274996596,0.417,0.134,1.85017554836921e-226,"Neuronal cells","SRGN",0.903085536735805
"PARP42",2.40655958884709e-222,2.27643321493133,0.492,0.204,7.10777374565989e-218,"Neuronal cells","PARP4",1.12000514174621
"BNC22",5.1957419036286e-220,1.56506436701241,0.502,0.18,1.53456237123671e-215,"Neuronal cells","BNC2",0.785662312240229
"ADGRE22",4.43009902061161e-217,2.96743163098432,0.201,0.038,1.30842974573764e-212,"Neuronal cells","ADGRE2",0.596453757827848
"CTNNBL12",1.43998116298905e-215,2.76204564200836,0.343,0.103,4.25298436488816e-211,"Neuronal cells","CTNNBL1",0.947381655208868
"PHF202",2.85869027101821e-210,2.2857329354075,0.467,0.187,8.44314171545228e-206,"Neuronal cells","PHF20",1.0674372808353
"RPS6KA56",4.11445105524186e-210,2.39953377534642,0.371,0.119,1.21520311916568e-205,"Neuronal cells","RPS6KA5",0.890227030653521
"ZNF5212",5.50020214648305e-208,2.5411859188829,0.27,0.066,1.62448470396377e-203,"Neuronal cells","ZNF521",0.686120198098383
"SEMA4D6",1.0214371426956e-204,2.0259970045471,0.38,0.12,3.01681460095145e-200,"Neuronal cells","SEMA4D",0.769878861727898
"ATP6V0A2",1.35043971062238e-204,3.10980898361122,0.214,0.045,3.98852368532319e-200,"Neuronal cells","ATP6V0A2",0.665499122492801
"MCTP13",3.10824855972844e-201,1.92446442553344,0.441,0.163,9.18021212115796e-197,"Neuronal cells","MCTP1",0.848688811660246
"RAPGEF23",2.02835972564078e-199,1.9640503680828,0.582,0.309,5.99076044968004e-195,"Neuronal cells","RAPGEF2",1.14307731422419
"KCNQ15",8.55482355224771e-198,2.62781833798283,0.306,0.088,2.52666713615636e-193,"Neuronal cells","KCNQ1",0.804112411422745
"ZBTB206",1.77469669219107e-196,1.27789533146425,0.815,0.601,5.24156668038634e-192,"Neuronal cells","ZBTB20",1.04148469514336
"TMOD1",4.33559293536225e-194,3.26164967564096,0.134,0.02,1.28051737345924e-189,"Neuronal cells","TMOD1",0.437061056535889
"ATP8B44",5.19023865705078e-192,2.52823176994907,0.273,0.072,1.53293698735995e-187,"Neuronal cells","ATP8B4",0.690207273196095
"KREMEN11",1.23675564351175e-189,3.11739172256496,0.196,0.04,3.65275779311194e-185,"Neuronal cells","KREMEN1",0.611008777622733
"MCTP26",6.69868862613441e-186,1.91137845272737,0.48,0.203,1.9784576857288e-181,"Neuronal cells","MCTP2",0.917461657309137
"HPSE2",1.71881862680704e-184,2.53801524955663,0.12,0.017,5.0765308142746e-180,"Neuronal cells","HPSE2",0.304561829946796
"SCIN1",6.67932321241077e-184,3.70554483398704,0.124,0.018,1.97273811078552e-179,"Neuronal cells","SCIN",0.459487559414393
"ANKRD446",8.52659999658709e-177,1.47928994502387,0.626,0.335,2.518331308992e-172,"Neuronal cells","ANKRD44",0.926035505584945
"TRERF13",9.18536931519241e-175,1.91032312609677,0.362,0.122,2.71289882724208e-170,"Neuronal cells","TRERF1",0.69153697164703
"RPP38",3.64708112990695e-174,3.00515659073504,0.219,0.053,1.07716541171802e-169,"Neuronal cells","RPP38",0.658129293370974
"NDST2",4.68777353398528e-174,3.74167581295683,0.106,0.014,1.38453391326255e-169,"Neuronal cells","NDST2",0.396617636173424
"TNFAIP84",1.02221843191715e-173,2.19065526564109,0.425,0.17,3.0191221386673e-169,"Neuronal cells","TNFAIP8",0.931028487897462
"CPM3",3.51670656353869e-170,2.08321478681594,0.459,0.2,1.03865928354115e-165,"Neuronal cells","CPM",0.956195587148515
"GPR65",6.39701274653571e-170,3.39942662855767,0.119,0.018,1.88935771468932e-165,"Neuronal cells","GPR65",0.404531768798362
"PKIG3",1.8614643133921e-167,2.77714400533871,0.226,0.057,5.49783484960358e-163,"Neuronal cells","PKIG",0.627634545206548
"CKLF1",3.60198352499245e-162,2.69518701236024,0.219,0.055,1.06384583410652e-157,"Neuronal cells","CKLF",0.590245955706892
"ITPR14",1.1772550858219e-158,1.92077401613908,0.459,0.207,3.47702289597499e-154,"Neuronal cells","ITPR1",0.88163527340784
"RAP1GAP24",2.60587908424861e-158,2.23406207047341,0.262,0.075,7.69646387532828e-154,"Neuronal cells","RAP1GAP2",0.585324262464033
"IKZF35",3.96015680226148e-157,1.94661638972458,0.245,0.065,1.16963231154793e-152,"Neuronal cells","IKZF3",0.476921015482522
"AGAP14",1.11867481729094e-156,1.7482417528798,0.505,0.249,3.30400607286879e-152,"Neuronal cells","AGAP1",0.882862085204299
"EMID1",3.61134594459287e-154,3.41790675755355,0.107,0.016,1.0666110247355e-149,"Neuronal cells","EMID1",0.36571602305823
"ZNF7043",1.42820755775105e-152,2.49892154069937,0.291,0.095,4.21821102181774e-148,"Neuronal cells","ZNF704",0.727186168343516
"CHST117",1.04344921896077e-151,1.07493528615783,0.717,0.415,3.08182726820064e-147,"Neuronal cells","CHST11",0.770728600175163
"SLC4A81",1.0504783015848e-151,2.96784784568959,0.176,0.039,3.1025876637307e-147,"Neuronal cells","SLC4A8",0.522341220841368
"RGS2",5.40572419319261e-150,2.77348735161336,0.17,0.037,1.59658064045944e-145,"Neuronal cells","RGS2",0.471492849774271
"NMT2",2.51035163922087e-148,2.67935511260272,0.2,0.05,7.41432356643883e-144,"Neuronal cells","NMT2",0.535871022520545
"ST3GAL33",3.19175064567823e-148,2.36360438379044,0.319,0.114,9.42683553201066e-144,"Neuronal cells","ST3GAL3",0.753989798429152
"DACH12",4.1826022704637e-146,2.15506208299824,0.197,0.048,1.23533158058145e-141,"Neuronal cells","DACH1",0.424547230350653
"TTC7B3",3.21239207594131e-144,2.47954373659417,0.277,0.091,9.48779999629265e-140,"Neuronal cells","TTC7B",0.686833615036586
"LAX11",2.74997432826889e-142,3.03968276397092,0.1,0.015,8.12204917854217e-138,"Neuronal cells","LAX1",0.303968276397092
"COBL3",1.11688000900545e-141,2.39052413778115,0.292,0.1,3.29870510659759e-137,"Neuronal cells","COBL",0.698033048232095
"CPEB42",1.11070682924042e-140,2.01714527796301,0.434,0.205,3.28047262016158e-136,"Neuronal cells","CPEB4",0.875441050635947
"REPS12",1.6987271027503e-140,2.32477030811713,0.342,0.135,5.01719049797301e-136,"Neuronal cells","REPS1",0.79507144537606
"KCNQ1OT14",4.20856797544305e-139,2.21719550965876,0.413,0.19,1.24300055154711e-134,"Neuronal cells","KCNQ1OT1",0.915701745489068
"ERG2",8.90891206325769e-136,2.17072458275354,0.193,0.049,2.63124717788316e-131,"Neuronal cells","ERG",0.418949844471434
"KIF13B4",3.91788642877925e-135,1.94961075944466,0.417,0.192,1.15714775673995e-130,"Neuronal cells","KIF13B",0.812987686688422
"CCSER14",1.67599745175089e-134,1.98193419336029,0.347,0.137,4.95005847374625e-130,"Neuronal cells","CCSER1",0.687731165096022
"PBX12",3.95889229589882e-134,1.84646430033688,0.42,0.192,1.16925883959372e-129,"Neuronal cells","PBX1",0.77551500614149
"PAK13",4.09546056361167e-133,2.82341241843383,0.246,0.078,1.20959427746271e-128,"Neuronal cells","PAK1",0.694559454934723
"ZEB23",5.89586996042578e-133,1.00640185866464,0.631,0.34,1.74134519281176e-128,"Neuronal cells","ZEB2",0.635039572817386
"SOX13",3.08774007781086e-132,3.01921117512409,0.15,0.033,9.11964031981438e-128,"Neuronal cells","SOX13",0.452881676268613
"COBLL15",1.15594788479904e-126,2.01114705911582,0.37,0.16,3.41409207775396e-122,"Neuronal cells","COBLL1",0.744124411872852
"INTS6L1",4.59471897113613e-126,2.47796569914356,0.202,0.056,1.35705024812505e-121,"Neuronal cells","INTS6L",0.500549071226998
"TRIO5",1.01617599962975e-125,1.2517373661056,0.674,0.479,3.00127581490647e-121,"Neuronal cells","TRIO",0.843670984755175
"PDE8A3",3.50583317041282e-125,2.17232624473565,0.467,0.256,1.03544782688143e-120,"Neuronal cells","PDE8A",1.01447635629155
"LPCAT22",3.10112114169241e-122,2.68340570616008,0.2,0.057,9.15916129198852e-118,"Neuronal cells","LPCAT2",0.536681141232016
"GNPTAB2",4.71723110460034e-121,2.09701594008679,0.34,0.143,1.39323420674371e-116,"Neuronal cells","GNPTAB",0.71298541962951
"PLEKHA25",6.94042667367869e-121,1.8671430264734,0.365,0.159,2.049855018071e-116,"Neuronal cells","PLEKHA2",0.68150720466279
"PALM2-AKAP25",5.56367141263692e-117,1.59816373590049,0.421,0.2,1.64323035172231e-112,"Neuronal cells","PALM2-AKAP2",0.672826932814108
"IRS22",9.47820965186648e-116,2.44390822630462,0.25,0.087,2.79938922067877e-111,"Neuronal cells","IRS2",0.610977056576155
"JARID24",2.37785274476632e-115,1.68158494956302,0.503,0.287,7.02298808166733e-111,"Neuronal cells","JARID2",0.845837229630197
"VAV35",1.09843674362554e-114,1.48182379164549,0.393,0.175,3.24423292229805e-110,"Neuronal cells","VAV3",0.582356750116679
"ARHGDIB2",5.99728362924214e-114,2.37615664426659,0.163,0.041,1.77129771989667e-109,"Neuronal cells","ARHGDIB",0.387313533015454
"PRKCB6",3.27478429904749e-113,1.26781753976194,0.434,0.199,9.67207542723675e-109,"Neuronal cells","PRKCB",0.550232812256683
"MLPH2",2.34307292900058e-112,1.84495252724916,0.298,0.116,6.92026589580321e-108,"Neuronal cells","MLPH",0.549795853120248
"RAD51B4",2.72384190510329e-111,1.97741067948318,0.36,0.164,8.04486706672257e-107,"Neuronal cells","RAD51B",0.711867844613947
"TSEN54",6.73555570982056e-110,2.96760896291033,0.106,0.02,1.9893463788955e-105,"Neuronal cells","TSEN54",0.314566550068495
"SYTL24",6.91983390165936e-110,2.00265621212969,0.234,0.077,2.04377294285509e-105,"Neuronal cells","SYTL2",0.468621553638347
"JAKMIP21",1.4376047553067e-107,2.51165550757721,0.122,0.026,4.24596564479833e-103,"Neuronal cells","JAKMIP2",0.306421971924419
"TMEM1541",1.94000257843165e-107,2.7804622850804,0.108,0.021,5.72979761539789e-103,"Neuronal cells","TMEM154",0.300289926788683
"ELMO16",1.51698617774949e-104,1.11652689926089,0.613,0.387,4.48041867598312e-100,"Neuronal cells","ELMO1",0.684430989246926
"CSF1",2.23407322480798e-103,3.08469243287799,0.126,0.029,6.59833526947038e-99,"Neuronal cells","CSF1",0.388671246542627
"ST3GAL4",3.18816903526599e-103,2.85418065581398,0.146,0.037,9.41625724565812e-99,"Neuronal cells","ST3GAL4",0.416710375748841
"ABCC13",4.811036318038e-102,1.72227245833604,0.395,0.199,1.42093957653252e-97,"Neuronal cells","ABCC1",0.680297621042734
"DOCK106",7.84208062546631e-102,1.29378349844526,0.46,0.238,2.31615851273147e-97,"Neuronal cells","DOCK10",0.595140409284817
"CPPED12",5.36389309903091e-100,2.66690403724734,0.165,0.047,1.58422582679878e-95,"Neuronal cells","CPPED1",0.440039166145812
"CNST3",2.02473273236814e-99,2.12263052958376,0.283,0.116,5.98004812504931e-95,"Neuronal cells","CNST",0.600704439872205
"OSBPL61",3.41505876945178e-99,3.1413216854335,0.132,0.032,1.00863760755758e-94,"Neuronal cells","OSBPL6",0.414654462477222
"MITF2",3.24273577231808e-98,1.6379681396086,0.408,0.212,9.57742010354145e-94,"Neuronal cells","MITF",0.668291000960308
"MSI26",4.53570616196926e-98,1.50310546268552,0.477,0.271,1.33962081493762e-93,"Neuronal cells","MSI2",0.716981305700993
"TMEM255B1",1.16894982117811e-97,2.51946762353175,0.119,0.027,3.45249329684956e-93,"Neuronal cells","TMEM255B",0.299816647200278
"NBAS1",2.24883666417055e-97,1.64893512963302,0.443,0.254,6.64193908762771e-93,"Neuronal cells","NBAS",0.730478262427427
"GAS73",5.26727048799422e-97,1.58665479368869,0.382,0.187,1.55568833862909e-92,"Neuronal cells","GAS7",0.606102131189078
"HDAC44",1.69758542325182e-96,1.73202991782066,0.418,0.23,5.01381854757426e-92,"Neuronal cells","HDAC4",0.723988505649037
"ELOVL71",2.15927088124709e-96,3.31860618685916,0.104,0.021,6.37740654776329e-92,"Neuronal cells","ELOVL7",0.345135043433353
"SYAP1",8.09201920954335e-96,2.56608187268427,0.194,0.063,2.38997787353863e-91,"Neuronal cells","SYAP1",0.497819883300748
"RIN34",1.86456578352496e-95,1.69948546005967,0.334,0.152,5.50699504164096e-91,"Neuronal cells","RIN3",0.567628143659929
"IQGAP24",3.15103017599059e-94,1.25900411172638,0.459,0.242,9.30656762478821e-90,"Neuronal cells","IQGAP2",0.577882887282408
"ARID1B4",6.98377259225278e-94,1.07332815728059,0.667,0.528,2.06265723512186e-89,"Neuronal cells","ARID1B",0.715909880906151
"ZNRF13",1.87660986724355e-93,2.24024049353784,0.222,0.08,5.54256724290383e-89,"Neuronal cells","ZNRF1",0.4973333895654
"GALNT32",1.93220630645189e-93,2.87138247131418,0.142,0.038,5.70677132610565e-89,"Neuronal cells","GALNT3",0.407736310926614
"TBC1D142",3.55243511227142e-93,1.69201295761524,0.324,0.146,1.04921171040936e-88,"Neuronal cells","TBC1D14",0.548212198267338
"PRSS121",1.78100152715867e-92,3.07637152721187,0.1,0.021,5.26018801046314e-88,"Neuronal cells","PRSS12",0.307637152721187
"ZNF6181",2.67164726395373e-91,2.6792304101998,0.176,0.055,7.89071019408733e-87,"Neuronal cells","ZNF618",0.471544552195165
"LYST4",2.18515788983098e-89,1.40110219544264,0.446,0.255,6.45386382761581e-85,"Neuronal cells","LYST",0.624891579167416
"ATP2A35",4.17845449373306e-89,2.13659582885644,0.155,0.044,1.23410653472406e-84,"Neuronal cells","ATP2A3",0.331172353472748
"SUSD13",5.8936007791105e-88,2.43083426031213,0.2,0.07,1.74067499011029e-83,"Neuronal cells","SUSD1",0.486166852062425
"EXOC6B4",2.16605269671306e-87,1.50487030139288,0.467,0.293,6.39743663974203e-83,"Neuronal cells","EXOC6B",0.702774430750473
"LEO1",9.4425462941329e-85,3.02349300196073,0.111,0.027,2.78885604797215e-80,"Neuronal cells","LEO1",0.335607723217641
"TDRD32",2.61514010880924e-84,1.88562081460856,0.301,0.14,7.72381631136809e-80,"Neuronal cells","TDRD3",0.567571865197177
"TCAIM1",2.89831581094989e-81,2.58793723814416,0.219,0.086,8.56017574764049e-77,"Neuronal cells","TCAIM",0.566758255153571
"TSIX5",7.3338111434152e-81,1.48594641140922,0.39,0.212,2.16604112120768e-76,"Neuronal cells","TSIX",0.579519100449595
"VAV17",3.24883816144795e-79,2.05418429674482,0.19,0.066,9.59544350983651e-75,"Neuronal cells","VAV1",0.390295016381516
"ZNF4624",7.72951570738498e-76,2.45186587465918,0.19,0.07,2.28291246417615e-71,"Neuronal cells","ZNF462",0.465854516185244
"TENT5A3",1.43121579100159e-75,2.20976629066442,0.224,0.091,4.22709583872321e-71,"Neuronal cells","TENT5A",0.49498764910883
"AKNA4",3.52519595358536e-75,1.68764139601715,0.256,0.11,1.04116662489144e-70,"Neuronal cells","AKNA",0.432036197380391
"NFE2L3",4.49141316790159e-75,2.56375890037431,0.119,0.032,1.32653887913973e-70,"Neuronal cells","NFE2L3",0.305087309144542
"PBX33",3.67146596125575e-73,1.48244572550929,0.416,0.253,1.08436747165689e-68,"Neuronal cells","PBX3",0.616697421811866
"SNX294",6.64927368252017e-72,1.1848540793929,0.495,0.333,1.96386298213233e-67,"Neuronal cells","SNX29",0.586502769299484
"CCDC18-AS12",6.15825257972815e-70,1.7999130046828,0.306,0.156,1.81883989942271e-65,"Neuronal cells","CCDC18-AS1",0.550773379432936
"TIAM11",6.44725490225651e-68,2.22995735793549,0.152,0.051,1.90419673538146e-63,"Neuronal cells","TIAM1",0.338953518406194
"IL4R2",9.11935274774816e-68,1.70254834161866,0.298,0.151,2.69340083404742e-63,"Neuronal cells","IL4R",0.50735940580236
"ZNF3311",1.08876232739155e-65,1.9234874537104,0.259,0.121,3.21565953395095e-61,"Neuronal cells","ZNF331",0.498183250510994
"LMO41",1.60779213725826e-65,2.31696431219086,0.18,0.069,4.74861407739228e-61,"Neuronal cells","LMO4",0.417053576194354
"PDE4A1",1.98610186155238e-62,2.12466065056199,0.155,0.055,5.86595184809495e-58,"Neuronal cells","PDE4A",0.329322400837108
"PARVB3",3.72971161148987e-62,1.96413049566949,0.186,0.074,1.10157032445353e-57,"Neuronal cells","PARVB",0.365328272194525
"DENND1B4",1.24059671760705e-61,1.36254025938413,0.362,0.212,3.66410240545243e-57,"Neuronal cells","DENND1B",0.493239573897054
"PRR5",1.50766607355399e-61,2.31744414246751,0.1,0.027,4.45289174824172e-57,"Neuronal cells","PRR5",0.231744414246751
"CCND34",1.21310763399115e-58,1.01892487473807,0.429,0.269,3.58291339699285e-54,"Neuronal cells","CCND3",0.437118771262631
"VPS37B3",2.97194181277937e-58,1.95879075528355,0.27,0.14,8.77763014404388e-54,"Neuronal cells","VPS37B",0.52887350392656
"PAQR5",1.88656428952119e-57,2.49712933532001,0.109,0.033,5.57196762910083e-53,"Neuronal cells","PAQR5",0.272187097549881
"TEC1",2.19355607798715e-56,2.1924268299764,0.189,0.081,6.47866787633505e-52,"Neuronal cells","TEC",0.41436867086554
"FOSL23",1.02469104061704e-55,1.82889460833646,0.239,0.116,3.02642498846243e-51,"Neuronal cells","FOSL2",0.437105811392414
"TTC39B3",3.11163098400558e-55,1.7897876953689,0.242,0.119,9.19020211126049e-51,"Neuronal cells","TTC39B",0.433128622279275
"CHD75",3.82344677343404e-54,1.74515018571396,0.248,0.125,1.12925500453374e-49,"Neuronal cells","CHD7",0.432797246057061
"FBXO345",6.78798593906144e-54,1.75208246532237,0.291,0.163,2.0048316471018e-49,"Neuronal cells","FBXO34",0.50985599740881
"TRAF53",1.66197430045721e-51,1.89385766020923,0.15,0.057,4.90864109640038e-47,"Neuronal cells","TRAF5",0.284078649031385
"RHOBTB32",3.81943268619202e-51,1.64850740368263,0.281,0.156,1.12806944386681e-46,"Neuronal cells","RHOBTB3",0.46323058043482
"MYO15B3",5.55235656484582e-51,1.93405605191597,0.175,0.074,1.63988851142721e-46,"Neuronal cells","MYO15B",0.338459809085295
"RNF144A1",1.37821457355903e-50,2.10159722898771,0.136,0.05,4.0705567430066e-46,"Neuronal cells","RNF144A",0.285817223142329
"SLC2A33",1.41982672687283e-50,1.12315210778398,0.308,0.169,4.19345823781889e-46,"Neuronal cells","SLC2A3",0.345930849197467
"C22orf346",1.50626398197734e-50,1.61728133479453,0.216,0.101,4.44875067077006e-46,"Neuronal cells","C22orf34",0.349332768315618
"CYTH32",6.88227321101916e-50,2.0788014259893,0.187,0.084,2.03267939287451e-45,"Neuronal cells","CYTH3",0.388735866659998
"PHTF23",4.70759950074597e-49,1.46889797757671,0.26,0.136,1.39038951254532e-44,"Neuronal cells","PHTF2",0.381913474169945
"INSYN2B7",1.33734884354948e-48,1.83371510920891,0.174,0.075,3.94985980942338e-44,"Neuronal cells","INSYN2B",0.319066429002351
"PLA2G4A1",1.21257517491993e-47,2.18802666298046,0.142,0.056,3.58134077912601e-43,"Neuronal cells","PLA2G4A",0.310699786143225
"RASSF52",2.97737281103288e-46,2.09900470647921,0.14,0.055,8.79367059738561e-42,"Neuronal cells","RASSF5",0.29386065890709
"PRAG12",3.0217274745135e-46,2.08259191238116,0.152,0.063,8.92467209597561e-42,"Neuronal cells","PRAG1",0.316553970681936
"EMILIN22",2.82250330104238e-45,1.8503486865034,0.168,0.073,8.33626349962867e-41,"Neuronal cells","EMILIN2",0.310858579332571
"WDFY23",1.27505125896985e-44,1.48832475886876,0.294,0.176,3.76586389336746e-40,"Neuronal cells","WDFY2",0.437567479107415
"TRIM244",1.55840006742619e-44,1.94101626255692,0.19,0.09,4.60273459914324e-40,"Neuronal cells","TRIM24",0.368793089885815
"CACNA2D11",2.60278069022199e-44,1.67081445391052,0.177,0.08,7.68731276857066e-40,"Neuronal cells","CACNA2D1",0.295734158342162
"EDIL33",3.81022637672102e-43,2.47350314872019,0.147,0.062,1.12535036036455e-38,"Neuronal cells","EDIL3",0.363604962861868
"ITPKB5",6.52046460925191e-43,1.92091398033933,0.185,0.087,1.92581922234255e-38,"Neuronal cells","ITPKB",0.355369086362776
"BABAM21",6.58406637241692e-43,1.21384591701773,0.397,0.284,1.94460400309334e-38,"Neuronal cells","BABAM2",0.481896829056041
"TRAF3IP34",3.08788510501742e-42,1.6382958316751,0.106,0.036,9.12006865766895e-38,"Neuronal cells","TRAF3IP3",0.17365935815756
"MARCH82",1.28470545413734e-40,1.75706323487568,0.163,0.074,3.79437755879465e-36,"Neuronal cells","MARCH8",0.286401307284736
"ZBTB20-AS54",2.9401046757141e-40,1.99975802694912,0.176,0.084,8.68359915972159e-36,"Neuronal cells","ZBTB20-AS5",0.351957412743045
"PLIN23",4.60147297149939e-40,1.46103498884628,0.191,0.093,1.35904504213234e-35,"Neuronal cells","PLIN2",0.27905768286964
"INPP5A4",2.59335889238615e-39,1.54924945619462,0.221,0.118,7.65948548866251e-35,"Neuronal cells","INPP5A",0.342384129819011
"BMPR1A4",6.05909154749709e-39,1.70570441689025,0.209,0.111,1.78955268855326e-34,"Neuronal cells","BMPR1A",0.356492223130061
"ZNF445",8.72117234033579e-39,2.16853226183722,0.119,0.047,2.57579825071817e-34,"Neuronal cells","ZNF445",0.25805533915863
"ABHD17B1",6.13330301531341e-37,2.15405488744557,0.115,0.046,1.81147104557282e-32,"Neuronal cells","ABHD17B",0.247716312056241
"NUTM2A-AS11",8.01572491419793e-37,1.71880693091445,0.208,0.113,2.36744435340836e-32,"Neuronal cells","NUTM2A-AS1",0.357511841630206
"AP1S33",3.86667407432859e-36,2.30291091653494,0.124,0.052,1.14202218785295e-31,"Neuronal cells","AP1S3",0.285560953650332
"MANBA2",9.78452474086495e-36,1.18300405327748,0.313,0.203,2.88985938221446e-31,"Neuronal cells","MANBA",0.370280268675851
"STIM25",2.71321742856971e-35,1.46041495006432,0.28,0.177,8.01348767528063e-31,"Neuronal cells","STIM2",0.408916186018011
"LCP25",3.86932891983051e-35,1.19116110013707,0.229,0.125,1.14280629647194e-30,"Neuronal cells","LCP2",0.27277589193139
"FARP24",8.43486503944095e-35,1.76469526711626,0.208,0.115,2.49123738939888e-30,"Neuronal cells","FARP2",0.367056615560182
"MIR29B2CHG2",2.01275169212548e-34,1.52695377244931,0.237,0.14,5.9446621226926e-30,"Neuronal cells","MIR29B2CHG",0.361888044070486
"MAPK13",4.11321145104681e-34,1.41162715276477,0.316,0.214,1.21483700206667e-29,"Neuronal cells","MAPK1",0.446074180273667
"ATP1B32",5.50450852143598e-34,1.79643865396611,0.293,0.192,1.62575659180612e-29,"Neuronal cells","ATP1B3",0.526356525612071
"SH3KBP15",7.56076715105005e-34,1.05046002148994,0.35,0.239,2.23307257806263e-29,"Neuronal cells","SH3KBP1",0.367661007521478
"PTPN223",7.87911387954014e-33,1.15508295027859,0.153,0.071,2.32709628432218e-28,"Neuronal cells","PTPN22",0.176727691392624
"PLAUR2",8.69226718113283e-33,1.54716837627198,0.183,0.094,2.56726111194758e-28,"Neuronal cells","PLAUR",0.283131812857772
"PPARD2",8.45564153644154e-32,1.59655755909416,0.213,0.122,2.49737372778801e-27,"Neuronal cells","PPARD",0.340066760087056
"TMOD31",1.10375624839995e-31,1.40827649944709,0.306,0.209,3.25994407964926e-27,"Neuronal cells","TMOD3",0.43093260883081
"ST72",4.92533446040755e-31,1.90194414468581,0.151,0.075,1.45469753288137e-26,"Neuronal cells","ST7",0.287193565847558
"SH2B32",7.61349977231921e-31,1.67114757895837,0.16,0.081,2.24864715775448e-26,"Neuronal cells","SH2B3",0.267383612633339
"CDCP12",2.47390307056459e-30,2.07227670646164,0.148,0.074,7.30667271891251e-26,"Neuronal cells","CDCP1",0.306696952556323
"CTPS22",2.86745492007612e-29,2.02782591264404,0.134,0.065,8.46902810644482e-25,"Neuronal cells","CTPS2",0.271728672294301
"XYLT16",9.57113253184391e-29,1.11906815893809,0.234,0.137,2.8268339932801e-24,"Neuronal cells","XYLT1",0.261861949191513
"NAALADL23",1.02536759954613e-28,1.29213228658293,0.295,0.202,3.02842320525951e-24,"Neuronal cells","NAALADL2",0.381179024541963
"ST7-AS21",1.0691016882227e-28,2.45634433415604,0.103,0.044,3.15759183616575e-24,"Neuronal cells","ST7-AS2",0.253003466418072
"GBE12",4.92128928479806e-28,1.29064119844845,0.248,0.159,1.45350279026511e-23,"Neuronal cells","GBE1",0.320079017215216
"CCNH2",5.84705385199894e-28,1.15995519985004,0.345,0.255,1.72692735518789e-23,"Neuronal cells","CCNH",0.400184543948265
"KLHL64",1.26347340636028e-27,1.40747592721922,0.168,0.089,3.73166870568509e-23,"Neuronal cells","KLHL6",0.236455955772828
"HK22",5.77315839319946e-27,1.80072326260146,0.114,0.052,1.70510233143146e-22,"Neuronal cells","HK2",0.205282451936566
"PLPP12",7.23033394390049e-27,1.24403632737962,0.196,0.113,2.13547913033101e-22,"Neuronal cells","PLPP1",0.243831120166406
"PROCR",9.69427997114811e-27,1.86531198332838,0.106,0.047,2.8632055894786e-22,"Neuronal cells","PROCR",0.197723070232808
"NR3C13",1.01424125837526e-26,1.12220668742484,0.334,0.246,2.99556155661132e-22,"Neuronal cells","NR3C1",0.374817033599896
"GRAMD42",3.83348205466535e-26,1.73188765728689,0.152,0.08,1.13221892484541e-21,"Neuronal cells","GRAMD4",0.263246923907607
"GABPB11",1.19419200382776e-25,1.78003867843434,0.128,0.063,3.52704608330529e-21,"Neuronal cells","GABPB1",0.227844950839595
"ARHGAP256",1.67304662619115e-25,1.05427055303305,0.193,0.109,4.94134321045557e-21,"Neuronal cells","ARHGAP25",0.203474216735378
"FAR25",1.97923762089331e-25,1.31392739387175,0.183,0.104,5.84567831330839e-21,"Neuronal cells","FAR2",0.240448713078529
"SLC11A21",3.47546148063829e-25,1.44829392400846,0.206,0.126,1.02647754830652e-20,"Neuronal cells","SLC11A2",0.298348548345743
"ELOVL55",9.31740237269078e-25,1.08005541323401,0.29,0.2,2.75189479077422e-20,"Neuronal cells","ELOVL5",0.313216069837862
"CD841",1.37610105856045e-24,1.39765576414947,0.127,0.062,4.0643144764583e-20,"Neuronal cells","CD84",0.177502282046983
"CERS44",1.40678601430343e-23,1.54263737336998,0.12,0.059,4.15494249324517e-19,"Neuronal cells","CERS4",0.185116484804397
"TG5",4.98273438490408e-23,1.41240083374385,0.15,0.081,1.47165060058142e-18,"Neuronal cells","TG",0.211860125061578
"WWC33",7.86017027757875e-23,1.46698803108228,0.184,0.111,2.32150129148288e-18,"Neuronal cells","WWC3",0.269925797719139
"AGPS2",2.72533080345872e-22,1.49872189683734,0.204,0.13,8.04926452801533e-18,"Neuronal cells","AGPS",0.305739266954817
"DAB11",1.34310426007416e-21,1.87309136336504,0.105,0.051,3.96685843212902e-17,"Neuronal cells","DAB1",0.196674593153329
"IL3RA3",2.44790357887088e-21,1.35220093740104,0.137,0.074,7.22988322019515e-17,"Neuronal cells","IL3RA",0.185251528423943
"FMNL33",6.20330746431286e-21,1.42927130645075,0.137,0.074,1.8321468595848e-16,"Neuronal cells","FMNL3",0.195810168983752
"CCDC92",6.68797038975363e-21,1.82848616964194,0.114,0.058,1.97529205461373e-16,"Neuronal cells","CCDC92",0.208447423339181
"RASSF22",2.15181995512906e-20,1.43813637494156,0.103,0.05,6.35540023747369e-16,"Neuronal cells","RASSF2",0.148128046618981
"HERC34",2.52362065913759e-20,1.20107794806244,0.199,0.126,7.45351361676287e-16,"Neuronal cells","HERC3",0.239014511664426
"DISP12",6.10570370019049e-20,1.44500730899189,0.165,0.098,1.80331958785126e-15,"Neuronal cells","DISP1",0.238426205983663
"DENND111",4.75739468594152e-19,1.50115810077517,0.132,0.073,1.40509652049283e-14,"Neuronal cells","DENND11",0.198152869302323
"CD821",4.90848624243683e-19,1.59771624874058,0.115,0.061,1.44972141170372e-14,"Neuronal cells","CD82",0.183737368605166
"DEPDC52",5.40018145397514e-19,1.66078656622003,0.121,0.066,1.59494359243156e-14,"Neuronal cells","DEPDC5",0.200955174512624
"ZMIZ14",1.4035021948074e-18,1.12168839011491,0.272,0.203,4.14524373236364e-14,"Neuronal cells","ZMIZ1",0.305099242111256
"PRKN3",5.46241066775412e-18,1.1954925524439,0.247,0.178,1.61332299072118e-13,"Neuronal cells","PRKN",0.295286660453644
"CREM3",5.74690703706267e-18,1.34041676106515,0.155,0.094,1.69734899339646e-13,"Neuronal cells","CREM",0.207764597965099
"LEPROTL12",6.22628632697263e-18,1.29523015175919,0.116,0.062,1.83893366667137e-13,"Neuronal cells","LEPROTL1",0.150246697604066
"ESR28",6.77609653017839e-18,1.29413866259234,0.135,0.077,2.00132011018819e-13,"Neuronal cells","ESR2",0.174708719449966
"RAB11A4",7.56144130699516e-18,1.0258690677093,0.328,0.266,2.23327169002102e-13,"Neuronal cells","RAB11A",0.336485054208652
"JPX2",3.84353740321096e-17,1.21471758177069,0.277,0.214,1.13518877203836e-12,"Neuronal cells","JPX",0.33647677015048
"RUNX24",1.00485701443449e-16,1.05460667344961,0.19,0.124,2.96784519213226e-12,"Neuronal cells","RUNX2",0.200375267955426
"MRPS28",1.58171594202775e-16,1.54996928975659,0.131,0.076,4.67159803477895e-12,"Neuronal cells","MRPS28",0.203045976958114
"PSTPIP22",2.1481306537461e-16,1.47270530628057,0.121,0.069,6.34450388583909e-12,"Neuronal cells","PSTPIP2",0.178197342059949
"IPO9-AS12",4.18429659116817e-16,1.68936836700545,0.102,0.055,1.23583199820152e-11,"Neuronal cells","IPO9-AS1",0.172315573434556
"CPB2-AS16",4.24165103545145e-16,1.28849449247907,0.123,0.07,1.25277163332058e-11,"Neuronal cells","CPB2-AS1",0.158484822574925
"EFCAB132",8.03149721515849e-16,1.51334321335857,0.132,0.079,2.37210270249706e-11,"Neuronal cells","EFCAB13",0.199761304163332
"TP53BP12",9.30078586689339e-16,1.43750610011872,0.152,0.096,2.74698710578696e-11,"Neuronal cells","TP53BP1",0.218500927218046
"CCDC184",3.73079007172256e-15,1.36429921393516,0.141,0.087,1.10188884768326e-10,"Neuronal cells","CCDC18",0.192366189164857
"CMTM73",3.80374405066023e-15,1.12229497872054,0.192,0.131,1.1234358053625e-10,"Neuronal cells","CMTM7",0.215480635914343
"GAB34",1.81833823114664e-14,1.3154965144001,0.116,0.067,5.37046196569161e-10,"Neuronal cells","GAB3",0.152597595670411
"CRBN",2.19607328430763e-14,1.44758137565643,0.107,0.06,6.48610244520259e-10,"Neuronal cells","CRBN",0.154891207195238
"MAPK61",2.66058519062749e-14,1.47718872953758,0.165,0.11,7.8580383605183e-10,"Neuronal cells","MAPK6",0.243736140373701
"ZFYVE284",2.7562315370994e-14,1.04354403511116,0.134,0.081,8.14052984482307e-10,"Neuronal cells","ZFYVE28",0.139834900704896
"PIK3CA2",4.65067759479447e-14,1.21144240360856,0.202,0.144,1.37357762762255e-09,"Neuronal cells","PIK3CA",0.244711365528929
"OSTF13",5.47221003930465e-14,1.26315267209204,0.145,0.092,1.61621723510863e-09,"Neuronal cells","OSTF1",0.183157137453345
"NRIP13",5.98972457671768e-14,1.18421377462429,0.234,0.177,1.76906515373357e-09,"Neuronal cells","NRIP1",0.277106023262083
"TBL1X4",6.61615784052282e-14,1.1471351083655,0.243,0.185,1.95408221819842e-09,"Neuronal cells","TBL1X",0.278753831332818
"RIC13",7.4714333146896e-14,1.1539176160902,0.249,0.193,2.20668782949357e-09,"Neuronal cells","RIC1",0.287325486406459
"FAM222B2",9.43100326066391e-14,1.37471836645866,0.18,0.125,2.78544681303709e-09,"Neuronal cells","FAM222B",0.247449305962559
"SLC10A73",1.07191227237052e-13,1.24753210871333,0.193,0.138,3.16589289644634e-09,"Neuronal cells","SLC10A7",0.240773696981673
"CHKA4",1.13903412579654e-13,1.24279720719812,0.193,0.137,3.36413729054007e-09,"Neuronal cells","CHKA",0.239859860989237
"TSC22D32",1.84320210413343e-13,1.17571892465529,0.181,0.125,5.44389741455807e-09,"Neuronal cells","TSC22D3",0.212805125362607
"MVB12B3",2.64705808603506e-13,1.08788554134346,0.176,0.12,7.81808605710454e-09,"Neuronal cells","MVB12B",0.191467855276449
"LAPTM4A3",3.18981556308518e-13,1.43263235137398,0.137,0.088,9.42112026557208e-09,"Neuronal cells","LAPTM4A",0.196270632138235
"ANKRD271",8.00857946261414e-13,1.51262057528519,0.104,0.061,2.36533394428309e-08,"Neuronal cells","ANKRD27",0.15731253982966
"FBRSL1",2.38370981510082e-12,1.47357762487787,0.111,0.067,7.04028693890028e-08,"Neuronal cells","FBRSL1",0.163567116361443
"MAT2A1",6.72669323939597e-12,1.41478012222877,0.119,0.074,1.9867288482556e-07,"Neuronal cells","MAT2A",0.168358834545224
"SEPTIN22",9.14047041648542e-12,1.04034493035857,0.26,0.213,2.69963793750897e-07,"Neuronal cells","SEPTIN2",0.270489681893227
"RAI15",1.26053172647468e-11,1.34309149637919,0.142,0.095,3.72298045414296e-07,"Neuronal cells","RAI1",0.190718992485846
"CDRT42",1.53089984018132e-11,1.27494274249696,0.118,0.074,4.52151267797554e-07,"Neuronal cells","CDRT4",0.150443243614642
"SWAP704",4.20589940538127e-11,1.0802797289848,0.188,0.139,1.24221238937936e-06,"Neuronal cells","SWAP70",0.203092589049142
"RANBP21",4.26715312306687e-11,1.9810198537773,0.209,0.166,1.2603036748978e-06,"Neuronal cells","RANBP2",0.414033149439456
"IL182",8.18511164263542e-11,1.28747621482007,0.124,0.081,2.41747272365237e-06,"Neuronal cells","IL18",0.159647050637688
"HS2ST13",1.0968235838409e-10,1.08692533154077,0.208,0.16,3.23946845487408e-06,"Neuronal cells","HS2ST1",0.22608046896048
"NAV13",1.33678554224429e-10,1.13151067951336,0.151,0.105,3.94819609901851e-06,"Neuronal cells","NAV1",0.170858112606517
"TMLHE-AS13",1.39982135630185e-10,1.39215254115886,0.135,0.091,4.13437237583752e-06,"Neuronal cells","TMLHE-AS1",0.187940593056446
"MECP23",2.7719130162438e-10,1.04399532274095,0.206,0.16,8.18684509347606e-06,"Neuronal cells","MECP2",0.215063036484635
"DNAJC91",6.98608668301053e-10,1.48297551012015,0.101,0.064,2.06334070182716e-05,"Neuronal cells","DNAJC9",0.149780526522135
"PLD12",7.28638299760961e-10,1.07320169996895,0.17,0.125,2.152033218344e-05,"Neuronal cells","PLD1",0.182444288994721
"GLRX4",1.00115257451437e-09,1.4369573201931,0.116,0.078,2.9569041288282e-05,"Neuronal cells","GLRX",0.1666870491424
"OXR12",1.00321613915465e-09,1.03842393003356,0.216,0.172,2.96299886699324e-05,"Neuronal cells","OXR1",0.224299568887249
"ANXA113",2.6401785962207e-09,1.07232475160501,0.196,0.153,7.79776748393783e-05,"Neuronal cells","ANXA11",0.210175651314582
"CAMK2G3",2.89157067730035e-09,1.27408353172356,0.121,0.082,8.54025399540659e-05,"Neuronal cells","CAMK2G",0.154164107338551
"DROSHA1",3.11690289733157e-09,1.43727573321613,0.122,0.084,9.2057727072688e-05,"Neuronal cells","DROSHA",0.175347639452367
"COL18A13",3.96768264308084e-09,1.06563446904598,0.105,0.068,0.000117185506863393,"Neuronal cells","COL18A1",0.111891619249828
"TPST24",5.50689759326538e-09,1.2154169305925,0.102,0.066,0.000162646220417093,"Neuronal cells","TPST2",0.123972526920435
"TVP23C2",7.72764061308507e-09,1.16359463829846,0.134,0.094,0.000228235865507468,"Neuronal cells","TVP23C",0.155921681531994
"PRIM23",8.77910515387194e-09,1.09596967182064,0.166,0.125,0.000259290870719608,"Neuronal cells","PRIM2",0.181930965522227
"BANP5",1.75166488356186e-08,1.24562889591728,0.139,0.1,0.000517354223359996,"Neuronal cells","BANP",0.173142416532502
"NUTM2B-AS15",1.87825557133929e-08,1.10068375042427,0.191,0.151,0.000554742782995061,"Neuronal cells","NUTM2B-AS1",0.210230596331036
"SGPP12",2.72251032702119e-08,1.35171409115601,0.101,0.067,0.000804093425085708,"Neuronal cells","SGPP1",0.136523123206757
"RPA32",2.85904079251149e-08,1.63500719732249,0.105,0.071,0.000844417698068267,"Neuronal cells","RPA3",0.171675755718862
"MTM12",6.16068127843982e-08,1.11568615563457,0.147,0.109,0.0018195572155872,"Neuronal cells","MTM1",0.164005864878282
"BMERB12",8.94384516078017e-08,1.14056900902254,0.109,0.074,0.00264156466823642,"Neuronal cells","BMERB1",0.124322021983457
"RNASEH2B3",9.65595151483979e-08,1.0897284717086,0.132,0.096,0.00285188527990793,"Neuronal cells","RNASEH2B",0.143844158265536
"DPY19L13",9.70112319779422e-08,1.20764376745298,0.124,0.089,0.00286522673646852,"Neuronal cells","DPY19L1",0.14974782716417
"SLC39A104",1.28068221466564e-07,1.16052254708619,0.113,0.078,0.00378249492101496,"Neuronal cells","SLC39A10",0.13113904782074
"MIER12",2.00972450747429e-07,1.01020357955678,0.183,0.146,0.00593572133282532,"Neuronal cells","MIER1",0.184867255058892
"BTBD102",3.30551030276436e-07,1.37468716836438,0.106,0.074,0.00976282467921455,"Neuronal cells","BTBD10",0.145716839846624
"NBDY2",3.97829510466468e-07,1.04840378478051,0.125,0.091,0.0117498945916271,"Neuronal cells","NBDY",0.131050473097564
"TLE33",4.10861099913043e-07,1.20421735408678,0.101,0.07,0.0121347825859317,"Neuronal cells","TLE3",0.121625952762765
"IDS2",1.22893547008204e-06,1.25830993378139,0.111,0.08,0.0362966091088731,"Neuronal cells","IDS",0.139672402649734
"EEFSEC3",1.25533341361112e-06,1.18256252523627,0.118,0.086,0.0370762723710044,"Neuronal cells","EEFSEC",0.13954237797788
"PRKD34",1.50321951290958e-06,1.12178133885565,0.141,0.109,0.0443975883137844,"Neuronal cells","PRKD3",0.158171168778646
"CLCN32",2.11207143200897e-06,1.17380043052207,0.121,0.09,0.0623800297443848,"Neuronal cells","CLCN3",0.14202985209317
"ARAP13",6.07238642925851e-06,1.1412891121178,0.139,0.109,0.17934793318815,"Neuronal cells","ARAP1",0.158639186584374
"AP3S12",1.02202735747903e-05,1.26708592459647,0.111,0.083,0.301855780031432,"Neuronal cells","AP3S1",0.140646537630208
"LENG93",1.11118472332921e-05,1.05612923771132,0.15,0.12,0.328188408035282,"Neuronal cells","LENG9",0.158419385656699
"ARNTL3",1.23522019859187e-05,1.00859294456748,0.122,0.093,0.36482228565411,"Neuronal cells","ARNTL",0.123048339237232
"WDR273",2.980000367692e-05,1.02103024698336,0.124,0.097,0.880143108597834,"Neuronal cells","WDR27",0.126607750625937
"WDR411",8.6116081358356e-05,1.24214562505004,0.107,0.083,1,"Neuronal cells","WDR41",0.132909581880355
"PROS14",0.000117824045511391,1.22911170713177,0.101,0.078,1,"Neuronal cells","PROS1",0.124140282420308
"ALG13",0.000151747346636294,1.14284444952793,0.166,0.141,1,"Neuronal cells","ALG13",0.189712178621637
"NME72",0.000214753588000047,1.04649578864309,0.115,0.092,1,"Neuronal cells","NME7",0.120347015693955
"CHPT12",0.00116303767202635,1.09222731062653,0.104,0.084,1,"Neuronal cells","CHPT1",0.113591640305159
"ABCD34",0.0021254772817672,1.21350645213255,0.129,0.111,1,"Neuronal cells","ABCD3",0.156542332325099
"KCTD202",0.00436498161309379,1.06666123478953,0.101,0.084,1,"Neuronal cells","KCTD20",0.107732784713742
"CSNK1D1",0.00668324995810035,1.0241196542919,0.125,0.109,1,"Neuronal cells","CSNK1D",0.128014956786488
"CALD13",0,3.21403477347316,0.808,0.159,0,"Pericytes","CALD1",2.59694009696632
"CACNA1C2",0,3.04204189527009,0.749,0.135,0,"Pericytes","CACNA1C",2.2784893795573
"PRKG12",0,2.81525532026862,0.919,0.316,0,"Pericytes","PRKG1",2.58721963932687
"EBF13",0,3.75291417074829,0.638,0.082,0,"Pericytes","EBF1",2.39435924093741
"COL4A14",0,3.41405639962698,0.656,0.126,0,"Pericytes","COL4A1",2.2396209981553
"PDE3A2",0,4.57974117593468,0.58,0.05,0,"Pericytes","PDE3A",2.65624988204212
"COL4A24",0,3.11855807103656,0.655,0.131,0,"Pericytes","COL4A2",2.04265553652895
"INPP4B3",0,3.12286046425653,0.665,0.144,0,"Pericytes","INPP4B",2.07670220873059
"CARMN",0,6.22832318503619,0.5,0.017,0,"Pericytes","CARMN",3.1141615925181
"SOX53",0,2.56131819369431,0.729,0.252,0,"Pericytes","SOX5",1.86720096320315
"RBPMS4",0,2.52683109850992,0.717,0.246,0,"Pericytes","RBPMS",1.81173789763161
"ITGA14",0,2.97599646906766,0.555,0.102,0,"Pericytes","ITGA1",1.65167804033255
"NR2F2-AS12",0,3.46952532274899,0.537,0.09,0,"Pericytes","NR2F2-AS1",1.86313509831621
"MYH11",0,5.87235706546075,0.439,0.023,0,"Pericytes","MYH11",2.57796475173727
"RYR22",0,2.63777517873187,0.502,0.093,0,"Pericytes","RYR2",1.3241631397234
"IGFBP73",0,2.77249923628853,0.515,0.116,0,"Pericytes","IGFBP7",1.42783710668859
"DMD3",0,3.48467206925691,0.517,0.129,0,"Pericytes","DMD",1.80157545980582
"SORBS15",0,4.01509945129777,0.492,0.114,0,"Pericytes","SORBS1",1.9754289300385
"LHFPL62",0,3.00110115104493,0.488,0.115,0,"Pericytes","LHFPL6",1.46453736170992
"RCAN21",0,4.21681472345314,0.42,0.052,0,"Pericytes","RCAN2",1.77106218385032
"PDGFRB1",0,4.46511809408601,0.403,0.038,0,"Pericytes","PDGFRB",1.79944259191666
"CNTN43",0,4.17465098187836,0.384,0.045,0,"Pericytes","CNTN4",1.60306597704129
"SYNPO21",0,5.21605024554432,0.364,0.025,0,"Pericytes","SYNPO2",1.89864228937813
"SPARCL13",0,3.32597632301854,0.4,0.064,0,"Pericytes","SPARCL1",1.33039052920742
"CRISPLD22",0,3.07944798249994,0.415,0.08,0,"Pericytes","CRISPLD2",1.27797091273747
"DGKG",0,5.74242790168715,0.35,0.018,0,"Pericytes","DGKG",2.0098497655905
"LMOD1",0,5.54765915497772,0.346,0.015,0,"Pericytes","LMOD1",1.91949006762229
"TRPC6",0,4.79175544603269,0.348,0.028,0,"Pericytes","TRPC6",1.66753089521938
"MSRB33",0,3.07614086088675,0.382,0.07,0,"Pericytes","MSRB3",1.17508580885874
"ADGRL3",0,5.29289757226587,0.322,0.017,0,"Pericytes","ADGRL3",1.70431301826961
"RNF152",0,4.95843721038266,0.33,0.026,0,"Pericytes","RNF152",1.63628427942628
"MAP1B1",0,4.2845628441605,0.333,0.032,0,"Pericytes","MAP1B",1.42675942710545
"TBX22",0,3.60761184798744,0.342,0.044,0,"Pericytes","TBX2",1.23380325201171
"ACTA21",0,4.14906328780295,0.33,0.033,0,"Pericytes","ACTA2",1.36919088497498
"GUCY1A2",0,5.61578591536376,0.31,0.014,0,"Pericytes","GUCY1A2",1.74089363376277
"NID11",0,3.555898837672,0.316,0.043,0,"Pericytes","NID1",1.12366403270435
"MRVI1",0,4.95352399820473,0.274,0.015,0,"Pericytes","MRVI1",1.3572655755081
"FAM13C",0,4.80286254199329,0.275,0.017,0,"Pericytes","FAM13C",1.32078719904816
"ADAMTS11",0,3.92268387752754,0.287,0.03,0,"Pericytes","ADAMTS1",1.1258102728504
"ADAMTSL31",0,4.07672373422492,0.276,0.029,0,"Pericytes","ADAMTSL3",1.12517575064608
"NOTCH3",0,4.6238383979138,0.261,0.02,0,"Pericytes","NOTCH3",1.2068218218555
"NTRK3",0,6.5822197257427,0.214,0.004,0,"Pericytes","NTRK3",1.40859502130894
"MYOCD",0,7.99332527577805,0.206,0.001,0,"Pericytes","MYOCD",1.64662500681028
"TRPC4",0,4.51820241914418,0.216,0.015,0,"Pericytes","TRPC4",0.975931722535143
"PRUNE2",0,4.49184780286984,0.217,0.025,0,"Pericytes","PRUNE2",0.974730973222756
"ADARB2",0,6.70718223646875,0.198,0.007,0,"Pericytes","ADARB2",1.32802208282081
"MCAM",0,4.9190933049304,0.198,0.007,0,"Pericytes","MCAM",0.97398047437622
"LDB3",0,8.0808816113818,0.172,0.001,0,"Pericytes","LDB3",1.38991163715767
"GJC1",0,6.41234798693829,0.172,0.004,0,"Pericytes","GJC1",1.10292385375339
"GRID1",0,4.55978014486715,0.18,0.014,0,"Pericytes","GRID1",0.820760426076087
"ADCY5",0,5.83215613382743,0.17,0.005,0,"Pericytes","ADCY5",0.991466542750663
"ITGA7",0,6.04103796148508,0.162,0.004,0,"Pericytes","ITGA7",0.978648149760583
"CDH6",0,6.27708315940365,0.16,0.003,0,"Pericytes","CDH6",1.00433330550458
"FHL5",0,8.67965174896164,0.153,0.001,0,"Pericytes","FHL5",1.32798671759113
"AFF2",0,5.02786163717152,0.157,0.007,0,"Pericytes","AFF2",0.789374277035928
"PDZRN4",0,4.19502995470193,0.151,0.009,0,"Pericytes","PDZRN4",0.633449523159992
"LAMC3",0,7.48716798334903,0.13,0.001,0,"Pericytes","LAMC3",0.973331837835374
"HEYL",0,5.8058667608974,0.123,0.003,0,"Pericytes","HEYL",0.71412161159038
"SPEG",0,6.58828944512824,0.12,0.002,0,"Pericytes","SPEG",0.790594733415389
"PCA3",0,5.3240426324532,0.108,0.005,0,"Pericytes","PCA3",0.574996604304946
"ACTG2",0,7.71639096860279,0.101,0.001,0,"Pericytes","ACTG2",0.779355487828882
"CACNA1H1",0,4.85787765217834,0.1,0.003,0,"Pericytes","CACNA1H",0.485787765217834
"RERG1",1.98280937045754e-306,3.10919483152288,0.286,0.043,5.85622747564635e-302,"Pericytes","RERG",0.889229721815542
"PLCB14",2.33197331974513e-299,2.87546798248622,0.451,0.103,6.88748319986724e-295,"Pericytes","PLCB1",1.29683606010128
"NR2F22",5.22048979551289e-297,3.54910542528637,0.271,0.04,1.54187166110473e-292,"Pericytes","NR2F2",0.961807570252607
"KALRN2",3.25170843014291e-288,2.62797539649228,0.414,0.09,9.60392084842708e-284,"Pericytes","KALRN",1.0879818141478
"PI15",5.50102031150386e-284,4.45050038916458,0.115,0.008,1.62472634900266e-279,"Pericytes","PI15",0.511807544753927
"SLIT32",2.24489759722812e-280,2.27147895548076,0.438,0.099,6.63030505341324e-276,"Pericytes","SLIT3",0.994907782500571
"CDH132",9.12420696334284e-276,3.24914881104498,0.279,0.045,2.69483452662331e-271,"Pericytes","CDH13",0.906512518281551
"NFASC1",3.164284208697e-269,3.40349911289265,0.206,0.026,9.34571341038658e-265,"Pericytes","NFASC",0.701120817255885
"SGIP13",1.53217411447032e-266,2.88663469483328,0.355,0.072,4.52527624708809e-262,"Pericytes","SGIP1",1.02475531666581
"ADAMTS9-AS23",1.02072490909148e-265,2.84297292752222,0.473,0.127,3.01471101900167e-261,"Pericytes","ADAMTS9-AS2",1.34472619471801
"CCDC102B2",1.12188336920383e-255,2.6821906904733,0.442,0.112,3.31348253094351e-251,"Pericytes","CCDC102B",1.1855282851892
"CHN11",1.72528142774379e-247,3.26532090138288,0.234,0.036,5.0956186968413e-243,"Pericytes","CHN1",0.764085090923595
"TBX2-AS1",7.10042390468739e-247,4.13505862927542,0.114,0.009,2.09711020024942e-242,"Pericytes","TBX2-AS1",0.471396683737398
"ADAMTS93",2.07738947100252e-246,2.83769180536719,0.322,0.064,6.13556980260594e-242,"Pericytes","ADAMTS9",0.913736761328234
"ARHGAP424",2.280750561961e-241,3.16075331290689,0.409,0.106,6.73619678475182e-237,"Pericytes","ARHGAP42",1.29274810497892
"CACNB21",1.03759476168609e-239,2.14969720999239,0.421,0.102,3.06453612863987e-235,"Pericytes","CACNB2",0.905022525406794
"TPM13",5.23792708472311e-233,2.76680982963711,0.409,0.106,1.54702176447297e-228,"Pericytes","TPM1",1.13162522032158
"UNC5C1",6.01045414946759e-228,2.67992467612493,0.334,0.072,1.77518763304525e-223,"Pericytes","UNC5C",0.895094841825727
"EDIL34",9.69386258862515e-228,2.76995264040779,0.304,0.061,2.86308231555044e-223,"Pericytes","EDIL3",0.842065602683968
"LPP3",3.61078524014074e-227,2.03926486405443,0.831,0.568,1.06644542067557e-222,"Pericytes","LPP",1.69462910202923
"DENND2A1",5.24242858853888e-226,3.08259942211441,0.256,0.045,1.54835128362496e-221,"Pericytes","DENND2A",0.78914545206129
"LTBP13",4.49452433062083e-224,2.90467308082489,0.341,0.077,1.32745776104886e-219,"Pericytes","LTBP1",0.990493520561288
"PPFIA2",3.01547533899486e-221,3.53841466858107,0.168,0.021,8.90620641372132e-217,"Pericytes","PPFIA2",0.594453664321619
"ZNF385D1",2.90211688118751e-212,3.44663173187198,0.178,0.024,8.57140220858732e-208,"Pericytes","ZNF385D",0.613500448273213
"MARK1",3.98689895837341e-211,3.48325481058124,0.186,0.026,1.17753060735559e-206,"Pericytes","MARK1",0.647885394768111
"EDNRA1",2.77226572991353e-207,3.64338786496035,0.176,0.024,8.18788683329961e-203,"Pericytes","EDNRA",0.641236264233022
"COL18A14",9.09568311537521e-207,3.08954536836128,0.302,0.066,2.68641000812607e-202,"Pericytes","COL18A1",0.933042701245108
"PDZRN31",3.84988739167309e-204,2.08746417179343,0.4,0.105,1.13706424113065e-199,"Pericytes","PDZRN3",0.834985668717371
"ADAMTS4",1.79312323834139e-203,4.20102345443526,0.12,0.012,5.2959894844413e-199,"Pericytes","ADAMTS4",0.504122814532231
"PRR161",2.18733463322307e-201,2.92747064107125,0.294,0.063,6.46029283922435e-197,"Pericytes","PRR16",0.860676368474949
"RBMS33",1.85624327129738e-200,1.45808581892303,0.741,0.311,5.4824145017768e-196,"Pericytes","RBMS3",1.08044159182197
"EPS82",8.66950081419962e-200,2.51721251854906,0.513,0.186,2.56053706547386e-195,"Pericytes","EPS8",1.29133002201567
"TPM21",6.80634546307842e-196,3.51258495420458,0.187,0.028,2.01025413252021e-191,"Pericytes","TPM2",0.656853386436257
"ARHGAP102",6.70752673187635e-194,2.24063785847215,0.562,0.22,1.98106802025968e-189,"Pericytes","ARHGAP10",1.25923847646135
"SMTN",1.4481285111695e-190,3.40906044198592,0.175,0.026,4.27704755773911e-186,"Pericytes","SMTN",0.596585577347536
"CASC153",2.10937529276781e-188,2.05379912460072,0.39,0.107,6.23003992718973e-184,"Pericytes","CASC15",0.800981658594282
"COL5A3",1.33796207230849e-176,3.86932231515672,0.122,0.014,3.95167098056314e-172,"Pericytes","COL5A3",0.47205732244912
"PLCE13",1.22932359509355e-174,2.93321238913824,0.294,0.071,3.63080723810881e-170,"Pericytes","PLCE1",0.862364442406642
"CRIM13",4.50744762943901e-174,2.43437836654025,0.47,0.166,1.33127465735481e-169,"Pericytes","CRIM1",1.14415783227392
"TNS14",3.31999002423855e-169,2.10460744673777,0.536,0.222,9.80559053658855e-165,"Pericytes","TNS1",1.12806959145145
"HPSE21",2.816775355193e-168,3.48803561978334,0.132,0.017,8.31934601156253e-164,"Pericytes","HPSE2",0.460420701811401
"NCALD5",2.67174619402183e-167,2.40234371419006,0.29,0.069,7.89100238404347e-163,"Pericytes","NCALD",0.696679677115118
"PTPRG3",2.98724186300637e-166,1.36191693339384,0.672,0.293,8.8228188423893e-162,"Pericytes","PTPRG",0.915208179240661
"SMOC2",3.07053380305264e-164,3.19301167172413,0.133,0.017,9.06882158731596e-160,"Pericytes","SMOC2",0.424670552339309
"TTLL71",5.7675662549591e-164,2.88619904740325,0.22,0.044,1.70345069340217e-159,"Pericytes","TTLL7",0.634963790428716
"DAAM2",3.38980335967132e-162,3.09957371129686,0.185,0.032,1.00117842227892e-157,"Pericytes","DAAM2",0.57342113658992
"PDLIM31",4.42468211670612e-159,2.67713528073363,0.279,0.068,1.30682986316915e-154,"Pericytes","PDLIM3",0.746920743324683
"PREX21",7.83289481784221e-159,2.50810501709355,0.242,0.052,2.3134454844497e-154,"Pericytes","PREX2",0.606961414136639
"JAG11",2.0491147956381e-157,3.0775909691975,0.214,0.043,6.05206054891714e-153,"Pericytes","JAG1",0.658604467408266
"CCDC3",3.87053727542139e-157,3.60620299440164,0.112,0.013,1.14316318429571e-152,"Pericytes","CCDC3",0.403894735372984
"ZBTB163",4.42317377069626e-157,1.62688430298876,0.684,0.347,1.30638437317514e-152,"Pericytes","ZBTB16",1.11278886324431
"TBX51",5.02195369146107e-157,3.45512255366524,0.171,0.029,1.48323402277303e-152,"Pericytes","TBX5",0.590825956676757
"FBLIM11",2.1642596849996e-154,3.00814904579914,0.179,0.031,6.39214097964632e-150,"Pericytes","FBLIM1",0.538458679198045
"PLCB43",2.062063316137e-153,2.27730457968853,0.323,0.089,6.09030400421064e-149,"Pericytes","PLCB4",0.735569379239395
"SEMA5A2",2.27554496278924e-153,2.4729779721278,0.277,0.069,6.72082204759801e-149,"Pericytes","SEMA5A",0.6850148982794
"ZFHX33",7.80843302246287e-153,2.28727852115696,0.568,0.277,2.30622069318441e-148,"Pericytes","ZFHX3",1.29917420001715
"TMOD11",3.72230665016597e-150,3.19424638151361,0.138,0.02,1.09938326912652e-145,"Pericytes","TMOD1",0.440806000648878
"GUCY1B1",1.69627786478381e-148,3.55672104740383,0.126,0.017,5.00995667363899e-144,"Pericytes","GUCY1B1",0.448146851972882
"ADCY32",1.00249619321478e-146,2.97102751556625,0.239,0.056,2.96087250665986e-142,"Pericytes","ADCY3",0.710075576220333
"NEXN2",9.07624408913179e-146,2.6428688079889,0.252,0.061,2.68066869172507e-141,"Pericytes","NEXN",0.666002939613203
"ADAMTSL1",2.20586976040761e-144,3.4052408320669,0.148,0.024,6.51503633736387e-140,"Pericytes","ADAMTSL1",0.503975643145902
"LAMB12",2.94378774991969e-142,2.23525160392776,0.342,0.104,8.69447711938779e-138,"Pericytes","LAMB1",0.764456048543292
"AKAP63",2.1034591388661e-137,3.01954712746166,0.215,0.048,6.21256656664102e-133,"Pericytes","AKAP6",0.649202632404257
"FRY3",9.75432710527271e-137,2.28553628174589,0.42,0.158,2.88094051054229e-132,"Pericytes","FRY",0.959925238333275
"DOK61",6.06859663073488e-135,2.85207851993626,0.216,0.049,1.79236001488755e-130,"Pericytes","DOK6",0.616048960306233
"SH3RF32",9.70433403955583e-134,2.04814413736798,0.35,0.112,2.86617505858282e-129,"Pericytes","SH3RF3",0.716850448078792
"COL6A22",1.27322574079489e-132,1.86017372762922,0.281,0.075,3.7604722254377e-128,"Pericytes","COL6A2",0.522708817463811
"ARHGAP62",1.82775360463624e-132,1.77828162640179,0.422,0.154,5.39827027129313e-128,"Pericytes","ARHGAP6",0.750434846341556
"CPED14",4.52523963256013e-132,2.73295019282247,0.268,0.073,1.33652952547664e-127,"Pericytes","CPED1",0.732430651676422
"ARHGEF17",1.01787227005499e-128,3.24375285364184,0.167,0.032,3.00628574960742e-124,"Pericytes","ARHGEF17",0.541706726558188
"MYLK1",6.65100459761415e-127,2.03270798607863,0.297,0.086,1.96437420790534e-122,"Pericytes","MYLK",0.603714271865353
"UACA2",7.05588501953026e-124,1.98531704584508,0.383,0.137,2.08395564051826e-119,"Pericytes","UACA",0.760376428558666
"CACNA2D12",1.59628468694014e-122,2.17144529569991,0.277,0.079,4.71462682287769e-118,"Pericytes","CACNA2D1",0.601490346908874
"TAGLN",3.36303262396076e-122,2.93332254149838,0.161,0.031,9.9327168548681e-118,"Pericytes","TAGLN",0.47226492918124
"SETBP14",4.11819180515149e-122,1.62056935900089,0.431,0.163,1.21630794965149e-117,"Pericytes","SETBP1",0.698465393729385
"ZFPM22",8.02732290944609e-122,1.55283866859137,0.351,0.113,2.3708698213049e-117,"Pericytes","ZFPM2",0.545046372675572
"DLC14",1.64773181253229e-117,1.70683455892228,0.516,0.239,4.86657590831411e-113,"Pericytes","DLC1",0.880726632403895
"ITGA82",3.73175587519558e-116,2.56231374058485,0.238,0.064,1.10217409773901e-111,"Pericytes","ITGA8",0.609830670259194
"PDE8B",6.66514068016582e-115,3.56806244837253,0.138,0.025,1.96854929988697e-110,"Pericytes","PDE8B",0.492392617875409
"GRK55",3.65471579204826e-114,1.84093813136509,0.463,0.202,1.07942030918145e-109,"Pericytes","GRK5",0.852354354822036
"ABLIM2",4.54845033115103e-114,3.30069138091596,0.124,0.021,1.34338480530546e-109,"Pericytes","ABLIM2",0.409285731233579
"MYO1B3",1.7737648063849e-113,2.39879693102667,0.393,0.161,5.23881435565781e-109,"Pericytes","MYO1B",0.942727193893481
"LAMA42",1.97336428324712e-113,2.18574120353229,0.269,0.079,5.82833141057037e-109,"Pericytes","LAMA4",0.587964383750185
"PCDH72",5.21129474632168e-113,2.92199667316066,0.232,0.063,1.53915590332611e-108,"Pericytes","PCDH7",0.677903228173272
"COL14A11",3.13185466223954e-112,2.36088133548082,0.192,0.044,9.24993274492449e-108,"Pericytes","COL14A1",0.453289216412317
"PKNOX21",3.4191713355275e-112,2.82018252877244,0.164,0.034,1.00985225394805e-107,"Pericytes","PKNOX2",0.46250993471868
"RNF1803",1.96092957765656e-111,2.67901242871539,0.211,0.053,5.79160550760866e-107,"Pericytes","RNF180",0.565271622458948
"STAMBPL11",6.4193976273825e-111,2.72485583155203,0.187,0.043,1.89596908924742e-106,"Pericytes","STAMBPL1",0.509548040500229
"GUCY1A12",3.03150996594039e-110,2.68493224036437,0.207,0.052,8.95356468440494e-106,"Pericytes","GUCY1A1",0.555780973755424
"ROCK22",4.57833114624261e-110,1.87498688719514,0.508,0.258,1.35221010404276e-105,"Pericytes","ROCK2",0.952493338695131
"PDLIM71",1.77583341519231e-105,2.76308642213021,0.173,0.039,5.24492399177049e-101,"Pericytes","PDLIM7",0.478013951028526
"KLHL231",1.99847227224931e-103,3.33950767332429,0.122,0.022,5.90248785608832e-99,"Pericytes","KLHL23",0.407419936145563
"PRDM61",2.06009240633224e-103,2.57785066679222,0.195,0.049,6.08448292210226e-99,"Pericytes","PRDM6",0.502680880024483
"PPP1R12A4",2.05322471574593e-102,1.63951991668726,0.548,0.297,6.06419919795559e-98,"Pericytes","PPP1R12A",0.898456914344616
"DST4",2.28453250121073e-102,1.08034106896809,0.633,0.336,6.74736674232589e-98,"Pericytes","DST",0.683855896656803
"SOX63",3.53028310918569e-100,2.61928527782179,0.223,0.064,1.04266911629799e-95,"Pericytes","SOX6",0.584100616954258
"PGM51",1.57856669165008e-99,2.59466412577828,0.146,0.03,4.66229672378852e-95,"Pericytes","PGM5",0.378820962363628
"PDE5A1",4.45059585452428e-99,2.16166303898851,0.319,0.118,1.31448348563375e-94,"Pericytes","PDE5A",0.689570509437334
"NKD1",1.56834053341165e-98,2.85305567743848,0.109,0.018,4.6320937654313e-94,"Pericytes","NKD1",0.310983068840794
"PPP1R12B3",8.46505463196244e-98,1.99079725859607,0.429,0.2,2.50015388555011e-93,"Pericytes","PPP1R12B",0.854052023937713
"AGAP15",1.73718664420462e-96,1.72230643821075,0.492,0.25,5.13078075365833e-92,"Pericytes","AGAP1",0.847374767599689
"ANGPT11",5.68670387694567e-95,2.0474369356831,0.189,0.048,1.6795679900559e-90,"Pericytes","ANGPT1",0.386965580844105
"ENOX11",3.71519387852116e-94,3.02963523940551,0.138,0.029,1.09728251202123e-89,"Pericytes","ENOX1",0.418089663037961
"COL6A12",2.64877473569354e-93,1.44534440252526,0.261,0.082,7.82315618187087e-89,"Pericytes","COL6A1",0.377234889059093
"ECE14",5.43601922266552e-93,2.09586606846394,0.258,0.084,1.60552827741426e-88,"Pericytes","ECE1",0.540733445663697
"AKAP123",8.54982369977382e-93,2.05267214645589,0.229,0.068,2.5251904297282e-88,"Pericytes","AKAP12",0.4700619215384
"NHS2",4.9183392980121e-92,2.33604946098745,0.233,0.072,1.45263151166787e-87,"Pericytes","NHS",0.544299524410076
"NFIA5",2.64093275299103e-90,1.46061997244253,0.551,0.311,7.799994885959e-86,"Pericytes","NFIA",0.804801604815835
"PBX13",3.31964351133281e-90,1.52943740138749,0.427,0.193,9.80456711072146e-86,"Pericytes","PBX1",0.653069770392458
"GEM1",8.80159885704871e-90,2.24327046738426,0.19,0.051,2.59955222242934e-85,"Pericytes","GEM",0.42622138880301
"PTEN2",1.32959130843731e-89,2.00618585085777,0.485,0.268,3.9269479294696e-85,"Pericytes","PTEN",0.973000137666019
"KCNT22",2.41810886567812e-88,1.88994275725495,0.247,0.08,7.14188453478033e-84,"Pericytes","KCNT2",0.466815861041974
"PDE1C1",2.81493568509574e-85,2.66474924251459,0.124,0.025,8.31391254593026e-81,"Pericytes","PDE1C",0.33042890607181
"MYL91",5.62531187540315e-85,2.72270639126237,0.133,0.029,1.66143586240032e-80,"Pericytes","MYL9",0.362119950037896
"PLCL13",1.66749984117387e-84,2.00392774433018,0.295,0.11,4.92496078090704e-80,"Pericytes","PLCL1",0.591158684577402
"LARGE15",2.54291331452629e-84,1.68006308396385,0.408,0.189,7.5104944744534e-80,"Pericytes","LARGE1",0.68546573825725
"STARD93",1.76749636281184e-83,2.17618386819591,0.218,0.068,5.22030050756477e-79,"Pericytes","STARD9",0.474408083266709
"FAT31",3.22784237588612e-83,2.59157874270941,0.115,0.023,9.53343245717965e-79,"Pericytes","FAT3",0.298031555411582
"GHR2",4.07328928592193e-83,2.14309110882074,0.193,0.054,1.20304599059704e-78,"Pericytes","GHR",0.413616584002403
"NBEAL14",3.53441418777483e-82,1.67515549490337,0.481,0.265,1.0438892303593e-77,"Pericytes","NBEAL1",0.805749793048521
"ACTN12",5.27507087242517e-82,1.94686056961194,0.339,0.144,1.55799218217078e-77,"Pericytes","ACTN1",0.659985733098446
"FILIP13",1.37646626641198e-80,2.03564807447298,0.265,0.095,4.06539311784779e-76,"Pericytes","FILIP1",0.539446739735339
"MEIS12",3.08652572840459e-79,1.41494724072869,0.317,0.122,9.11605373884295e-75,"Pericytes","MEIS1",0.448538275310996
"FGF142",4.11868260532734e-78,1.76204815835774,0.222,0.071,1.21645290748343e-73,"Pericytes","FGF14",0.391174691155418
"COL21A12",7.92048948854524e-78,2.2363852348152,0.177,0.05,2.33931657044184e-73,"Pericytes","COL21A1",0.39584018656229
"LIN7A1",2.76582705165712e-77,2.74798651034238,0.126,0.028,8.16887019706932e-73,"Pericytes","LIN7A",0.34624630030314
"ELN2",4.45517588253487e-77,2.64577910018323,0.228,0.076,1.31583619690667e-72,"Pericytes","ELN",0.603237634841776
"DTNA1",6.01444568433407e-77,1.97318612124391,0.283,0.109,1.77636653286807e-72,"Pericytes","DTNA",0.558411672312026
"DCLK21",1.00093039258447e-75,2.23126885717419,0.146,0.036,2.95624791449822e-71,"Pericytes","DCLK2",0.325765253147432
"ANTXR11",1.66717530759017e-74,1.93578916326076,0.251,0.091,4.92400227096756e-70,"Pericytes","ANTXR1",0.48588307997845
"PARD34",7.62373217452529e-74,1.22925567855385,0.545,0.311,2.25166929774604e-69,"Pericytes","PARD3",0.669944344811848
"TACC14",8.72114982870729e-74,2.01709875458046,0.488,0.284,2.5757916019087e-69,"Pericytes","TACC1",0.984344192235264
"TARID",9.05894097679871e-74,2.71069705225339,0.103,0.021,2.6755582174975e-69,"Pericytes","TARID",0.279201796382099
"GARNL3",1.24777185702853e-73,2.58387793499493,0.132,0.032,3.68529417973375e-69,"Pericytes","GARNL3",0.341071887419331
"AKT35",7.26758306303658e-73,1.11338453723952,0.51,0.272,2.14648065766786e-68,"Pericytes","AKT3",0.567826113992157
"RASAL23",1.06991093580717e-72,1.50052086544875,0.492,0.281,3.15998194890647e-68,"Pericytes","RASAL2",0.738256265800784
"LRCH2",3.14948676233383e-72,2.76178423868398,0.132,0.032,9.30200915255298e-68,"Pericytes","LRCH2",0.364555519506286
"FHL12",7.02696093530552e-72,2.27375186128593,0.178,0.053,2.07541291224248e-67,"Pericytes","FHL1",0.404727831308895
"PXDN3",1.35860450657578e-69,2.17311505179545,0.17,0.05,4.01263841017157e-65,"Pericytes","PXDN",0.369429558805226
"AOPEP4",6.26885027520513e-69,1.40193929637304,0.507,0.302,1.85150492878184e-64,"Pericytes","AOPEP",0.710783223261131
"KIRREL12",2.45557654083899e-67,2.20076187316699,0.203,0.068,7.25254531336796e-63,"Pericytes","KIRREL1",0.446754660252898
"ITPR15",2.95364403804532e-67,1.41760661939194,0.41,0.209,8.72358766636684e-63,"Pericytes","ITPR1",0.581218713950694
"MSC-AS11",4.32585211753257e-67,1.96681419892653,0.192,0.061,1.27764042291325e-62,"Pericytes","MSC-AS1",0.377628326193893
"MYH101",8.64656468603119e-67,2.05352438415083,0.268,0.108,2.55376288001931e-62,"Pericytes","MYH10",0.550344534952422
"STXBP42",8.276724829282e-66,2.12459780599085,0.217,0.077,2.44453067832844e-61,"Pericytes","STXBP4",0.461037723900015
"ST55",8.47000853025447e-66,1.88673644195514,0.277,0.114,2.50161701941066e-61,"Pericytes","ST5",0.522625994421575
"APBB24",1.04418346629482e-65,1.35619469607294,0.45,0.242,3.08399586770175e-61,"Pericytes","APBB2",0.610287613232824
"NRCAM2",7.79651171152942e-64,2.4604109818802,0.124,0.031,2.30269973400021e-59,"Pericytes","NRCAM",0.305090961753145
"BMPER",1.24734388974916e-63,2.89757538183883,0.1,0.022,3.68403017837415e-59,"Pericytes","BMPER",0.289757538183883
"CLMN5",1.49940328053558e-63,2.09801229368867,0.266,0.112,4.42848758906184e-59,"Pericytes","CLMN",0.558071270121187
"PTK26",2.77316396772038e-63,1.32705621698031,0.434,0.232,8.19053977866215e-59,"Pericytes","PTK2",0.575942398169457
"ANKS1B2",2.05048273197199e-62,2.38867332492836,0.179,0.058,6.05610074887927e-58,"Pericytes","ANKS1B",0.427572525162177
"PHLDB22",5.99953028134527e-62,1.35684551266548,0.289,0.121,1.77196126859533e-57,"Pericytes","PHLDB2",0.392128353160325
"HIP12",1.94127923607638e-61,1.55049764103065,0.429,0.24,5.73356822375157e-57,"Pericytes","HIP1",0.665163488002147
"IMMP2L5",7.05905324039277e-61,1.32140855740385,0.569,0.389,2.08489137455001e-56,"Pericytes","IMMP2L",0.75188146916279
"DAB2IP3",9.71833145056335e-61,2.20415186026319,0.168,0.053,2.87030919392388e-56,"Pericytes","DAB2IP",0.370297512524216
"TANC16",1.89353159030744e-60,1.28170565350728,0.405,0.213,5.59254555197301e-56,"Pericytes","TANC1",0.519090789670447
"PDLIM52",1.87359431555323e-59,1.51051941239296,0.407,0.228,5.53366081098645e-55,"Pericytes","PDLIM5",0.614781400843935
"FBXL72",3.819571624892e-59,1.04250490990523,0.35,0.16,1.12811047941185e-54,"Pericytes","FBXL7",0.36487671846683
"RUNX1T13",9.1445434951113e-59,1.53040105812122,0.236,0.091,2.70084092128112e-54,"Pericytes","RUNX1T1",0.361174649716608
"FRMD4A1",9.60964060119978e-58,1.23838320878366,0.358,0.172,2.83820735156435e-53,"Pericytes","FRMD4A",0.443341188744551
"TTC284",1.90140730236208e-57,1.04755841996196,0.454,0.251,5.6158064675264e-53,"Pericytes","TTC28",0.475591522662729
"RGS62",5.97874756946887e-57,2.10702115690196,0.104,0.025,1.76582309464263e-52,"Pericytes","RGS6",0.219130200317804
"DGKH3",4.5510775949606e-56,1.50911748363545,0.386,0.211,1.34416076767161e-51,"Pericytes","DGKH",0.582519348683283
"PHLDB12",6.58562169214197e-56,2.07684675778523,0.14,0.041,1.94506336677413e-51,"Pericytes","PHLDB1",0.290758546089932
"SVIL4",1.89986130873256e-55,2.02365987980017,0.409,0.247,5.61124037534161e-51,"Pericytes","SVIL",0.827676890838268
"CACNA2D32",1.91502746976288e-53,2.24674901475118,0.156,0.051,5.65603363194468e-49,"Pericytes","CACNA2D3",0.350492846301183
"ATP10A5",2.02859847930908e-53,1.6169071226779,0.31,0.149,5.99146560863936e-49,"Pericytes","ATP10A",0.501241208030149
"PDE1A1",2.31147380886243e-53,2.27080586445032,0.148,0.047,6.82693789447519e-49,"Pericytes","PDE1A",0.336079267938647
"FLNA6",3.35333617444294e-53,1.81554282413749,0.266,0.121,9.90407839121723e-49,"Pericytes","FLNA",0.482934391220573
"AXL1",2.72937280198897e-52,2.27268721272772,0.147,0.047,8.06120257067442e-48,"Pericytes","AXL",0.334085020270975
"NTN11",5.76370742397292e-52,2.43411151181201,0.11,0.029,1.7023109876704e-47,"Pericytes","NTN1",0.267752266299321
"SPECC11",2.29679574280078e-51,1.90152217156769,0.162,0.055,6.78358622636209e-47,"Pericytes","SPECC1",0.308046591793965
"ADGRD13",3.87882386706027e-51,2.46948389035979,0.191,0.074,1.14561062913625e-46,"Pericytes","ADGRD1",0.47167142305872
"MPDZ4",5.7542364009468e-51,1.83807638016513,0.239,0.102,1.69951372101964e-46,"Pericytes","MPDZ",0.439300254859465
"FAT13",1.41335100930315e-50,2.2212686231646,0.169,0.06,4.17433220597685e-46,"Pericytes","FAT1",0.375394397314817
"PAWR6",1.63261348035464e-49,1.82259272199087,0.233,0.1,4.82192391422742e-45,"Pericytes","PAWR",0.424664104223872
"MFGE81",1.89730684206564e-49,2.26225205445348,0.134,0.042,5.60369575804087e-45,"Pericytes","MFGE8",0.303141775296766
"UBA24",5.30990231923694e-49,1.85178967594726,0.251,0.115,1.56827964998663e-44,"Pericytes","UBA2",0.464799208662762
"ASAP14",1.12595265942207e-48,1.30339449733605,0.512,0.351,3.32550117960308e-44,"Pericytes","ASAP1",0.667337982636059
"FERMT24",3.64291514013066e-48,1.7851223276659,0.227,0.098,1.07593498663759e-43,"Pericytes","FERMT2",0.405222768380159
"ENAH3",3.85707606333016e-47,1.69741237118274,0.279,0.133,1.13918741530456e-42,"Pericytes","ENAH",0.473578051559985
"SGCD1",1.06085120153751e-46,1.81687988641807,0.17,0.062,3.13322402374102e-42,"Pericytes","SGCD",0.308869580691072
"SORT13",1.31396337493595e-46,1.69478814755009,0.271,0.131,3.88079082787332e-42,"Pericytes","SORT1",0.459287587986073
"RBFOX25",4.64227485012646e-46,1.44430304853566,0.347,0.19,1.37109587698485e-41,"Pericytes","RBFOX2",0.501173157841875
"CYTH33",6.78907422805286e-46,1.78167462535785,0.204,0.084,2.00515307325541e-41,"Pericytes","CYTH3",0.363461623573002
"TJP15",7.44531529975498e-46,1.48041117490339,0.324,0.172,2.19897387378263e-41,"Pericytes","TJP1",0.479653220668697
"CARMIL14",1.25622472863539e-45,1.25193583684036,0.418,0.258,3.71025973602461e-41,"Pericytes","CARMIL1",0.523309179799271
"SLC38A24",1.7073900677896e-45,1.52792596994784,0.33,0.178,5.04277656521657e-41,"Pericytes","SLC38A2",0.504215570082787
"JAM32",2.61568012862487e-45,1.90393273549934,0.116,0.034,7.72541125989356e-41,"Pericytes","JAM3",0.220856197317924
"CLIC43",6.6679473462403e-44,1.46218926739191,0.323,0.173,1.96937824871207e-39,"Pericytes","CLIC4",0.472287133367587
"ARHGEF74",9.70370601036605e-44,1.35293360520957,0.372,0.217,2.86598957016161e-39,"Pericytes","ARHGEF7",0.50329130113796
"KANK22",2.625459587802e-43,2.00401771085485,0.143,0.05,7.7542948925732e-39,"Pericytes","KANK2",0.286574532652244
"COL15A12",3.62677600239258e-43,1.80698033816621,0.105,0.03,1.07116829230665e-38,"Pericytes","COL15A1",0.189732935507452
"SSBP24",5.69011954907204e-43,1.13999785170498,0.441,0.276,1.68057680881843e-38,"Pericytes","SSBP2",0.502739052601894
"TPM43",6.07814568510052e-43,1.47446197954174,0.328,0.178,1.79518032809444e-38,"Pericytes","TPM4",0.483623529289691
"DDR22",1.08201264137284e-42,1.48042099855114,0.184,0.072,3.19572433629468e-38,"Pericytes","DDR2",0.27239746373341
"LURAP1L4",1.32717623673681e-42,2.06678959032522,0.174,0.069,3.91981501520217e-38,"Pericytes","LURAP1L",0.359621388716589
"DACH13",1.47108212371969e-42,1.96948440156035,0.141,0.049,4.34484105240609e-38,"Pericytes","DACH1",0.277697300620009
"MAGI25",1.86401235584979e-42,1.21877916247504,0.359,0.201,5.50536049300236e-38,"Pericytes","MAGI2",0.437541719328538
"TLN21",5.17173116767598e-42,2.09468105440813,0.185,0.076,1.5274708003731e-37,"Pericytes","TLN2",0.387515995065503
"EOGT",9.03334933870952e-42,2.31949255663304,0.127,0.042,2.66799972718786e-37,"Pericytes","EOGT",0.294575554692396
"PALLD3",1.47031715473804e-41,1.26335336357254,0.319,0.17,4.34258171651881e-37,"Pericytes","PALLD",0.403009722979641
"EPB41L22",1.45509364579687e-40,1.27463958850982,0.293,0.152,4.29761908286106e-36,"Pericytes","EPB41L2",0.373469399433378
"TBC1D112",2.90904609743987e-40,1.3025911301322,0.305,0.162,8.59186764878866e-36,"Pericytes","TBC1D1",0.397290294690321
"MEF2C-AS12",7.62316619688142e-40,2.15749032999858,0.129,0.044,2.25150213624893e-35,"Pericytes","MEF2C-AS1",0.278316252569817
"MICU32",9.58976450116808e-40,2.0461682603454,0.152,0.057,2.83233694541999e-35,"Pericytes","MICU3",0.311017575572501
"SYTL25",1.55374908252273e-39,1.40072004816839,0.189,0.078,4.58899791523088e-35,"Pericytes","SYTL2",0.264736089103825
"PELI24",1.72588269876128e-39,1.48731256843386,0.287,0.15,5.09739455079145e-35,"Pericytes","PELI2",0.426858707140517
"ADGRF53",7.84168792145783e-39,1.31006449485223,0.25,0.121,2.31604252760257e-34,"Pericytes","ADGRF5",0.327516123713058
"COL27A12",7.91270970060921e-39,2.0023206008442,0.144,0.053,2.33701881007493e-34,"Pericytes","COL27A1",0.288334166521565
"SULF11",1.4518558624349e-38,1.68899628947792,0.151,0.057,4.28805628970149e-34,"Pericytes","SULF1",0.255038439711165
"ADGRG61",2.52214143031701e-38,2.52480895418302,0.108,0.035,7.44914471444128e-34,"Pericytes","ADGRG6",0.272679367051766
"ADAMTS121",3.57882800951379e-38,1.72064013537731,0.157,0.061,1.0570068526099e-33,"Pericytes","ADAMTS12",0.270140501254238
"ARHGEF125",1.09863015874755e-37,1.26954320148591,0.361,0.218,3.24480417386089e-33,"Pericytes","ARHGEF12",0.458305095736414
"INPP5A5",1.98102863632797e-37,1.48337513640517,0.241,0.118,5.85096807739466e-33,"Pericytes","INPP5A",0.357493407873646
"DIP2C5",5.7213490900363e-37,1.1722377835874,0.319,0.177,1.68980045374222e-32,"Pericytes","DIP2C",0.373943852964379
"PAG15",1.02705010572072e-36,1.61363715099615,0.354,0.221,3.03339248724616e-32,"Pericytes","PAG1",0.571227551452639
"TNS2",1.53530954440239e-36,2.1716474670263,0.109,0.036,4.53453673939247e-32,"Pericytes","TNS2",0.236709573905867
"CDC42BPA5",1.60275624211706e-36,1.16104741062815,0.374,0.231,4.73374056109272e-32,"Pericytes","CDC42BPA",0.434231731574927
"HGF1",4.96734750950225e-36,2.06800361430922,0.111,0.037,1.46710608693149e-31,"Pericytes","HGF",0.229548401188323
"FIGN3",7.94225870742095e-36,2.02174276356168,0.128,0.046,2.34574610923678e-31,"Pericytes","FIGN",0.258783073735896
"MEF2C4",1.84375616245949e-35,1.06423785767137,0.313,0.172,5.44553382582411e-31,"Pericytes","MEF2C",0.333106449451138
"NEGR12",3.82703401889382e-35,1.13524950042285,0.184,0.078,1.13031449748029e-30,"Pericytes","NEGR1",0.208885908077805
"VCL3",5.94892458868499e-35,1.35076343501078,0.289,0.159,1.75701487726811e-30,"Pericytes","VCL",0.390370632718115
"LURAP1L-AS11",1.21268975783322e-34,2.24561460571113,0.114,0.04,3.58167919976042e-30,"Pericytes","LURAP1L-AS1",0.256000065051069
"CLTCL11",1.41690161856331e-34,2.26049782474974,0.104,0.034,4.18481893042675e-30,"Pericytes","CLTCL1",0.235091773773973
"BCAS32",2.70040472817761e-34,1.08845623832978,0.485,0.351,7.97564536467258e-30,"Pericytes","BCAS3",0.527901275589944
"ARHGAP293",3.09564008680697e-34,1.22424134629834,0.203,0.093,9.1429729963844e-30,"Pericytes","ARHGAP29",0.248520993298563
"BCL62",5.91778064744382e-34,1.41951582921891,0.298,0.17,1.74781651422253e-29,"Pericytes","BCL6",0.423015717107236
"TNC2",7.09005641620433e-34,2.15184530346479,0.119,0.042,2.09404816252595e-29,"Pericytes","TNC",0.256069591112309
"TRPC12",1.15854904599994e-33,1.91379008376107,0.135,0.052,3.42177460736082e-29,"Pericytes","TRPC1",0.258361661307745
"IGF1R4",1.20535986355582e-33,1.14677687589032,0.384,0.246,3.56003035701212e-29,"Pericytes","IGF1R",0.440362320341882
"ABCC92",1.78347703963913e-33,1.94957640882956,0.131,0.05,5.26749943657418e-29,"Pericytes","ABCC9",0.255394509556672
"PKD21",2.52240808083781e-33,1.44166911725885,0.258,0.139,7.44993226675448e-29,"Pericytes","PKD2",0.371950632252784
"FILIP1L1",3.88281037505548e-33,1.29441732358177,0.287,0.16,1.14678804427264e-28,"Pericytes","FILIP1L",0.371497771867969
"HIF3A2",5.23665243126931e-32,1.64665327429744,0.123,0.046,1.54664529557539e-27,"Pericytes","HIF3A",0.202538352738585
"MAP3K202",1.5356510981851e-31,1.40417051122317,0.266,0.149,4.5355455184897e-27,"Pericytes","MAP3K20",0.373509355985364
"SLC7A21",1.87025774251306e-31,2.04723663743673,0.103,0.035,5.52380624251232e-27,"Pericytes","SLC7A2",0.210865373655983
"MTHFD1L2",2.05747860864137e-31,1.70239284361435,0.264,0.148,6.07676307062227e-27,"Pericytes","MTHFD1L",0.449431710714188
"TASP12",2.19821644551755e-31,1.67657605915794,0.254,0.141,6.49243227183608e-27,"Pericytes","TASP1",0.425850319026116
"NRXN33",3.46053683462957e-31,1.83107143119653,0.189,0.09,1.02206955410784e-26,"Pericytes","NRXN3",0.346072500496144
"LIMA13",3.97978624052751e-31,1.35228967709355,0.229,0.118,1.1754298661398e-26,"Pericytes","LIMA1",0.309674336054423
"ADARB14",5.00011190502229e-31,1.33780553060499,0.234,0.12,1.47678305114833e-26,"Pericytes","ADARB1",0.313046494161568
"ANO62",7.09395605826501e-31,1.35866424122888,0.335,0.213,2.09519992180857e-26,"Pericytes","ANO6",0.455152520811675
"CFH2",7.37605556269583e-31,1.23291841418406,0.218,0.109,2.17851801044221e-26,"Pericytes","CFH",0.268776214292125
"GRAMD2B2",6.31814464067716e-30,1.83758607922582,0.151,0.065,1.866064019624e-25,"Pericytes","GRAMD2B",0.277475497963098
"PLS35",1.100246176512e-29,1.47283524704037,0.223,0.117,3.24957708232819e-25,"Pericytes","PLS3",0.328442260090003
"SERPINE13",1.99062454455657e-29,1.18691091375058,0.162,0.07,5.87930959234782e-25,"Pericytes","SERPINE1",0.192279568027593
"ADGRB31",1.21655501319965e-28,1.23462456295089,0.169,0.076,3.59309523148516e-24,"Pericytes","ADGRB3",0.208651551138701
"TEX411",2.02857120039872e-28,1.9429689456634,0.103,0.037,5.99138504037761e-24,"Pericytes","TEX41",0.20012580140333
"TMEM1083",2.82107328016389e-28,1.50596323276146,0.185,0.089,8.33203993296404e-24,"Pericytes","TMEM108",0.278603198060871
"SAMD52",4.20730534099197e-28,1.94013657670335,0.113,0.043,1.24262763246198e-23,"Pericytes","SAMD5",0.219235433167478
"DOCK63",9.66507771711528e-28,1.59829284301293,0.142,0.061,2.85458070375e-23,"Pericytes","DOCK6",0.226957583707836
"MINDY41",1.02921503369216e-27,2.09324930545565,0.106,0.04,3.0397866020098e-23,"Pericytes","MINDY4",0.221884426378299
"ASAP25",1.07841960679386e-27,1.59415253424034,0.205,0.106,3.18511230866566e-23,"Pericytes","ASAP2",0.326801269519269
"NLGN12",1.10791612278895e-27,2.16295416961936,0.121,0.049,3.27223026865715e-23,"Pericytes","NLGN1",0.261717454523943
"MAP22",2.98747269496721e-27,1.13256409519862,0.163,0.074,8.82350060458565e-23,"Pericytes","MAP2",0.184607947517375
"PALM2-AKAP26",4.12110690999862e-27,1.02919989020053,0.326,0.202,1.21716892586809e-22,"Pericytes","PALM2-AKAP2",0.335519164205372
"ZFPM2-AS13",4.76313862776848e-27,1.36133332531389,0.152,0.068,1.40679299371142e-22,"Pericytes","ZFPM2-AS1",0.206922665447711
"NCKAP16",5.11997021935098e-27,1.30680267617196,0.251,0.143,1.51218320428531e-22,"Pericytes","NCKAP1",0.328007471719162
"MYO105",6.53975680678043e-27,1.48936538242527,0.256,0.15,1.9315171728826e-22,"Pericytes","MYO10",0.381277537900869
"MIR100HG3",7.55179631706587e-27,1.26800203206702,0.205,0.104,2.2304230422454e-22,"Pericytes","MIR100HG",0.259940416573739
"PDK42",1.67417350357448e-26,1.34084398250899,0.215,0.114,4.94467144280723e-22,"Pericytes","PDK4",0.288281456239433
"FBXO321",1.78309376837698e-26,1.51329803642143,0.126,0.052,5.26636744490141e-22,"Pericytes","FBXO32",0.1906755525891
"ATP8B13",2.13694352818514e-26,1.23091847499449,0.288,0.177,6.31146271049482e-22,"Pericytes","ATP8B1",0.354504520798413
"NR2F1-AS12",2.64297801069361e-26,1.5206273665597,0.149,0.067,7.80603555458359e-22,"Pericytes","NR2F1-AS1",0.226573477617396
"DLGAP4-AS1",3.22940769722087e-26,1.84299176119151,0.103,0.039,9.53805563374183e-22,"Pericytes","DLGAP4-AS1",0.189828151402726
"ARHGAP174",3.42102509731944e-26,1.3447852161209,0.247,0.142,1.0103997624933e-21,"Pericytes","ARHGAP17",0.332161948381862
"PLSCR42",7.37142437679589e-26,1.14656886562809,0.17,0.08,2.17715018968667e-21,"Pericytes","PLSCR4",0.194916707156775
"TLE14",1.95532107609949e-25,1.64227525503981,0.148,0.067,5.77504079825984e-21,"Pericytes","TLE1",0.243056737745893
"PLPP13",9.38387448393607e-25,1.13093211667232,0.211,0.113,2.77152732883052e-20,"Pericytes","PLPP1",0.238626676617859
"LMCD12",1.04119782389423e-24,1.39644196475009,0.148,0.067,3.07517777287162e-20,"Pericytes","LMCD1",0.206673410783014
"PRDM163",4.31716867360513e-24,2.03725122796273,0.14,0.065,1.27507576774927e-19,"Pericytes","PRDM16",0.285215171914782
"DSTN2",8.3904739477252e-24,1.26580723568254,0.233,0.134,2.47812648046064e-19,"Pericytes","DSTN",0.294933085914033
"KLF92",1.25904156545959e-23,1.45837798306076,0.175,0.089,3.7185792635849e-19,"Pericytes","KLF9",0.255216147035632
"YAP14",1.40163496675498e-23,1.0131744580454,0.326,0.211,4.13972887431083e-19,"Pericytes","YAP1",0.3302948733228
"SEPTIN111",2.29767393322415e-23,1.24025566605185,0.26,0.158,6.78617996177751e-19,"Pericytes","SEPTIN11",0.322466473173482
"FANCC4",3.29094499712496e-23,1.46036958904657,0.211,0.118,9.71980604900856e-19,"Pericytes","FANCC",0.308137983288825
"RBMS3-AS22",6.34451951353665e-23,1.6481868804307,0.143,0.067,1.87385383832305e-18,"Pericytes","RBMS3-AS2",0.235690723901589
"CTDSPL5",7.03035104747025e-23,1.40610928582705,0.202,0.111,2.07641418187034e-18,"Pericytes","CTDSPL",0.284034075737063
"PKIG4",1.21915294087643e-22,1.49802924849101,0.13,0.059,3.60076821087853e-18,"Pericytes","PKIG",0.194743802303831
"PARVA4",4.1690034422316e-22,1.33140548636004,0.193,0.105,1.2313151666631e-17,"Pericytes","PARVA",0.256961258867487
"MICAL36",7.07885127393978e-22,1.3247766266857,0.165,0.084,2.09073872375811e-17,"Pericytes","MICAL3",0.218588143403141
"FSTL12",2.14516668568966e-21,1.03478166525301,0.162,0.081,6.33574980618441e-17,"Pericytes","FSTL1",0.167634629770988
"THSD45",3.91910196676834e-21,1.53768511234959,0.26,0.167,1.15750676588503e-16,"Pericytes","THSD4",0.399798129210895
"NCK24",1.29476419142251e-19,1.01997563644354,0.207,0.118,3.82408603936638e-15,"Pericytes","NCK2",0.211134956743813
"CRTC33",1.69878417293943e-19,1.17912128361804,0.25,0.158,5.01735905477661e-15,"Pericytes","CRTC3",0.294780320904509
"LMCD1-AS13",3.95812543490624e-19,1.46083759444179,0.154,0.08,1.16903234719956e-14,"Pericytes","LMCD1-AS1",0.224968989544035
"CREB53",8.63752398623223e-19,1.6058411006435,0.145,0.074,2.55109270933369e-14,"Pericytes","CREB5",0.232846959593307
"AFAP12",2.48876455776996e-18,1.31979417907328,0.14,0.071,7.35056612137357e-14,"Pericytes","AFAP1",0.18477118507026
"ZNF7044",2.94979813230572e-18,1.29700485614574,0.174,0.097,8.71222878376495e-14,"Pericytes","ZNF704",0.225678844969358
"AMOTL14",3.20820301231601e-18,1.5490101975442,0.141,0.073,9.47542759687533e-14,"Pericytes","AMOTL1",0.218410437853733
"ARID5A",5.97975767900363e-18,1.4700922503492,0.1,0.045,1.76612143049372e-13,"Pericytes","ARID5A",0.14700922503492
"NR4A14",6.75667819822349e-18,1.12724096109833,0.16,0.086,1.99558490584531e-13,"Pericytes","NR4A1",0.180358553775733
"NDE11",1.92932710258048e-17,1.67862358909277,0.104,0.048,5.69826759747146e-13,"Pericytes","NDE1",0.174576853265648
"TRAF54",2.43256015136838e-17,1.14425423618879,0.12,0.058,7.1845664070665e-13,"Pericytes","TRAF5",0.137310508342655
"COL4A53",1.25250474204357e-16,1.89436412799937,0.141,0.076,3.69927275562569e-12,"Pericytes","COL4A5",0.26710534204791
"Z82215.13",1.78831915591691e-15,1.15434753806922,0.14,0.076,5.2818006270006e-11,"Pericytes","Z82215.1",0.161608655329691
"AHDC12",1.97540413861526e-15,1.52153688299245,0.115,0.058,5.83435612340016e-11,"Pericytes","AHDC1",0.174976741544131
"THRB3",2.72578580612453e-15,1.23732126152219,0.207,0.132,8.05060837838878e-11,"Pericytes","THRB",0.256125501135094
"SOGA1",2.95294140723037e-15,1.5299839359904,0.105,0.052,8.7215124462549e-11,"Pericytes","SOGA1",0.160648313278992
"MPRIP5",5.68901238719002e-15,1.06984932437427,0.265,0.186,1.68024980855657e-10,"Pericytes","MPRIP",0.283510070959182
"RAPH15",5.9047090652368e-15,1.2392149211205,0.226,0.151,1.74395582241769e-10,"Pericytes","RAPH1",0.280062572173233
"SOBP3",8.04166912424697e-15,1.44439666568401,0.107,0.053,2.37510697584634e-10,"Pericytes","SOBP",0.154550443228189
"CERS64",1.2992866464774e-14,1.01762529342466,0.289,0.211,3.83744311037101e-10,"Pericytes","CERS6",0.294093709799727
"MYOF4",1.37483232175323e-14,1.00633331524991,0.312,0.232,4.06056726229815e-10,"Pericytes","MYOF",0.313975994357972
"B3GALNT21",1.69180825757677e-14,1.54795395531981,0.118,0.062,4.99675568875299e-10,"Pericytes","B3GALNT2",0.182658566727737
"PTPRD2",1.6699395519518e-13,1.1004072359696,0.189,0.119,4.93216646668965e-09,"Pericytes","PTPRD",0.207976967598254
"ARHGEF10L3",5.91509715878925e-13,1.41708063526735,0.153,0.092,1.74702394584841e-08,"Pericytes","ARHGEF10L",0.216813337195904
"CNNM21",1.09678080684498e-12,1.62058272954014,0.142,0.084,3.23934211301664e-08,"Pericytes","CNNM2",0.2301227475947
"PCSK52",2.18023030214804e-12,1.24459845722329,0.242,0.171,6.43931019739425e-08,"Pericytes","PCSK5",0.301192826648036
"CSNK1E4",3.06712686960738e-12,1.22898125180545,0.138,0.081,9.05875920938538e-08,"Pericytes","CSNK1E",0.169599412749153
"PRSS233",3.72125245488561e-12,1.03573302797461,0.112,0.061,1.09907191255046e-07,"Pericytes","PRSS23",0.116002099133157
"ZNF5324",4.81664523533499e-12,1.20159932594441,0.167,0.106,1.42259617025619e-07,"Pericytes","ZNF532",0.200667087432716
"JADE11",5.02611591520469e-12,1.47451237829562,0.105,0.057,1.48446333555571e-07,"Pericytes","JADE1",0.15482379972104
"TENT5A4",8.02546466706052e-12,1.3284621557504,0.15,0.092,2.37032098941632e-07,"Pericytes","TENT5A",0.199269323362561
"CNN33",9.20012056961756e-12,1.01573368472225,0.154,0.094,2.71725561023655e-07,"Pericytes","CNN3",0.156422987447227
"SSBP36",1.02785263347525e-11,1.0497478663003,0.209,0.142,3.03576275296915e-07,"Pericytes","SSBP3",0.219397304056762
"SUGCT1",1.5930296234095e-11,1.02895098951327,0.101,0.054,4.70501299273995e-07,"Pericytes","SUGCT",0.10392404994084
"STK38L2",1.72849933943747e-11,1.17250068009689,0.141,0.085,5.10512279902857e-07,"Pericytes","STK38L",0.165322595893662
"HSPB14",3.01174111073219e-11,1.18527094532618,0.136,0.082,8.89517737054753e-07,"Pericytes","HSPB1",0.16119684856436
"LONRF1",3.52315909424047e-11,1.44362407972335,0.106,0.059,1.04056503848392e-06,"Pericytes","LONRF1",0.153024152450676
"NUDT41",3.86051668857612e-11,1.45534799245867,0.103,0.056,1.14020360397096e-06,"Pericytes","NUDT4",0.149900843223243
"ITGA52",7.84108992361007e-11,2.11012873688667,0.113,0.066,2.31586590893823e-06,"Pericytes","ITGA5",0.238444547268194
"CC2D2A2",1.01956514485601e-10,1.19634688263254,0.129,0.077,3.01128565533223e-06,"Pericytes","CC2D2A",0.154328747859598
"MIPOL14",5.46330545552868e-10,1.21777396617871,0.142,0.09,1.6135872662904e-05,"Pericytes","MIPOL1",0.172923903197377
"ATF33",8.9987771556367e-10,1.100937131613,0.118,0.07,2.6577888329173e-05,"Pericytes","ATF3",0.129910581530335
"DCLK12",9.10715607455445e-10,1.30378597974891,0.112,0.066,2.68979854661966e-05,"Pericytes","DCLK1",0.146024029731878
"SMARCA13",3.42340981732329e-09,1.35113616022934,0.118,0.073,0.000101110408954643,"Pericytes","SMARCA1",0.159434066907062
"CDC14B3",5.48044110600877e-09,1.04676634283747,0.138,0.089,0.000161864828065969,"Pericytes","CDC14B",0.144453755311571
"TGM23",2.31354418989103e-08,1.18431659547587,0.114,0.071,0.000683305276484317,"Pericytes","TGM2",0.135012091884249
"AIG13",1.19111535078962e-07,1.21112340269264,0.124,0.082,0.00351795918855713,"Pericytes","AIG1",0.150179301933888
"NMD33",4.35048166415656e-07,1.13256314127339,0.112,0.073,0.0128491475950864,"Pericytes","NMD3",0.12684707182262
"IFT432",5.66523981449527e-07,1.21248240238671,0.112,0.074,0.0167322857921118,"Pericytes","IFT43",0.135798029067312
"CAMK2G4",5.99817001979438e-07,1.04252012406786,0.122,0.082,0.0177155951534627,"Pericytes","CAMK2G",0.12718745513628
"CHSY34",6.89528984300571e-07,1.31135439684133,0.128,0.088,0.0203652385513174,"Pericytes","CHSY3",0.167853362795691
"FRMD32",1.08175271775251e-06,1.66166358598638,0.1,0.065,0.0319495665188204,"Pericytes","FRMD3",0.166166358598638
"PDZD23",1.87946844934325e-06,1.06611131592019,0.155,0.113,0.0555101006513529,"Pericytes","PDZD2",0.16524725396763
"GNG124",1.93433716851248e-06,1.13118903979647,0.13,0.091,0.057130648272016,"Pericytes","GNG12",0.147054575173541
"SORBS24",3.13365192681761e-06,1.10036648920572,0.132,0.093,0.092552409658558,"Pericytes","SORBS2",0.145248376575155
"WLS4",5.72618083852317e-06,1.28104268174544,0.115,0.08,0.169122751065782,"Pericytes","WLS",0.147319908400726
"DCBLD12",0.000350912325549973,1.07779936493168,0.102,0.075,1,"Pericytes","DCBLD1",0.109935535223031
"TTTY144",0.00134114000098436,1.01308237847804,0.145,0.119,1,"Pericytes","TTTY14",0.146896944879315
"WDFY43",0,6.01711875963973,0.742,0.078,0,"Dendritic cells","WDFY4",4.46470211965268
"HDAC94",0,5.36573703543606,0.729,0.078,0,"Dendritic cells","HDAC9",3.91162229883288
"CLNK1",0,8.14352981030628,0.53,0.004,0,"Dendritic cells","CLNK",4.31607079946233
"CSF2RA2",0,4.24940801273824,0.535,0.061,0,"Dendritic cells","CSF2RA",2.27343328681496
"FLT3",0,6.67481425578912,0.483,0.01,0,"Dendritic cells","FLT3",3.22393528554614
"IRF83",0,5.09063636984649,0.496,0.043,0,"Dendritic cells","IRF8",2.52495563944386
"MIR924HG",0,5.49551020975042,0.362,0.017,0,"Dendritic cells","MIR924HG",1.98937469592965
"SLCO5A1",0,6.67040411094616,0.333,0.007,0,"Dendritic cells","SLCO5A1",2.22124456894507
"P2RY141",0,4.76430814140156,0.328,0.014,0,"Dendritic cells","P2RY14",1.56269307037971
"IDO1",0,5.96761002601823,0.315,0.007,0,"Dendritic cells","IDO1",1.87979715819574
"SLC24A4",0,5.64618218844393,0.282,0.009,0,"Dendritic cells","SLC24A4",1.59222337714119
"CCDC26",0,6.84163133507107,0.271,0.005,0,"Dendritic cells","CCDC26",1.85408209180426
"ZNF366",0,5.67705596893995,0.264,0.008,0,"Dendritic cells","ZNF366",1.49874277580015
"GNAO1",0,4.91610473402106,0.248,0.009,0,"Dendritic cells","GNAO1",1.21919397403722
"IDO2",0,6.84077652424938,0.214,0.003,0,"Dendritic cells","IDO2",1.46392617618937
"ENPP1",0,6.19926696858502,0.163,0.003,0,"Dendritic cells","ENPP1",1.01048051587936
"CLEC9A",0,7.19056875781485,0.103,0.001,0,"Dendritic cells","CLEC9A",0.740628582054929
"MED12L1",2.21767374429259e-301,4.48746254200704,0.235,0.013,6.54989940376815e-297,"Dendritic cells","MED12L",1.05455369737165
"CCSER15",3.78084160636276e-268,4.73562447621021,0.68,0.138,1.11667156843924e-263,"Dendritic cells","CCSER1",3.22022464382294
"ENOX12",1.43222855197836e-256,4.61000594952312,0.32,0.029,4.23008702826809e-252,"Dendritic cells","ENOX1",1.4752019038474
"HLA-DPB13",5.81679439533091e-252,3.84199522093595,0.55,0.086,1.71799022466098e-247,"Dendritic cells","HLA-DPB1",2.11309737151477
"MCOLN24",2.09872456925319e-237,3.53338316624621,0.398,0.046,6.19858301528931e-233,"Dendritic cells","MCOLN2",1.40628650016599
"ZBTB461",4.12686320251863e-228,4.05974269778487,0.359,0.04,1.21886904686388e-223,"Dendritic cells","ZBTB46",1.45744762850477
"TSPAN33",2.41810781690215e-220,5.00468807842742,0.109,0.004,7.1418814372205e-216,"Dendritic cells","TSPAN33",0.545511000548589
"CBFA2T32",5.21883243355409e-213,3.94840671539321,0.245,0.02,1.5413821592502e-208,"Dendritic cells","CBFA2T3",0.967359645271336
"CIITA3",8.21505205896448e-212,3.15869590532905,0.63,0.133,2.42631562561516e-207,"Dendritic cells","CIITA",1.9899784203573
"SULF23",3.20284764663516e-202,3.60263355975791,0.395,0.053,9.45961052433694e-198,"Dendritic cells","SULF2",1.42304025610438
"RUBCNL1",6.87287002662384e-190,3.87358179668343,0.31,0.035,2.02990216236335e-185,"Dendritic cells","RUBCNL",1.20081035697186
"BCL11A2",2.47799922929514e-181,3.90546281334121,0.295,0.033,7.3187707237232e-177,"Dendritic cells","BCL11A",1.15211152993566
"CPVL2",3.20820657755067e-180,4.09027831960591,0.46,0.083,9.4754381267959e-176,"Dendritic cells","CPVL",1.88152802701872
"CCR7",2.38642489557413e-179,4.87347526254047,0.119,0.006,7.0483059290782e-175,"Dendritic cells","CCR7",0.579943556242316
"DAPP12",2.84096552219002e-176,4.0398582283143,0.284,0.032,8.39079166978823e-172,"Dendritic cells","DAPP1",1.14731973684126
"DUSP4",2.80902504253152e-156,4.46365726637423,0.142,0.009,8.29645546311683e-152,"Dendritic cells","DUSP4",0.633839331825141
"NEGR13",1.7449836419838e-144,2.91946976065596,0.421,0.078,5.15380918659915e-140,"Dendritic cells","NEGR1",1.22909676923616
"AUTS25",7.13350038713359e-133,2.35053018537935,0.749,0.283,2.10687933933991e-128,"Dendritic cells","AUTS2",1.76054710884913
"ETV65",2.71093175975582e-132,2.31682603381134,0.837,0.418,8.00673695243882e-128,"Dendritic cells","ETV6",1.93918339030009
"SPECC12",2.04456102180741e-131,3.05441773562629,0.333,0.055,6.03861097790818e-127,"Dendritic cells","SPECC1",1.01712110596355
"CD742",2.41403618707501e-131,2.53932928997631,0.525,0.128,7.12985587852603e-127,"Dendritic cells","CD74",1.33314787723756
"HLA-DQB12",2.89065805167064e-131,3.37843109316769,0.336,0.056,8.53755855560923e-127,"Dendritic cells","HLA-DQB1",1.13515284730434
"VAC141",2.44836609786805e-130,3.28169753812456,0.424,0.089,7.23124927005328e-126,"Dendritic cells","VAC14",1.39143975616481
"CD833",7.50771701187166e-127,3.61045521432447,0.364,0.068,2.21740421945629e-122,"Dendritic cells","CD83",1.31420569801411
"HLA-DQA12",9.68262090310424e-123,3.34092625297255,0.276,0.041,2.85976208373184e-118,"Dendritic cells","HLA-DQA1",0.922095645820423
"AFF33",1.17893546085188e-122,2.17037045194108,0.527,0.128,3.48198588362603e-118,"Dendritic cells","AFF3",1.14378522817295
"ZBTB46-AS1",6.88240585297991e-119,4.29920147725485,0.109,0.007,2.03271856867762e-114,"Dendritic cells","ZBTB46-AS1",0.468612961020779
"ADAM196",6.35726134975373e-117,2.69920331225188,0.411,0.087,1.87761713964976e-112,"Dendritic cells","ADAM19",1.10937256133552
"P2RY6",9.88829692221222e-116,4.13667928650423,0.129,0.01,2.92050849597538e-111,"Dendritic cells","P2RY6",0.533631627959046
"CD2263",1.03769222114195e-114,3.00437473247985,0.238,0.032,3.06482397514276e-110,"Dendritic cells","CD226",0.715041186330205
"RAB7B",4.8557565990751e-114,4.23624964666186,0.225,0.03,1.43414771153683e-109,"Dendritic cells","RAB7B",0.953156170498919
"SLC9A71",2.82906575665236e-105,3.455594809212,0.248,0.038,8.35564571227274e-101,"Dendritic cells","SLC9A7",0.856987512684576
"IRF41",1.61820788994e-104,4.21769095721741,0.178,0.021,4.77937700293779e-100,"Dendritic cells","IRF4",0.7507489903847
"NAAA",2.23119639494149e-103,3.56710519727834,0.222,0.031,6.5898385524597e-99,"Dendritic cells","NAAA",0.791897353795793
"FNBP16",8.57318845210834e-100,2.12596619037166,0.695,0.301,2.5320912093302e-95,"Dendritic cells","FNBP1",1.47754650230831
"UVRAG4",2.57986842750964e-96,2.46874649077846,0.654,0.277,7.61964140064971e-92,"Dendritic cells","UVRAG",1.61456020496911
"LY751",1.03629271038678e-93,3.47517624079483,0.269,0.048,3.06069052012735e-89,"Dendritic cells","LY75",0.934822408773808
"TTYH2",9.15948878971844e-92,4.02741140127407,0.114,0.01,2.70525501404334e-87,"Dendritic cells","TTYH2",0.459124899745244
"ID22",1.78013029580011e-89,3.26519942926067,0.289,0.057,5.25761482864562e-85,"Dendritic cells","ID2",0.943642635056333
"MARCH13",1.04861320863648e-87,2.35403919881339,0.403,0.104,3.09707911170783e-83,"Dendritic cells","MARCH1",0.948677797121795
"LDLRAD44",2.20009731392689e-85,1.94129999125601,0.664,0.283,6.49798741668308e-81,"Dendritic cells","LDLRAD4",1.28902319419399
"VOPP15",7.29982603004229e-85,2.36245403341515,0.553,0.199,2.15600361797299e-80,"Dendritic cells","VOPP1",1.30643708047858
"DOCK107",6.17577099006978e-83,1.90323803441722,0.62,0.239,1.82401396191711e-78,"Dendritic cells","DOCK10",1.18000758133867
"GPR157",3.79373160653011e-82,4.12328223846813,0.168,0.023,1.12047862998867e-77,"Dendritic cells","GPR157",0.692711416062646
"HPS51",1.09434651803434e-81,2.9990155842628,0.305,0.068,3.23215244101444e-77,"Dendritic cells","HPS5",0.914699753200154
"CLIC21",6.21187667823683e-81,3.08955797028495,0.256,0.049,1.83467777691725e-76,"Dendritic cells","CLIC2",0.790926840392946
"SLC41A24",1.51776709371308e-80,2.9700328651212,0.364,0.096,4.48272511128158e-76,"Dendritic cells","SLC41A2",1.08109196290412
"CCDC88A4",3.90745444896143e-80,1.86923846093064,0.587,0.219,1.15406667150076e-75,"Dendritic cells","CCDC88A",1.09724297656629
"NAV14",1.67025465863322e-78,2.68854273384221,0.38,0.105,4.9330971342732e-74,"Dendritic cells","NAV1",1.02164623886004
"BID",2.99770323927123e-78,3.38153442463879,0.199,0.032,8.85371651718759e-74,"Dendritic cells","BID",0.67292535050312
"VAV36",3.86688036102182e-78,1.96291388163488,0.517,0.177,1.1420831146278e-73,"Dendritic cells","VAV3",1.01482647680523
"SEPTIN65",2.76100255080705e-77,2.13664233639683,0.416,0.118,8.15462103380862e-73,"Dendritic cells","SEPTIN6",0.888843211941082
"HLA-DRB13",4.68800267458857e-77,2.38653840411698,0.362,0.094,1.38460158993973e-72,"Dendritic cells","HLA-DRB1",0.863926902290347
"BCL63",5.4888889067383e-77,2.54221240816003,0.483,0.17,1.62114333860516e-72,"Dendritic cells","BCL6",1.22788859314129
"PLEK3",1.90068292151407e-72,2.81395601391435,0.227,0.043,5.61366700869182e-68,"Dendritic cells","PLEK",0.638768015158558
"IPO9-AS13",1.98365555584335e-72,2.95833968376796,0.258,0.055,5.85872668418334e-68,"Dendritic cells","IPO9-AS1",0.763251638412134
"ITGA47",2.15437553671907e-72,2.00321752344019,0.367,0.096,6.36294814769978e-68,"Dendritic cells","ITGA4",0.735180831102551
"PAK14",1.13546291603575e-71,2.76306600555725,0.315,0.079,3.35358972251157e-67,"Dendritic cells","PAK1",0.870365791750535
"FCHSD24",2.35758528299585e-71,2.04407527026043,0.698,0.363,6.96312813332824e-67,"Dendritic cells","FCHSD2",1.42676453864178
"RHEX3",9.03084434164088e-71,3.52212831617421,0.132,0.016,2.66725987630363e-66,"Dendritic cells","RHEX",0.464920937734995
"SERPINB91",1.74994817269471e-70,2.96906352296299,0.23,0.045,5.16847192805383e-66,"Dendritic cells","SERPINB9",0.682884610281487
"SLAMF71",1.75882740755746e-70,2.84768091564593,0.158,0.022,5.19469674822096e-66,"Dendritic cells","SLAMF7",0.449933584672056
"ADAM283",3.49819978816108e-70,2.33082042415178,0.264,0.056,1.03319330743337e-65,"Dendritic cells","ADAM28",0.615336591976071
"ZEB17",1.21720127194457e-68,1.60667152460876,0.556,0.205,3.59500395668829e-64,"Dendritic cells","ZEB1",0.893309367682468
"LDLRAD33",9.10961822678136e-67,2.36837176920864,0.359,0.104,2.69052574327987e-62,"Dendritic cells","LDLRAD3",0.850245465145901
"DENND1B5",3.93254074054695e-65,2.22394020159761,0.512,0.213,1.16147590772054e-60,"Dendritic cells","DENND1B",1.13865738321797
"PPM1H2",7.32769454805867e-65,2.82769683752717,0.212,0.041,2.16423458476913e-60,"Dendritic cells","PPM1H",0.599471729555761
"GNG72",9.23290145814792e-65,2.17302216188883,0.22,0.043,2.72693744566399e-60,"Dendritic cells","GNG7",0.478064875615544
"BASP14",4.51431019560448e-63,2.35770117969422,0.315,0.084,1.33330151627178e-58,"Dendritic cells","BASP1",0.742675871603679
"SHTN14",1.23547677546731e-62,2.48413946768857,0.393,0.131,3.6489806563427e-58,"Dendritic cells","SHTN1",0.976266810801606
"SLC8A12",1.33170247057962e-62,1.57625242658473,0.55,0.217,3.9331832468569e-58,"Dendritic cells","SLC8A1",0.866938834621599
"SLC9A97",2.34961452733862e-61,2.09690809948049,0.506,0.203,6.93958650649463e-57,"Dendritic cells","SLC9A9",1.06103549833713
"LSP12",5.8060648426853e-61,2.62960343169956,0.176,0.031,1.7148212512871e-56,"Dendritic cells","LSP1",0.462810203979122
"GPR137B2",7.80421125466917e-61,2.79098524716424,0.297,0.08,2.30497379406654e-56,"Dendritic cells","GPR137B",0.82892261840778
"ST8SIA47",2.62180520130589e-59,2.17577447580004,0.372,0.116,7.74350166205695e-55,"Dendritic cells","ST8SIA4",0.809388104997614
"SUB12",3.021437222102e-59,2.29280195132372,0.284,0.073,8.92381483547826e-55,"Dendritic cells","SUB1",0.651155754175937
"NCALD6",3.67985353170049e-59,1.99937621581674,0.282,0.07,1.08684474058774e-54,"Dendritic cells","NCALD",0.563824092860322
"PALD11",9.10153913123781e-58,2.64157218100574,0.173,0.031,2.68813958241109e-53,"Dendritic cells","PALD1",0.456991987313992
"HLA-DPA11",1.48008885569834e-57,2.86363275703732,0.207,0.043,4.37144243530504e-53,"Dendritic cells","HLA-DPA1",0.592771980706726
"ASAP15",2.88240038489885e-57,1.71619651411832,0.641,0.352,8.51316953679877e-53,"Dendritic cells","ASAP1",1.10008196554984
"MIR181A1HG3",4.69304655670639e-57,2.11781198683872,0.37,0.12,1.38609130052323e-52,"Dendritic cells","MIR181A1HG",0.783590435130325
"BIRC32",4.84370210793887e-57,3.32671990511942,0.253,0.063,1.43058741757975e-52,"Dendritic cells","BIRC3",0.841660135995214
"LRRK13",1.75181412627474e-54,2.36939460510723,0.367,0.125,5.17398302195243e-50,"Dendritic cells","LRRK1",0.869567820074354
"KAT2B5",1.86504616034349e-54,2.10888114776983,0.382,0.13,5.50841383457449e-50,"Dendritic cells","KAT2B",0.805592598448076
"BCL2L113",1.69996372655039e-53,2.60721015767915,0.24,0.059,5.02084286636659e-49,"Dendritic cells","BCL2L11",0.625730437842997
"RFTN17",2.11057611321749e-53,1.95057825237272,0.45,0.176,6.23358655038785e-49,"Dendritic cells","RFTN1",0.877760213567726
"FAM49B6",2.68092442215246e-53,1.47736044520839,0.633,0.319,7.91811028082729e-49,"Dendritic cells","FAM49B",0.935169161816911
"KCNK13",9.68005732742613e-53,3.14619341390083,0.134,0.022,2.85900493165531e-48,"Dendritic cells","KCNK13",0.421589917462711
"NET11",6.5592073353529e-52,3.18999046048719,0.16,0.03,1.93726188649648e-47,"Dendritic cells","NET1",0.51039847367795
"ST18",7.96083345185324e-52,2.93011022938878,0.137,0.022,2.35123216000485e-47,"Dendritic cells","ST18",0.401425101426263
"FGL2",3.24012819147224e-50,3.07788371998404,0.134,0.022,9.56971861351327e-46,"Dendritic cells","FGL2",0.412436418477862
"CERS65",1.06522380130668e-49,2.79478881382693,0.46,0.211,3.14613849715927e-45,"Dendritic cells","CERS6",1.28560285436039
"GRK33",1.52264552211549e-49,1.77942724650974,0.514,0.232,4.4971335495681e-45,"Dendritic cells","GRK3",0.914625604706006
"ANKRD33B",2.49856766057483e-49,3.61903673353087,0.134,0.023,7.37951958550775e-45,"Dendritic cells","ANKRD33B",0.484950922293137
"IRAK21",3.57589856259544e-49,2.98180650952899,0.178,0.037,1.05614164046256e-44,"Dendritic cells","IRAK2",0.530761558696159
"JARID25",3.06288987975088e-48,1.57465521398388,0.576,0.289,9.04624525984422e-44,"Dendritic cells","JARID2",0.907001403254716
"STK17B6",1.32584781057683e-47,1.8332549565544,0.429,0.169,3.91589150853866e-43,"Dendritic cells","STK17B",0.786466376361837
"RASSF23",2.17091182294746e-47,2.32832906403214,0.209,0.05,6.41178806907534e-43,"Dendritic cells","RASSF2",0.486620774382716
"CD80",3.00664936628779e-47,3.8166255965829,0.103,0.015,8.88013890333098e-43,"Dendritic cells","CD80",0.393112436448038
"RAB11FIP13",3.86062793039377e-47,1.90011699241081,0.411,0.162,1.1402364592418e-42,"Dendritic cells","RAB11FIP1",0.780948083880843
"LCP16",8.78936412368059e-47,1.76787876728363,0.349,0.118,2.59593869392906e-42,"Dendritic cells","LCP1",0.616989689781987
"DOCK28",4.14767810374036e-46,1.2775406501974,0.568,0.26,1.22501672793971e-41,"Dendritic cells","DOCK2",0.725643089312121
"TRAF11",4.53006496019103e-46,3.02267252580986,0.129,0.022,1.33795468599242e-41,"Dendritic cells","TRAF1",0.389924755829471
"RABGAP1L5",4.70306448946664e-46,1.38054619949502,0.708,0.465,1.38905009696397e-41,"Dendritic cells","RABGAP1L",0.977426709242472
"ZNF5165",4.7068207651199e-46,2.26527457898333,0.382,0.15,1.39015951297816e-41,"Dendritic cells","ZNF516",0.865334889171632
"NUBPL3",5.16191432535633e-46,2.385869411325,0.336,0.12,1.52457139599399e-41,"Dendritic cells","NUBPL",0.8016521222052
"NIBAN14",8.16867426804401e-46,1.65226890796701,0.39,0.145,2.4126179450668e-41,"Dendritic cells","NIBAN1",0.644384874107136
"SPPL34",9.97018094046857e-45,1.81524577373563,0.501,0.245,2.94469294076739e-40,"Dendritic cells","SPPL3",0.90943813264155
"DUSP5",1.21001365356627e-44,3.07705187931138,0.129,0.023,3.57377532580798e-40,"Dendritic cells","DUSP5",0.396939692431168
"SLC8A1-AS12",1.79014844260131e-44,2.19171414555831,0.251,0.071,5.28720342522296e-40,"Dendritic cells","SLC8A1-AS1",0.550120250535136
"CCDC63",1.79184889933931e-44,2.12237270152229,0.385,0.154,5.29222572419867e-40,"Dendritic cells","CCDC6",0.817113490086082
"TOX7",5.12209490106145e-44,1.52121351491371,0.39,0.145,1.5128107290285e-39,"Dendritic cells","TOX",0.593273270816349
"ANKRD447",7.91648265828874e-43,1.18456122774349,0.62,0.338,2.33813315312558e-38,"Dendritic cells","ANKRD44",0.734427961200965
"ENTPD17",9.96305808160072e-43,2.20942015354735,0.276,0.087,2.94258920440077e-38,"Dendritic cells","ENTPD1",0.609799962379068
"FGD23",1.33536215070106e-42,2.14060646135212,0.233,0.064,3.94399211209558e-38,"Dendritic cells","FGD2",0.498761305495045
"FOXN24",1.70023932416704e-42,2.21728157427114,0.292,0.096,5.02165684392736e-38,"Dendritic cells","FOXN2",0.647446219687173
"SH2B33",4.98002587259252e-42,1.98223893192892,0.266,0.081,1.4708506414702e-37,"Dendritic cells","SH2B3",0.527275555893093
"KIF16B1",5.76111640577863e-42,2.28293770220056,0.395,0.17,1.70154573044672e-37,"Dendritic cells","KIF16B",0.901760392369222
"TAP21",7.09880375260362e-42,2.42537027207344,0.183,0.044,2.09663168833148e-37,"Dendritic cells","TAP2",0.443842759789439
"CARD114",1.15718366744518e-41,1.62331041037694,0.295,0.093,3.41774196179935e-37,"Dendritic cells","CARD11",0.478876571061196
"COTL14",4.71147079885806e-41,2.11091318257999,0.269,0.085,1.39153290044273e-36,"Dendritic cells","COTL1",0.567835646114016
"INPP5D7",5.24834387237924e-41,1.4600465862553,0.406,0.159,1.55009836270721e-36,"Dendritic cells","INPP5D",0.592778914019651
"MAP3K142",7.16028361197371e-41,2.2645500410126,0.264,0.083,2.11478976479644e-36,"Dendritic cells","MAP3K14",0.597841210827327
"ENO41",1.55846564429286e-40,2.94494466994158,0.176,0.042,4.60292828041895e-36,"Dendritic cells","ENO4",0.518310261909719
"ST3GAL53",7.67030835442133e-40,2.1420008423022,0.305,0.108,2.26542557247834e-35,"Dendritic cells","ST3GAL5",0.653310256902171
"SNX82",1.084565122136e-39,2.70014531960963,0.207,0.056,3.20326308822868e-35,"Dendritic cells","SNX8",0.558930081159193
"NFATC25",1.39211164718337e-39,1.35450360747576,0.297,0.097,4.11160174995609e-35,"Dendritic cells","NFATC2",0.402287571420301
"STX17-AS1",7.76305143551756e-39,3.21261796416274,0.127,0.025,2.29281724148011e-34,"Dendritic cells","STX17-AS1",0.408002481448668
"ATP2B14",3.33663698643107e-38,1.82814664885117,0.437,0.205,9.85475733942416e-34,"Dendritic cells","ATP2B1",0.798900085547962
"PIK3CB2",4.40986818615518e-38,1.88724446662981,0.393,0.173,1.30245456878093e-33,"Dendritic cells","PIK3CB",0.741687075385517
"TBC1D84",4.71687778713457e-38,2.3432006898417,0.339,0.136,1.3931298544302e-33,"Dendritic cells","TBC1D8",0.794345033856335
"PRKAR2B",9.84614859559712e-38,2.76529733963104,0.129,0.026,2.90805998770961e-33,"Dendritic cells","PRKAR2B",0.356723356812404
"RASSF41",1.44291377909916e-37,2.38069263661474,0.225,0.067,4.26164584656936e-33,"Dendritic cells","RASSF4",0.535655843238316
"KCNK61",1.70932385059667e-37,2.42709198045837,0.207,0.058,5.04848799273728e-33,"Dendritic cells","KCNK6",0.502408039954883
"NLRC55",4.63203382818754e-37,1.73631880846885,0.307,0.109,1.36807119115519e-32,"Dendritic cells","NLRC5",0.533049874199938
"FARP25",5.94930642543536e-37,2.00626764445745,0.31,0.115,1.75712765275233e-32,"Dendritic cells","FARP2",0.621942969781811
"KDM2B4",3.63800997709395e-36,2.65480438556682,0.279,0.099,1.0744862467347e-31,"Dendritic cells","KDM2B",0.740690423573142
"PLEKHM33",3.92313001100214e-36,2.22314721730087,0.284,0.103,1.15869644874948e-31,"Dendritic cells","PLEKHM3",0.631373809713447
"ST3GAL22",8.13741200127397e-36,2.1741533339997,0.207,0.059,2.40338463457627e-31,"Dendritic cells","ST3GAL2",0.450049740137938
"ETV3",1.24938821312217e-35,3.15792048763334,0.106,0.019,3.69006808745634e-31,"Dendritic cells","ETV3",0.334739571689134
"RGS10",1.70131385311843e-35,2.27761589334453,0.134,0.029,5.02483046518527e-31,"Dendritic cells","RGS10",0.305200529708167
"C1orf54",2.62388599599415e-35,2.83948191087151,0.103,0.018,7.74964728916872e-31,"Dendritic cells","C1orf54",0.292466636819766
"PTPN26",5.29060955850887e-35,1.90220367003704,0.413,0.198,1.56258153310559e-30,"Dendritic cells","PTPN2",0.785610115725297
"PREX17",6.2790610634486e-35,1.35722367597183,0.406,0.171,1.85452068508954e-30,"Dendritic cells","PREX1",0.551032812444563
"HCK2",2.08917536549315e-34,2.01436372078429,0.202,0.058,6.17037944198402e-30,"Dendritic cells","HCK",0.406901471598426
"GPR132",2.52550166763959e-34,2.57843318850623,0.121,0.025,7.45906917537353e-30,"Dendritic cells","GPR132",0.311990415809254
"ELMO17",3.13406973742465e-34,1.0351085778306,0.651,0.389,9.2564749694837e-30,"Dendritic cells","ELMO1",0.673855684167718
"GRASP1",1.24691359479065e-33,2.61226419929374,0.116,0.023,3.68275930221419e-29,"Dendritic cells","GRASP",0.303022647118073
"NR1H22",6.77464399054214e-33,2.67524970910898,0.183,0.052,2.00089110260662e-28,"Dendritic cells","NR1H2",0.489570696766943
"KIF2A5",8.7114714511901e-33,2.46478593809333,0.305,0.122,2.572933093109e-28,"Dendritic cells","KIF2A",0.751759711118466
"INPP5F2",6.02126289607695e-32,2.196193382763,0.196,0.059,1.77837999635633e-27,"Dendritic cells","INPP5F",0.430453903021548
"TMCC3",7.55352320783789e-32,2.74352350999954,0.134,0.031,2.23093307943492e-27,"Dendritic cells","TMCC3",0.367632150339938
"SH3TC12",1.35688950067553e-31,2.09702711342124,0.202,0.061,4.00757314024518e-27,"Dendritic cells","SH3TC1",0.42359947691109
"PFKFB32",1.98383760154227e-31,1.80743118143859,0.377,0.174,5.8592643561551e-27,"Dendritic cells","PFKFB3",0.681401555402349
"GRAMD1B4",2.23271567288712e-31,2.03605974259761,0.227,0.076,6.59432573987211e-27,"Dendritic cells","GRAMD1B",0.462185561569658
"TRERF14",2.8625787661628e-31,1.70709849756715,0.31,0.124,8.45462638586184e-27,"Dendritic cells","TRERF1",0.529200534245815
"NR4A3",4.5811202199296e-31,2.57817666941026,0.145,0.036,1.35303385695621e-26,"Dendritic cells","NR4A3",0.373835617064488
"CDC42SE25",4.71886575226006e-31,1.03899822219982,0.494,0.252,1.39371699993001e-26,"Dendritic cells","CDC42SE2",0.513265121766709
"PTPRJ5",4.82887992535137e-31,1.31523513553242,0.517,0.293,1.42620968595253e-26,"Dendritic cells","PTPRJ",0.679976565070259
"CPNE3",2.34389543166769e-30,2.49925181108456,0.165,0.046,6.92269515743052e-26,"Dendritic cells","CPNE3",0.412376548828953
"SH3BP41",3.20031579268894e-30,2.65991396960094,0.147,0.038,9.45213269370678e-26,"Dendritic cells","SH3BP4",0.391007353531339
"ANPEP2",4.86672236589955e-30,2.27817986337976,0.176,0.051,1.43738645076843e-25,"Dendritic cells","ANPEP",0.400959655954838
"HLA-DRB51",1.64159763004343e-29,2.45228590945892,0.152,0.041,4.84845860033327e-25,"Dendritic cells","HLA-DRB5",0.372747458237756
"KDM2A4",5.25734670472464e-29,1.30009404675998,0.54,0.339,1.55275734924042e-24,"Dendritic cells","KDM2A",0.702050785250389
"CBL4",6.88851686089665e-29,1.61248583986037,0.328,0.142,2.03452345486583e-24,"Dendritic cells","CBL",0.5288953554742
"MOB1B2",9.32035278274354e-29,2.11432660344827,0.271,0.108,2.75276619438331e-24,"Dendritic cells","MOB1B",0.572982509534481
"VDR",1.10669518145732e-28,2.95498177420056,0.181,0.056,3.26862421843419e-24,"Dendritic cells","VDR",0.534851701130302
"EHBP1L14",1.52466553593389e-28,1.71970162776479,0.258,0.097,4.50309966038075e-24,"Dendritic cells","EHBP1L1",0.443683019963316
"MYBL12",2.38970241134918e-28,1.81941642978305,0.114,0.025,7.05798607191981e-24,"Dendritic cells","MYBL1",0.207413472995268
"IL21R1",3.93747769928934e-28,2.29891649403554,0.109,0.023,1.16293403848511e-23,"Dendritic cells","IL21R",0.250581897849874
"HSH2D4",7.16882190817839e-28,1.98901310903916,0.129,0.031,2.11731155058049e-23,"Dendritic cells","HSH2D",0.256582691066051
"NFKBID",9.968900612522e-28,2.4594482081663,0.127,0.031,2.94431479590837e-23,"Dendritic cells","NFKBID",0.31234992243712
"IL155",1.11963801866887e-27,2.76832685680684,0.222,0.08,3.3068508881385e-23,"Dendritic cells","IL15",0.614568562211119
"SIPA1L34",9.25835729344694e-27,1.83696029493166,0.421,0.231,2.73445582661955e-22,"Dendritic cells","SIPA1L3",0.77336028416623
"DYSF4",9.42093951286424e-27,1.81597674006163,0.204,0.068,2.78247448512445e-22,"Dendritic cells","DYSF",0.370459254972573
"RAB302",1.1431872202694e-26,1.94267751792149,0.142,0.038,3.37640345506568e-22,"Dendritic cells","RAB30",0.275860207544852
"CRYBG15",1.95739946171761e-26,1.67934718857164,0.271,0.109,5.78117931018297e-22,"Dendritic cells","CRYBG1",0.455103088102915
"TSPOAP1-AS12",2.26823411958593e-26,2.19730072869539,0.137,0.036,6.69922947219703e-22,"Dendritic cells","TSPOAP1-AS1",0.301030199831269
"SYK4",5.12515040536679e-26,1.52119762464869,0.32,0.144,1.51371317222508e-21,"Dendritic cells","SYK",0.48678323988758
"MBNL1-AS1",1.7937455128315e-25,2.03715417874033,0.111,0.026,5.29782737214784e-21,"Dendritic cells","MBNL1-AS1",0.226124113840177
"ZNF7103",2.35158755836919e-25,1.76919631567433,0.292,0.129,6.94541385364341e-21,"Dendritic cells","ZNF710",0.516605324176903
"TBC1D22A5",3.4117024085101e-25,1.21445550050989,0.579,0.396,1.00764630635346e-20,"Dendritic cells","TBC1D22A",0.703169734795223
"CCNG2",6.10517828796931e-25,2.330581056736,0.132,0.036,1.80316440735174e-20,"Dendritic cells","CCNG2",0.307636699489152
"CADM13",6.89522270517654e-25,1.46913904225002,0.349,0.167,2.03650402597389e-20,"Dendritic cells","CADM1",0.512729525745258
"CNOT101",1.06449658763889e-24,1.8174735238174,0.23,0.088,3.14399067159147e-20,"Dendritic cells","CNOT10",0.418018910478001
"ATG3",1.31408963978397e-24,2.32290373919778,0.147,0.043,3.88116375110197e-20,"Dendritic cells","ATG3",0.341466849662074
"PDE4B2",2.43933031434291e-24,1.21706083741343,0.398,0.196,7.20456208341177e-20,"Dendritic cells","PDE4B",0.484390213290545
"FMNL17",8.70220817018689e-24,1.55650352094294,0.233,0.089,2.5701971830647e-19,"Dendritic cells","FMNL1",0.362665320379704
"DSE3",1.56080692018349e-23,1.79941049778829,0.279,0.124,4.60984323876193e-19,"Dendritic cells","DSE",0.502035528882934
"MED13L2",4.74832428945169e-23,1.01578455068907,0.693,0.542,1.40241757888956e-18,"Dendritic cells","MED13L",0.703938693627527
"STK47",5.02951432897374e-23,1.27625854678747,0.385,0.197,1.48546705706239e-18,"Dendritic cells","STK4",0.491359540513177
"GNA15",6.3531946986096e-23,2.57466855547846,0.116,0.031,1.87641605423435e-18,"Dendritic cells","GNA15",0.298661552435501
"C22orf347",6.47519775997252e-23,1.45579664518573,0.251,0.102,1.91244965840788e-18,"Dendritic cells","C22orf34",0.365404957941619
"SAMHD13",7.40365304609964e-23,1.22661877153135,0.411,0.219,2.18666892716553e-18,"Dendritic cells","SAMHD1",0.504140315099385
"JAK24",8.18273769562456e-23,1.35710643015445,0.403,0.223,2.41677157840271e-18,"Dendritic cells","JAK2",0.546913891352243
"APBA1",1.05150868084496e-22,2.5718722255962,0.121,0.033,3.1056308888756e-18,"Dendritic cells","APBA1",0.31119653929714
"UPF25",1.37651366905805e-22,1.58183463002675,0.362,0.191,4.06553312156296e-18,"Dendritic cells","UPF2",0.572624136069684
"RNF144B3",1.764978115631e-22,1.42597785439576,0.315,0.149,5.21286286451616e-18,"Dendritic cells","RNF144B",0.449183024134664
"PLEKHO11",1.98989265333193e-22,2.05065292780108,0.142,0.043,5.87714795161585e-18,"Dendritic cells","PLEKHO1",0.291192715747754
"CDYL8",3.60085074957049e-22,1.73123056780378,0.297,0.14,1.06351126888564e-17,"Dendritic cells","CDYL",0.514175478637724
"SEL1L35",1.18166315817195e-21,1.31267881543048,0.351,0.178,3.49004213766085e-17,"Dendritic cells","SEL1L3",0.460750264216099
"REL4",1.29105376186355e-21,1.75069319068142,0.289,0.136,3.813127285664e-17,"Dendritic cells","REL",0.505950332106931
"GNA132",1.47286814514573e-21,1.36660052278687,0.313,0.147,4.35011606668792e-17,"Dendritic cells","GNA13",0.427745963632291
"CFLAR4",1.67069132295187e-21,1.10268503302416,0.548,0.376,4.93438682233836e-17,"Dendritic cells","CFLAR",0.604271398097241
"PPP1R16B6",1.77261375303516e-21,1.16469030808793,0.22,0.082,5.23541471958933e-17,"Dendritic cells","PPP1R16B",0.256231867779345
"MEF2A5",2.76254572190908e-21,1.14337555112296,0.548,0.39,8.15917878965848e-17,"Dendritic cells","MEF2A",0.626569802015381
"RAB8B6",3.29364522831485e-21,1.50592938773335,0.359,0.19,9.72778118182791e-17,"Dendritic cells","RAB8B",0.540628650196274
"SERTAD21",4.5661746606022e-21,1.92345470062619,0.194,0.073,1.34861968600886e-16,"Dendritic cells","SERTAD2",0.37315021192148
"LYN5",6.26997619737117e-21,1.18549872673367,0.432,0.251,1.85183746989357e-16,"Dendritic cells","LYN",0.512135449948945
"PACS15",7.05171794305428e-21,1.28081915863752,0.457,0.28,2.08272489448108e-16,"Dendritic cells","PACS1",0.585334355497347
"LY862",7.95608015570389e-21,2.1673386732152,0.111,0.03,2.34982827398714e-16,"Dendritic cells","LY86",0.240574592726888
"PICALM6",8.61401179969354e-21,1.14728722633883,0.625,0.457,2.54414838503949e-16,"Dendritic cells","PICALM",0.717054516461766
"ACER34",1.56237366597906e-20,1.23398804126036,0.323,0.159,4.61447062246914e-16,"Dendritic cells","ACER3",0.398578137327096
"ENTPD1-AS16",2.15566596543407e-20,1.59289489948904,0.328,0.169,6.36675942890954e-16,"Dendritic cells","ENTPD1-AS1",0.522469527032404
"DIPK1A5",2.5142249593148e-20,1.37459146980717,0.235,0.097,7.42576341733627e-16,"Dendritic cells","DIPK1A",0.323028995404684
"MIS18BP14",3.72595330829935e-20,1.49930710603468,0.307,0.153,1.10046030960621e-15,"Dendritic cells","MIS18BP1",0.460287281552647
"RUFY31",4.57855380602371e-20,1.52391424698399,0.377,0.219,1.3522758666091e-15,"Dendritic cells","RUFY3",0.574515671112964
"CPB2-AS17",6.86983991161491e-20,1.46062669735788,0.189,0.07,2.02900721789546e-15,"Dendritic cells","CPB2-AS1",0.276058445800639
"ZC3HAV15",6.87427273706055e-20,1.51982184872432,0.279,0.129,2.03031645289083e-15,"Dendritic cells","ZC3HAV1",0.424030295794085
"CORO72",7.74550110901144e-20,1.96501923004299,0.173,0.063,2.28763375254653e-15,"Dendritic cells","CORO7",0.339948326797438
"SNX32",8.25767800236856e-20,1.99662544693794,0.194,0.077,2.43890519799955e-15,"Dendritic cells","SNX3",0.38734533670596
"NBEAL22",1.83058203015907e-19,1.79670744429996,0.14,0.045,5.40662402607481e-15,"Dendritic cells","NBEAL2",0.251539042201994
"RUNX15",1.98026264028255e-19,1.28983531832506,0.618,0.478,5.84870570807451e-15,"Dendritic cells","RUNX1",0.797118226724885
"PIK3CG2",3.30571132953798e-19,1.80261774165246,0.109,0.03,9.76341841179042e-15,"Dendritic cells","PIK3CG",0.196485333840118
"UBE2F3",3.43155124583958e-19,1.86015175632223,0.189,0.074,1.01350866045872e-14,"Dendritic cells","UBE2F",0.351568681944902
"AKNA5",5.19293562004019e-19,1.13919514986802,0.253,0.111,1.53373353537887e-14,"Dendritic cells","AKNA",0.288216372916608
"MTMR101",5.61182108454872e-19,1.82728881578113,0.189,0.075,1.65745135732147e-14,"Dendritic cells","MTMR10",0.345357586182633
"DISC14",1.39423543389495e-18,1.27654813854833,0.318,0.163,4.11787435400873e-14,"Dendritic cells","DISC1",0.40594230805837
"FAM135A3",1.64319443661051e-18,1.47008385975638,0.3,0.153,4.85317476852914e-14,"Dendritic cells","FAM135A",0.441025157926913
"CLEC7A2",1.6727966172423e-18,1.66128902528998,0.173,0.065,4.94060480902514e-14,"Dendritic cells","CLEC7A",0.287403001375166
"INSYN2B8",1.78955380557157e-18,1.55006603401079,0.191,0.076,5.28544716475564e-14,"Dendritic cells","INSYN2B",0.296062612496061
"RAPGEF18",2.56743025127244e-18,1.08124146474763,0.488,0.306,7.58290524713316e-14,"Dendritic cells","RAPGEF1",0.527645834796843
"FARS25",2.78122397543027e-18,1.33904168049073,0.403,0.246,8.21434501143329e-14,"Dendritic cells","FARS2",0.539633797237764
"STIM26",3.91750348191289e-18,1.27929686166306,0.333,0.177,1.15703465338297e-13,"Dendritic cells","STIM2",0.4260058549338
"SDK13",4.85825947423321e-18,1.68719955157799,0.328,0.177,1.43488693571478e-13,"Dendritic cells","SDK1",0.553401452917582
"HTT5",5.1411619623622e-18,1.46163109719153,0.351,0.202,1.51844218558368e-13,"Dendritic cells","HTT",0.513032515114228
"ARHGAP313",5.16785679326398e-18,1.38190530340494,0.287,0.144,1.52632650389052e-13,"Dendritic cells","ARHGAP31",0.396606822077218
"TRPS14",1.18676749870812e-17,1.04668935391721,0.455,0.29,3.50511780743443e-13,"Dendritic cells","TRPS1",0.476243656032329
"ATP6V0A21",1.26132147191963e-17,1.85733584048332,0.137,0.047,3.72531296731464e-13,"Dendritic cells","ATP6V0A2",0.254455010146215
"CYFIP24",1.4078363578003e-17,1.53592037316453,0.168,0.063,4.15804468276319e-13,"Dendritic cells","CYFIP2",0.258034622691641
"AHR3",1.58997841469841e-17,1.29082707267376,0.38,0.226,4.69600124781174e-13,"Dendritic cells","AHR",0.490514287616027
"SLC20A15",3.31269236916876e-17,1.91530379923245,0.204,0.088,9.78403691233995e-13,"Dendritic cells","SLC20A1",0.390721975043419
"ZDHHC174",3.39757764029014e-17,1.68127880606448,0.243,0.116,1.00347455605969e-12,"Dendritic cells","ZDHHC17",0.408550749873669
"TIMMDC1",5.19843925544682e-17,2.45011995156232,0.134,0.047,1.53535903409622e-12,"Dendritic cells","TIMMDC1",0.328316073509351
"LAMP31",5.4505853073566e-17,2.03178195963843,0.134,0.046,1.60983037052777e-12,"Dendritic cells","LAMP3",0.272258782591549
"OSBPL34",6.86216701074625e-17,1.32543644413265,0.346,0.197,2.0267410266239e-12,"Dendritic cells","OSBPL3",0.458601009669896
"NFKB12",1.03894611628021e-16,1.88746951275093,0.331,0.194,3.0685273544336e-12,"Dendritic cells","NFKB1",0.624752408720557
"VASH1",1.06245755598528e-16,2.42025458938,0.109,0.034,3.13796839160253e-12,"Dendritic cells","VASH1",0.26380775024242
"MAP2K6",1.10639926043304e-16,1.79998790984217,0.109,0.033,3.26775021568897e-12,"Dendritic cells","MAP2K6",0.196198682172797
"ARHGAP221",1.38756440321496e-16,2.07342151169367,0.155,0.059,4.09817146489538e-12,"Dendritic cells","ARHGAP22",0.321380334312519
"GPR1831",1.47247997973883e-16,2.01778828304059,0.111,0.035,4.34896962015862e-12,"Dendritic cells","GPR183",0.223974499417506
"HAVCR24",1.63782889689711e-16,1.47253727005633,0.176,0.07,4.83732764698562e-12,"Dendritic cells","HAVCR2",0.259166559529914
"DIPK2A",1.65991916180037e-16,2.11728293530536,0.109,0.034,4.90257124437739e-12,"Dendritic cells","DIPK2A",0.230783839948284
"HIVEP12",1.98225816622572e-16,1.67125318226979,0.302,0.168,5.85459949394768e-12,"Dendritic cells","HIVEP1",0.504718461045478
"CCDC88B2",2.11307751625618e-16,1.82189319865523,0.119,0.039,6.24097444426262e-12,"Dendritic cells","CCDC88B",0.216805290639972
"CYTH44",2.28632964801768e-16,1.84092743516829,0.14,0.05,6.75267461542022e-12,"Dendritic cells","CYTH4",0.257729840923561
"WNT5B2",2.61278026972224e-16,2.54088324268041,0.129,0.045,7.71684652662465e-12,"Dendritic cells","WNT5B",0.327773938305773
"RGS15",3.1762936686567e-16,1.47660055274804,0.15,0.055,9.38118335037756e-12,"Dendritic cells","RGS1",0.221490082912206
"PPA13",4.52594927295554e-16,2.08257605854199,0.165,0.067,1.33673911776742e-11,"Dendritic cells","PPA1",0.343625049659429
"ATAD2B3",5.33217872272588e-16,1.29890440481702,0.367,0.221,1.57485898575709e-11,"Dendritic cells","ATAD2B",0.476697916567845
"MARCH83",5.33693814559709e-16,1.37878463376432,0.181,0.075,1.5762646813021e-11,"Dendritic cells","MARCH8",0.249560018711343
"B3GNTL1",7.11207839204955e-16,1.95091286891365,0.109,0.034,2.10055235309184e-11,"Dendritic cells","B3GNTL1",0.212649502711588
"PIK3R55",8.41059018124657e-16,1.06240375025752,0.339,0.182,2.48406781003118e-11,"Dendritic cells","PIK3R5",0.3601548713373
"NUB1",1.15538854562872e-15,2.20437766532481,0.168,0.07,3.41244006951444e-11,"Dendritic cells","NUB1",0.370335447774567
"CD842",1.47116547473121e-15,1.51458059978888,0.16,0.062,4.34508722961862e-11,"Dendritic cells","CD84",0.24233289596622
"MICAL1",1.86010559345979e-15,1.99675309143896,0.116,0.039,5.49382187028348e-11,"Dendritic cells","MICAL1",0.231623358606919
"HLA-DMB2",1.9645809227622e-15,1.78019596821737,0.132,0.047,5.80238975537814e-11,"Dendritic cells","HLA-DMB",0.234985867804693
"MVB12B4",2.03934538198839e-15,1.36039513698189,0.245,0.121,6.0232065857027e-11,"Dendritic cells","MVB12B",0.333296808560563
"SRGAP24",2.31833044111762e-15,1.56575827199837,0.256,0.131,6.8471889578409e-11,"Dendritic cells","SRGAP2",0.400834117631583
"CMTM62",2.45660792572712e-15,1.94884760954026,0.207,0.097,7.25559150863506e-11,"Dendritic cells","CMTM6",0.403411455174834
"BTN2A2",2.71126739279692e-15,2.16759563642652,0.103,0.033,8.00772824462572e-11,"Dendritic cells","BTN2A2",0.223262350551932
"FAM117B1",3.30720127544466e-15,1.65891884044226,0.16,0.064,9.7678189670258e-11,"Dendritic cells","FAM117B",0.265427014470761
"GAS74",3.93333093281728e-15,1.60970769561091,0.328,0.189,1.16170929100758e-10,"Dendritic cells","GAS7",0.52798412416038
"CDH232",4.20585161513125e-15,1.79548263384036,0.132,0.048,1.24219827452902e-10,"Dendritic cells","CDH23",0.237003707666927
"SLC22A234",4.78983429576677e-15,2.11515759980978,0.256,0.136,1.41467755925472e-10,"Dendritic cells","SLC22A23",0.541480345551304
"SLC15A4",7.86418892603444e-15,2.60033118808264,0.127,0.046,2.32268819930427e-10,"Dendritic cells","SLC15A4",0.330242060886495
"PTEN3",8.58168465195989e-15,1.16513361377672,0.408,0.27,2.53460056195635e-10,"Dendritic cells","PTEN",0.475374514420903
"HIP13",9.0472275752471e-15,1.42809699782476,0.38,0.241,2.67209866434923e-10,"Dendritic cells","HIP1",0.542676859173409
"NCKAP1L6",9.47461147098003e-15,1.18618333385597,0.24,0.116,2.79832649795395e-10,"Dendritic cells","NCKAP1L",0.284684000125432
"RAP1GAP25",1.03528827078596e-14,1.39893751459878,0.181,0.077,3.05772390776634e-10,"Dendritic cells","RAP1GAP2",0.253207690142379
"THRB4",1.06217145933268e-14,1.51592497105687,0.253,0.132,3.13712340513908e-10,"Dendritic cells","THRB",0.383529017677389
"CAMK2D3",1.07854023006047e-14,1.16609176004373,0.499,0.377,3.18546856948361e-10,"Dendritic cells","CAMK2D",0.581879788261823
"LRMP4",1.30538933114957e-14,1.38692419759854,0.14,0.052,3.85546738955026e-10,"Dendritic cells","LRMP",0.194169387663795
"SFT2D23",1.38072765041808e-14,1.56305121719471,0.202,0.093,4.07797911550981e-10,"Dendritic cells","SFT2D2",0.315736345873332
"TET22",1.7968634610634e-14,1.19054352205935,0.341,0.203,5.30703623225076e-10,"Dendritic cells","TET2",0.405975341022238
"IFNGR23",1.83297965019298e-14,1.39576582214228,0.276,0.151,5.41370539684497e-10,"Dendritic cells","IFNGR2",0.38523136691127
"TXN",1.85053470162168e-14,2.32937161724192,0.109,0.037,5.46555424123963e-10,"Dendritic cells","TXN",0.253901506279369
"TENM42",1.93998584802181e-14,1.87960880145508,0.137,0.052,5.7297482021324e-10,"Dendritic cells","TENM4",0.257506405799346
"NUP2105",2.63635795489975e-14,1.35805661957662,0.176,0.075,7.78648321979641e-10,"Dendritic cells","NUP210",0.239017965045486
"FAM118A2",2.76092850519322e-14,1.73926027799823,0.15,0.06,8.15440234008817e-10,"Dendritic cells","FAM118A",0.260889041699735
"CD862",5.12008478698981e-14,1.51199713774663,0.145,0.057,1.51221704183744e-09,"Dendritic cells","CD86",0.219239584973262
"CCDC126",5.1756349451156e-14,2.12902543438125,0.103,0.035,1.52862378103989e-09,"Dendritic cells","CCDC126",0.219289619741268
"ADCY75",7.77097698853932e-14,1.42247053984249,0.199,0.092,2.29515805356509e-09,"Dendritic cells","ADCY7",0.283071637428655
"ADAMTSL4-AS12",8.33730969263921e-14,1.48474138909522,0.202,0.095,2.46242441772099e-09,"Dendritic cells","ADAMTSL4-AS1",0.299917760597235
"ELOVL56",8.82409870983075e-14,1.35813037063486,0.341,0.201,2.60619755394851e-09,"Dendritic cells","ELOVL5",0.463122456386489
"FAM53B5",1.15685500582975e-13,1.43324706084339,0.23,0.117,3.41677125971817e-09,"Dendritic cells","FAM53B",0.329646823993979
"TSIX6",1.2664699540831e-13,1.04861163958295,0.354,0.213,3.74051900938443e-09,"Dendritic cells","TSIX",0.371208520412365
"RELB",1.58857229944137e-13,1.75688947366665,0.121,0.045,4.69184828640009e-09,"Dendritic cells","RELB",0.212583626313665
"ARSB1",2.2629531938312e-13,1.37283209895233,0.173,0.076,6.68363225798044e-09,"Dendritic cells","ARSB",0.237499953118753
"OXSR13",2.87509637109925e-13,1.62440613008919,0.251,0.136,8.49159713204164e-09,"Dendritic cells","OXSR1",0.407725938652387
"EZH22",3.24645355613475e-13,1.4505009866259,0.16,0.068,9.58840057804399e-09,"Dendritic cells","EZH2",0.232080157860144
"ERICH14",3.28458990969467e-13,1.74927376025216,0.279,0.16,9.7010362982832e-09,"Dendritic cells","ERICH1",0.488047379110352
"SOGA11",4.35128079760317e-13,1.75628015752816,0.132,0.052,1.2851507835721e-08,"Dendritic cells","SOGA1",0.231828980793717
"SUMF12",5.43539801305535e-13,1.0244988948614,0.375,0.239,1.6053448031559e-08,"Dendritic cells","SUMF1",0.384187085573025
"EDEM12",6.81772142858595e-13,1.27428993516342,0.222,0.113,2.01361402393286e-08,"Dendritic cells","EDEM1",0.28289236560628
"TMEM1315",7.50924133522496e-13,1.28874475397317,0.377,0.256,2.21785442835869e-08,"Dendritic cells","TMEM131",0.485856772247884
"N4BP22",7.9514138728793e-13,1.52411124971174,0.176,0.08,2.3484500873549e-08,"Dendritic cells","N4BP2",0.268243579949266
"VSIR1",8.31295368351339e-13,1.58028115068209,0.124,0.047,2.45523087042568e-08,"Dendritic cells","VSIR",0.195954862684579
"ADA21",1.50041181063529e-12,1.60588725741225,0.124,0.048,4.43146628271134e-08,"Dendritic cells","ADA2",0.199130019919119
"MIR4435-2HG5",1.5343095041779e-12,1.43702064691241,0.3,0.18,4.53158312058944e-08,"Dendritic cells","MIR4435-2HG",0.431106194073723
"DBNL1",2.34872071198693e-12,1.76719000626054,0.132,0.053,6.93694662285341e-08,"Dendritic cells","DBNL",0.233269080826391
"PTPN19",2.38192095929858e-12,1.31278635874126,0.364,0.243,7.03500355328835e-08,"Dendritic cells","PTPN1",0.477854234581819
"TBC1D95",2.62793458157279e-12,1.62034125306764,0.214,0.111,7.76160478667524e-08,"Dendritic cells","TBC1D9",0.346753028156476
"TRIM223",4.19295248312322e-12,1.29921960897771,0.217,0.113,1.23838851589044e-07,"Dendritic cells","TRIM22",0.281930655148164
"BMP2K4",4.4033785571053e-12,1.12717694742444,0.346,0.218,1.30053785684105e-07,"Dendritic cells","BMP2K",0.390003223808857
"ANTXR24",5.26046847385976e-12,1.2741437197173,0.274,0.157,1.55367936375448e-07,"Dendritic cells","ANTXR2",0.349115379202541
"PRMT24",6.5364227533765e-12,1.20554350633314,0.264,0.149,1.93053246020975e-07,"Dendritic cells","PRMT2",0.318263485671949
"MCL13",8.37762242644185e-12,1.21078971004189,0.295,0.178,2.4743307836496e-07,"Dendritic cells","MCL1",0.357182964462356
"SNX93",1.19595173037762e-11,1.02299893525434,0.307,0.188,3.53224343567031e-07,"Dendritic cells","SNX9",0.314060673123083
"PARVG1",1.67455010572891e-11,1.63221567807776,0.124,0.05,4.94578373727033e-07,"Dendritic cells","PARVG",0.202394744081643
"MEF2C5",2.56944061318917e-11,1.03058466787935,0.292,0.172,7.5888428510542e-07,"Dendritic cells","MEF2C",0.300930723020771
"TAP11",2.6321806192114e-11,1.598879688404,0.111,0.043,7.77414545884087e-07,"Dendritic cells","TAP1",0.177475645412843
"VRK23",3.17405538537563e-11,1.26520226322201,0.251,0.143,9.37457258070693e-07,"Dendritic cells","VRK2",0.317565768068726
"ZNF1241",4.37407809085099e-11,1.47746823564012,0.147,0.066,1.29188396413284e-06,"Dendritic cells","ZNF124",0.217187830639097
"KIAA19583",5.17597349662591e-11,1.73248429990374,0.176,0.087,1.52872377222846e-06,"Dendritic cells","KIAA1958",0.304917236783059
"FAM49A4",5.78510448158332e-11,1.30451260575165,0.271,0.162,1.70863060863563e-06,"Dendritic cells","FAM49A",0.353522916158697
"ANP32A4",7.92434962989684e-11,1.35290952422528,0.196,0.102,2.34045666319003e-06,"Dendritic cells","ANP32A",0.265170266748156
"TPK14",9.01537589694699e-11,1.13452052897851,0.233,0.129,2.66269127116329e-06,"Dendritic cells","TPK1",0.264343283251994
"MYO18A1",1.11511887047885e-10,1.29301807147023,0.152,0.07,3.29350358395927e-06,"Dendritic cells","MYO18A",0.196538746863475
"HLA-DMA1",1.23414568062869e-10,1.78732289159863,0.106,0.042,3.64504926773683e-06,"Dendritic cells","HLA-DMA",0.189456226509455
"DLGAP45",1.3268936816865e-10,1.35824092762922,0.176,0.088,3.91898048886109e-06,"Dendritic cells","DLGAP4",0.239050403262742
"AHCYL22",1.77799065929671e-10,1.09390886016944,0.297,0.186,5.25129541223284e-06,"Dendritic cells","AHCYL2",0.324890931470325
"PSMB91",1.94305049464034e-10,1.4729733176594,0.127,0.054,5.73879963592025e-06,"Dendritic cells","PSMB9",0.187067611342744
"DYNC1LI1",2.02729174123745e-10,1.54292628580397,0.137,0.061,5.98760615774482e-06,"Dendritic cells","DYNC1LI1",0.211380901155144
"CRLF33",3.05636504722286e-10,1.19102028246901,0.23,0.131,9.02697416697272e-06,"Dendritic cells","CRLF3",0.273934664967873
"TCOF1",3.09267565955649e-10,1.94451729720339,0.106,0.043,9.1342175605001e-06,"Dendritic cells","TCOF1",0.206118833503559
"PTPRE4",3.56985196437625e-10,1.01374029868429,0.336,0.222,1.05435577767852e-05,"Dendritic cells","PTPRE",0.34061674035792
"LIPE-AS11",5.11825203542369e-10,1.49020773404105,0.119,0.051,1.51167573866239e-05,"Dendritic cells","LIPE-AS1",0.177334720350885
"KCND31",5.33748350679187e-10,1.69872192906191,0.106,0.043,1.57642575373098e-05,"Dendritic cells","KCND3",0.180064524480563
"SGK32",6.61729835453256e-10,1.03574452396243,0.295,0.185,1.95441906901119e-05,"Dendritic cells","SGK3",0.305544634568916
"KLHL65",8.46156075571e-10,1.23146979165414,0.176,0.09,2.49912196919895e-05,"Dendritic cells","KLHL6",0.216738683331128
"PELI16",9.13198574636498e-10,1.30350616556332,0.292,0.187,2.6971319901889e-05,"Dendritic cells","PELI1",0.38062380034449
"SINHCAF2",9.62395789635111e-10,1.58226256790959,0.119,0.052,2.8424359646873e-05,"Dendritic cells","SINHCAF",0.188289245581241
"SPI12",9.67261981458911e-10,1.16852472255294,0.14,0.064,2.85680826223889e-05,"Dendritic cells","SPI1",0.163593461157412
"RNASET23",1.33815321392781e-09,1.33886279993068,0.15,0.072,3.9522355173358e-05,"Dendritic cells","RNASET2",0.200829419989602
"WARS4",1.81304945172738e-09,1.26309751816952,0.178,0.093,5.35484155567682e-05,"Dendritic cells","WARS",0.224831358234174
"MTMR16",1.91262197329375e-09,1.45724973602661,0.165,0.085,5.64892899812311e-05,"Dendritic cells","MTMR1",0.240446206444391
"PRCP2",2.07781201907601e-09,1.59595594969326,0.103,0.042,6.136817798341e-05,"Dendritic cells","PRCP",0.164383462818406
"SMCO41",2.18980071758661e-09,1.66455635696185,0.109,0.046,6.46757641939206e-05,"Dendritic cells","SMCO4",0.181436642908842
"LPGAT15",2.71043111002886e-09,1.16025041536265,0.199,0.11,8.00525828347025e-05,"Dendritic cells","LPGAT1",0.230889832657167
"TRABD1",3.72667995635101e-09,1.68903366106389,0.101,0.042,0.000110067492510827,"Dendritic cells","TRABD",0.170592399767453
"RPS6KC13",4.99691426151018e-09,1.10227836420704,0.279,0.179,0.000147583862713703,"Dendritic cells","RPS6KC1",0.307535663613763
"CD585",6.2904432150476e-09,1.12700548848033,0.189,0.103,0.000185788240356431,"Dendritic cells","CD58",0.213004037322783
"NABP11",7.40098324616392e-09,1.75828122242831,0.14,0.069,0.000218588040175451,"Dendritic cells","NABP1",0.246159371139964
"GRSF1",8.58698735487025e-09,2.25189740239059,0.109,0.048,0.000253616671526093,"Dendritic cells","GRSF1",0.245456816860575
"HSPA1B5",8.96647871178486e-09,1.06993321907354,0.171,0.089,0.000264824948752566,"Dendritic cells","HSPA1B",0.182958580461575
"TARBP13",1.31739654430948e-08,1.34017800963451,0.16,0.084,0.000389093069361804,"Dendritic cells","TARBP1",0.214428481541522
"CXCR43",1.3274979316763e-08,1.29509469590689,0.101,0.043,0.000392076514120595,"Dendritic cells","CXCR4",0.130804564286596
"ST73",1.36370716492996e-08,1.50484281553135,0.147,0.075,0.000402770911162064,"Dendritic cells","ST7",0.221211893883109
"GNA123",1.47746252279999e-08,1.15567923508929,0.258,0.165,0.000436368556108976,"Dendritic cells","GNA12",0.298165242653037
"GDI24",1.54964718619341e-08,1.22516988737238,0.204,0.118,0.000457688296442224,"Dendritic cells","GDI2",0.249934657023965
"NMT14",1.57007582973105e-08,1.22799092106695,0.204,0.119,0.000463721896311065,"Dendritic cells","NMT1",0.250510147897658
"UGCG5",2.01696557674413e-08,1.60948162695754,0.271,0.182,0.000595710783091379,"Dendritic cells","UGCG",0.436169520905495
"KLHL25",2.07601908400048e-08,1.19397672476223,0.204,0.12,0.000613152236459541,"Dendritic cells","KLHL2",0.243571251851495
"TGFBR13",2.20585897239864e-08,1.08319683867786,0.189,0.106,0.000651500447497939,"Dendritic cells","TGFBR1",0.204724202510115
"EPSTI13",2.31854287313522e-08,1.13606358708433,0.245,0.155,0.000684781637580488,"Dendritic cells","EPSTI1",0.278335578835662
"SYMPK3",3.25114187933659e-08,1.26897481231012,0.178,0.099,0.000960224754062063,"Dendritic cells","SYMPK",0.225877516591201
"TTF21",3.95620089053916e-08,1.41893119956895,0.106,0.048,0.00116846393302074,"Dendritic cells","TTF2",0.150406707154309
"KLHL54",4.44077520682485e-08,1.15017199454454,0.168,0.091,0.00131158295733572,"Dendritic cells","KLHL5",0.193228895083482
"TMEM2601",4.46662657946453e-08,1.25625960622285,0.158,0.084,0.00131921816024485,"Dendritic cells","TMEM260",0.19848901778321
"KLHL222",5.00439891842835e-08,1.36732018456758,0.134,0.067,0.00147804922055781,"Dendritic cells","KLHL22",0.183220904732055
"NAP1L13",5.06891803149695e-08,1.14958209139839,0.284,0.192,0.00149710494060263,"Dendritic cells","NAP1L1",0.326481313957144
"TRAK13",6.0836893488656e-08,1.0653294865555,0.307,0.218,0.00179681764918745,"Dendritic cells","TRAK1",0.327056152372539
"AP1S34",6.26385119200035e-08,1.2771337928548,0.114,0.053,0.0018500284495573,"Dendritic cells","AP1S3",0.145593252385447
"DCP25",6.92865860754118e-08,1.14662404539324,0.202,0.119,0.00204637931973729,"Dendritic cells","DCP2",0.231618057169434
"DCLRE1C1",7.16648367815445e-08,1.60673246473061,0.103,0.047,0.00211662095434292,"Dendritic cells","DCLRE1C",0.165493443867253
"ARHGAP46",7.17250028594829e-08,1.17857488460695,0.114,0.053,0.00211839795945483,"Dendritic cells","ARHGAP4",0.134357536845192
"ST3GAL64",8.25687151636563e-08,2.12539538569004,0.16,0.091,0.00243866700235859,"Dendritic cells","ST3GAL6",0.340063261710407
"MAN2B11",9.18934319273482e-08,1.39376005079911,0.114,0.054,0.00271407251197423,"Dendritic cells","MAN2B1",0.158888645791099
"AGPAT33",1.36485009052735e-07,1.00681021707801,0.245,0.158,0.00403108474237252,"Dendritic cells","AGPAT3",0.246668503184112
"GALNT72",1.738366821047e-07,1.14226915318308,0.165,0.092,0.00513426640596231,"Dendritic cells","GALNT7",0.188474410275208
"MBOAT24",2.60870059685082e-07,1.54836313781814,0.142,0.076,0.00770479721279889,"Dendritic cells","MBOAT2",0.219867565570177
"SLC25A252",2.89572136644651e-07,1.38600950536689,0.119,0.059,0.00855251305579975,"Dendritic cells","SLC25A25",0.16493513113866
"NHLRC24",2.90937834633796e-07,1.20629770462917,0.155,0.085,0.00859284894590917,"Dendritic cells","NHLRC2",0.186976144217522
"AIDA",3.31064665286746e-07,1.30277704177909,0.114,0.056,0.00977799488924405,"Dendritic cells","AIDA",0.148516582762817
"LONRF11",3.42918776575439e-07,1.40528974854168,0.119,0.059,0.0101281060661556,"Dendritic cells","LONRF1",0.16722948007646
"TCF44",3.52220654855071e-07,1.12822346054149,0.372,0.271,0.0104028370411445,"Dendritic cells","TCF4",0.419699127321432
"KDM1B1",4.02756434233081e-07,1.46707134907022,0.106,0.051,0.011895411285074,"Dendritic cells","KDM1B",0.155509563001443
"SUSD63",4.18797220370992e-07,1.07966486470537,0.279,0.194,0.0123691759036573,"Dendritic cells","SUSD6",0.301226497252798
"ZNF846",4.2023548321377e-07,1.60550935492257,0.103,0.049,0.0124116549967187,"Dendritic cells","ZNF846",0.165367463557025
"CTNNBL13",4.78450540977435e-07,1.02378202807436,0.181,0.106,0.0141310367277685,"Dendritic cells","CTNNBL1",0.18530454708146
"USP122",5.12584994205709e-07,1.42997908056218,0.202,0.128,0.0151391978038656,"Dendritic cells","USP12",0.288855774273561
"RAC13",7.52734619546551e-07,1.17063557340869,0.194,0.12,0.0222320169883074,"Dendritic cells","RAC1",0.227103301241287
"NSMAF3",7.78873508841245e-07,1.07273573751454,0.171,0.099,0.0230040290836262,"Dendritic cells","NSMAF",0.183437811114986
"STARD72",1.14083506486356e-06,1.46324394522759,0.114,0.058,0.0336945636407452,"Dendritic cells","STARD7",0.166809809755946
"CLASRP2",1.22495505119621e-06,1.2099852514834,0.16,0.093,0.0361790474370802,"Dendritic cells","CLASRP",0.193597640237344
"STX123",1.33059911119777e-06,1.01426287872289,0.243,0.164,0.0392992447492262,"Dendritic cells","STX12",0.246465879529661
"N4BP2L11",1.43446245916095e-06,1.25760112828974,0.158,0.092,0.0423668487313186,"Dendritic cells","N4BP2L1",0.198700978269779
"STRBP6",1.46570449854037e-06,1.05345511440348,0.199,0.124,0.0432895823643897,"Dendritic cells","STRBP",0.209637567766292
"PPP3R14",1.51341397996695e-06,1.02004497782545,0.297,0.216,0.0446986818983238,"Dendritic cells","PPP3R1",0.302953358414159
"SPOPL3",1.55268872532926e-06,1.02862985959054,0.189,0.115,0.0458586615025996,"Dendritic cells","SPOPL",0.194411043462613
"CEP3504",1.61272572764148e-06,1.12019119761681,0.331,0.253,0.0476318543658912,"Dendritic cells","CEP350",0.370783286411163
"SRSF72",2.18434064534471e-06,1.22353812001829,0.15,0.087,0.0645145009602559,"Dendritic cells","SRSF7",0.183530718002744
"ABCC43",2.51967117452052e-06,1.26220652912017,0.196,0.125,0.0744184881394635,"Dendritic cells","ABCC4",0.247392479707554
"TNFAIP22",2.77363242403676e-06,1.5483850450469,0.16,0.096,0.0819192336439257,"Dendritic cells","TNFAIP2",0.247741607207504
"PDE4A2",3.00680703114435e-06,1.78388840200872,0.109,0.056,0.0888060456648485,"Dendritic cells","PDE4A",0.194443835818951
"ERAP25",3.15713012764107e-06,1.08802387792515,0.142,0.08,0.093245838319879,"Dendritic cells","ERAP2",0.154499390665372
"CCDC122",3.40865056822448e-06,1.22644784458945,0.121,0.065,0.10067449453251,"Dendritic cells","CCDC12",0.148400189195324
"ZMIZ22",4.39492596979167e-06,1.2902621413266,0.121,0.066,0.129804138517797,"Dendritic cells","ZMIZ2",0.156121719100519
"CKLF2",6.35204671415497e-06,1.13292430835511,0.109,0.057,0.187607699702567,"Dendritic cells","CKLF",0.123488749610708
"SLC25A293",6.43935079015357e-06,1.3883420428292,0.109,0.057,0.190186225587186,"Dendritic cells","SLC25A29",0.151329282668383
"MAPK91",7.48506946778972e-06,1.390568983999,0.106,0.056,0.221071526731169,"Dendritic cells","MAPK9",0.147400312303894
"RUBCN3",7.78847273573522e-06,1.33050517659833,0.129,0.073,0.23003254224994,"Dendritic cells","RUBCN",0.171635167781185
"OTULINL2",1.47358817863739e-05,1.22042602236763,0.109,0.058,0.435224268560553,"Dendritic cells","OTULINL",0.133026436438072
"CEP1522",1.53169852506128e-05,1.35322261215194,0.101,0.053,0.452387159376849,"Dendritic cells","CEP152",0.136675483827346
"MAP3K134",1.54213540141603e-05,1.19053073609735,0.189,0.125,0.455469690808224,"Dendritic cells","MAP3K13",0.225010309122398
"NDEL14",1.82253005053023e-05,1.51261106532722,0.15,0.093,0.538284250424104,"Dendritic cells","NDEL1",0.226891659799084
"PLXNC13",1.90890738544936e-05,1.13308856845277,0.191,0.126,0.56379579629247,"Dendritic cells","PLXNC1",0.216419916574478
"PTP4A24",1.91438641288925e-05,1.09997947284383,0.22,0.153,0.56541402704684,"Dendritic cells","PTP4A2",0.241995484025643
"FBRSL11",2.11861699126492e-05,1.34731151607147,0.119,0.068,0.625733528370095,"Dendritic cells","FBRSL1",0.160330070412505
"ERO1B1",2.65238736174103e-05,1.0434793141971,0.114,0.063,0.783382607290213,"Dendritic cells","ERO1B",0.118956641818469
"GPAT4",3.42226354014218e-05,1.1712603862073,0.101,0.054,1,"Dendritic cells","GPAT4",0.118297299006937
"MOB1A1",3.77347532111958e-05,1.13164745260654,0.114,0.064,1,"Dendritic cells","MOB1A",0.129007809597146
"PACS22",4.14312029320785e-05,1.00316232033698,0.137,0.082,1,"Dendritic cells","PACS2",0.137433237886166
"ADAM122",5.14980903395252e-05,1.23052419756479,0.109,0.061,1,"Dendritic cells","ADAM12",0.134127137534563
"CCDC2001",5.81761827865121e-05,1.35833034611622,0.103,0.058,1,"Dendritic cells","CCDC200",0.139908025649971
"EIF2AK42",7.3834684000599e-05,1.15798102260657,0.145,0.091,1,"Dendritic cells","EIF2AK4",0.167907248277953
"TLE34",8.67170134857683e-05,1.08597609664851,0.119,0.07,1,"Dendritic cells","TLE3",0.129231155501172
"RUNX25",8.74913161606473e-05,1.31349526135008,0.183,0.125,1,"Dendritic cells","RUNX2",0.240369632827065
"CTTNBP2NL3",8.84803283236005e-05,1.31893197344722,0.16,0.105,1,"Dendritic cells","CTTNBP2NL",0.211029115751556
"SRGAP2C1",9.06013624816281e-05,1.3448791277019,0.101,0.056,1,"Dendritic cells","SRGAP2C",0.135832791897892
"NAA25",9.12565234991711e-05,1.12814959384389,0.15,0.096,1,"Dendritic cells","NAA25",0.169222439076584
"INPP4A6",9.71006675559769e-05,1.01847299430219,0.276,0.216,1,"Dendritic cells","INPP4A",0.281098546427403
"TES4",0.000108866556395512,1.01739525138234,0.14,0.087,1,"Dendritic cells","TES",0.142435335193528
"TENT4A3",0.000125942525988496,1.13242196305776,0.176,0.119,1,"Dendritic cells","TENT4A",0.199306265498166
"BRF11",0.000134248434712383,1.19284851102139,0.101,0.057,1,"Dendritic cells","BRF1",0.12047769961316
"FANCL2",0.000139137921269878,1.24160666223444,0.124,0.076,1,"Dendritic cells","FANCL",0.153959226117071
"IL13RA11",0.000145377561415074,1.15514122378766,0.145,0.093,1,"Dendritic cells","IL13RA1",0.167495477449211
"AMFR2",0.000148835882124664,1.17517496409206,0.103,0.059,1,"Dendritic cells","AMFR",0.121043021301482
"LYRM41",0.000174229119953484,1.31242804144231,0.103,0.06,1,"Dendritic cells","LYRM4",0.135180088268558
"CFLAR-AS13",0.000196832800250407,1.15430275288071,0.158,0.105,1,"Dendritic cells","CFLAR-AS1",0.182379834955152
"SRGAP2B1",0.000209654936886693,1.22445743106696,0.101,0.058,1,"Dendritic cells","SRGAP2B",0.123670200537763
"PTTG1IP3",0.000238416201688322,1.06290001299231,0.176,0.121,1,"Dendritic cells","PTTG1IP",0.187070402286646
"BLOC1S6",0.000256850318462921,1.20275113314546,0.101,0.059,1,"Dendritic cells","BLOC1S6",0.121477864447691
"APAF13",0.000260399349734296,1.16959369285788,0.127,0.08,1,"Dendritic cells","APAF1",0.148538398992951
"ZFAT1",0.00026510849005333,1.80241849273876,0.109,0.066,1,"Dendritic cells","ZFAT",0.196463615708525
"ATP11C3",0.000312655758177084,1.1448002716826,0.165,0.113,1,"Dendritic cells","ATP11C",0.188892044827628
"BCR7",0.000360454227718971,1.16297284308466,0.15,0.101,1,"Dendritic cells","BCR",0.1744459264627
"GRAMD43",0.000440066677228976,1.14204536426713,0.127,0.081,1,"Dendritic cells","GRAMD4",0.145039761261926
"APPL11",0.000529393357240955,1.13389636882351,0.132,0.086,1,"Dendritic cells","APPL1",0.149674320684703
"IL3RA4",0.000664837679170022,1.54875153356744,0.116,0.075,1,"Dendritic cells","IL3RA",0.179655177893824
"MALT15",0.000684595342310002,1.47359381834277,0.165,0.117,1,"Dendritic cells","MALT1",0.243142980026557
"L3MBTL43",0.000740690903064804,1.46624179834848,0.245,0.198,1,"Dendritic cells","L3MBTL4",0.359229240595379
"AMZ12",0.000949149471683639,1.31475152045442,0.124,0.082,1,"Dendritic cells","AMZ1",0.163029188536348
"TUBB64",0.000983207060874284,1.02568803093689,0.106,0.066,1,"Dendritic cells","TUBB6",0.10872293127931
"SELENOO",0.00109616178519532,1.19959945675257,0.106,0.067,1,"Dendritic cells","SELENOO",0.127157542415773
"TFCP23",0.00123435476106478,1.01374811112499,0.194,0.146,1,"Dendritic cells","TFCP2",0.196667133558248
"WDR412",0.00168361482029277,1.01360175357028,0.124,0.083,1,"Dendritic cells","WDR41",0.125686617442715
"ASMTL",0.00177466396808935,1.22369528915793,0.103,0.066,1,"Dendritic cells","ASMTL",0.126040614783267
"G3BP23",0.00194427079890067,1.1193375968041,0.14,0.098,1,"Dendritic cells","G3BP2",0.156707263552575
"TRIM51",0.00210875042731952,1.01658170770822,0.119,0.079,1,"Dendritic cells","TRIM5",0.120973223217278
"ACOT92",0.00367567186806583,1.27921590651394,0.101,0.067,1,"Dendritic cells","ACOT9",0.129200806557907
"FAM160A13",0.00575110830420174,2.00337059949086,0.129,0.096,1,"Dendritic cells","FAM160A1",0.258434807334321
"PLCL14",0.00971846744909998,1.06808454429179,0.147,0.111,1,"Dendritic cells","PLCL1",0.157008428010893
"ANK1",0,11.2139080226509,0.878,0.002,0,"Erythroid-like","ANK1",9.84581124388747
"SLC25A37",0,9.58423143280935,0.869,0.009,0,"Erythroid-like","SLC25A37",8.32869711511133
"SLC4A1",0,13.3583989789721,0.836,0,0,"Erythroid-like","SLC4A1",11.1676215464207
"HBB",0,11.0330418421273,0.836,0.003,0,"Erythroid-like","HBB",9.22362298001842
"SPTA1",0,12.3199454488451,0.826,0.001,0,"Erythroid-like","SPTA1",10.1762749407461
"MARCH84",0,5.59672580496873,0.765,0.074,0,"Erythroid-like","MARCH8",4.28149524080108
"SPTB",0,9.33654448488599,0.69,0.004,0,"Erythroid-like","SPTB",6.44221569457133
"SOX64",0,6.24196537121715,0.742,0.064,0,"Erythroid-like","SOX6",4.63153830544313
"CA1",0,8.06059887586668,0.634,0.019,0,"Erythroid-like","CA1",5.11041968729948
"HBA2",0,10.2632757828561,0.615,0.002,0,"Erythroid-like","HBA2",6.31191460645652
"HBA1",0,10.9822795132871,0.606,0.001,0,"Erythroid-like","HBA1",6.65526138505195
"ALAS2",0,11.1747633391187,0.582,0.001,0,"Erythroid-like","ALAS2",6.50371226336709
"RGS63",0,5.38580024559472,0.535,0.025,0,"Erythroid-like","RGS6",2.88140313139317
"CA2",0,7.35255645279507,0.516,0.009,0,"Erythroid-like","CA2",3.79391912964225
"GMPR",0,6.56633594771947,0.502,0.019,0,"Erythroid-like","GMPR",3.29630064575517
"SLC2A1",0,6.35090130543445,0.437,0.014,0,"Erythroid-like","SLC2A1",2.77534387047485
"EPB42",0,11.4347752982941,0.423,0,0,"Erythroid-like","EPB42",4.83690995117842
"DMTN",0,6.89960224147044,0.399,0.01,0,"Erythroid-like","DMTN",2.7529412943467
"SLC22A16",0,10.5694632647415,0.338,0.001,0,"Erythroid-like","SLC22A16",3.57247858348263
"HEMGN",0,12.0505730854503,0.315,0,0,"Erythroid-like","HEMGN",3.79593052191683
"CR1L",0,11.5454710315059,0.296,0,0,"Erythroid-like","CR1L",3.41745942532574
"KEL",0,8.28085268870544,0.296,0.002,0,"Erythroid-like","KEL",2.45113239585681
"RHAG",0,9.62040335891501,0.282,0.001,0,"Erythroid-like","RHAG",2.71295374721403
"TRIM58",0,8.3208460684066,0.249,0.003,0,"Erythroid-like","TRIM58",2.07189067103324
"RHCE",0,8.28305216455445,0.239,0.002,0,"Erythroid-like","RHCE",1.97964946732851
"HBM",0,11.7120306840548,0.225,0,0,"Erythroid-like","HBM",2.63520690391232
"HBD",0,12.1682600636026,0.221,0,0,"Erythroid-like","HBD",2.68918547405618
"CPB1",0,9.12998585864679,0.192,0.001,0,"Erythroid-like","CPB1",1.75295728486018
"TMCC2",0,7.68077406509568,0.192,0.004,0,"Erythroid-like","TMCC2",1.47470862049837
"AHSP",0,11.1275982673304,0.169,0,0,"Erythroid-like","AHSP",1.88056410717884
"TFR2",0,6.79959013686716,0.169,0.003,0,"Erythroid-like","TFR2",1.14913073313055
"ACSL6",0,6.72374089053799,0.155,0.003,0,"Erythroid-like","ACSL6",1.04217983803339
"GYPB",0,8.68691515847669,0.127,0.001,0,"Erythroid-like","GYPB",1.10323822512654
"BEST3",0,10.317317083548,0.122,0,0,"Erythroid-like","BEST3",1.25871268419286
"GYPA",0,11.9353552453565,0.113,0,0,"Erythroid-like","GYPA",1.34869514272528
"TRIM10",0,11.0671371975955,0.113,0,0,"Erythroid-like","TRIM10",1.2505865033283
"MFSD2B",6.22151600122918e-306,6.26470186506271,0.169,0.004,1.83752475096304e-301,"Erythroid-like","MFSD2B",1.0587346151956
"FHDC11",1.39169732893495e-303,5.66599039285791,0.432,0.026,4.11037806100936e-299,"Erythroid-like","FHDC1",2.44770784971461
"SNCA",5.73733035733158e-298,5.556978650716,0.446,0.029,1.69452052103788e-293,"Erythroid-like","SNCA",2.47841247821933
"SPECC13",1.62419384333123e-279,5.04799625349979,0.592,0.055,4.79705651627878e-275,"Erythroid-like","SPECC1",2.98841378207187
"SLC14A1",6.03729840499714e-276,5.38202150018147,0.277,0.012,1.78311608391591e-271,"Erythroid-like","SLC14A1",1.49081995555027
"FECH",2.23366797340107e-274,5.80035503040702,0.338,0.018,6.59713835944006e-270,"Erythroid-like","FECH",1.96052000027757
"TLCD4",7.81833735390236e-274,5.97059429204483,0.357,0.02,2.30914593747506e-269,"Erythroid-like","TLCD4",2.13150216226
"TSPAN54",5.77872692593689e-270,5.30822150234625,0.85,0.13,1.70674699757546e-265,"Erythroid-like","TSPAN5",4.51198827699431
"CAT3",1.19870435690876e-244,5.3162234245751,0.601,0.065,3.54037331813003e-240,"Erythroid-like","CAT",3.19505027816964
"TRAK21",4.32354740843836e-237,4.95950680219757,0.624,0.073,1.27695972708227e-232,"Erythroid-like","TRAK2",3.09473224457128
"FAM117A",5.55710927426594e-224,4.83993258401466,0.408,0.031,1.64129222415444e-219,"Erythroid-like","FAM117A",1.97469249427798
"BSG",3.0636720243508e-223,5.68972953973531,0.465,0.042,9.04855532392008e-219,"Erythroid-like","BSG",2.64572423597692
"ART4",3.40738011065895e-222,5.83020219849135,0.178,0.006,1.00636971568312e-217,"Erythroid-like","ART4",1.03777599133146
"GCLC1",9.14407169313348e-222,4.96171771377418,0.512,0.051,2.70070157456697e-217,"Erythroid-like","GCLC",2.54039946945238
"GYPE",5.065039065296e-221,6.18570711942831,0.174,0.006,1.49595928793517e-216,"Erythroid-like","GYPE",1.07631303878053
"RBM38",1.55177865516446e-220,5.34581170027329,0.291,0.016,4.58317825802824e-216,"Erythroid-like","RBM38",1.55563120477953
"SMOX",2.93848184888156e-210,6.37734599214378,0.136,0.004,8.67880614067168e-206,"Erythroid-like","SMOX",0.867319054931554
"TESC",1.93884572314275e-206,5.54049110250941,0.221,0.01,5.72638084330212e-202,"Erythroid-like","TESC",1.22444853365458
"UBAC1",3.89845489143394e-204,5.36664802867632,0.394,0.032,1.15140865218501e-199,"Erythroid-like","UBAC1",2.11445932329847
"TAL1",4.02563928483413e-198,5.7118707019433,0.136,0.004,1.18897256277576e-193,"Erythroid-like","TAL1",0.776814415464289
"STRADB",9.22223945172314e-173,5.01054225337739,0.469,0.054,2.72378842206643e-168,"Erythroid-like","STRADB",2.34994431683399
"RANBP101",1.01586654793524e-172,4.85863608791662,0.521,0.067,3.00036184932672e-168,"Erythroid-like","RANBP10",2.53134940180456
"EIF2AK1",5.01297662252484e-171,4.66050087217708,0.493,0.06,1.48058264546271e-166,"Erythroid-like","EIF2AK1",2.2976269299833
"BLVRB1",4.22929919444938e-168,4.812000495764,0.441,0.049,1.24912351708063e-163,"Erythroid-like","BLVRB",2.12209221863192
"MBOAT25",5.88993903624186e-160,4.47832710128575,0.535,0.076,1.73959349435403e-155,"Erythroid-like","MBOAT2",2.39590499918788
"GLRX5",1.691915051028e-156,5.88227447093895,0.169,0.008,4.99707110321118e-152,"Erythroid-like","GLRX5",0.994104385588683
"CDC25C1",3.88495057691846e-155,5.58050856271566,0.16,0.007,1.14742015289287e-150,"Erythroid-like","CDC25C",0.892881370034505
"CENPF1",1.59115607783756e-154,4.88591198173323,0.286,0.022,4.69947947589325e-150,"Erythroid-like","CENPF",1.3973708267757
"MARCH35",4.834682247156e-150,4.10673336409594,0.554,0.084,1.42792340169752e-145,"Erythroid-like","MARCH3",2.27513028370915
"GATA1",3.99387404003694e-149,6.34563011605988,0.113,0.004,1.17959069772491e-144,"Erythroid-like","GATA1",0.717056203114766
"SLC25A39",7.96246943000122e-146,5.48143920230273,0.239,0.016,2.35171534615086e-141,"Erythroid-like","SLC25A39",1.31006396935035
"TOP2A1",9.77870104893493e-145,4.87313895555984,0.272,0.021,2.88813935480293e-140,"Erythroid-like","TOP2A",1.32549379591228
"PRC11",1.20311829364361e-144,5.08748997673829,0.235,0.016,3.55340988027641e-140,"Erythroid-like","PRC1",1.1955601445335
"HMBS",6.76734999873258e-142,5.84489462696157,0.136,0.005,1.99873682212567e-137,"Erythroid-like","HMBS",0.794905669266774
"FBXO7",7.30743281841242e-134,4.26064351447759,0.479,0.07,2.15825028291811e-129,"Erythroid-like","FBXO7",2.04084824343476
"MKI672",1.30682025340532e-133,4.42584926166043,0.286,0.025,3.85969361843261e-129,"Erythroid-like","MKI67",1.26579288883488
"PPME11",2.54243091271354e-131,4.51585038007169,0.488,0.075,7.50906970069945e-127,"Erythroid-like","PPME1",2.20373498547499
"SLC25A21",6.83007501778272e-131,5.72439245308108,0.235,0.017,2.01726265650213e-126,"Erythroid-like","SLC25A21",1.34523222647405
"SLC22A235",2.41404340134296e-129,3.59808571888461,0.643,0.135,7.12987718586643e-125,"Erythroid-like","SLC22A23",2.3135691172428
"CD365",4.08572099165251e-127,3.58725635880529,0.549,0.095,1.20671769488457e-122,"Erythroid-like","CD36",1.9694037409841
"CLK3",4.21762168656288e-124,4.87757216261531,0.315,0.033,1.24567456512635e-119,"Erythroid-like","CLK3",1.53643523122382
"MOB1B3",1.82997669491989e-123,4.162119696988,0.563,0.108,5.40483616844591e-119,"Erythroid-like","MOB1B",2.34327338940424
"HECTD43",2.12197388893641e-120,3.96944651517795,0.718,0.198,6.26724988097369e-116,"Erythroid-like","HECTD4",2.85006259789777
"EPB415",2.20958674010759e-120,3.72059442103074,0.714,0.187,6.52601443690776e-116,"Erythroid-like","EPB41",2.65650441661595
"ADD2",9.63091618631046e-119,5.56568857472446,0.113,0.004,2.84449109562679e-114,"Erythroid-like","ADD2",0.628922808943863
"TFRC2",2.32388135293706e-117,2.63145855964736,0.662,0.143,6.86358357589961e-113,"Erythroid-like","TFRC",1.74202556648655
"TMOD12",7.19601313885693e-117,4.36680455917988,0.244,0.021,2.12534248056139e-112,"Erythroid-like","TMOD1",1.06550031243989
"NCAPG1",2.65850559291175e-112,4.94109346634101,0.202,0.015,7.85189626866485e-108,"Erythroid-like","NCAPG",0.998100880200884
"TMEM131L7",6.32208259541294e-112,3.58124364503785,0.662,0.165,1.86722709455521e-107,"Erythroid-like","TMEM131L",2.37078329301505
"MINPP1",6.12060613637482e-111,4.80151427730264,0.254,0.023,1.8077210223783e-106,"Erythroid-like","MINPP1",1.21958462643487
"CPOX",1.68989158942357e-106,4.62814236953747,0.211,0.017,4.99109480936251e-102,"Erythroid-like","CPOX",0.976538039972405
"E2F21",1.91147459310783e-105,5.48329559623069,0.127,0.006,5.64554021074397e-101,"Erythroid-like","E2F2",0.696378540721297
"USP156",7.57574195686483e-104,3.49862964112806,0.831,0.333,2.23749538696003e-99,"Erythroid-like","USP15",2.90736123177742
"TAB3",1.16843355691869e-103,4.56966202390991,0.347,0.047,3.45096851035936e-99,"Erythroid-like","TAB3",1.58567272229674
"SUCO2",3.3517286756887e-102,4.59980884145357,0.531,0.112,9.89933064364659e-98,"Erythroid-like","SUCO",2.44249849481184
"RAPGEF24",5.5658984551288e-101,3.75271919538248,0.803,0.312,1.64388810872229e-96,"Erythroid-like","RAPGEF2",3.01343351389213
"MXI11",9.93520939157662e-101,3.8991995886982,0.413,0.067,2.93436409380216e-96,"Erythroid-like","MXI1",1.61036943013236
"RAP1GAP1",9.97547018990521e-100,5.1803099842219,0.188,0.014,2.9462551205885e-95,"Erythroid-like","RAP1GAP",0.973898277033717
"HJURP1",4.21856616660366e-98,5.47860234338599,0.122,0.006,1.24595351730639e-93,"Erythroid-like","HJURP",0.668389485893091
"TPX21",8.05762264898594e-98,5.07981651781791,0.178,0.013,2.379818849378e-93,"Erythroid-like","TPX2",0.904207340171588
"DENND4A6",2.91612298487907e-97,3.32048442563761,0.784,0.295,8.61276923584032e-93,"Erythroid-like","DENND4A",2.60325978969989
"BMP2K5",2.37942978012742e-94,3.19815213149086,0.695,0.217,7.02764585560633e-90,"Erythroid-like","BMP2K",2.22271573138615
"NARF1",2.17659813287618e-92,4.09106150527854,0.38,0.061,6.42858258544979e-88,"Erythroid-like","NARF",1.55460337200585
"MACO13",6.66077073365992e-91,4.57138206189315,0.455,0.091,1.96725863618646e-86,"Erythroid-like","MACO1",2.07997883816138
"CENPE2",8.91630623018357e-89,4.64619767997234,0.249,0.027,2.63343104508472e-84,"Erythroid-like","CENPE",1.15690322231311
"NUSAP11",1.60285849044287e-88,4.43832507025242,0.216,0.021,4.73404255152302e-84,"Erythroid-like","NUSAP1",0.958678215174522
"CIT1",3.29416755012939e-88,4.47675594953196,0.268,0.032,9.72932385930715e-84,"Erythroid-like","CIT",1.19977059447457
"WNK13",4.86028989214667e-88,3.15903429646628,0.784,0.335,1.43548661964552e-83,"Erythroid-like","WNK1",2.47668288842956
"TOP12",9.51490980018211e-85,3.43849622047776,0.751,0.303,2.81022860948379e-80,"Erythroid-like","TOP1",2.5823106615788
"STAG25",1.09209360872401e-83,3.71777421685743,0.427,0.084,3.22549847336636e-79,"Erythroid-like","STAG2",1.58748959059812
"ABCC44",4.65328199503551e-82,3.71589413095569,0.516,0.125,1.37434683723374e-77,"Erythroid-like","ABCC4",1.91740137157314
"ERMAP",4.02143510703314e-81,4.93811528443534,0.211,0.022,1.18773085886224e-76,"Erythroid-like","ERMAP",1.04194232501586
"RIPOR31",1.36760450192029e-80,3.81226995271303,0.277,0.037,4.03921989642157e-76,"Erythroid-like","RIPOR3",1.05599877690151
"ABCB10",2.30738033714263e-80,3.93797549391193,0.31,0.046,6.81484782575075e-76,"Erythroid-like","ABCB10",1.2207724031127
"RHD",2.60965482135183e-80,4.14695654180654,0.23,0.026,7.70761551486263e-76,"Erythroid-like","RHD",0.953800004615503
"CDC273",2.86249727675246e-79,3.31288069378968,0.568,0.164,8.4543857068884e-75,"Erythroid-like","CDC27",1.88171623407254
"KIF231",9.44646054119843e-79,4.97245492470972,0.15,0.012,2.79001212084296e-74,"Erythroid-like","KIF23",0.745868238706458
"ANP32B1",3.44057065114626e-78,3.91509342740129,0.366,0.065,1.01617254181605e-73,"Erythroid-like","ANP32B",1.43292419442887
"NCOA4",3.92550025043581e-78,4.32561784164214,0.296,0.043,1.15939649896622e-73,"Erythroid-like","NCOA4",1.28038288112607
"CDK11",1.08915733342286e-77,5.07080762973756,0.131,0.009,3.21682618426442e-73,"Erythroid-like","CDK1",0.66427579949562
"DLGAP51",5.35753177022649e-77,4.8116150076432,0.127,0.009,1.58234700833639e-72,"Erythroid-like","DLGAP5",0.611075105970686
"DNAJC6",1.87517527681673e-76,4.92482394630524,0.197,0.02,5.53833018007821e-72,"Erythroid-like","DNAJC6",0.970190317422133
"TTK1",1.03194487681418e-75,5.62986472890833,0.113,0.007,3.04784919367067e-71,"Erythroid-like","TTK",0.636174714366641
"DEPDC1B1",1.38712421662203e-75,4.84201658793739,0.141,0.011,4.09687137379317e-71,"Erythroid-like","DEPDC1B",0.682724338899173
"ATG4A",6.14652596652152e-75,4.71986659131555,0.178,0.017,1.81537644421213e-70,"Erythroid-like","ATG4A",0.840136253254168
"KIF111",6.27564388921388e-75,4.27398283913329,0.197,0.02,1.85351142267932e-70,"Erythroid-like","KIF11",0.841974619309259
"MICAL37",9.0662760793664e-74,3.45780129210838,0.408,0.084,2.67772464004087e-69,"Erythroid-like","MICAL3",1.41078292718022
"STAM6",2.32724381881542e-72,3.89328978234053,0.479,0.121,6.87351461887136e-68,"Erythroid-like","STAM",1.86488580574111
"XPO72",2.65671851347704e-72,4.82208853549048,0.423,0.096,7.84661812955445e-68,"Erythroid-like","XPO7",2.03974345051247
"RB1CC11",3.58874261797528e-72,3.24603197942307,0.629,0.223,1.059935132219e-67,"Erythroid-like","RB1CC1",2.04175411505711
"KNL12",4.73776920137555e-71,4.28452591509748,0.188,0.02,1.39930013362627e-66,"Erythroid-like","KNL1",0.805490872038327
"MARK31",2.691298234082e-70,3.02025319200029,0.751,0.362,7.94874933436118e-66,"Erythroid-like","MARK3",2.26821014719222
"MAP2K31",3.6750310361243e-69,3.62792432045176,0.362,0.07,1.08542041651931e-64,"Erythroid-like","MAP2K3",1.31330860400354
"ZNF4514",1.01990008493183e-68,3.34645726186071,0.545,0.166,3.01227490084615e-64,"Erythroid-like","ZNF451",1.82381920771409
"TFDP11",2.2783925204146e-68,3.75180364157117,0.319,0.056,6.72923230904451e-64,"Erythroid-like","TFDP1",1.1968253616612
"SLC7A52",1.60630145189181e-67,3.54048553515029,0.258,0.037,4.74421133816247e-63,"Erythroid-like","SLC7A5",0.913445268068774
"CDCA21",3.17987437280195e-67,4.73445127337426,0.113,0.008,9.39175896007056e-63,"Erythroid-like","CDCA2",0.534992993891292
"YOD1",4.7406292420337e-67,4.57117307685501,0.155,0.014,1.40014484663465e-62,"Erythroid-like","YOD1",0.708531826912527
"KIF141",3.25447906220107e-66,4.64934943180966,0.15,0.014,9.61210391021087e-62,"Erythroid-like","KIF14",0.697402414771449
"PCNT3",3.55667492888934e-66,3.47665898380239,0.394,0.086,1.05046394024747e-61,"Erythroid-like","PCNT",1.36980363961814
"ALAD",7.04504895615218e-66,4.60217552817225,0.155,0.015,2.08075520919955e-61,"Erythroid-like","ALAD",0.713337206866699
"DIAPH33",7.28124307246242e-65,4.04056005445183,0.3,0.052,2.15051514145177e-60,"Erythroid-like","DIAPH3",1.21216801633555
"SSX2IP",9.96469736196634e-65,4.54343186045465,0.16,0.016,2.94307336585676e-60,"Erythroid-like","SSX2IP",0.726949097672744
"RAB11A5",7.99839247389372e-64,2.99819793748216,0.653,0.266,2.36232521716451e-59,"Erythroid-like","RAB11A",1.95782325317585
"PHLPP2",2.02306600472987e-62,4.36243949980888,0.239,0.035,5.97512544496968e-58,"Erythroid-like","PHLPP2",1.04262304045432
"PSMF11",1.96840911080335e-61,3.55908469395731,0.362,0.078,5.81369630875769e-57,"Erythroid-like","PSMF1",1.28838865921255
"HERC14",1.59179763548676e-60,2.88206499050402,0.709,0.346,4.70137431641013e-56,"Erythroid-like","HERC1",2.04338407826735
"RPIA",4.32417655693898e-60,4.47766362724285,0.164,0.018,1.27714554609193e-55,"Erythroid-like","RPIA",0.734336834867828
"FBXO30",6.36294980465443e-60,5.0971549767682,0.169,0.019,1.87929722480469e-55,"Erythroid-like","FBXO30",0.861419191073826
"POLQ2",2.00465074932096e-59,3.89170512134477,0.178,0.021,5.92073598811947e-55,"Erythroid-like","POLQ",0.69272351159937
"EZH23",2.11152494526139e-59,3.8499883430551,0.333,0.068,6.23638892582951e-55,"Erythroid-like","EZH2",1.28204611823735
"KIF18B1",2.58594504848068e-59,4.50481057397847,0.127,0.011,7.63758870068769e-55,"Erythroid-like","KIF18B",0.572110942895266
"JAZF17",4.62694758164223e-59,3.00428797170741,0.629,0.261,1.36656896823803e-54,"Erythroid-like","JAZF1",1.88969713420396
"NPRL3",3.31442232600077e-57,3.56888327667051,0.305,0.059,9.78914633984329e-53,"Erythroid-like","NPRL3",1.08850939938451
"ARHGEF126",1.45984967053307e-56,3.20290347017386,0.577,0.219,4.31166600191943e-52,"Erythroid-like","ARHGEF12",1.84807530229031
"MELK1",3.21253932787521e-56,4.32439470763452,0.155,0.017,9.48823490487942e-52,"Erythroid-like","MELK",0.670281179683351
"SEC623",5.26219726213335e-56,3.32547546654594,0.441,0.125,1.55418996137108e-51,"Erythroid-like","SEC62",1.46653468074676
"KIF151",6.84451680462228e-56,4.51873407109262,0.131,0.012,2.02152803824519e-51,"Erythroid-like","KIF15",0.591954163313133
"PIP4K2A6",1.89566912601434e-55,2.65048647339308,0.695,0.309,5.59885876368336e-51,"Erythroid-like","PIP4K2A",1.84208809900819
"OSBP2",8.35070349641249e-55,3.55608900786499,0.249,0.041,2.46638027766543e-50,"Erythroid-like","OSBP2",0.885466162958383
"UIMC14",1.37912438124972e-54,3.4313922293697,0.446,0.131,4.07324386002106e-50,"Erythroid-like","UIMC1",1.53040093429889
"BUB1B1",7.48656341647907e-54,4.27912408506968,0.141,0.014,2.21115650505709e-49,"Erythroid-like","BUB1B",0.603356495994825
"MAN1A14",1.55585069895893e-53,2.81646286202389,0.624,0.256,4.5952050393752e-49,"Erythroid-like","MAN1A1",1.7574728259029
"PIGQ",4.13515807760107e-53,4.49451381102695,0.155,0.018,1.22131893821948e-48,"Erythroid-like","PIGQ",0.696649640709178
"ANLN1",6.85445969539972e-53,4.028289169578,0.141,0.015,2.02446467103631e-48,"Erythroid-like","ANLN",0.567988772910498
"ZNF451-AS1",3.2118971343166e-52,3.75459239260461,0.305,0.064,9.48633818620407e-48,"Erythroid-like","ZNF451-AS1",1.14515067974441
"GDPD5",3.81481868540788e-51,3.90654273236224,0.146,0.016,1.12670669873522e-46,"Erythroid-like","GDPD5",0.570355238924887
"DDI22",2.82538313882556e-49,3.24135111827438,0.371,0.098,8.34476910052129e-45,"Erythroid-like","DDI2",1.2025412648798
"MAP4K54",9.9727892800266e-49,2.95148573481835,0.507,0.185,2.94546331385586e-44,"Erythroid-like","MAP4K5",1.49640326755291
"CCS",1.11988849777165e-48,4.05954210999549,0.197,0.03,3.30759067816857e-44,"Erythroid-like","CCS",0.799729795669112
"UBR25",2.77190437355978e-47,2.73658977345163,0.606,0.279,8.18681956730881e-43,"Erythroid-like","UBR2",1.65837340271169
"VPS13B5",4.34944006576308e-47,2.20707439224434,0.732,0.46,1.28460712342312e-42,"Erythroid-like","VPS13B",1.61557845512286
"DPF31",6.12617021963207e-47,4.01411473823515,0.141,0.016,1.80936437436833e-42,"Erythroid-like","DPF3",0.565990178091157
"C21orf582",9.59506985674222e-47,4.25658077922017,0.155,0.02,2.83390388218881e-42,"Erythroid-like","C21orf58",0.659770020779127
"GYPC",2.62764338519127e-46,3.48838844067185,0.221,0.038,7.76074473816241e-42,"Erythroid-like","GYPC",0.77093384538848
"CPEB43",2.36785369417382e-45,2.94982107918765,0.526,0.207,6.99345588574237e-41,"Erythroid-like","CPEB4",1.55160588765271
"UBR43",7.78949724222133e-45,2.8290209257377,0.488,0.18,2.30062801049007e-40,"Erythroid-like","UBR4",1.38056221176
"CKAP21",1.56473846964472e-44,3.89156110008115,0.155,0.02,4.62145507009568e-40,"Erythroid-like","CKAP2",0.603191970512579
"USP323",2.09548512574755e-44,2.53809196495013,0.554,0.238,6.18901531889539e-40,"Erythroid-like","USP32",1.40610294858237
"BSDC1",2.15988340274269e-44,3.40722293639179,0.3,0.07,6.37921563000053e-40,"Erythroid-like","BSDC1",1.02216688091754
"PNP",3.10776760378474e-44,4.82346365915812,0.108,0.01,9.17879161777823e-40,"Erythroid-like","PNP",0.520934075189077
"FGFR1OP23",5.11775916087585e-44,3.16391870791844,0.352,0.095,1.51153016816468e-39,"Erythroid-like","FGFR1OP2",1.11369938518729
"NCAPG22",1.23814845552452e-43,3.8099899974755,0.197,0.032,3.65687146339168e-39,"Erythroid-like","NCAPG2",0.750568029502674
"ATG14",1.90607852028039e-43,3.87683620912628,0.254,0.052,5.62960290964812e-39,"Erythroid-like","ATG14",0.984716397118074
"SLC22A41",8.99199721485736e-43,4.15170782041292,0.174,0.026,2.65578637740812e-38,"Erythroid-like","SLC22A4",0.722397160751848
"STIL1",9.96533019423115e-43,4.24677140781207,0.127,0.015,2.94326027286617e-38,"Erythroid-like","STIL",0.539339968792133
"UBE2H3",1.10377466229505e-42,2.81734305455806,0.601,0.299,3.25999846508843e-38,"Erythroid-like","UBE2H",1.69322317578939
"EP3004",3.79177275541715e-41,2.95732819103682,0.502,0.206,1.11990008331246e-36,"Erythroid-like","EP300",1.48457875190048
"USP73",7.62148826331318e-41,3.25253894763561,0.366,0.11,2.25100655856955e-36,"Erythroid-like","USP7",1.19042925483463
"FNBP1L4",8.70447827120356e-41,3.12853430527024,0.38,0.117,2.57086765739997e-36,"Erythroid-like","FNBP1L",1.18884303600269
"KIF4A1",1.06968919526761e-40,4.10805587785525,0.113,0.012,3.15932703822288e-36,"Erythroid-like","KIF4A",0.464210314197643
"RABGAP1L6",2.75148563094968e-40,1.89129066919032,0.728,0.465,8.12651281100988e-36,"Erythroid-like","RABGAP1L",1.37685960717055
"KIF18A1",4.89527166846929e-40,4.54526022551494,0.122,0.014,1.4458184872824e-35,"Erythroid-like","KIF18A",0.554521747512823
"SLC66A22",9.69404210149306e-40,3.47283023640936,0.315,0.084,2.86313533467598e-35,"Erythroid-like","SLC66A2",1.09394152446895
"MPP12",1.52122938342465e-39,3.36441688127526,0.211,0.04,4.49295098394471e-35,"Erythroid-like","MPP1",0.70989196194908
"MOSPD1",6.305070386849e-39,4.44415486587436,0.122,0.015,1.86220253875585e-34,"Erythroid-like","MOSPD1",0.542186893636672
"QSOX2",7.92806619426102e-39,3.96552619318567,0.146,0.02,2.34155435047499e-34,"Erythroid-like","QSOX2",0.578966824205108
"CA31",2.52719361765119e-38,4.00430497658497,0.183,0.032,7.46406634973279e-34,"Erythroid-like","CA3",0.73278781071505
"UBE2O1",7.23184403288492e-38,3.5870931296409,0.263,0.062,2.13592513511256e-33,"Erythroid-like","UBE2O",0.943405493095557
"RACGAP11",2.28367164372714e-37,3.86589465699219,0.15,0.022,6.74482419974811e-33,"Erythroid-like","RACGAP1",0.579884198548829
"CDYL9",8.70134715056653e-37,2.6727483258361,0.404,0.14,2.56994288091982e-32,"Erythroid-like","CDYL",1.07979032363778
"CCNF1",3.52431625218634e-36,3.83939707281859,0.113,0.013,1.04090680508323e-31,"Erythroid-like","CCNF",0.4338518692285
"ATAD22",4.90625756103541e-36,3.26903869157164,0.272,0.068,1.44906317065181e-31,"Erythroid-like","ATAD2",0.889178524107487
"PIM1",6.77431524458457e-36,3.75690129683643,0.188,0.035,2.00079400748805e-31,"Erythroid-like","PIM1",0.706297443805249
"ASAP16",8.13787468316284e-36,1.91929838339018,0.629,0.352,2.40352128767214e-31,"Erythroid-like","ASAP1",1.20723868315243
"USP123",1.46096461884496e-35,3.09748319924565,0.376,0.128,4.31495900175858e-31,"Erythroid-like","USP12",1.16465368291636
"SLF12",1.72261593561838e-35,3.40178470602819,0.272,0.069,5.08774616584888e-31,"Erythroid-like","SLF1",0.925285440039668
"CLCN33",1.95101790487134e-35,3.00029427608017,0.315,0.09,5.76233138203751e-31,"Erythroid-like","CLCN3",0.945092696965254
"SMC44",4.76418549237461e-35,2.97637360861837,0.343,0.105,1.40710218517284e-30,"Erythroid-like","SMC4",1.0208961477561
"SGO21",1.68735599509804e-34,3.9259905772763,0.117,0.015,4.98360593152205e-30,"Erythroid-like","SGO2",0.459340897541327
"KAT2B6",2.02485345217504e-34,2.25405183347704,0.39,0.13,5.98040467099898e-30,"Erythroid-like","KAT2B",0.879080215056047
"ASPM2",2.41419783736399e-33,3.07402320862998,0.141,0.022,7.13033331265455e-29,"Erythroid-like","ASPM",0.433437272416828
"WRN3",2.56152845764724e-33,2.92184955431476,0.371,0.129,7.56547429966112e-29,"Erythroid-like","WRN",1.08400618465077
"SSBP37",2.8023561596298e-33,2.53267653185311,0.394,0.142,8.2767589174666e-29,"Erythroid-like","SSBP3",0.997874553550127
"NCAPD32",3.44560052446829e-33,3.15774022384799,0.192,0.038,1.01765811490171e-28,"Erythroid-like","NCAPD3",0.606286122978814
"ATG2B3",5.68522920344224e-33,3.07252810956508,0.324,0.101,1.67913244523667e-28,"Erythroid-like","ATG2B",0.995499107499086
"DNAJA41",6.15084402557755e-33,2.84267419660785,0.169,0.03,1.81665178295433e-28,"Erythroid-like","DNAJA4",0.480411939226727
"TANGO21",9.14064713579958e-33,3.07340998235808,0.254,0.063,2.69969013155841e-28,"Erythroid-like","TANGO2",0.780646135518951
"GUK1",2.93141178931996e-32,3.45899530115254,0.207,0.045,8.65792471975651e-28,"Erythroid-like","GUK1",0.716012027338575
"TCP11L21",4.22002008082576e-32,3.93037161835273,0.207,0.046,1.24638293087189e-27,"Erythroid-like","TCP11L2",0.813586924999015
"P4HA3",4.86349822693481e-32,3.95561130390629,0.211,0.047,1.4364342013252e-27,"Erythroid-like","P4HA3",0.834633985124227
"MED251",8.33327398064909e-32,3.42421779843488,0.197,0.042,2.46123247018471e-27,"Erythroid-like","MED25",0.674570906291671
"CENPI1",1.77435091236291e-31,4.02556905861325,0.103,0.013,5.24054541966384e-27,"Erythroid-like","CENPI",0.414633613037165
"GPCPD12",7.16092235859139e-31,2.13535116778181,0.554,0.282,2.11497841860997e-26,"Erythroid-like","GPCPD1",1.18298454695113
"LTBP14",1.93923797665296e-30,2.50188530407705,0.282,0.079,5.72753936404451e-26,"Erythroid-like","LTBP1",0.705531655749729
"TFDP23",2.94811306599054e-30,2.61308950337708,0.385,0.145,8.70725194040307e-26,"Erythroid-like","TFDP2",1.00603945880017
"RIOK33",5.79125492102454e-30,2.95567304051425,0.362,0.134,1.7104471409246e-25,"Erythroid-like","RIOK3",1.06995364066616
"DIPK2A1",1.99197511305888e-29,4.05557072581309,0.169,0.034,5.88329849641941e-25,"Erythroid-like","DIPK2A",0.685391452662412
"LBR4",2.370772800311e-29,2.93667328203352,0.249,0.066,7.00207746571854e-25,"Erythroid-like","LBR",0.731231647226346
"ARHGAP11B1",2.61564244914195e-29,3.21993893863718,0.146,0.025,7.72529997354074e-25,"Erythroid-like","ARHGAP11B",0.470111085041028
"PLEKHH3",3.00923791660399e-29,3.70127406686133,0.146,0.026,8.88778418668988e-25,"Erythroid-like","PLEKHH3",0.540386013761754
"ZMYND85",2.74198858163632e-28,2.42820774318951,0.441,0.197,8.09846327586286e-24,"Erythroid-like","ZMYND8",1.07083961474657
"PIP5K1B4",4.60542696305622e-28,2.36371154039486,0.366,0.136,1.36021285353865e-23,"Erythroid-like","PIP5K1B",0.86511842378452
"FOXO32",6.37427160077527e-28,2.21922633675719,0.573,0.331,1.88264111728898e-23,"Erythroid-like","FOXO3",1.27161669096187
"DBF41",4.28517569476503e-27,3.26702940799516,0.164,0.034,1.26562664144885e-22,"Erythroid-like","DBF4",0.535792822911206
"RNF19A3",7.64676829330821e-27,2.26979342878226,0.469,0.228,2.25847301542858e-22,"Erythroid-like","RNF19A",1.06453311809888
"RCL11",8.58573820745871e-27,3.74267373585354,0.23,0.063,2.53579777957293e-22,"Erythroid-like","RCL1",0.860814959246315
"NUF21",9.69913494724278e-27,3.85438768589352,0.131,0.023,2.86463950666815e-22,"Erythroid-like","NUF2",0.504924786852051
"PPOX",2.02649891424576e-26,3.92997055775722,0.108,0.016,5.98526454322485e-22,"Erythroid-like","PPOX",0.424436820237779
"HMGB21",5.3894392026969e-26,3.33162038547716,0.174,0.038,1.59177086851653e-21,"Erythroid-like","HMGB2",0.579701947073026
"TBCEL3",6.75938832541462e-26,3.40996076901875,0.239,0.069,1.99638534191121e-21,"Erythroid-like","TBCEL",0.814980623795481
"TXNDC16",1.36921008987669e-25,3.25876627606796,0.178,0.041,4.0439620004508e-21,"Erythroid-like","TXNDC16",0.580060397140096
"EHBP1L15",1.84300161062733e-25,2.66251044897245,0.291,0.097,5.44330525698781e-21,"Erythroid-like","EHBP1L1",0.774790540650983
"CKAP53",2.82686463445539e-25,2.71720434528649,0.277,0.09,8.34914469786399e-21,"Erythroid-like","CKAP5",0.752665603644357
"PSME42",6.85125618291028e-25,2.30659548421802,0.474,0.246,2.02351851362255e-20,"Erythroid-like","PSME4",1.09332625951934
"FCHO22",9.4889484504524e-25,1.97905441831005,0.493,0.258,2.80256092484112e-20,"Erythroid-like","FCHO2",0.975673828226857
"SORBS16",9.79666279767778e-25,2.26462209717481,0.324,0.117,2.89344435729413e-20,"Erythroid-like","SORBS1",0.733737559484637
"DCAF11",2.36650094845962e-24,3.73321374153615,0.122,0.022,6.9894605512755e-20,"Erythroid-like","DCAF11",0.45545207646741
"CAPRIN2",2.92008398228723e-24,3.10250553760138,0.192,0.049,8.62446804168534e-20,"Erythroid-like","CAPRIN2",0.595681063219466
"RRM22",4.22358360252421e-24,3.09202304142341,0.127,0.023,1.24743541700553e-19,"Erythroid-like","RRM2",0.392686926260773
"TLN22",5.33766658168962e-24,2.99873409097132,0.249,0.077,1.57647982490203e-19,"Erythroid-like","TLN2",0.746684788651858
"SLC36A11",9.41528756233779e-24,2.96685408541554,0.207,0.055,2.78080518153647e-19,"Erythroid-like","SLC36A1",0.614138795681017
"BRIP11",1.07842599199745e-23,3.03599341707824,0.141,0.028,3.18513116736446e-19,"Erythroid-like","BRIP1",0.428075071808032
"FBXO346",1.14136439070938e-23,2.43753612164869,0.376,0.164,3.37101972796014e-19,"Erythroid-like","FBXO34",0.916513581739909
"NUDT42",1.93051000778349e-23,3.04658414087738,0.207,0.057,5.70176130798855e-19,"Erythroid-like","NUDT4",0.630642917161618
"ECT21",2.37439437358234e-23,3.41175774108911,0.188,0.048,7.01277378237545e-19,"Erythroid-like","ECT2",0.641410455324752
"VPS502",4.18095869047576e-23,3.0970030038599,0.315,0.121,1.23484614923201e-18,"Erythroid-like","VPS50",0.97555594621587
"KDM6A7",4.94077872361309e-23,2.29384269644668,0.512,0.3,1.45925899601912e-18,"Erythroid-like","KDM6A",1.1744474605807
"H1F0",5.43972685879558e-23,3.62636491832843,0.122,0.023,1.60662332774527e-18,"Erythroid-like","H1F0",0.442416520036068
"ULK1",5.57973752005098e-23,2.9166234586012,0.216,0.062,1.64797547654706e-18,"Erythroid-like","ULK1",0.629990667057859
"MBNL3",9.19500126273155e-23,3.15688200616987,0.188,0.049,2.71574362294776e-18,"Erythroid-like","MBNL3",0.593493817159935
"PCGF55",1.05431170545315e-22,2.40789850110435,0.371,0.162,3.11390962205586e-18,"Erythroid-like","PCGF5",0.893330343909715
"IGF2BP23",1.19467132000126e-22,2.46187233401437,0.319,0.124,3.52846174362373e-18,"Erythroid-like","IGF2BP2",0.785337274550583
"KIF20B2",2.36246212677467e-22,2.91419899613497,0.16,0.037,6.977531891429e-18,"Erythroid-like","KIF20B",0.466271839381595
"NFIA6",3.55202834955128e-22,1.99304515207584,0.521,0.313,1.04909157303997e-17,"Erythroid-like","NFIA",1.03837652423151
"ELOVL6",3.72728599482064e-22,3.3754693125004,0.146,0.032,1.10085391857028e-17,"Erythroid-like","ELOVL6",0.492818519625059
"EIF51",6.03785466591853e-22,3.24735473175916,0.268,0.095,1.78328037557904e-17,"Erythroid-like","EIF5",0.870291068111455
"NEK72",8.06697515243101e-22,1.98925613379512,0.484,0.273,2.3825811112705e-17,"Erythroid-like","NEK7",0.962799968756839
"NDEL15",1.30328003056226e-21,2.45911768640108,0.268,0.093,3.84923757026562e-17,"Erythroid-like","NDEL1",0.659043539955491
"AMMECR11",1.87783711299152e-21,2.7605811647262,0.207,0.059,5.54619191322044e-17,"Erythroid-like","AMMECR1",0.571440301098323
"ADIPOR1",2.03058537549528e-21,3.54190507686035,0.136,0.029,5.99733390652532e-17,"Erythroid-like","ADIPOR1",0.481699090453008
"VRK12",4.11785792731938e-21,3.00780739181447,0.174,0.044,1.21620933883378e-16,"Erythroid-like","VRK1",0.523358486175717
"TBC1D22B",1.04967361620478e-20,3.289418290372,0.202,0.06,3.10021102546081e-16,"Erythroid-like","TBC1D22B",0.664462494655144
"MICAL23",1.31931758430806e-20,2.47828141634138,0.362,0.167,3.89660448525385e-16,"Erythroid-like","MICAL2",0.897137872715579
"FKBP8",1.37896419994644e-20,3.70862449627249,0.131,0.028,4.07277076454181e-16,"Erythroid-like","FKBP8",0.485829809011696
"MKRN1",2.02389258156327e-20,3.20586968779117,0.192,0.055,5.97756673964712e-16,"Erythroid-like","MKRN1",0.615526980055904
"DCAF83",3.15748219588988e-20,2.82012078534025,0.268,0.099,9.32562366556075e-16,"Erythroid-like","DCAF8",0.755792370471186
"AKAP8L1",3.88007861356024e-20,2.94920121135984,0.244,0.084,1.14598121851502e-15,"Erythroid-like","AKAP8L",0.719605095571802
"CENPK1",4.76784050636537e-20,3.03977951144746,0.122,0.025,1.40818169355501e-15,"Erythroid-like","CENPK",0.370853100396591
"ABHD51",5.41768481748812e-20,2.94236431642612,0.211,0.065,1.60011321084512e-15,"Erythroid-like","ABHD5",0.620838870765911
"BCL2L16",5.52839499899639e-20,2.20901230291932,0.347,0.155,1.63281146295358e-15,"Erythroid-like","BCL2L1",0.766527269113004
"PCM14",1.04667623658717e-19,1.75763451015451,0.516,0.325,3.09135826476021e-15,"Erythroid-like","PCM1",0.906939407239729
"LPIN24",1.76956765671817e-19,2.80752807762534,0.343,0.159,5.22641807411711e-15,"Erythroid-like","LPIN2",0.962982130625492
"BNIP3L3",3.90651212631974e-19,2.84699369096689,0.319,0.139,1.15378835650853e-14,"Erythroid-like","BNIP3L",0.908190987418438
"NUP1531",4.86443426093559e-19,2.46992970989888,0.333,0.149,1.43671065896733e-14,"Erythroid-like","NUP153",0.822486593396326
"RNF104",5.00058766173726e-19,2.65022274265024,0.272,0.105,1.4769235658941e-14,"Erythroid-like","RNF10",0.720860586000865
"DYRK3",1.3775413086651e-18,3.65240333473277,0.103,0.02,4.06856825514237e-14,"Erythroid-like","DYRK3",0.376197543477476
"STOM4",1.43246783667916e-18,2.54976415383923,0.263,0.1,4.2307937556319e-14,"Erythroid-like","STOM",0.670587972459717
"FRYL5",1.50855422418071e-18,1.8043793674052,0.498,0.312,4.45551490111773e-14,"Erythroid-like","FRYL",0.898580924967788
"PARPBP2",2.248055361792e-18,3.11445778126809,0.108,0.022,6.63963151105268e-14,"Erythroid-like","PARPBP",0.336361440376954
"DCAF62",2.63441257750297e-18,2.05487394352867,0.408,0.221,7.78073754765503e-14,"Erythroid-like","DCAF6",0.838388568959696
"MIS18BP15",6.78497689148629e-18,2.23667606852349,0.333,0.153,2.00394292490047e-13,"Erythroid-like","MIS18BP1",0.744813130818321
"TALDO1",1.06221460471829e-17,3.17015219414098,0.15,0.04,3.13725083503548e-13,"Erythroid-like","TALDO1",0.475522829121147
"MORC35",1.25806761468499e-17,2.20668941639841,0.315,0.139,3.71570269997211e-13,"Erythroid-like","MORC3",0.6951071661655
"FANCI2",1.52178731856011e-17,2.97675159491613,0.136,0.033,4.49459884536727e-13,"Erythroid-like","FANCI",0.404838216908594
"CARM1",1.62230807429048e-17,3.06914853110617,0.146,0.038,4.79148689741694e-13,"Erythroid-like","CARM1",0.448095685541501
"STK11",3.3716522429997e-17,2.90375715377064,0.16,0.045,9.9581748996996e-13,"Erythroid-like","STK11",0.464601144603302
"GAPVD11",4.48090385032785e-17,2.32502069121543,0.338,0.163,1.32343495219433e-12,"Erythroid-like","GAPVD1",0.785856993630815
"ARL4A",4.9341866919708e-17,3.7726945544242,0.103,0.021,1.45731203947357e-12,"Erythroid-like","ARL4A",0.388587539105693
"DYRK1A6",6.08781501606178e-17,1.59489855815213,0.526,0.36,1.79803616499385e-12,"Erythroid-like","DYRK1A",0.838916641588022
"MARCH62",7.40963042810133e-17,2.1252200111324,0.432,0.247,2.18843434693973e-12,"Erythroid-like","MARCH6",0.918095044809199
"ETFDH",1.26613993308981e-16,2.93275944747851,0.16,0.046,3.73954429238077e-12,"Erythroid-like","ETFDH",0.469241511596561
"CCNDBP1",1.28927741301646e-16,3.42250827589467,0.103,0.022,3.80788083934413e-12,"Erythroid-like","CCNDBP1",0.352518352417151
"CTNNAL12",2.94393107875501e-16,2.69158413746499,0.174,0.053,8.69490044110294e-12,"Erythroid-like","CTNNAL1",0.468335639918908
"HIPK14",3.01325447866874e-16,2.27688860286848,0.268,0.11,8.89964710274813e-12,"Erythroid-like","HIPK1",0.610206145568752
"RICTOR5",3.54233986655607e-16,2.05995598794001,0.451,0.291,1.04623007958734e-11,"Erythroid-like","RICTOR",0.929040150560946
"RHBDD12",6.88225859244348e-16,2.18305788806336,0.296,0.133,2.03267507527818e-11,"Erythroid-like","RHBDD1",0.646185134866756
"MIAT3",2.09066250375606e-15,2.53973914804923,0.127,0.032,6.17477170484353e-11,"Erythroid-like","MIAT",0.322546871802252
"UBB",2.36329722644542e-15,3.16207786333799,0.141,0.039,6.97999835830655e-11,"Erythroid-like","UBB",0.445852978730656
"PER13",2.78429985469885e-15,2.35883105685533,0.286,0.127,8.22342962085304e-11,"Erythroid-like","PER1",0.674625682260626
"SPC251",2.94282722583158e-15,2.68997585283753,0.103,0.023,8.69164021149358e-11,"Erythroid-like","SPC25",0.277067512842265
"MED13L3",4.23524368456319e-15,1.25564806915275,0.648,0.542,1.25087922223574e-10,"Erythroid-like","MED13L",0.813659948810981
"TCF33",8.24739139101104e-15,2.53356480539268,0.164,0.051,2.43586704733511e-10,"Erythroid-like","TCF3",0.415504628084399
"ZFPM12",1.42445573559006e-14,2.46863598319771,0.15,0.044,4.20713001506525e-10,"Erythroid-like","ZFPM1",0.370295397479656
"TXNL1",1.56468667106911e-14,2.6915158730319,0.178,0.06,4.62130208300263e-10,"Erythroid-like","TXNL1",0.479089825399678
"KMT2E6",2.17791154956954e-14,1.36235496441368,0.535,0.396,6.43246176165364e-10,"Erythroid-like","KMT2E",0.72885990596132
"SEC14L15",2.47881759414612e-14,2.2039268207419,0.296,0.14,7.32118776431056e-10,"Erythroid-like","SEC14L1",0.652362338939604
"SENP76",2.56571600174959e-14,2.18959986505834,0.324,0.164,7.57784221116742e-10,"Erythroid-like","SENP7",0.709430356278904
"FBXO91",4.07901172433582e-14,2.71049484813304,0.207,0.079,1.20473611278259e-09,"Erythroid-like","FBXO9",0.56107243356354
"NAP1L44",4.94053748255434e-14,1.89247758035655,0.338,0.176,1.45918774547243e-09,"Erythroid-like","NAP1L4",0.639657422160515
"TERF2IP1",6.28860734476377e-14,2.40746242017944,0.235,0.098,1.85734017927598e-09,"Erythroid-like","TERF2IP",0.565753668742168
"STX21",6.49283766321195e-14,2.40347556599242,0.192,0.07,1.91765960382965e-09,"Erythroid-like","STX2",0.461467308670545
"KLF32",8.2011553759944e-14,2.31998341690246,0.197,0.072,2.42221124029995e-09,"Erythroid-like","KLF3",0.457036733129785
"GTPBP11",8.4945406851503e-14,2.58644028122795,0.164,0.054,2.50886259135914e-09,"Erythroid-like","GTPBP1",0.424176206121384
"TBC1D153",1.01271311503422e-13,2.31419889118582,0.291,0.141,2.99104818525357e-09,"Erythroid-like","TBC1D15",0.673431877335073
"ZGRF11",1.12773581853193e-13,2.65929670310741,0.108,0.027,3.33076774003406e-09,"Erythroid-like","ZGRF1",0.287204043935601
"PLCG1-AS11",1.52151011890275e-13,3.00098964946282,0.15,0.047,4.49378013617928e-09,"Erythroid-like","PLCG1-AS1",0.450148447419423
"ZMIZ15",1.60380239750725e-13,1.80066108492455,0.362,0.203,4.73683038103765e-09,"Erythroid-like","ZMIZ1",0.651839312742688
"TTTY10",1.6510770373965e-13,2.87336145265567,0.113,0.029,4.87645602995056e-09,"Erythroid-like","TTTY10",0.324689844150091
"ITGA48",2.93553028254837e-13,1.60225742834445,0.239,0.097,8.67008868950661e-09,"Erythroid-like","ITGA4",0.382939525374324
"KIAA02323",3.68881359121802e-13,2.29305022171738,0.296,0.15,1.08949109416624e-08,"Erythroid-like","KIAA0232",0.678742865628345
"SESN33",5.17798241249277e-13,2.30281103641657,0.235,0.1,1.52931710552974e-08,"Erythroid-like","SESN3",0.541160593557895
"PRR51",6.69675508810706e-13,2.42765936240942,0.108,0.028,1.97788661527242e-08,"Erythroid-like","PRR5",0.262187211140217
"GCLM",8.5344011739542e-13,2.92973532444937,0.117,0.033,2.52063538672737e-08,"Erythroid-like","GCLM",0.342779032960576
"SELENBP11",8.62319771068217e-13,2.9823255644441,0.113,0.031,2.54686144384998e-08,"Erythroid-like","SELENBP1",0.337002788782184
"CNNM22",8.78502280489746e-13,2.13122452867827,0.211,0.085,2.59465648542646e-08,"Erythroid-like","CNNM2",0.449688375551115
"WDR264",1.0257016919646e-12,2.43823325542472,0.319,0.176,3.02940994721745e-08,"Erythroid-like","WDR26",0.777796408480486
"TNRC6B6",1.26409982087011e-12,1.21139703781871,0.573,0.449,3.73351882093988e-08,"Erythroid-like","TNRC6B",0.694130502670123
"MPHOSPH94",1.66693027190005e-12,2.42087709811039,0.202,0.08,4.92327855805681e-08,"Erythroid-like","MPHOSPH9",0.489017173818298
"COL18A15",1.9287802268772e-12,2.01847715874308,0.183,0.068,5.69665240008182e-08,"Erythroid-like","COL18A1",0.369381320049983
"UBE2B2",2.52047771526302e-12,2.13629558462376,0.291,0.149,7.44423093202934e-08,"Erythroid-like","UBE2B",0.621662015125515
"SIAH2",3.16041595920887e-12,2.99136472775989,0.117,0.034,9.3342885355234e-08,"Erythroid-like","SIAH2",0.349989673147907
"SLC11A22",4.95767314324828e-12,2.31465641508331,0.263,0.127,1.46424876285838e-07,"Erythroid-like","SLC11A2",0.608754637166911
"PAN37",5.15295578616885e-12,1.49213631116882,0.484,0.358,1.52192549144497e-07,"Erythroid-like","PAN3",0.722193974605711
"PHIP2",7.28743828681078e-12,1.40084822695011,0.488,0.357,2.15234489800956e-07,"Erythroid-like","PHIP",0.683613934751656
"CENPC3",7.90569299362663e-12,2.07800977712338,0.277,0.137,2.33494642566762e-07,"Erythroid-like","CENPC",0.575608708263176
"KDM4C4",9.06429449857041e-12,1.73404898949918,0.423,0.293,2.67713938015277e-07,"Erythroid-like","KDM4C",0.733502722558151
"ARRDC2",1.06617053230485e-11,3.08761840001326,0.103,0.028,3.14893466716239e-07,"Erythroid-like","ARRDC2",0.318024695201365
"DSTYK",1.68264810445628e-11,2.58293587623819,0.15,0.052,4.96970117651163e-07,"Erythroid-like","DSTYK",0.387440381435728
"YPEL3",1.92318924574067e-11,2.85768831026277,0.103,0.028,5.68013943729507e-07,"Erythroid-like","YPEL3",0.294341895957065
"BRD81",2.57313759852287e-11,2.49940801078689,0.15,0.053,7.59976189723729e-07,"Erythroid-like","BRD8",0.374911201618034
"LNX22",2.99485282689915e-11,2.8884917063746,0.174,0.068,8.84529782424663e-07,"Erythroid-like","LNX2",0.50259755690918
"UGGT13",3.87401630264633e-11,2.36757978391438,0.225,0.103,1.14419071498659e-06,"Erythroid-like","UGGT1",0.532705451380735
"KDM5D1",4.21561969430995e-11,2.74601030153652,0.146,0.051,1.24508327671444e-06,"Erythroid-like","KDM5D",0.400917504024332
"RAD213",5.51287614094699e-11,2.09890521747657,0.249,0.121,1.62822796822869e-06,"Erythroid-like","RAD21",0.522627399151665
"IGF1R5",6.0557908668318e-11,1.60850039551875,0.39,0.247,1.78857783251877e-06,"Erythroid-like","IGF1R",0.627315154252313
"BCL11A3",7.17338584034809e-11,2.6761551304147,0.113,0.034,2.11865950794681e-06,"Erythroid-like","BCL11A",0.302405529736861
"MTMR32",1.0415352517042e-10,2.19077182979517,0.286,0.157,3.07617436590836e-06,"Erythroid-like","MTMR3",0.626560743321418
"MBNL22",1.43948267731055e-10,1.83869079453061,0.408,0.293,4.25151208743672e-06,"Erythroid-like","MBNL2",0.75018584416849
"RRM11",1.47064560914198e-10,2.44467156174975,0.103,0.03,4.34355180660084e-06,"Erythroid-like","RRM1",0.251801170860224
"NUTM2A-AS12",1.82468508443294e-10,2.08730231669396,0.235,0.114,5.38920739687269e-06,"Erythroid-like","NUTM2A-AS1",0.490516044423081
"WIPI21",1.96197360161033e-10,2.34602372729871,0.188,0.079,5.79468903235611e-06,"Erythroid-like","WIPI2",0.441052460732158
"RMND5A",2.00070847674964e-10,2.62984872247246,0.127,0.042,5.90909248608006e-06,"Erythroid-like","RMND5A",0.333990787754003
"YTHDC11",2.133151375538e-10,1.90330428364545,0.305,0.177,6.30026258765149e-06,"Erythroid-like","YTHDC1",0.580507806511863
"CEP1523",2.62707937940999e-10,2.33559872853108,0.146,0.053,7.75907894708742e-06,"Erythroid-like","CEP152",0.340997414365538
"C2CD32",3.21739123840323e-10,2.34914745783007,0.16,0.062,9.50256502262395e-06,"Erythroid-like","C2CD3",0.375863593252812
"GTF2B",3.36109501119513e-10,2.53702005672157,0.136,0.048,9.92699411556481e-06,"Erythroid-like","GTF2B",0.345034727714133
"MTRNR2L84",3.49004420983005e-10,2.26372229306965,0.16,0.062,1.03078455737331e-05,"Erythroid-like","MTRNR2L8",0.362195566891144
"G2E31",4.07782928407959e-10,2.46537873143726,0.174,0.071,1.20438687905291e-05,"Erythroid-like","G2E3",0.428975899270084
"STK243",6.61111328615282e-10,1.6036668647188,0.343,0.211,1.95259230906523e-05,"Erythroid-like","STK24",0.550057734598547
"SP41",1.14795926987307e-09,2.20782422421673,0.127,0.044,3.39049770357012e-05,"Erythroid-like","SP4",0.280393676475525
"MAN2A16",1.19546700758115e-09,1.55953453807095,0.347,0.215,3.53081180689094e-05,"Erythroid-like","MAN2A1",0.541158484710618
"TM9SF33",1.20615686286093e-09,1.9027095697057,0.31,0.184,3.56238429445975e-05,"Erythroid-like","TM9SF3",0.589839966608766
"MED134",1.23312102436356e-09,1.56111712766866,0.404,0.287,3.64202294545777e-05,"Erythroid-like","MED13",0.630691319578137
"STMP1",1.43747116247545e-09,2.93658311438226,0.108,0.035,4.24557107837124e-05,"Erythroid-like","STMP1",0.317150976353285
"GAS2L31",2.10767619752817e-09,2.4396564477653,0.131,0.047,6.22502164939945e-05,"Erythroid-like","GAS2L3",0.319594994657255
"RYBP3",2.19097441482075e-09,2.11686508840253,0.249,0.131,6.47104293417309e-05,"Erythroid-like","RYBP",0.527099407012231
"AFF16",2.56855817528835e-09,1.33202717723184,0.502,0.409,7.58623657071415e-05,"Erythroid-like","AFF1",0.668677642970384
"UTY4",2.58289357348504e-09,1.71362471938799,0.324,0.199,7.62857616928808e-05,"Erythroid-like","UTY",0.555214409081707
"C1GALT15",2.6661686179103e-09,2.27678920954279,0.197,0.091,7.87452901299806e-05,"Erythroid-like","C1GALT1",0.448527474279929
"CLASP14",2.79980358460176e-09,1.75564284740854,0.399,0.286,8.2692198871213e-05,"Erythroid-like","CLASP1",0.700501496116008
"FLCN1",3.35526122752443e-09,2.46063528559109,0.15,0.06,9.9097640354934e-05,"Erythroid-like","FLCN",0.369095292838663
"ARL6IP12",3.578005096716e-09,2.63481657778904,0.136,0.051,0.000105676380531507,"Erythroid-like","ARL6IP1",0.35833505457931
"SIK23",3.79806450263493e-09,2.01429051958181,0.343,0.224,0.000112175835085323,"Erythroid-like","SIK2",0.690901648216563
"AGPAT42",4.2253869840477e-09,2.05321496597392,0.249,0.134,0.000124796804573849,"Erythroid-like","AGPAT4",0.511250526527506
"NDE12",4.62551867471612e-09,2.17538181401817,0.131,0.048,0.000136614694057741,"Erythroid-like","NDE1",0.28497501763638
"SLC7A12",5.25260314933379e-09,2.12460084550297,0.127,0.046,0.000155135634015574,"Erythroid-like","SLC7A1",0.269824307378878
"REXO2",6.17396292570909e-09,3.01551322183206,0.113,0.039,0.000182347995010818,"Erythroid-like","REXO2",0.340752994067022
"TPST25",6.53541688787639e-09,2.03120648492893,0.16,0.066,0.000193023537783429,"Erythroid-like","TPST2",0.324993037588628
"UHRF23",7.25893883576647e-09,2.11013484807529,0.113,0.038,0.000214392758514363,"Erythroid-like","UHRF2",0.238445237832507
"CLIC22",8.95028459127407e-09,2.49330133170245,0.131,0.05,0.00026434665540328,"Erythroid-like","CLIC2",0.326622474453021
"ZCCHC82",8.99206973047164e-09,2.48814771365918,0.16,0.067,0.00026558077948948,"Erythroid-like","ZCCHC8",0.398103634185469
"TACC31",9.36514544365702e-09,2.47862852052998,0.108,0.036,0.00027659957067841,"Erythroid-like","TACC3",0.267691880217237
"AGO21",1.25677850369288e-08,1.69237781354193,0.282,0.165,0.000371189531065692,"Erythroid-like","AGO2",0.477250543418825
"RBM333",1.62627263432035e-08,1.58527478207173,0.362,0.25,0.000480319622546514,"Erythroid-like","RBM33",0.573869471109967
"FGFR1OP3",1.87927745299192e-08,2.2826885121992,0.15,0.063,0.000555044595741162,"Erythroid-like","FGFR1OP",0.34240327682988
"ZFYVE1",1.88142595786486e-08,2.73580320250396,0.122,0.046,0.000555679156655387,"Erythroid-like","ZFYVE1",0.333767990705484
"GAB13",2.58274927213389e-08,1.53839205058325,0.333,0.216,0.000762814997524745,"Erythroid-like","GAB1",0.512284552844221
"TNS15",2.59184802122261e-08,1.51003890075827,0.338,0.224,0.000765502313068098,"Erythroid-like","TNS1",0.510393148456294
"TRIM23",2.95776516281233e-08,2.77225033506628,0.113,0.041,0.000873575940836621,"Erythroid-like","TRIM23",0.313264287862489
"VPS13A5",3.22712477048164e-08,1.59069430889337,0.305,0.193,0.000953131300961753,"Erythroid-like","VPS13A",0.485161764212478
"RSRP12",3.26393431003959e-08,1.64020666336003,0.319,0.207,0.000964002998470194,"Erythroid-like","RSRP1",0.523225925611849
"EPN25",4.19082984125151e-08,2.23344640842522,0.216,0.114,0.00123776159361363,"Erythroid-like","EPN2",0.482424424219847
"CHPT13",4.27109407962412e-08,2.21969508149661,0.178,0.084,0.00126146763641698,"Erythroid-like","CHPT1",0.395105724506396
"DCAF12",4.71014404588445e-08,2.84509413965101,0.117,0.044,0.00139114104395197,"Erythroid-like","DCAF12",0.332876014339168
"USP9X2",5.22288405806189e-08,1.48160260170505,0.371,0.261,0.00154257880654858,"Erythroid-like","USP9X",0.549674565232574
"PSMG43",5.70251903400501e-08,2.2558924958074,0.127,0.05,0.00168423899669338,"Erythroid-like","PSMG4",0.286498346967539
"CD554",1.11152300149467e-07,1.44256949359159,0.286,0.173,0.0032828831849145,"Erythroid-like","CD55",0.412574875167195
"KDM7A3",1.15929942517019e-07,1.79355807854457,0.268,0.16,0.00342399085224014,"Erythroid-like","KDM7A",0.480673565049944
"TBC1D232",1.17316038913495e-07,2.30487069590414,0.188,0.095,0.00346492920931007,"Erythroid-like","TBC1D23",0.433315690829978
"NEDD4L3",1.21274058087964e-07,1.05759212102448,0.38,0.245,0.00358182930562801,"Erythroid-like","NEDD4L",0.401885005989304
"PKN23",1.2491172612739e-07,1.70394320187686,0.362,0.265,0.00368926783117247,"Erythroid-like","PKN2",0.616827439079425
"PPP6R35",1.68151746970812e-07,1.08737337439592,0.465,0.382,0.00496636184678293,"Erythroid-like","PPP6R3",0.505628619094102
"AGTPBP16",1.70233528493246e-07,1.64026970410815,0.315,0.206,0.00502784726404803,"Erythroid-like","AGTPBP1",0.516684956794067
"NIPBL4",1.90167785591671e-07,1.07473885232319,0.493,0.427,0.00561660554745,"Erythroid-like","NIPBL",0.529846254195335
"USP245",1.95039573786185e-07,1.64286563053037,0.324,0.221,0.00576049381177496,"Erythroid-like","USP24",0.532288464291839
"ZDHHC175",2.63957766610687e-07,2.3845414534769,0.211,0.116,0.00779599263684665,"Erythroid-like","ZDHHC17",0.503138246683626
"ABCB7",3.29250085572251e-07,2.030093667184,0.164,0.078,0.00972440127737644,"Erythroid-like","ABCB7",0.332935361418176
"KANK23",4.28789071731728e-07,2.37647953155795,0.122,0.05,0.0126642852335966,"Erythroid-like","KANK2",0.289930502850069
"OSBPL21",4.33248582145572e-07,2.11296562257917,0.141,0.062,0.0127959968736695,"Erythroid-like","OSBPL2",0.297928152783663
"AP2B13",5.39728495685298e-07,1.76487204158674,0.268,0.171,0.0159408811200653,"Erythroid-like","AP2B1",0.472985707145247
"ADD16",5.59816219693116e-07,1.55704176231812,0.3,0.2,0.0165341720486362,"Erythroid-like","ADD1",0.467112528695435
"SUZ124",6.38268640444381e-07,1.5695954747241,0.216,0.118,0.0188512642955248,"Erythroid-like","SUZ12",0.339032622540407
"XRN14",6.56271095790924e-07,1.39048243408506,0.385,0.288,0.0193829668141849,"Erythroid-like","XRN1",0.535335737122749
"TMEM59",7.04127424175152e-07,2.4379648110651,0.155,0.075,0.0207964034730131,"Erythroid-like","TMEM59",0.37788454571509
"H2AFV2",7.22579107879011e-07,1.99513467454418,0.127,0.054,0.0213413739512066,"Erythroid-like","H2AFV",0.253382103667111
"AMBRA12",7.49163425395125e-07,2.17083321676516,0.282,0.191,0.022126541769045,"Erythroid-like","AMBRA1",0.612174967127775
"CEP44",7.77249681522489e-07,2.27858118866092,0.117,0.048,0.0229560693437667,"Erythroid-like","CEP44",0.266593999073327
"CDK5RAP23",9.94128125006552e-07,1.97179323441989,0.235,0.14,0.0293615741720685,"Erythroid-like","CDK5RAP2",0.463371410088674
"PPP2R1B",1.21211964662497e-06,2.40048563851431,0.122,0.052,0.0357999537630685,"Erythroid-like","PPP2R1B",0.292859247898746
"ATAD51",1.38638312116289e-06,2.44111688084504,0.103,0.041,0.0409468254835459,"Erythroid-like","ATAD5",0.251435038727039
"RDH11",1.73076692946882e-06,2.44917990940943,0.103,0.041,0.0511182012618617,"Erythroid-like","RDH11",0.252265530669171
"RFFL4",1.78700136524888e-06,1.91791487095453,0.202,0.113,0.0527790853226256,"Erythroid-like","RFFL",0.387418803932816
"SERINC11",1.79452409900367e-06,2.408320334364,0.169,0.088,0.0530012692640734,"Erythroid-like","SERINC1",0.407006136507517
"TNK23",2.00037942283093e-06,1.9907781792192,0.136,0.062,0.0590812062533114,"Erythroid-like","TNK2",0.270745832373811
"SGMS13",2.2087520118357e-06,1.60504993150436,0.352,0.266,0.0652354906695675,"Erythroid-like","SGMS1",0.564977575889535
"JMY1",2.31180432989647e-06,1.87669563059878,0.155,0.076,0.0682791408834922,"Erythroid-like","JMY",0.290887822742811
"EZH1",2.46842735490987e-06,2.10034525819532,0.15,0.073,0.0729050019272629,"Erythroid-like","EZH1",0.315051788729299
"PHF121",3.30452221356276e-06,1.89075442905477,0.146,0.07,0.097599063577576,"Erythroid-like","PHF12",0.276050146641996
"PDCD101",3.32718761963425e-06,2.28997142223816,0.155,0.078,0.0982684863458975,"Erythroid-like","PDCD10",0.354945570446914
"PAQR31",3.96197325741063e-06,2.24196119628953,0.108,0.045,0.117016880157623,"Erythroid-like","PAQR3",0.24213180919927
"NR3C15",4.04811023250409e-06,1.58175066089916,0.333,0.247,0.119560935717008,"Erythroid-like","NR3C1",0.526722970079422
"IMMP1L1",4.47395260847815e-06,2.20583787469285,0.122,0.055,0.132138190291402,"Erythroid-like","IMMP1L",0.269112220712528
"DNAJB64",4.5785451465165e-06,1.40772596570093,0.3,0.206,0.135227330902365,"Erythroid-like","DNAJB6",0.422317789710279
"DCUN1D11",4.78660281479909e-06,2.09798263762368,0.15,0.075,0.141372314135091,"Erythroid-like","DCUN1D1",0.314697395643552
"AP2A1",5.11237334204038e-06,2.1669457580646,0.122,0.055,0.150993946657163,"Erythroid-like","AP2A1",0.264367382483881
"AKAP92",5.19934498724234e-06,1.37883199025226,0.423,0.37,0.153562654198203,"Erythroid-like","AKAP9",0.583245931876706
"U2SURP4",5.70532265946052e-06,1.4139729716279,0.254,0.162,0.168506704747166,"Erythroid-like","U2SURP",0.359149134793486
"NSD24",5.81602072708838e-06,1.9156250580304,0.244,0.158,0.171776172174555,"Erythroid-like","NSD2",0.467412514159418
"KLF135",7.74023938388226e-06,1.8185512776514,0.192,0.11,0.228607970202963,"Erythroid-like","KLF13",0.349161845309069
"DDB12",9.4287660317289e-06,2.23124128476075,0.146,0.074,0.278478604747113,"Erythroid-like","DDB1",0.32576122757507
"CENPP4",1.01025810848466e-05,1.66585825515077,0.192,0.11,0.298379732340946,"Erythroid-like","CENPP",0.319844784988947
"TMPO3",1.02861835724586e-05,1.88419686722054,0.136,0.066,0.303802431812564,"Erythroid-like","TMPO",0.256250773941994
"BTRC1",1.05928341335107e-05,1.80636557173993,0.225,0.14,0.31285935613324,"Erythroid-like","BTRC",0.406432253641485
"PCMTD11",1.16206355340436e-05,1.61813681329007,0.286,0.204,0.343215470497978,"Erythroid-like","PCMTD1",0.46278712860096
"DCP26",1.23177954884659e-05,1.62671913793305,0.202,0.119,0.36380608975184,"Erythroid-like","DCP2",0.328597265862475
"CRAMP12",1.54492480514462e-05,2.1602561790157,0.146,0.075,0.456293541199464,"Erythroid-like","CRAMP1",0.315397402136292
"BCL2L114",1.83497248574587e-05,1.44501481849363,0.127,0.06,0.541959123665043,"Erythroid-like","BCL2L11",0.183516881948691
"TNXB2",1.93048044420182e-05,1.34866569358544,0.117,0.053,0.570167399195008,"Erythroid-like","TNXB",0.157793886149497
"LNPK2",2.49423588442433e-05,1.93270429267432,0.136,0.068,0.736672568464726,"Erythroid-like","LNPK",0.262847783803707
"HDGF1",2.61914905026452e-05,2.32125936766496,0.103,0.046,0.773565671995626,"Erythroid-like","HDGF",0.239089714869491
"MARF12",2.89806375133195e-05,1.78467600917553,0.169,0.095,0.855943128955891,"Erythroid-like","MARF1",0.301610245550665
"CEP1922",3.65255093054777e-05,1.75646789832491,0.263,0.185,1,"Erythroid-like","CEP192",0.461951057259452
"GSPT11",3.92416916597925e-05,1.83624959916813,0.216,0.137,1,"Erythroid-like","GSPT1",0.396629913420316
"TSC1",3.94980596245482e-05,2.49934411447241,0.136,0.071,1,"Erythroid-like","TSC1",0.339910799568248
"KATNAL11",4.82668665337258e-05,1.90565652951432,0.136,0.071,1,"Erythroid-like","KATNAL1",0.259169288013947
"USP142",6.45464301738118e-05,1.76589986769393,0.164,0.094,1,"Erythroid-like","USP14",0.289607578301805
"MLXIP2",7.09881172255332e-05,1.82919111347711,0.23,0.156,1,"Erythroid-like","MLXIP",0.420713956099735
"OAZ13",7.29527983404758e-05,1.67875940096267,0.141,0.075,1,"Erythroid-like","OAZ1",0.236705075535736
"PNPLA81",7.47603545336186e-05,1.9550148664782,0.146,0.08,1,"Erythroid-like","PNPLA8",0.285432170505818
"SCFD12",8.2831607033273e-05,1.35436870732815,0.291,0.215,1,"Erythroid-like","SCFD1",0.394121293832491
"ANKH3",9.20145427347901e-05,1.46466629236299,0.202,0.125,1,"Erythroid-like","ANKH",0.295862591057325
"HP1BP32",9.83127247719812e-05,1.58593100915197,0.282,0.21,1,"Erythroid-like","HP1BP3",0.447232544580854
"CDK195",0.000103656907165418,1.63428928478349,0.249,0.174,1,"Erythroid-like","CDK19",0.406938031911089
"PPM1D1",0.000111231315610849,1.91498331028574,0.131,0.07,1,"Erythroid-like","PPM1D",0.250862813647432
"UBE2K3",0.000111438739404418,1.3619684916375,0.347,0.283,1,"Erythroid-like","UBE2K",0.472603066598213
"CLK4",0.000115560802600516,2.24812725220269,0.108,0.053,1,"Erythroid-like","CLK4",0.24279774323789
"ATL23",0.000137638211782916,1.79976830664177,0.192,0.123,1,"Erythroid-like","ATL2",0.34555551487522
"ARID4A4",0.000138750370133453,1.3829862862453,0.258,0.187,1,"Erythroid-like","ARID4A",0.356810461851286
"MKLN12",0.000139657233796943,1.04498615267848,0.418,0.375,1,"Erythroid-like","MKLN1",0.436804211819603
"TENT5C1",0.000140174705782165,1.42775842337747,0.103,0.048,1,"Erythroid-like","TENT5C",0.14705911760788
"AKAP72",0.000144162516302178,2.10830463340002,0.117,0.06,1,"Erythroid-like","AKAP7",0.246671642107802
"DENND1A2",0.00015399260162258,1.14031229089402,0.343,0.276,1,"Erythroid-like","DENND1A",0.391127115776647
"UBR53",0.000168759972407593,1.07402881700516,0.432,0.389,1,"Erythroid-like","UBR5",0.463980448946228
"SCAF43",0.000172919720412771,1.74562607063825,0.169,0.102,1,"Erythroid-like","SCAF4",0.295010805937864
"GIGYF22",0.000207793296481495,1.33577118197771,0.319,0.26,1,"Erythroid-like","GIGYF2",0.42611100705089
"FBXL42",0.000214109814984728,1.80002751285368,0.169,0.104,1,"Erythroid-like","FBXL4",0.304204649672272
"DDX3Y",0.000225901051340228,1.92186226813501,0.108,0.055,1,"Erythroid-like","DDX3Y",0.207561124958582
"NAPB",0.000251715049937964,1.92344858605233,0.113,0.058,1,"Erythroid-like","NAPB",0.217349690223914
"SF3B12",0.00025683909008855,1.4573633969187,0.268,0.201,1,"Erythroid-like","SF3B1",0.390573390374211
"KDM3B4",0.00027557647985412,1.5070000877559,0.192,0.126,1,"Erythroid-like","KDM3B",0.289344016849133
"BARD12",0.000282916101659836,1.96470042671261,0.113,0.058,1,"Erythroid-like","BARD1",0.222011148218525
"CYBRD12",0.000318891993476911,1.90327294999323,0.131,0.074,1,"Erythroid-like","CYBRD1",0.249328756449113
"PLCL28",0.000341308844251942,1.47667678307467,0.249,0.18,1,"Erythroid-like","PLCL2",0.367692518985593
"PANK3",0.000356126052626485,1.85991111887182,0.113,0.059,1,"Erythroid-like","PANK3",0.210169956432515
"TANK4",0.000356880243098576,1.30031530067619,0.319,0.259,1,"Erythroid-like","TANK",0.414800580915703
"PSPC13",0.000357937984843828,1.4253917425909,0.258,0.194,1,"Erythroid-like","PSPC1",0.367751069588453
"MYH102",0.000378512298222653,1.12868283391446,0.178,0.109,1,"Erythroid-like","MYH10",0.200905544436775
"METTL7A2",0.000422324245879996,1.96880224268986,0.113,0.06,1,"Erythroid-like","METTL7A",0.222474653423954
"TMBIM11",0.000459062756935713,1.98784416228598,0.113,0.06,1,"Erythroid-like","TMBIM1",0.224626390338316
"KIAA05862",0.000466472245792653,1.64700548091483,0.146,0.086,1,"Erythroid-like","KIAA0586",0.240462800213565
"RSRC24",0.000482478083845386,1.47431274837026,0.197,0.131,1,"Erythroid-like","RSRC2",0.290439611428942
"ZNF8003",0.000487169632576062,1.87118087777342,0.169,0.107,1,"Erythroid-like","ZNF800",0.316229568343707
"PPIP5K22",0.000491045625670009,1.73591137457205,0.188,0.125,1,"Erythroid-like","PPIP5K2",0.326351338419546
"ST3GAL23",0.000513795800883987,1.73061742289732,0.113,0.06,1,"Erythroid-like","ST3GAL2",0.195559768787397
"CLK13",0.000523294606713662,1.3675863980413,0.249,0.184,1,"Erythroid-like","CLK1",0.340529013112283
"ZNF326",0.00052934260087618,2.2313757747566,0.141,0.084,1,"Erythroid-like","ZNF326",0.31462398424068
"NCEH13",0.000534581844573475,1.66247361620984,0.178,0.114,1,"Erythroid-like","NCEH1",0.295920303685351
"SAFB7",0.00058247982859787,1.43276929877042,0.192,0.128,1,"Erythroid-like","SAFB",0.275091705363921
"PRELID25",0.000591752478558741,1.66042010160206,0.136,0.078,1,"Erythroid-like","PRELID2",0.225817133817881
"TCEA13",0.000623237504330142,1.71743851313376,0.164,0.103,1,"Erythroid-like","TCEA1",0.281659916153937
"CLTC3",0.000673693640234611,1.20998015558272,0.277,0.218,1,"Erythroid-like","CLTC",0.335164503096414
"H3F3A5",0.000689670090021404,1.91427130933421,0.15,0.093,1,"Erythroid-like","H3F3A",0.287140696400132
"HK13",0.000739134172949729,1.46126384818774,0.211,0.148,1,"Erythroid-like","HK1",0.308326671967613
"NUP983",0.000745992738835938,1.43305693214705,0.239,0.174,1,"Erythroid-like","NUP98",0.342500606783145
"MAPK15",0.000748963138569576,1.16491788610127,0.277,0.215,1,"Erythroid-like","MAPK1",0.322682254450052
"ZER12",0.000757519424760039,1.54617670250761,0.117,0.065,1,"Erythroid-like","ZER1",0.18090267419339
"SLC20A16",0.000823406375674186,1.73497347391506,0.146,0.088,1,"Erythroid-like","SLC20A1",0.253306127191599
"LCOR3",0.000829932013665884,1.25810351622818,0.286,0.23,1,"Erythroid-like","LCOR",0.359817605641258
"INTS6L2",0.000855694091811106,1.73235505240616,0.108,0.058,1,"Erythroid-like","INTS6L",0.187094345659865
"BRD43",0.000894720293333555,1.29291671446137,0.305,0.252,1,"Erythroid-like","BRD4",0.394339597910719
"LARP14",0.000920613538339016,1.37141264760056,0.235,0.173,1,"Erythroid-like","LARP1",0.322281972186132
"RSRC16",0.000961097443612197,1.34415240584972,0.291,0.234,1,"Erythroid-like","RSRC1",0.391148350102269
"LRRFIP23",0.00100810632057132,1.30382211240967,0.296,0.242,1,"Erythroid-like","LRRFIP2",0.385931345273263
"FAM13A3",0.00103073406541761,1.44087378064433,0.268,0.211,1,"Erythroid-like","FAM13A",0.386154173212681
"SH3GL11",0.00105021394890945,1.68666770535173,0.127,0.074,1,"Erythroid-like","SH3GL1",0.214206798579669
"PCMT12",0.00111907417726614,1.85375395786204,0.117,0.067,1,"Erythroid-like","PCMT1",0.216889213069859
"YBX35",0.00127993283876696,1.46893623565143,0.207,0.148,1,"Erythroid-like","YBX3",0.304069800779845
"SNX295",0.00128119711552123,1.373614681558,0.366,0.335,1,"Erythroid-like","SNX29",0.502742973450226
"LIN542",0.00133388362018697,1.70605345658163,0.108,0.06,1,"Erythroid-like","LIN54",0.184253773310816
"CAMKMT3",0.00145277096585002,1.26486540300586,0.315,0.263,1,"Erythroid-like","CAMKMT",0.398432601946845
"FAM160B11",0.00149558391440847,1.82273435221697,0.122,0.072,1,"Erythroid-like","FAM160B1",0.222373590970471
"HBS1L2",0.00154311354924607,1.67432915539644,0.141,0.087,1,"Erythroid-like","HBS1L",0.236080410910898
"HADHB2",0.0016892818397224,1.86230654969766,0.164,0.11,1,"Erythroid-like","HADHB",0.305418274150416
"PPP3R15",0.00175093348476663,1.29752188142272,0.272,0.216,1,"Erythroid-like","PPP3R1",0.35292595174698
"SLC40A11",0.00176758366171239,2.03970945586723,0.103,0.057,1,"Erythroid-like","SLC40A1",0.210090073954324
"KIDINS2202",0.00217389752390468,1.36600792627131,0.263,0.214,1,"Erythroid-like","KIDINS220",0.359260084609355
"CD2AP4",0.00220408021881645,1.25765127316402,0.254,0.198,1,"Erythroid-like","CD2AP",0.319443423383661
"USP484",0.00238458358511501,1.01825120381083,0.249,0.191,1,"Erythroid-like","USP48",0.253544549748896
"IP6K11",0.00245985975458713,1.7057587228392,0.146,0.093,1,"Erythroid-like","IP6K1",0.249040773534524
"KBTBD2",0.00252314949282375,1.71069640887178,0.103,0.058,1,"Erythroid-like","KBTBD2",0.176201730113793
"CDH15",0.00258604213001364,1.40577472676917,0.131,0.08,1,"Erythroid-like","CDH1",0.184156489206761
"RALGPS23",0.00262099161238867,1.43439729218834,0.183,0.127,1,"Erythroid-like","RALGPS2",0.262494704470467
"WDR48",0.00287383443623265,1.67678171132309,0.117,0.07,1,"Erythroid-like","WDR48",0.196183460224802
"PPM1A2",0.00288855237223099,1.82918204242777,0.122,0.075,1,"Erythroid-like","PPM1A",0.223160209176188
"ARMC82",0.00303298411820486,1.4503940303533,0.192,0.138,1,"Erythroid-like","ARMC8",0.278475653827833
"OFD18",0.00305478043941366,1.63533579634459,0.169,0.117,1,"Erythroid-like","OFD1",0.276371749582235
"TMEM2454",0.00308314920604799,1.62525061884024,0.207,0.155,1,"Erythroid-like","TMEM245",0.336426878099929
"LEPR2",0.00337969870244941,1.50483502375962,0.117,0.07,1,"Erythroid-like","LEPR",0.176065697779876
"CCDC185",0.0034133100678093,1.70066067766299,0.136,0.087,1,"Erythroid-like","CCDC18",0.231289852162166
"SERINC31",0.00361584997034193,1.79029850923015,0.122,0.076,1,"Erythroid-like","SERINC3",0.218416418126078
"WAC5",0.00410231642758594,1.00825595748319,0.385,0.373,1,"Erythroid-like","WAC",0.388178543631028
"PTAR11",0.00414053639768666,1.45089827495797,0.16,0.109,1,"Erythroid-like","PTAR1",0.232143723993275
"CALM24",0.00427065700862529,1.74636175228342,0.169,0.121,1,"Erythroid-like","CALM2",0.295135136135898
"ZNF6445",0.00476279703164544,1.16510708105093,0.31,0.276,1,"Erythroid-like","ZNF644",0.361183195125788
"OPTN5",0.00486440033298829,1.5437890515685,0.136,0.088,1,"Erythroid-like","OPTN",0.209955311013316
"NAPA1",0.00536848194576631,1.58462600107213,0.113,0.069,1,"Erythroid-like","NAPA",0.179062738121151
"SMC32",0.00605993709447593,1.55071324535789,0.108,0.066,1,"Erythroid-like","SMC3",0.167477030498652
"UBN22",0.00611440888591424,1.7208807394999,0.164,0.118,1,"Erythroid-like","UBN2",0.282224441277983
"RXRA2",0.00618176066579926,1.73042683656935,0.113,0.07,1,"Erythroid-like","RXRA",0.195538232532336
"NFIX5",0.00621575822866227,1.54502356704186,0.15,0.103,1,"Erythroid-like","NFIX",0.23175353505628
"CREBRF1",0.00626404385750745,1.84672329775519,0.131,0.088,1,"Erythroid-like","CREBRF",0.24192075200593
"MMS22L2",0.00644010231231509,1.40767433912168,0.122,0.077,1,"Erythroid-like","MMS22L",0.171736269372845
"XPR13",0.00694399213448692,1.29839590714708,0.249,0.206,1,"Erythroid-like","XPR1",0.323300580879622
"PBX14",0.00749946220706426,1.43181110780566,0.239,0.195,1,"Erythroid-like","PBX1",0.342202854765554
"MFHAS13",0.00762703314376022,1.49343865052572,0.183,0.136,1,"Erythroid-like","MFHAS1",0.273299273046207
"PDZD83",0.00798762015238261,1.50126127160069,0.155,0.108,1,"Erythroid-like","PDZD8",0.232695497098107
"MIR29B2CHG3",0.0083359723701036,1.32289670552045,0.188,0.141,1,"Erythroid-like","MIR29B2CHG",0.248704580637845
"STRN31",0.00877192596577841,1.05410377886787,0.319,0.291,1,"Erythroid-like","STRN3",0.336259105458849
"GARS1",0.00903402777861852,1.5899273540764,0.103,0.063,1,"Erythroid-like","GARS",0.16376251746987
"CYTOR4",0.00935291000665618,1.35616243327826,0.117,0.075,1,"Erythroid-like","CYTOR",0.158671004693556
"KMT2A5",0.00958530957261666,1.00788890494588,0.277,0.232,1,"Erythroid-like","KMT2A",0.279185226670009
