 ;Image;Region;Area-B;Area-G;Mean-B;Mean-G;IntDen-B;IntDen-G
1;01-DAPI-1-40x-402ms.tif;NBL;0.0382;0.0382;90.1875;1.2216;3.4447;0.0467
2;01-DAPI-1-40x-402ms.tif;NBL;0.0647;0.0647;104.0721;1.2399;6.7304;0.0802
3;01-DAPI-1-40x-402ms.tif;NBL;0.0676;0.0676;77.9085;1.4061;5.2666;0.0951
4;01-DAPI-1-40x-402ms.tif;NBL;0.0444;0.0444;105.9951;1.9022;4.704;0.0844
5;01-DAPI-1-40x-402ms.tif;NBL;0.0194;0.0194;102.4022;2.2737;1.9889;0.0442
6;01-DAPI-1-40x-402ms.tif;NBL;0.0396;0.0396;112.7945;1.7068;4.4672;0.0676
7;01-DAPI-1-40x-402ms.tif;NBL;0.0188;0.0188;117.1098;2.0173;2.1984;0.0379
8;01-DAPI-1-40x-402ms.tif;NBL;0.0347;0.0347;93.7156;1.5844;3.254;0.055
9;01-DAPI-1-40x-402ms.tif;NBL;0.0386;0.0386;92.1742;1.3118;3.5605;0.0507
10;01-DAPI-1-40x-402ms.tif;NBL;0.0336;0.0336;70.629;2.3452;2.3758;0.0789
11;01-DAPI-1-40x-402ms.tif;NBL;0.0047;0.0047;123.8372;3.5581;0.5778;0.0166
12;01-DAPI-1-40x-402ms.tif;NBL;0.1647;0.1647;64.5158;2.6179;10.6266;0.4312
13;01-DAPI-1-40x-402ms.tif;NBL;0.0368;0.0368;92.9735;2.2124;3.4199;0.0814
14;01-DAPI-1-40x-402ms.tif;NBL;0.0449;0.0449;118.6643;1.6522;5.3306;0.0742
15;01-DAPI-1-40x-402ms.tif;NBL;0.0518;0.0518;57.6625;1.7505;2.9845;0.0906
16;01-DAPI-1-40x-402ms.tif;NBL;0.0699;0.0699;101.9348;1.323;7.123;0.0924
17;01-DAPI-1-40x-402ms.tif;NBL;0.0232;0.0232;103.9112;1.257;2.4129;0.0292
18;01-DAPI-1-40x-402ms.tif;NBL;0.0601;0.0601;98.1047;2.2094;5.8974;0.1328
19;01-DAPI-1-40x-402ms.tif;NBL;0.0278;0.0278;101.9023;2.0586;2.8306;0.0572
20;01-DAPI-1-40x-402ms.tif;NBL;0.0608;0.0608;114.0232;1.2411;6.9285;0.0754
21;01-DAPI-1-40x-402ms.tif;NBL;0.0543;0.0543;118.344;1.654;6.4206;0.0897
22;01-DAPI-1-40x-402ms.tif;NBL;0.0615;0.0615;103.8289;1.231;6.3879;0.0757
23;01-DAPI-1-40x-402ms.tif;NBL;0.0424;0.0424;113.0614;1.4399;4.7968;0.0611
24;01-DAPI-1-40x-402ms.tif;NBL;0.0178;0.0178;98.7622;1.311;1.7575;0.0233
25;01-DAPI-1-40x-402ms.tif;NBL;0.0566;0.0566;94.3831;1.6609;5.3459;0.0941
26;01-DAPI-1-40x-402ms.tif;NBL;0.0122;0.0122;97.9821;2.4018;1.1908;0.0292
27;01-DAPI-1-40x-402ms.tif;NBL;0.0574;0.0574;109.7543;0.9679;6.2999;0.0556
28;01-DAPI-1-40x-402ms.tif;NBL;0.0509;0.0509;101.2708;2.0149;5.1536;0.1025
29;01-DAPI-1-40x-402ms.tif;NBL;0.0734;0.0734;66.7707;1.8314;4.8977;0.1343
30;01-DAPI-1-40x-402ms.tif;NBL;0.0303;0.0303;115.7706;1.6595;3.5048;0.0502
31;01-DAPI-1-40x-402ms.tif;NBL;0.0324;0.0324;125.7458;1.7023;4.0796;0.0552
32;01-DAPI-1-40x-402ms.tif;NBL;0.0685;0.0685;108.9778;2.6799;7.4615;0.1835
33;01-DAPI-1-40x-402ms.tif;NBL;0.0297;0.0297;107.7409;1.9489;3.2032;0.0579
34;01-DAPI-1-40x-402ms.tif;NBL;0.0476;0.0476;90.0342;1.6333;4.2887;0.0778
35;01-DAPI-1-40x-402ms.tif;NBL;0.0257;0.0257;104.173;2.2996;2.6789;0.0591
36;01-DAPI-1-40x-402ms.tif;NBL;0.0285;0.0285;117.2357;2.2319;3.3456;0.0637
37;01-DAPI-1-40x-402ms.tif;NBL;0.018;0.018;100.8313;1.7892;1.8162;0.0322
38;01-DAPI-1-40x-402ms.tif;NBL;0.0233;0.0233;120;1.5953;2.7995;0.0372
39;01-DAPI-1-40x-402ms.tif;NBL;0.0573;0.0573;99.8295;1.2348;5.7194;0.0707
40;01-DAPI-1-40x-402ms.tif;NBL;0.0299;0.0299;96.4964;1.4928;2.8899;0.0447
41;01-DAPI-1-40x-402ms.tif;NBL;0.0465;0.0465;105.7413;1.5082;4.9222;0.0702
42;01-DAPI-1-40x-402ms.tif;NBL;0.0404;0.0404;116.3414;1.293;4.6961;0.0522
43;01-DAPI-1-40x-402ms.tif;NBL;0.0177;0.0177;103.2822;2.2209;1.8267;0.0393
44;01-DAPI-1-40x-402ms.tif;NBL;0.0279;0.0279;67.0467;2.323;1.8697;0.0648
45;01-DAPI-1-40x-402ms.tif;NBL;0.0447;0.0447;71.9442;1.8325;3.2163;0.0819
46;01-DAPI-1-40x-402ms.tif;NBL;0.0455;0.0455;115.7184;1.7757;5.2611;0.0807
47;01-DAPI-1-40x-402ms.tif;NBL;0.0324;0.0324;91.4883;1.1706;2.9682;0.038
48;01-DAPI-1-40x-402ms.tif;NBL;0.0387;0.0387;87.9272;1.1737;3.406;0.0455
49;01-DAPI-1-40x-402ms.tif;NBL;0.0369;0.0369;109.4794;1.5;4.039;0.0553
50;01-DAPI-1-40x-402ms.tif;NBL;0.0288;0.0288;62.2566;1.7132;1.7901;0.0493
51;01-DAPI-1-40x-402ms.tif;NBL;0.0087;0.0087;73.0625;2.0125;0.6342;0.0175
52;01-DAPI-1-40x-402ms.tif;NBL;0.0076;0.0076;61.6571;0.5857;0.4683;0.0044
53;01-DAPI-1-40x-402ms.tif;NBL;0.0167;0.0167;51.4935;1.474;0.8605;0.0246
54;01-DAPI-1-40x-402ms.tif;NBL;0.056;0.056;101.0891;1.4651;5.6599;0.082
55;01-DAPI-1-40x-402ms.tif;NBL;0.0326;0.0326;110.4767;1.2833;3.5962;0.0418
56;01-DAPI-1-40x-402ms.tif;NBL;0.0255;0.0255;95.4851;1.1362;2.4348;0.029
57;01-DAPI-1-40x-402ms.tif;NBL;0.0292;0.0292;111.7881;1.5539;3.2629;0.0454
58;01-DAPI-1-40x-402ms.tif;NBL;0.0455;0.0455;53.6492;1.6993;2.4391;0.0773
59;01-DAPI-1-40x-402ms.tif;NBL;0.0322;0.0322;96.6902;1.4074;3.116;0.0454
60;01-DAPI-1-40x-402ms.tif;NBL;0.0498;0.0498;99.9695;1.4031;4.9789;0.0699
61;01-DAPI-1-40x-402ms.tif;NBL;0.017;0.017;98.2229;1.2548;1.6733;0.0214
62;01-DAPI-1-40x-402ms.tif;NBL;0.0378;0.0378;105.7931;1.1667;3.9948;0.0441
63;01-DAPI-1-40x-402ms.tif;NBL;0.0128;0.0128;109.9153;1.1695;1.4073;0.015
64;01-DAPI-1-40x-402ms.tif;NBL;0.0546;0.0546;112.835;1.5109;6.1584;0.0825
65;01-DAPI-1-40x-402ms.tif;NBL;0.0738;0.0738;73.1618;1.2809;5.3982;0.0945
66;01-DAPI-1-40x-402ms.tif;NBL;0.0093;0.0093;54.3372;0.6395;0.5071;0.006
67;01-DAPI-1-40x-402ms.tif;NBL;0.0203;0.0203;65.2246;1.3904;1.3235;0.0282
68;01-DAPI-1-40x-402ms.tif;NBL;0.0201;0.0201;125.827;1.9838;2.5258;0.0398
69;01-DAPI-1-40x-402ms.tif;NBL;0.0238;0.0238;112.1187;1.5799;2.6643;0.0375
70;01-DAPI-1-40x-402ms.tif;NBL;0.0202;0.0202;77.457;1.3495;1.5633;0.0272
71;01-DAPI-1-40x-402ms.tif;NBL;0.0317;0.0317;106.0548;1.0582;3.3602;0.0335
72;01-DAPI-1-40x-402ms.tif;NBL;0.0343;0.0343;83.1203;1.1329;2.85;0.0388
73;01-DAPI-1-40x-402ms.tif;NBL;0.0789;0.0789;76.1128;0.8294;6.0041;0.0654
74;01-DAPI-1-40x-402ms.tif;NBL;0.0242;0.0242;83.9417;1.2197;2.0311;0.0295
75;01-DAPI-1-40x-402ms.tif;NBL;0.0275;0.0275;73.8419;1.17;2.0271;0.0321
76;01-DAPI-1-40x-402ms.tif;NBL;0.0253;0.0253;102.6953;0.9571;2.5964;0.0242
77;01-DAPI-1-40x-402ms.tif;NBL;0.039;0.039;103.3454;0.9944;4.0257;0.0387
78;01-DAPI-1-40x-402ms.tif;NBL;0.022;0.022;110.6502;1.4483;2.4373;0.0319
79;01-DAPI-1-40x-402ms.tif;NBL;0.0203;0.0203;96.5348;1.1123;1.9588;0.0226
80;01-DAPI-1-40x-402ms.tif;NBL;0.0277;0.0277;116.0157;1.3176;3.2101;0.0365
81;01-DAPI-1-40x-402ms.tif;NBL;0.0122;0.0122;66.4821;2.1518;0.8079;0.0262
82;01-DAPI-1-40x-402ms.tif;NBL;0.0216;0.0216;61.1307;2.804;1.32;0.0605
83;01-DAPI-1-40x-402ms.tif;NBL;0.0931;0.0931;47.1503;1.3671;4.3896;0.1273
84;01-DAPI-1-40x-402ms.tif;NBL;0.032;0.032;120.4746;1.0237;3.8563;0.0328
85;01-DAPI-1-40x-402ms.tif;NBL;0.0315;0.0315;118.6897;0.5655;3.7348;0.0178
86;01-DAPI-1-40x-402ms.tif;NBL;0.0143;0.0143;68.2955;1.303;0.9782;0.0187
87;01-DAPI-1-40x-402ms.tif;NBL;0.0818;0.0818;54.5332;0.8966;4.4616;0.0734
88;01-DAPI-1-40x-402ms.tif;NBL;0.0483;0.0483;61.4584;0.8225;2.9676;0.0397
89;01-DAPI-1-40x-402ms.tif;NBL;0.0461;0.0461;98.9671;0.3341;4.5639;0.0154
90;01-DAPI-1-40x-402ms.tif;NBL;0.0357;0.0357;110.4438;0.8541;3.9427;0.0305
91;01-DAPI-1-40x-402ms.tif;NBL;0.0241;0.0241;96.3604;0.482;2.3212;0.0116
92;01-DAPI-1-40x-402ms.tif;NBL;0.0519;0.0519;76.0941;0.0669;3.9467;0.0035
93;01-DAPI-1-40x-402ms.tif;NBL;0.0133;0.0133;75.6911;0.5691;1.0102;0.0076
94;01-DAPI-1-40x-402ms.tif;NBL;0.0294;0.0294;67.6605;0.107;1.9896;0.0031
95;01-DAPI-1-40x-402ms.tif;NBL;0.0327;0.0327;65.1395;0.1262;2.1275;0.0041
96;01-DAPI-1-40x-402ms.tif;NBL;0.0293;0.0293;85.7444;0.1296;2.512;0.0038
97;01-DAPI-1-40x-402ms.tif;NBL;0.0407;0.0407;66.6107;0.3787;2.7104;0.0154
98;01-DAPI-1-40x-402ms.tif;NBL;0.0157;0.0157;86.6552;0.1793;1.3634;0.0028
99;01-DAPI-1-40x-402ms.tif;NBL;0.0231;0.0231;82.784;0.0516;1.9133;0.0012
100;01-DAPI-1-40x-402ms.tif;NBL;0.0133;0.0133;59.1626;0.4472;0.7896;0.006
101;01-DAPI-1-40x-402ms.tif;NBL;0.0082;0.0082;75.2105;0.0395;0.6202;0.0003
102;01-DAPI-1-40x-402ms.tif;NBL;0.0666;0.0666;50.2492;0.4283;3.3478;0.0285
103;01-DAPI-1-40x-402ms.tif;NBL;0.0408;0.0408;94.7394;0.484;3.8652;0.0197
104;01-DAPI-1-40x-402ms.tif;NBL;0.052;0.052;81.5282;0.3862;4.2374;0.0201
105;01-DAPI-1-40x-402ms.tif;NBL;0.0703;0.0703;80.0586;0.4552;5.6291;0.032
106;01-DAPI-1-40x-402ms.tif;NBL;0.0463;0.0463;107.9415;0.5246;5.0012;0.0243
107;01-DAPI-1-40x-402ms.tif;NBL;0.0468;0.0468;89.8144;0.6682;4.2003;0.0312
108;01-DAPI-1-40x-402ms.tif;NBL;0.0379;0.0379;101.4155;1.2034;3.8405;0.0456
109;01-DAPI-1-40x-402ms.tif;NBL;0.0395;0.0395;112.6511;1.1648;4.4493;0.046
110;01-DAPI-1-40x-402ms.tif;NBL;0.0336;0.0336;113.8935;1.1516;3.8311;0.0387
111;02-DAPI-1-40x-402ms.tif;NBL;0.0413;0.0413;97.9948;1.1076;4.0512;0.0458
112;02-DAPI-1-40x-402ms.tif;NBL;0.0304;0.0304;56.3286;1.4429;1.7114;0.0438
113;02-DAPI-1-40x-402ms.tif;NBL;0.0215;0.0215;106.9293;1.298;2.2973;0.0279
114;02-DAPI-1-40x-402ms.tif;NBL;0.0476;0.0476;112.3144;2.2073;5.35;0.1051
115;02-DAPI-1-40x-402ms.tif;NBL;0.0299;0.0299;95.2464;1.8406;2.8524;0.0551
116;02-DAPI-1-40x-402ms.tif;NBL;0.0171;0.0171;120.3987;1.8797;2.0641;0.0322
117;02-DAPI-1-40x-402ms.tif;NBL;0.0316;0.0316;125.7182;1.8832;3.9696;0.0595
118;02-DAPI-1-40x-402ms.tif;NBL;0.0316;0.0316;75.0859;1.5498;2.3709;0.0489
119;02-DAPI-1-40x-402ms.tif;NBL;0.0353;0.0353;77.6708;1.3877;2.739;0.0489
120;02-DAPI-1-40x-402ms.tif;NBL;0.0323;0.0323;105.6946;1.5034;3.4176;0.0486
121;02-DAPI-1-40x-402ms.tif;NBL;0.0558;0.0558;113.6518;1.5214;6.3387;0.0849
122;02-DAPI-1-40x-402ms.tif;NBL;0.026;0.026;105.8917;1.4958;2.7576;0.039
123;02-DAPI-1-40x-402ms.tif;NBL;0.0646;0.0646;82.2067;1.3496;5.3074;0.0871
124;02-DAPI-1-40x-402ms.tif;NBL;0.0312;0.0312;89.7812;0.8819;2.8057;0.0276
125;02-DAPI-1-40x-402ms.tif;NBL;0.0439;0.0439;57.5975;2.0148;2.5311;0.0885
126;02-DAPI-1-40x-402ms.tif;NBL;0.0386;0.0386;87.632;2.4326;3.3851;0.094
127;02-DAPI-1-40x-402ms.tif;NBL;0.0219;0.0219;114.6188;1.6485;2.5123;0.0361
128;02-DAPI-1-40x-402ms.tif;NBL;0.0762;0.0762;110.7578;1.8419;8.4366;0.1403
129;02-DAPI-1-40x-402ms.tif;NBL;0.0218;0.0218;106.6866;1.3532;2.3268;0.0295
130;02-DAPI-1-40x-402ms.tif;NBL;0.0528;0.0528;106.694;1.8871;5.638;0.0997
131;02-DAPI-1-40x-402ms.tif;NBL;0.0347;0.0347;92.5563;1.8969;3.2138;0.0659
132;02-DAPI-1-40x-402ms.tif;NBL;0.0599;0.0599;81.7391;1.6141;4.8958;0.0967
133;02-DAPI-1-40x-402ms.tif;NBL;0.0187;0.0187;103.5349;1.2616;1.9323;0.0235
134;02-DAPI-1-40x-402ms.tif;NBL;0.0757;0.0757;92.0516;1.4928;6.9718;0.1131
135;02-DAPI-1-40x-402ms.tif;NBL;0.1181;0.1181;71.5653;1.9311;8.4487;0.228
136;02-DAPI-1-40x-402ms.tif;NBL;0.0977;0.0977;84.4411;1.2022;8.2462;0.1174
137;02-DAPI-1-40x-402ms.tif;NBL;0.068;0.068;108.6986;1.504;7.3952;0.1023
138;02-DAPI-1-40x-402ms.tif;NBL;0.0375;0.0375;26.6503;7.9884;1.0005;0.2999
139;02-DAPI-1-40x-402ms.tif;NBL;0.0844;0.0844;59.0064;2.7429;4.9812;0.2316
140;02-DAPI-1-40x-402ms.tif;NBL;0.0614;0.0614;72.6731;2.6254;4.4632;0.1612
141;02-DAPI-1-40x-402ms.tif;NBL;0.0939;0.0939;68.6578;1.7468;6.4441;0.164
142;02-DAPI-1-40x-402ms.tif;NBL;0.0152;0.0152;82.2429;2.1929;1.2493;0.0333
143;02-DAPI-1-40x-402ms.tif;NBL;0.022;0.022;114.6552;1.7094;2.5255;0.0377
144;02-DAPI-1-40x-402ms.tif;NBL;0.0437;0.0437;88;1.4888;3.8481;0.0651
145;02-DAPI-1-40x-402ms.tif;NBL;0.0235;0.0235;115.6728;1.5207;2.7236;0.0358
146;02-DAPI-1-40x-402ms.tif;NBL;0.0549;0.0549;107.9229;2;5.9255;0.1098
147;02-DAPI-1-40x-402ms.tif;NBL;0.0356;0.0356;119.6463;1.3506;4.2582;0.0481
148;02-DAPI-1-40x-402ms.tif;NBL;0.0878;0.0878;86.7441;1.7874;7.6146;0.1569
149;02-DAPI-1-40x-402ms.tif;NBL;0.0272;0.0272;93.0956;1.3705;2.5355;0.0373
150;02-DAPI-1-40x-402ms.tif;NBL;0.0125;0.0125;80.3304;1.9304;1.0024;0.0241
151;02-DAPI-1-40x-402ms.tif;NBL;0.0311;0.0311;127.4495;1.6829;3.969;0.0524
152;02-DAPI-1-40x-402ms.tif;NBL;0.0348;0.0348;117.8816;1.0872;4.1059;0.0379
153;02-DAPI-1-40x-402ms.tif;NBL;0.0374;0.0374;119.5623;0.8667;4.4758;0.0324
154;02-DAPI-1-40x-402ms.tif;NBL;0.0284;0.0284;109.0344;1.8702;3.0997;0.0532
155;02-DAPI-1-40x-402ms.tif;NBL;0.1125;0.1125;43.2951;1.9624;4.8716;0.2208
156;02-DAPI-1-40x-402ms.tif;NBL;0.0929;0.0929;79.8972;1.6963;7.421;0.1576
157;02-DAPI-1-40x-402ms.tif;NBL;0.0707;0.0707;95.612;1.0307;6.7642;0.0729
158;02-DAPI-1-40x-402ms.tif;NBL;0.045;0.045;104.1566;1.8217;4.6902;0.082
159;02-DAPI-1-40x-402ms.tif;NBL;0.0652;0.0652;93.8502;1.1564;6.1202;0.0754
160;02-DAPI-1-40x-402ms.tif;NBL;0.0487;0.0487;90.392;0.8552;4.4039;0.0417
161;02-DAPI-1-40x-402ms.tif;NBL;0.0321;0.0321;64.8885;1.2466;2.0841;0.04
162;02-DAPI-1-40x-402ms.tif;NBL;0.0521;0.0521;68.0729;0.8125;3.5455;0.0423
163;02-DAPI-1-40x-402ms.tif;NBL;0.0924;0.0924;92.8298;0.8791;8.5819;0.0813
164;02-DAPI-1-40x-402ms.tif;NBL;0.0438;0.0438;112.3911;1.5644;4.9269;0.0686
165;02-DAPI-1-40x-402ms.tif;NBL;0.1054;0.1054;70.6632;0.8867;7.4451;0.0934
166;02-DAPI-1-40x-402ms.tif;NBL;0.0617;0.0617;76.1986;0.7118;4.7045;0.0439
167;02-DAPI-1-40x-402ms.tif;NBL;0.0524;0.0524;94.8778;0.4472;4.9724;0.0234
168;02-DAPI-1-40x-402ms.tif;NBL;0.0592;0.0592;103.2161;0.5476;6.115;0.0324
169;02-DAPI-1-40x-402ms.tif;NBL;0.0493;0.0493;100.8811;1.1189;4.9696;0.0551
170;02-DAPI-1-40x-402ms.tif;NBL;0.0512;0.0512;110.4153;0.8199;5.6549;0.042
171;02-DAPI-1-40x-402ms.tif;NBL;0.0508;0.0508;113.7692;0.6902;5.7773;0.035
172;02-DAPI-1-40x-402ms.tif;NBL;0.0419;0.0419;114.2902;1.0751;4.7869;0.045
173;02-DAPI-1-40x-402ms.tif;NBL;0.0424;0.0424;97.6701;0.6368;4.1438;0.027
174;02-DAPI-1-40x-402ms.tif;NBL;0.0327;0.0327;106.0332;0.3754;3.4631;0.0123
175;02-DAPI-1-40x-402ms.tif;NBL;0.0312;0.0312;98.2674;0.3368;3.0709;0.0105
176;02-DAPI-1-40x-402ms.tif;NBL;0.0945;0.0945;75.3766;0.1699;7.1238;0.0161
177;02-DAPI-1-40x-402ms.tif;NBL;0.0579;0.0579;64.5356;0.4494;3.7394;0.026
178;02-DAPI-1-40x-402ms.tif;NBL;0.0813;0.0813;74.9359;0.1482;6.0902;0.012
179;02-DAPI-1-40x-402ms.tif;NBL;0.0706;0.0706;61.9386;0.0783;4.3752;0.0055
180;02-DAPI-1-40x-402ms.tif;NBL;0.063;0.063;83.8072;0.2375;5.2834;0.015
181;02-DAPI-1-40x-402ms.tif;NBL;0.0727;0.0727;68.5776;0.1403;4.9856;0.0102
182;02-DAPI-1-40x-402ms.tif;NBL;0.028;0.028;54.0504;0.6899;1.5131;0.0193
183;02-DAPI-1-40x-402ms.tif;NBL;0.0248;0.0248;87.2445;0.1528;2.1679;0.0038
184;02-DAPI-1-40x-402ms.tif;NBL;0.0675;0.0675;60.9453;0.0322;4.1133;0.0022
185;02-DAPI-1-40x-402ms.tif;NBL;0.0566;0.0566;43.1054;0.3812;2.4415;0.0216
186;02-DAPI-1-40x-402ms.tif;NBL;0.0788;0.0788;65.5523;0.2672;5.164;0.0211
187;02-DAPI-1-40x-402ms.tif;NBL;0.1337;0.1337;48.6291;0.5463;6.5008;0.073
188;02-DAPI-1-40x-402ms.tif;NBL;0.0625;0.0625;71.7726;0.2517;4.4858;0.0157
189;02-DAPI-1-40x-402ms.tif;NBL;0.0809;0.0809;56.9531;0.4343;4.6101;0.0352
190;02-DAPI-1-40x-402ms.tif;NBL;0.0788;0.0788;62.7865;0.8815;4.9461;0.0694
191;02-DAPI-1-40x-402ms.tif;NBL;0.0432;0.0432;97.9698;1.4799;4.2309;0.0639
192;02-DAPI-1-40x-402ms.tif;NBL;0.0626;0.0626;99.8232;1.2721;6.2498;0.0796
193;02-DAPI-1-40x-402ms.tif;NBL;0.0605;0.0605;84.9086;1.3602;5.141;0.0824
194;02-DAPI-1-40x-402ms.tif;NBL;0.079;0.079;82.2308;1.522;6.4957;0.1202
195;02-DAPI-1-40x-402ms.tif;NBL;0.0694;0.0694;72.6391;1.5219;5.0444;0.1057
196;02-DAPI-1-40x-402ms.tif;NBL;0.0788;0.0788;76.449;1.3843;6.0224;0.109
197;02-DAPI-1-40x-402ms.tif;NBL;0.0627;0.0627;74.4602;1.5294;4.6699;0.0959
198;02-DAPI-1-40x-402ms.tif;NBL;0.064;0.064;65.5763;1.0475;4.1981;0.0671
199;03-DAPI-1-40x-402ms.tif;NBL;0.0591;0.0591;74.8147;0;4.4243;0
200;03-DAPI-1-40x-402ms.tif;NBL;0.0231;0.0231;47.8169;0;1.1051;0
201;03-DAPI-1-40x-402ms.tif;NBL;0.0307;0.0307;67.8233;0;2.0827;0
202;03-DAPI-1-40x-402ms.tif;NBL;0.0407;0.0407;55.256;0;2.2484;0
203;03-DAPI-1-40x-402ms.tif;NBL;0.0137;0.0137;72.8016;0;0.9953;0
204;03-DAPI-1-40x-402ms.tif;NBL;0.0801;0.0801;38.4065;0;3.0755;0
205;03-DAPI-1-40x-402ms.tif;NBL;0.0445;0.0445;68.422;0;3.0439;0
206;03-DAPI-1-40x-402ms.tif;NBL;0.0743;0.0743;57.0818;0;4.2427;0
207;03-DAPI-1-40x-402ms.tif;NBL;0.0435;0.0435;58.2594;0;2.5349;0
208;03-DAPI-1-40x-402ms.tif;NBL;0.0608;0.0608;98.925;0;6.0111;0
209;03-DAPI-1-40x-402ms.tif;NBL;0.0596;0.0596;83.6448;0;4.9827;0
210;03-DAPI-1-40x-402ms.tif;NBL;0.0353;0.0353;103.4769;0;3.6491;0
211;03-DAPI-1-40x-402ms.tif;NBL;0.0837;0.0837;29.3048;0;2.4516;0
212;03-DAPI-1-40x-402ms.tif;NBL;0.0441;0.0441;63.803;0;2.8108;0
213;03-DAPI-1-40x-402ms.tif;NBL;0.0361;0.0361;72.3634;0;2.6147;0
214;03-DAPI-1-40x-402ms.tif;NBL;0.0596;0.0596;91.3078;0;5.4392;0
215;03-DAPI-1-40x-402ms.tif;NBL;0.0693;0.0693;70.2567;0;4.8713;0
216;03-DAPI-1-40x-402ms.tif;NBL;0.0468;0.0468;50.9142;0;2.3811;0
217;03-DAPI-1-40x-402ms.tif;NBL;0.0387;0.0387;65.3613;0;2.5319;0
218;03-DAPI-1-40x-402ms.tif;NBL;0.0654;0.0654;61.4245;0;4.019;0
219;03-DAPI-1-40x-402ms.tif;NBL;0.0841;0.0841;64.6245;0;5.4345;0
220;03-DAPI-1-40x-402ms.tif;NBL;0.0758;0.0758;44.7239;0;3.3921;0
221;03-DAPI-1-40x-402ms.tif;NBL;0.0663;0.0663;67.0589;0;4.4459;0
222;03-DAPI-1-40x-402ms.tif;NBL;0.0723;0.0723;57.7387;0;4.1725;0
223;03-DAPI-1-40x-402ms.tif;NBL;0.0614;0.0614;61.0936;0;3.7521;0
224;03-DAPI-1-40x-402ms.tif;NBL;0.0458;0.0458;51.4668;0;2.3567;0
225;03-DAPI-1-40x-402ms.tif;NBL;0.0495;0.0495;56.6579;0;2.8034;0
226;03-DAPI-1-40x-402ms.tif;NBL;0.0536;0.0536;50.5202;0;2.708;0
227;03-DAPI-1-40x-402ms.tif;NBL;0.0342;0.0342;61.1683;0;2.0907;0
228;03-DAPI-1-40x-402ms.tif;NBL;0.0597;0.0597;59.0691;0;3.5252;0
229;03-DAPI-1-40x-402ms.tif;NBL;0.0163;0.0163;53.8867;0;0.8771;0
230;03-DAPI-1-40x-402ms.tif;NBL;0.0212;0.0212;70.1026;0;1.4833;0
231;03-DAPI-1-40x-402ms.tif;NBL;0.0622;0.0622;72.9895;0;4.5381;0
232;03-DAPI-1-40x-402ms.tif;NBL;0.0553;0.0553;97.0216;0;5.369;0
233;03-DAPI-1-40x-402ms.tif;NBL;0.034;0.034;50.8403;0;1.7267;0
234;03-DAPI-1-40x-402ms.tif;NBL;0.0827;0.0827;73.4396;0;6.0722;0
235;03-DAPI-1-40x-402ms.tif;NBL;0.0501;0.0501;113.0541;0;5.6674;0
236;03-DAPI-1-40x-402ms.tif;NBL;0.0615;0.0615;46.328;0;2.8503;0
237;03-DAPI-1-40x-402ms.tif;NBL;0.0361;0.0361;70.6456;0;2.5526;0
238;03-DAPI-1-40x-402ms.tif;NBL;0.0297;0.0297;87.2591;0;2.5943;0
239;03-DAPI-1-40x-402ms.tif;NBL;0.0281;0.0281;73.0502;0;2.053;0
240;03-DAPI-1-40x-402ms.tif;NBL;0.036;0.036;79.8042;0;2.8749;0
241;03-DAPI-1-40x-402ms.tif;NBL;0.0232;0.0232;64.8178;0;1.5051;0
242;03-DAPI-1-40x-402ms.tif;NBL;0.054;0.054;50.4799;0;2.7278;0
243;03-DAPI-1-40x-402ms.tif;NBL;0.0536;0.0536;76.2004;0;4.0845;0
244;03-DAPI-1-40x-402ms.tif;NBL;0.0898;0.0898;47.6147;0;4.2779;0
245;03-DAPI-1-40x-402ms.tif;NBL;0.0528;0.0528;69.5606;0;3.6758;0
246;03-DAPI-1-40x-402ms.tif;NBL;0.031;0.031;74.1294;0;2.3005;0
247;03-DAPI-1-40x-402ms.tif;NBL;0.035;0.035;77.2879;0;2.7088;0
248;03-DAPI-1-40x-402ms.tif;NBL;0.0314;0.0314;74.1453;0;2.3251;0
249;03-DAPI-1-40x-402ms.tif;NBL;0.0694;0.0694;85.6109;0;5.9452;0
250;03-DAPI-1-40x-402ms.tif;NBL;0.0408;0.0408;84.6941;0;3.4554;0
251;03-DAPI-1-40x-402ms.tif;NBL;0.0561;0.0561;73.7563;0;4.1376;0
252;03-DAPI-1-40x-402ms.tif;NBL;0.0774;0.0774;82.9495;0;6.4174;0
253;03-DAPI-1-40x-402ms.tif;NBL;0.0607;0.0607;87.2648;0;5.2931;0
254;03-DAPI-1-40x-402ms.tif;NBL;0.0546;0.0546;66.4553;0;3.6271;0
255;03-DAPI-1-40x-402ms.tif;NBL;0.0849;0.0849;88.6969;0;7.5262;0
256;03-DAPI-1-40x-402ms.tif;NBL;0.0439;0.0439;82.6074;0;3.6302;0
257;03-DAPI-1-40x-402ms.tif;NBL;0.0214;0.0214;102.2284;0;2.1852;0
258;03-DAPI-1-40x-402ms.tif;NBL;0.0538;0.0538;85.1633;0;4.5834;0
259;03-DAPI-1-40x-402ms.tif;NBL;0.0601;0.0601;43.2166;0;2.5979;0
260;03-DAPI-1-40x-402ms.tif;NBL;0.0502;0.0502;42.9978;0;2.1602;0
261;03-DAPI-1-40x-402ms.tif;NBL;0.1057;0.1057;38.7649;0;4.0969;0
262;03-DAPI-1-40x-402ms.tif;NBL;0.0284;0.0284;72.4466;0;2.0596;0
263;03-DAPI-1-40x-402ms.tif;NBL;0.0375;0.0375;72.7312;0;2.7306;0
264;03-DAPI-1-40x-402ms.tif;NBL;0.0566;0.0566;64.3851;0;3.6468;0
265;03-DAPI-1-40x-402ms.tif;NBL;0.0667;0.0667;51.1593;0;3.414;0
266;03-DAPI-1-40x-402ms.tif;NBL;0.0523;0.0523;73.9357;0;3.8669;0
267;03-DAPI-1-40x-402ms.tif;NBL;0.0575;0.0575;86.5717;0;4.9786;0
268;03-DAPI-1-40x-402ms.tif;NBL;0.0821;0.0821;91.1849;0;7.4899;0
269;03-DAPI-1-40x-402ms.tif;NBL;0.0401;0.0401;64.5;0;2.5895;0
270;03-DAPI-1-40x-402ms.tif;NBL;0.028;0.028;55.5233;0;1.5544;0
271;03-DAPI-1-40x-402ms.tif;NBL;0.0384;0.0384;119.9492;0;4.6074;0
272;03-DAPI-1-40x-402ms.tif;NBL;0.0383;0.0383;115.3484;0;4.4182;0
273;03-DAPI-1-40x-402ms.tif;NBL;0.0465;0.0465;113.8462;0.007;5.2995;0.0003
274;03-DAPI-1-40x-402ms.tif;NBL;0.0582;0.0582;109.4347;0;6.3647;0
275;03-DAPI-1-40x-402ms.tif;NBL;0.0387;0.0387;116.9888;0;4.5318;0
276;03-DAPI-1-40x-402ms.tif;NBL;0.0565;0.0565;112.5566;0;6.3631;0
277;03-DAPI-1-40x-402ms.tif;NBL;0.0497;0.0497;109.7467;0;5.454;0
278;03-DAPI-1-40x-402ms.tif;NBL;0.0661;0.0661;71.4351;0;4.7205;0
279;03-DAPI-1-40x-402ms.tif;NBL;0.0348;0.0348;122.8069;0;4.2775;0
280;03-DAPI-1-40x-402ms.tif;NBL;0.0701;0.0701;88.1455;0;6.1786;0
281;03-DAPI-1-40x-402ms.tif;NBL;0.056;0.056;92.1473;0;5.1593;0
282;03-DAPI-1-40x-402ms.tif;NBL;0.0763;0.0763;54.7568;0;4.1769;0
283;03-DAPI-1-40x-402ms.tif;NBL;0.0299;0.0299;47.2283;0;1.4144;0
284;03-DAPI-1-40x-402ms.tif;NBL;0.0627;0.0627;57.5104;0;3.6069;0
285;03-DAPI-1-40x-402ms.tif;NBL;0.0222;0.0222;82.4683;0;1.8344;0
286;03-DAPI-1-40x-402ms.tif;NBL;0.0204;0.0204;68.4043;0;1.3954;0
287;03-DAPI-1-40x-402ms.tif;NBL;0.05;0.05;95.7267;0;4.7884;0
288;03-DAPI-1-40x-402ms.tif;NBL;0.0149;0.0149;109.1314;0;1.6223;0
289;03-DAPI-1-40x-402ms.tif;NBL;0.0372;0.0372;113.1837;0;4.2125;0
290;03-DAPI-1-40x-402ms.tif;NBL;0.0359;0.0359;92.7402;0;3.3308;0
291;03-DAPI-1-40x-402ms.tif;NBL;0.0217;0.0217;78.38;0;1.701;0
292;03-DAPI-1-40x-402ms.tif;NBL;0.0514;0.0514;112.3629;0;5.7791;0
293;03-DAPI-1-40x-402ms.tif;NBL;0.0626;0.0626;122.1456;0;7.6474;0
294;03-DAPI-1-40x-402ms.tif;NBL;0.0627;0.0627;65.1609;0;4.0867;0
295;03-DAPI-1-40x-402ms.tif;NBL;0.0544;0.0544;98.4691;0;5.353;0
296;03-DAPI-1-40x-402ms.tif;NBL;0.048;0.048;79.0362;0;3.7906;0
297;03-DAPI-1-40x-402ms.tif;NBL;0.0403;0.0403;69.0458;0;2.7795;0
298;03-DAPI-1-40x-402ms.tif;NBL;0.0394;0.0394;65.7879;0;2.5913;0
299;03-DAPI-1-40x-402ms.tif;NBL;0.0213;0.0213;97.2653;0;2.0686;0
300;03-DAPI-1-40x-402ms.tif;NBL;0.0456;0.0456;113.2286;0;5.1602;0
301;03-DAPI-1-40x-402ms.tif;NBL;0.0562;0.0562;75.9788;0;4.2705;0
302;03-DAPI-1-40x-402ms.tif;NBL;0.0302;0.0302;52.3058;0;1.5778;0
303;03-DAPI-1-40x-402ms.tif;NBL;0.0407;0.0407;101.9973;0;4.1503;0
304;03-DAPI-1-40x-402ms.tif;NBL;0.0588;0.0588;80.3911;0;4.7279;0
305;03-DAPI-1-40x-402ms.tif;NBL;0.0374;0.0374;108.2377;0;4.0519;0
306;03-DAPI-1-40x-402ms.tif;NBL;0.0307;0.0307;95.9187;0;2.9454;0
307;03-DAPI-1-40x-402ms.tif;NBL;0.0307;0.0307;102.3216;0;3.142;0
308;03-DAPI-1-40x-402ms.tif;NBL;0.0248;0.0248;90.5022;0;2.2488;0
309;03-DAPI-1-40x-402ms.tif;NBL;0.0591;0.0591;95.1083;0;5.6243;0
310;03-DAPI-1-40x-402ms.tif;NBL;0.0536;0.0536;60.5709;0;3.2467;0
311;03-DAPI-1-40x-402ms.tif;NBL;0.078;0.078;78.0946;0;6.0927;0
312;03-DAPI-1-40x-402ms.tif;NBL;0.0297;0.0297;117.3978;0;3.4903;0
313;03-DAPI-1-40x-402ms.tif;NBL;0.0636;0.0636;122.2645;0;7.7742;0
314;03-DAPI-1-40x-402ms.tif;NBL;0.0487;0.0487;117.7996;0;5.7391;0
315;03-DAPI-1-40x-402ms.tif;NBL;0.0216;0.0216;112.6633;0;2.4327;0
316;03-DAPI-1-40x-402ms.tif;NBL;0.0157;0.0157;122.2552;0;1.9235;0
317;03-DAPI-1-40x-402ms.tif;NBL;0.0278;0.0278;110.9492;0;3.0819;0
318;03-DAPI-1-40x-402ms.tif;NBL;0.073;0.073;54.948;0.0015;4.0126;0.0001
319;03-DAPI-1-40x-402ms.tif;NBL;0.0481;0.0481;124.3702;0;5.9783;0
320;03-DAPI-1-40x-402ms.tif;NBL;0.0178;0.0178;93.7317;0;1.668;0
321;03-DAPI-1-40x-402ms.tif;NBL;0.0305;0.0305;116.0569;0;3.5386;0
322;03-DAPI-1-40x-402ms.tif;NBL;0.0572;0.0572;115.8843;0;6.6266;0
323;03-DAPI-1-40x-402ms.tif;NBL;0.0373;0.0373;106.75;0;3.9846;0
324;03-DAPI-1-40x-402ms.tif;NBL;0.088;0.088;112.5265;0;9.9022;0
325;03-DAPI-1-40x-402ms.tif;NBL;0.0939;0.0939;60.0092;0;5.6324;0
326;03-DAPI-1-40x-402ms.tif;NBL;0.0753;0.0753;83.853;0;6.3145;0
327;03-DAPI-1-40x-402ms.tif;NBL;0.0518;0.0518;95.1153;0.0021;4.923;0.0001
328;03-DAPI-1-40x-402ms.tif;NBL;0.0497;0.0497;61.0044;0;3.0317;0
329;03-DAPI-1-40x-402ms.tif;NBL;0.0288;0.0288;91.8415;0;2.6408;0
330;03-DAPI-1-40x-402ms.tif;NBL;0.0662;0.0662;74.8508;0;4.9543;0
331;03-DAPI-1-40x-402ms.tif;NBL;0.0734;0.0734;78.0325;0;5.7237;0
332;03-DAPI-1-40x-402ms.tif;NBL;0.0696;0.0696;77.1139;0;5.3635;0
333;03-DAPI-1-40x-402ms.tif;NBL;0.0494;0.0494;75.6176;0;3.7333;0
334;03-DAPI-1-40x-402ms.tif;NBL;0.0616;0.0616;75.1338;0.0053;4.6306;0.0003
335;03-DAPI-1-40x-402ms.tif;NBL;0.0602;0.0602;74.1297;0;4.4642;0
336;03-DAPI-1-40x-402ms.tif;NBL;0.0994;0.0994;101.5666;0;10.0949;0
337;03-DAPI-1-40x-402ms.tif;NBL;0.0659;0.0659;99.1071;0;6.5276;0
338;03-DAPI-1-40x-402ms.tif;NBL;0.0485;0.0485;63.1991;0;3.0653;0
339;04-DAPI-1-40x-402ms.tif;NBL;0.0439;0.0439;102.7284;1.2346;4.5144;0.0543
340;04-DAPI-1-40x-402ms.tif;NBL;0.0248;0.0248;120.1616;1.2271;2.9858;0.0305
341;04-DAPI-1-40x-402ms.tif;NBL;0.0302;0.0302;117.982;1.3489;3.5589;0.0407
342;04-DAPI-1-40x-402ms.tif;NBL;0.0221;0.0221;91.5343;1.3235;2.0262;0.0293
343;04-DAPI-1-40x-402ms.tif;NBL;0.0229;0.0229;111.9194;1;2.5624;0.0229
344;04-DAPI-1-40x-402ms.tif;NBL;0.023;0.023;105.4057;1.316;2.4247;0.0303
345;04-DAPI-1-40x-402ms.tif;NBL;0.041;0.041;117.4312;0.8677;4.8165;0.0356
346;04-DAPI-1-40x-402ms.tif;NBL;0.0345;0.0345;112.4025;0.9025;3.8785;0.0311
347;04-DAPI-1-40x-402ms.tif;NBL;0.0397;0.0397;111.1475;0.7377;4.4141;0.0293
348;04-DAPI-1-40x-402ms.tif;NBL;0.0611;0.0611;107.4547;0.8952;6.5643;0.0547
349;04-DAPI-1-40x-402ms.tif;NBL;0.0553;0.0553;110.8627;0.9353;6.135;0.0518
350;04-DAPI-1-40x-402ms.tif;NBL;0.0404;0.0404;100.1425;0.7823;4.0422;0.0316
351;04-DAPI-1-40x-402ms.tif;NBL;0.0431;0.0431;69.6877;1.2065;3.002;0.052
352;04-DAPI-1-40x-402ms.tif;NBL;0.0382;0.0382;117.5057;0.8892;4.4881;0.034
353;04-DAPI-1-40x-402ms.tif;NBL;0.0546;0.0546;106.2306;1.2048;5.798;0.0658
354;04-DAPI-1-40x-402ms.tif;NBL;0.0448;0.0448;106.5424;1.3535;4.7745;0.0607
355;04-DAPI-1-40x-402ms.tif;NBL;0.033;0.033;111.9803;1.125;3.6938;0.0371
356;04-DAPI-1-40x-402ms.tif;NBL;0.0616;0.0616;108.4648;1.2905;6.6849;0.0795
357;04-DAPI-1-40x-402ms.tif;NBL;0.0331;0.0331;116.6426;1.1705;3.8602;0.0387
358;04-DAPI-1-40x-402ms.tif;NBL;0.0456;0.0456;100.2833;1.1476;4.5702;0.0523
359;04-DAPI-1-40x-402ms.tif;NBL;0.029;0.029;112.7566;1.4906;3.2667;0.0432
360;04-DAPI-1-40x-402ms.tif;NBL;0.0433;0.0433;118.817;1.1078;5.1441;0.048
361;04-DAPI-1-40x-402ms.tif;NBL;0.0569;0.0569;104.9141;1.4084;5.9652;0.0801
362;04-DAPI-1-40x-402ms.tif;NBL;0.0326;0.0326;107.12;1.23;3.487;0.04
363;04-DAPI-1-40x-402ms.tif;NBL;0.04;0.04;81.4824;1.2927;3.2625;0.0518
364;04-DAPI-1-40x-402ms.tif;NBL;0.0699;0.0699;96.8106;1.1366;6.765;0.0794
365;04-DAPI-1-40x-402ms.tif;NBL;0.0536;0.0536;113.8623;1.247;6.1033;0.0668
366;04-DAPI-1-40x-402ms.tif;NBL;0.0677;0.0677;107.4904;1.3702;7.278;0.0928
367;04-DAPI-1-40x-402ms.tif;NBL;0.0496;0.0496;102.8359;1.1444;5.0994;0.0567
368;04-DAPI-1-40x-402ms.tif;NBL;0.0704;0.0704;73.755;0.7257;5.1939;0.0511
369;04-DAPI-1-40x-402ms.tif;NBL;0.0411;0.0411;110.9789;0.9551;4.5639;0.0393
370;04-DAPI-1-40x-402ms.tif;NBL;0.0479;0.0479;101.5578;1.2562;4.8597;0.0601
371;04-DAPI-1-40x-402ms.tif;NBL;0.0888;0.0888;115.2592;1.4071;10.2303;0.1249
372;04-DAPI-1-40x-402ms.tif;NBL;0.0181;0.0181;116.9521;1.1138;2.1192;0.0202
373;04-DAPI-1-40x-402ms.tif;NBL;0.0363;0.0363;112.3194;1.2866;4.0828;0.0468
374;04-DAPI-1-40x-402ms.tif;NBL;0.0327;0.0327;102.1794;1.6047;3.3372;0.0524
375;04-DAPI-1-40x-402ms.tif;NBL;0.0367;0.0367;92.0414;1.0414;3.3757;0.0382
376;04-DAPI-1-40x-402ms.tif;NBL;0.0367;0.0367;119.8728;1.3639;4.3964;0.05
377;04-DAPI-1-40x-402ms.tif;NBL;0.0324;0.0324;112.8462;1.3946;3.6611;0.0452
378;04-DAPI-1-40x-402ms.tif;NBL;0.0498;0.0498;123.4052;1.4684;6.1462;0.0731
379;04-DAPI-1-40x-402ms.tif;NBL;0.0445;0.0445;91.6707;1.4976;4.0782;0.0666
380;04-DAPI-1-40x-402ms.tif;NBL;0.0359;0.0359;99.6526;1.5861;3.5791;0.057
381;04-DAPI-1-40x-402ms.tif;NBL;0.0469;0.0469;115.1806;1.5926;5.3991;0.0747
382;04-DAPI-1-40x-402ms.tif;NBL;0.0443;0.0443;121.7941;1.5637;5.3919;0.0692
383;04-DAPI-1-40x-402ms.tif;NBL;0.064;0.064;82.5051;1.3288;5.2819;0.0851
384;04-DAPI-1-40x-402ms.tif;NBL;0.0355;0.0355;110.9205;1.2018;3.9357;0.0426
385;04-DAPI-1-40x-402ms.tif;NBL;0.0803;0.0803;64.1189;1.25;5.1484;0.1004
386;04-DAPI-1-40x-402ms.tif;NBL;0.0306;0.0306;119.3759;1.2943;3.6528;0.0396
387;04-DAPI-1-40x-402ms.tif;NBL;0.0242;0.0242;99.4529;1.2287;2.4065;0.0297
388;04-DAPI-1-40x-402ms.tif;NBL;0.0624;0.0624;69.7287;1.313;4.3505;0.0819
389;04-DAPI-1-40x-402ms.tif;NBL;0.0187;0.0187;117.3314;1.7384;2.1898;0.0324
390;04-DAPI-1-40x-402ms.tif;NBL;0.0285;0.0285;97.7947;1.3422;2.7908;0.0383
391;04-DAPI-1-40x-402ms.tif;NBL;0.0452;0.0452;108.9137;1.2014;4.9281;0.0544
392;04-DAPI-1-40x-402ms.tif;NBL;0.0126;0.0126;105.8362;1.181;1.3321;0.0149
393;04-DAPI-1-40x-402ms.tif;NBL;0.0523;0.0523;115.2531;1.3963;6.0278;0.073
394;04-DAPI-1-40x-402ms.tif;NBL;0.0296;0.0296;117.6777;1.4359;3.4859;0.0425
395;04-DAPI-1-40x-402ms.tif;NBL;0.0546;0.0546;78.1511;0.9264;4.2654;0.0506
396;04-DAPI-1-40x-402ms.tif;NBL;0.0638;0.0638;73.7619;1.1684;4.7062;0.0745
397;04-DAPI-1-40x-402ms.tif;NBL;0.0387;0.0387;108.0224;0.8571;4.1845;0.0332
398;04-DAPI-1-40x-402ms.tif;NBL;0.0516;0.0516;67.6408;1.1429;3.4936;0.059
399;04-DAPI-1-40x-402ms.tif;NBL;0.0324;0.0324;65.8963;2.9666;2.1379;0.0962
400;04-DAPI-1-40x-402ms.tif;NBL;0.0105;0.0105;73.3402;1.9278;0.7719;0.0203
401;04-DAPI-1-40x-402ms.tif;NBL;0.0469;0.0469;51.8935;2.0833;2.4325;0.0977
402;04-DAPI-1-40x-402ms.tif;NBL;0.0372;0.0372;126.7872;0.9883;4.7188;0.0368
403;04-DAPI-1-40x-402ms.tif;NBL;0.0665;0.0665;67.261;0.6982;4.4738;0.0464
404;04-DAPI-1-40x-402ms.tif;NBL;0.0637;0.0637;78.9761;0.3441;5.0303;0.0219
405;04-DAPI-1-40x-402ms.tif;NBL;0.0331;0.0331;65.1672;1.0852;2.1567;0.0359
406;04-DAPI-1-40x-402ms.tif;NBL;0.0643;0.0643;71.8803;0.7268;4.6251;0.0468
407;04-DAPI-1-40x-402ms.tif;NBL;0.0618;0.0618;65.4632;1.0561;4.0488;0.0653
408;04-DAPI-1-40x-402ms.tif;NBL;0.0409;0.0409;73.4721;1.0345;3.0055;0.0423
409;04-DAPI-1-40x-402ms.tif;NBL;0.0552;0.0552;71.1473;0.9843;3.9295;0.0544
410;04-DAPI-1-40x-402ms.tif;NBL;0.0686;0.0686;64.9573;1.3434;4.4545;0.0921
411;04-DAPI-1-40x-402ms.tif;NBL;0.0889;0.0889;58.8877;1.3834;5.2332;0.1229
412;04-DAPI-1-40x-402ms.tif;NBL;0.0436;0.0436;87.6642;0.3308;3.8239;0.0144
413;04-DAPI-1-40x-402ms.tif;NBL;0.0358;0.0358;88.7848;0.3333;3.1791;0.0119
414;04-DAPI-1-40x-402ms.tif;NBL;0.0365;0.0365;43.128;1.1935;1.5724;0.0435
415;04-DAPI-1-40x-402ms.tif;NBL;0.0171;0.0171;65.9747;0.6076;1.1311;0.0104
416;04-DAPI-1-40x-402ms.tif;NBL;0.053;0.053;84.7172;0.3238;4.4859;0.0171
417;04-DAPI-1-40x-402ms.tif;NBL;0.0102;0.0102;74.3085;0.6064;0.7579;0.0062
418;04-DAPI-1-40x-402ms.tif;NBL;0.0232;0.0232;81.1355;0.3084;1.884;0.0072
419;04-DAPI-1-40x-402ms.tif;NBL;0.0182;0.0182;66.9405;0.6131;1.2203;0.0112
420;04-DAPI-1-40x-402ms.tif;NBL;0.1149;0.1149;66.5524;1.0916;7.6475;0.1254
421;04-DAPI-1-40x-402ms.tif;NBL;0.0567;0.0567;111.7629;0.5545;6.3424;0.0315
422;04-DAPI-1-40x-402ms.tif;NBL;0.0722;0.0722;60.5774;0.0917;4.3711;0.0066
423;04-DAPI-1-40x-402ms.tif;NBL;0.063;0.063;72.9552;0.1583;4.5993;0.01
424;04-DAPI-1-40x-402ms.tif;NBL;0.0575;0.0575;72.9585;0.3774;4.1957;0.0217
425;04-DAPI-1-40x-402ms.tif;NBL;0.0544;0.0544;106.8283;1.0679;5.8074;0.0581
426;04-DAPI-1-40x-402ms.tif;NBL;0.0659;0.0659;90.0412;0.7529;5.9304;0.0496
427;04-DAPI-1-40x-402ms.tif;NBL;0.0496;0.0496;52.2101;1.1663;2.589;0.0578
428;04-DAPI-1-40x-402ms.tif;NBL;0.0876;0.0876;60.005;1.3061;5.2543;0.1144
429;04-DAPI-1-40x-402ms.tif;NBL;0.0546;0.0546;70.5746;0.8708;3.8519;0.0475
430;04-DAPI-1-40x-402ms.tif;NBL;0.1131;0.1131;69.929;1.3445;7.9065;0.152
431;04-DAPI-1-40x-402ms.tif;NBL;0.0665;0.0665;66.3524;1.3997;4.4134;0.0931
432;04-DAPI-1-40x-402ms.tif;NBL;0.0532;0.0532;62.9776;1.4469;3.3484;0.0769
433;04-DAPI-1-40x-402ms.tif;NBL;0.0482;0.0482;80.027;1.0023;3.8555;0.0483
434;04-DAPI-1-40x-402ms.tif;NBL;0.0769;0.0769;74.1495;1.2017;5.7044;0.0924
435;04-DAPI-1-40x-402ms.tif;NBL;0.0464;0.0464;55.007;1.5397;2.5546;0.0715
436;04-DAPI-1-40x-402ms.tif;NBL;0.0547;0.0547;81.6587;1;4.4657;0.0547
437;04-DAPI-1-40x-402ms.tif;NBL;0.0612;0.0612;64.1241;1.0142;3.9243;0.0621
438;04-DAPI-1-40x-402ms.tif;NBL;0.0615;0.0615;55.2011;0.9189;3.3962;0.0565
439;04-DAPI-1-40x-402ms.tif;NBL;0.0579;0.0579;45.691;1.3165;2.6475;0.0763
440;04-DAPI-1-40x-402ms.tif;NBL;0.0468;0.0468;79.4988;1.5824;3.7179;0.074
441;04-DAPI-1-40x-402ms.tif;NBL;0.0558;0.0558;78.9922;1.4825;4.4056;0.0827
442;04-DAPI-1-40x-402ms.tif;NBL;0.0824;0.0824;63.0791;1.6851;5.195;0.1388
443;04-DAPI-1-40x-402ms.tif;NBL;0.0787;0.0787;79.411;1.2966;6.2471;0.102
444;04-DAPI-1-40x-402ms.tif;NBL;0.082;0.082;79.4815;1.2024;6.52;0.0986
445;04-DAPI-1-40x-402ms.tif;NBL;0.0872;0.0872;81.4639;0.9726;7.1069;0.0849
446;04-DAPI-1-40x-402ms.tif;NBL;0.0638;0.0638;94.5136;1.1837;6.0302;0.0755
447;04-DAPI-1-40x-402ms.tif;NBL;0.0812;0.0812;80.1083;1.2701;6.5018;0.1031
448;04-DAPI-1-40x-402ms.tif;NBL;0.0802;0.0802;67.2057;1.1461;5.389;0.0919
449;04-DAPI-1-40x-402ms.tif;NBL;0.041;0.041;102.2063;0.8783;4.1921;0.036
450;04-DAPI-1-40x-402ms.tif;NBL;0.042;0.042;111.0388;1.6227;4.6628;0.0681
451;04-DAPI-1-40x-402ms.tif;NBL;0.0888;0.0888;81.1516;1.4156;7.2029;0.1257
452;04-DAPI-1-40x-402ms.tif;NBL;0.0349;0.0349;110.6429;1.4472;3.8658;0.0506
453;04-DAPI-1-40x-402ms.tif;NBL;0.0332;0.0332;57.9771;3.0654;1.925;0.1018
454;04-DAPI-1-40x-402ms.tif;NBL;0.0227;0.0227;58.8038;1.8947;1.3336;0.043
455;04-DAPI-1-40x-402ms.tif;NBL;0.0226;0.0226;107.0913;0.9856;2.417;0.0222
456;04-DAPI-1-40x-402ms.tif;NBL;0.1104;0.1104;70.6657;1.236;7.7981;0.1364
457;04-DAPI-1-40x-402ms.tif;NBL;0.0551;0.0551;85.3248;0.8976;4.7032;0.0495
458;04-DAPI-1-40x-402ms.tif;NBL;0.0458;0.0458;124.4858;0.9858;5.7002;0.0451
459;04-DAPI-1-40x-402ms.tif;NBL;0.0275;0.0275;122.6601;1.0119;3.3673;0.0278
460;04-DAPI-1-40x-402ms.tif;NBL;0.0322;0.0322;80.3266;0.7172;2.5887;0.0231
461;04-DAPI-1-40x-402ms.tif;NBL;0.0717;0.0717;72.3359;1.5779;5.1882;0.1132
462;04-DAPI-1-40x-402ms.tif;NBL;0.028;0.028;67.469;1.7829;1.8888;0.0499
463;04-DAPI-1-40x-402ms.tif;NBL;0.052;0.052;116.167;2.2672;6.0378;0.1178
464;04-DAPI-1-40x-402ms.tif;NBL;0.0485;0.0485;58.3043;1.1029;2.8279;0.0535
465;04-DAPI-1-40x-402ms.tif;NBL;0.0421;0.0421;70.9588;1.5309;2.9874;0.0645
466;04-DAPI-1-40x-402ms.tif;NBL;0.0646;0.0646;77.0387;1.195;4.9737;0.0771
467;04-DAPI-1-40x-402ms.tif;NBL;0.0579;0.0579;113.2697;1.2528;6.5632;0.0726
468;04-DAPI-1-40x-402ms.tif;NBL;0.0502;0.0502;107.8423;1.2959;5.4179;0.0651
469;04-DAPI-1-40x-402ms.tif;NBL;0.0858;0.0858;89.1555;0.8306;7.6521;0.0713
470;04-DAPI-1-40x-402ms.tif;NBL;0.0278;0.0278;101.3594;0.9492;2.8155;0.0264
471;04-DAPI-1-40x-402ms.tif;NBL;0.0515;0.0515;88.4926;1.3368;4.561;0.0689
472;04-DAPI-1-40x-402ms.tif;NBL;0.0207;0.0207;81.089;0.8796;1.6806;0.0182
473;05-DAPI-1-40x-402ms.tif;NBL;0.0864;0.0864;58.7902;0.6357;5.0778;0.0549
474;05-DAPI-1-40x-402ms.tif;NBL;0.0852;0.0852;114.8662;0.6433;9.7841;0.0548
475;05-DAPI-1-40x-402ms.tif;NBL;0.0761;0.0761;77.6847;0.4722;5.909;0.0359
476;05-DAPI-1-40x-402ms.tif;NBL;0.1143;0.1143;62.8452;1.2896;7.1806;0.1474
477;05-DAPI-1-40x-402ms.tif;NBL;0.063;0.063;101.0344;1.0224;6.3695;0.0645
478;05-DAPI-1-40x-402ms.tif;NBL;0.0245;0.0245;55.1549;1.3363;1.3525;0.0328
479;05-DAPI-1-40x-402ms.tif;NBL;0.1184;0.1184;59.6242;0.4464;7.0584;0.0528
480;05-DAPI-1-40x-402ms.tif;NBL;0.0343;0.0343;121.8544;0.4652;4.1782;0.016
481;05-DAPI-1-40x-402ms.tif;NBL;0.0687;0.0687;108.4344;0.6161;7.4478;0.0423
482;05-DAPI-1-40x-402ms.tif;NBL;0.0518;0.0518;125.9203;0.5807;6.5174;0.0301
483;05-DAPI-1-40x-402ms.tif;NBL;0.0718;0.0718;102.0302;0.4199;7.329;0.0302
484;05-DAPI-1-40x-402ms.tif;NBL;0.0506;0.0506;117.3112;0.882;5.9317;0.0446
485;05-DAPI-1-40x-402ms.tif;NBL;0.0238;0.0238;115.4064;0.6621;2.7424;0.0157
486;05-DAPI-1-40x-402ms.tif;NBL;0.0347;0.0347;109.6406;1.1687;3.807;0.0406
487;05-DAPI-1-40x-402ms.tif;NBL;0.0741;0.0741;73.6837;0.4846;5.4607;0.0359
488;05-DAPI-1-40x-402ms.tif;NBL;0.106;0.106;76.4094;0.7124;8.1003;0.0755
489;05-DAPI-1-40x-402ms.tif;NBL;0.0471;0.0471;99.7465;0.4401;4.6973;0.0207
490;05-DAPI-1-40x-402ms.tif;NBL;0.0692;0.0692;68.5768;0.5972;4.7474;0.0413
491;05-DAPI-1-40x-402ms.tif;NBL;0.0936;0.0936;106.7532;1.0185;9.9965;0.0954
492;05-DAPI-1-40x-402ms.tif;NBL;0.0283;0.0283;80.1801;1.2375;2.2707;0.035
493;05-DAPI-1-40x-402ms.tif;NBL;0.0884;0.0884;93.016;0.654;8.2257;0.0578
494;05-DAPI-1-40x-402ms.tif;NBL;0.0832;0.0832;85.3103;0.8005;7.0999;0.0666
495;05-DAPI-1-40x-402ms.tif;NBL;0.0521;0.0521;104.3875;0.8792;5.4368;0.0458
496;05-DAPI-1-40x-402ms.tif;NBL;0.1071;0.1071;63.0061;0.6444;6.7477;0.069
497;05-DAPI-1-40x-402ms.tif;NBL;0.0497;0.0497;124.3122;0.6026;6.1778;0.0299
498;05-DAPI-1-40x-402ms.tif;NBL;0.045;0.045;117.0145;1.1663;5.2692;0.0525
499;05-DAPI-1-40x-402ms.tif;NBL;0.0986;0.0986;50.2728;1.6436;4.9586;0.1621
500;05-DAPI-1-40x-402ms.tif;NBL;0.0832;0.0832;75.3598;0.5997;6.2718;0.0499
501;05-DAPI-1-40x-402ms.tif;NBL;0.1625;0.1625;41.0888;0.536;6.6787;0.0871
502;05-DAPI-1-40x-402ms.tif;NBL;0.0476;0.0476;112.8998;0.3303;5.3779;0.0157
503;05-DAPI-1-40x-402ms.tif;NBL;0.0278;0.0278;126.5586;0.8125;3.5155;0.0226
504;05-DAPI-1-40x-402ms.tif;NBL;0.0806;0.0806;108.3392;0.5868;8.7344;0.0473
505;05-DAPI-1-40x-402ms.tif;NBL;0.062;0.062;98.8004;1.3625;6.1214;0.0844
506;05-DAPI-1-40x-402ms.tif;NBL;0.1073;0.1073;92.1092;0.8413;9.8845;0.0903
507;05-DAPI-1-40x-402ms.tif;NBL;0.0495;0.0495;123.1842;1.0811;6.0951;0.0535
508;05-DAPI-1-40x-402ms.tif;NBL;0.0713;0.0713;119.2405;0.7702;8.5005;0.0549
509;05-DAPI-1-40x-402ms.tif;NBL;0.0122;0.0122;88.3125;1.2946;1.0732;0.0157
510;05-DAPI-1-40x-402ms.tif;NBL;0.0431;0.0431;120.2217;0.5567;5.1788;0.024
511;05-DAPI-1-40x-402ms.tif;NBL;0.0087;0.0087;81.2625;1.3;0.7054;0.0113
512;05-DAPI-1-40x-402ms.tif;NBL;0.06;0.06;96.1157;0.6474;5.7674;0.0388
513;05-DAPI-1-40x-402ms.tif;NBL;0.0392;0.0392;89.6981;0.8892;3.5136;0.0348
514;05-DAPI-1-40x-402ms.tif;NBL;0.0569;0.0569;130.0744;0.3664;7.3957;0.0208
515;05-DAPI-1-40x-402ms.tif;NBL;0.0471;0.0471;106.3134;0.0899;5.0065;0.0042
516;05-DAPI-1-40x-402ms.tif;NBL;0.0456;0.0456;114.7071;0.2381;5.2275;0.0109
517;05-DAPI-1-40x-402ms.tif;NBL;0.0411;0.0411;110.7995;0.409;4.5565;0.0168
518;05-DAPI-1-40x-402ms.tif;NBL;0.0468;0.0468;72.4385;0.5476;3.3877;0.0256
519;05-DAPI-1-40x-402ms.tif;NBL;0.0875;0.0875;66.8635;0.433;5.8477;0.0379
520;05-DAPI-1-40x-402ms.tif;NBL;0.0706;0.0706;116.7051;0.3088;8.2438;0.0218
521;05-DAPI-1-40x-402ms.tif;NBL;0.0452;0.0452;87.5899;0.4604;3.9632;0.0208
522;05-DAPI-1-40x-402ms.tif;NBL;0.0572;0.0572;122.9829;0.2011;7.0326;0.0115
523;05-DAPI-1-40x-402ms.tif;NBL;0.0347;0.0347;114.7687;0.0594;3.985;0.0021
524;05-DAPI-1-40x-402ms.tif;NBL;0.0238;0.0238;55.5297;0.4977;1.3196;0.0118
525;05-DAPI-1-40x-402ms.tif;NBL;0.0239;0.0239;77.6455;0.35;1.8535;0.0084
526;05-DAPI-1-40x-402ms.tif;NBL;0.0628;0.0628;62.9326;0.1485;3.9538;0.0093
527;05-DAPI-1-40x-402ms.tif;NBL;0.0426;0.0426;71.0025;0.5115;3.0278;0.0218
528;05-DAPI-1-40x-402ms.tif;NBL;0.0492;0.0492;89.6711;0.1258;4.4077;0.0062
529;05-DAPI-1-40x-402ms.tif;NBL;0.0303;0.0303;92.6487;0.086;2.8048;0.0026
530;05-DAPI-1-40x-402ms.tif;NBL;0.0615;0.0615;79.7019;0.194;4.9035;0.0119
531;05-DAPI-1-40x-402ms.tif;NBL;0.039;0.039;101.6741;0.6072;3.9606;0.0237
532;05-DAPI-1-40x-402ms.tif;NBL;0.0218;0.0218;100.4627;1.2687;2.1911;0.0277
533;05-DAPI-1-40x-402ms.tif;NBL;0.0489;0.0489;96.8248;0.2018;4.7383;0.0099
534;05-DAPI-1-40x-402ms.tif;NBL;0.0742;0.0742;85.886;0.1842;6.3743;0.0137
535;05-DAPI-1-40x-402ms.tif;NBL;0.0251;0.0251;108.8095;0.2121;2.7273;0.0053
536;05-DAPI-1-40x-402ms.tif;NBL;0.0873;0.0873;66.4199;1.2522;5.8016;0.1094
537;05-DAPI-1-40x-402ms.tif;NBL;0.0286;0.0286;122.6932;0.303;3.5146;0.0087
538;05-DAPI-1-40x-402ms.tif;NBL;0.0227;0.0227;122.3828;0.1866;2.7754;0.0042
539;05-DAPI-1-40x-402ms.tif;NBL;0.0408;0.0408;106.1649;0.1649;4.3314;0.0067
540;05-DAPI-1-40x-402ms.tif;NBL;0.0282;0.0282;78.9615;0.2154;2.2276;0.0061
541;05-DAPI-1-40x-402ms.tif;NBL;0.0489;0.0489;68.878;0.1486;3.3707;0.0073
542;05-DAPI-1-40x-402ms.tif;NBL;0.079;0.079;65.0728;0.1374;5.1403;0.0109
543;05-DAPI-1-40x-402ms.tif;NBL;0.0333;0.0333;71.1107;0.2443;2.3688;0.0081
544;05-DAPI-1-40x-402ms.tif;NBL;0.0177;0.0177;61.8282;0.4908;1.0935;0.0087
545;05-DAPI-1-40x-402ms.tif;NBL;0.0441;0.0441;64.0813;0.3744;2.823;0.0165
546;05-DAPI-1-40x-402ms.tif;NBL;0.0091;0.0091;119.3929;0.2738;1.0882;0.0025
547;05-DAPI-1-40x-402ms.tif;NBL;0.0091;0.0091;119.3929;0.2738;1.0882;0.0025
548;05-DAPI-1-40x-402ms.tif;NBL;0.0091;0.0091;119.3929;0.2738;1.0882;0.0025
549;05-DAPI-1-40x-402ms.tif;NBL;0.0091;0.0091;119.3929;0.2738;1.0882;0.0025
550;05-DAPI-1-40x-402ms.tif;NBL;0.0091;0.0091;119.3929;0.2738;1.0882;0.0025
551;05-DAPI-1-40x-402ms.tif;NBL;0.1009;0.1009;58.729;0.1097;5.9264;0.0111
552;05-DAPI-1-40x-402ms.tif;NBL;0.1181;0.1181;76.2243;0.2417;8.9987;0.0285
553;05-DAPI-1-40x-402ms.tif;NBL;0.0822;0.0822;77.9842;0.0567;6.4141;0.0047
554;05-DAPI-1-40x-402ms.tif;NBL;0.0668;0.0668;67.6331;0.0552;4.5206;0.0037
555;05-DAPI-1-40x-402ms.tif;NBL;0.0677;0.0677;77.5369;0.0994;5.2499;0.0067
556;05-DAPI-1-40x-402ms.tif;NBL;0.1018;0.1018;65.4414;0.1343;6.6606;0.0137
557;05-DAPI-1-40x-402ms.tif;NBL;0.0816;0.0816;57.504;0.0997;4.6922;0.0081
558;05-DAPI-1-40x-402ms.tif;NBL;0.0599;0.0599;79.6993;0.1322;4.7737;0.0079
559;05-DAPI-1-40x-402ms.tif;NBL;0.122;0.122;50.2598;0.0925;6.1298;0.0113
560;05-DAPI-1-40x-402ms.tif;NBL;0.0916;0.0916;67.1943;0.0355;6.1536;0.0033
561;05-DAPI-1-40x-402ms.tif;NBL;0.0959;0.0959;91.2466;0.1018;8.7524;0.0098
562;05-DAPI-1-40x-402ms.tif;NBL;0.1257;0.1257;49.4301;0.0691;6.2109;0.0087
563;05-DAPI-1-40x-402ms.tif;NBL;0.0901;0.0901;78.153;0.059;7.0385;0.0053
564;05-DAPI-1-40x-402ms.tif;NBL;0.1257;0.1257;55.2988;0.0674;6.9484;0.0085
565;05-DAPI-1-40x-402ms.tif;NBL;0.0655;0.0655;80.1987;0.2169;5.2561;0.0142
566;05-DAPI-1-40x-402ms.tif;NBL;0.0678;0.0678;94.9856;0.0816;6.4416;0.0055
567;05-DAPI-1-40x-402ms.tif;NBL;0.0401;0.0401;85.7351;0.1757;3.4421;0.0071
568;05-DAPI-1-40x-402ms.tif;NBL;0.0828;0.0828;48.8702;0.5491;4.046;0.0455
569;05-DAPI-1-40x-402ms.tif;NBL;0.066;0.066;78.273;0.2072;5.1638;0.0137
570;05-DAPI-1-40x-402ms.tif;NBL;0.0356;0.0356;66.1829;0.1799;2.3555;0.0064
571;05-DAPI-1-40x-402ms.tif;NBL;0.0705;0.0705;73.2877;0.1415;5.1689;0.01
572;05-DAPI-1-40x-402ms.tif;NBL;0.029;0.029;50.8764;0.2135;1.474;0.0062
573;05-DAPI-1-40x-402ms.tif;NBL;0.0913;0.0913;42.648;0.0452;3.8918;0.0041
574;05-DAPI-1-40x-402ms.tif;NBL;0.0979;0.0979;66.2051;0.0987;6.4797;0.0097
575;05-DAPI-1-40x-402ms.tif;NBL;0.0719;0.0719;95.5445;0.4646;6.8735;0.0334
576;05-DAPI-1-40x-402ms.tif;NBL;0.0575;0.0575;107.9189;0.3736;6.2063;0.0215
577;05-DAPI-1-40x-402ms.tif;NBL;0.0216;0.0216;71.6181;4.9347;1.5464;0.1066
578;05-DAPI-1-40x-402ms.tif;NBL;0.0324;0.0324;76.7224;0.5753;2.4891;0.0187
579;05-DAPI-1-40x-402ms.tif;NBL;0.0176;0.0176;33.858;1.4074;0.5952;0.0247
580;05-DAPI-1-40x-402ms.tif;NBL;0.0067;0.0067;66.9355;0.3548;0.4503;0.0024
581;05-DAPI-1-40x-402ms.tif;NBL;0.1279;0.1279;62.4258;0.0221;7.9861;0.0028
582;05-DAPI-1-40x-402ms.tif;NBL;0.1283;0.1283;49.5448;0.0448;6.3544;0.0058
583;05-DAPI-1-40x-402ms.tif;NBL;0.043;0.043;65.101;0.0278;2.7973;0.0012
584;06-DAPI-1-40x-402ms.tif;NBL;0.0815;0.0815;99.0519;0.0253;8.0716;0.0021
585;06-DAPI-1-40x-402ms.tif;NBL;0.0999;0.0999;87.4083;0.0326;8.7351;0.0033
586;06-DAPI-1-40x-402ms.tif;NBL;0.0229;0.0229;58.346;0.3934;1.3358;0.009
587;06-DAPI-1-40x-402ms.tif;NBL;0.0495;0.0495;109.5768;0.125;5.4218;0.0062
588;06-DAPI-1-40x-402ms.tif;NBL;0.12;0.12;83.3996;0.368;10.0087;0.0442
589;06-DAPI-1-40x-402ms.tif;NBL;0.012;0.012;39.1712;0.1892;0.4718;0.0023
590;06-DAPI-1-40x-402ms.tif;NBL;0.1216;0.1216;81.3702;0.2319;9.8976;0.0282
591;06-DAPI-1-40x-402ms.tif;NBL;0.0831;0.0831;67.8003;0.3107;5.6353;0.0258
592;06-DAPI-1-40x-402ms.tif;NBL;0.0751;0.0751;85.9754;0.1908;6.4556;0.0143
593;06-DAPI-1-40x-402ms.tif;NBL;0.0537;0.0537;68.5495;2.2162;3.6819;0.119
594;06-DAPI-1-40x-402ms.tif;NBL;0.0406;0.0406;63.0428;1.1818;2.5584;0.048
595;06-DAPI-1-40x-402ms.tif;NBL;0.0698;0.0698;63.7636;0.154;4.4488;0.0107
596;06-DAPI-1-40x-402ms.tif;NBL;0.0523;0.0523;70.639;0.6266;3.6944;0.0328
597;06-DAPI-1-40x-402ms.tif;NBL;0.0459;0.0459;106.7991;0.2766;4.9019;0.0127
598;06-DAPI-1-40x-402ms.tif;NBL;0.0547;0.0547;65.0615;0.748;3.5581;0.0409
599;06-DAPI-1-40x-402ms.tif;NBL;0.0473;0.0473;90.3005;0.8853;4.272;0.0419
600;06-DAPI-1-40x-402ms.tif;NBL;0.0852;0.0852;57.2994;0.8038;4.8806;0.0685
601;06-DAPI-1-40x-402ms.tif;NBL;0.0722;0.0722;102.794;0.2165;7.4173;0.0156
602;06-DAPI-1-40x-402ms.tif;NBL;0.0659;0.0659;53.6936;0.2043;3.5365;0.0135
603;06-DAPI-1-40x-402ms.tif;NBL;0.0183;0.0183;56.574;0.5444;1.0374;0.01
604;06-DAPI-1-40x-402ms.tif;NBL;0.0585;0.0585;65.8126;1.2709;3.8491;0.0743
605;06-DAPI-1-40x-402ms.tif;NBL;0.1246;0.1246;63.324;0.8049;7.888;0.1003
606;06-DAPI-1-40x-402ms.tif;NBL;0.1015;0.1015;56.8299;0.6567;5.7656;0.0666
607;06-DAPI-1-40x-402ms.tif;NBL;0.0164;0.0164;99.8543;0.3179;1.6361;0.0052
608;06-DAPI-1-40x-402ms.tif;NBL;0.0375;0.0375;126.6792;0.4422;4.756;0.0166
609;06-DAPI-1-40x-402ms.tif;NBL;0.0755;0.0755;86.4928;0.2917;6.532;0.022
610;06-DAPI-1-40x-402ms.tif;NBL;0.0217;0.0217;41.905;0.665;0.9094;0.0144
611;06-DAPI-1-40x-402ms.tif;NBL;0.02;0.02;65.6739;1.337;1.3112;0.0267
612;06-DAPI-1-40x-402ms.tif;NBL;0.0289;0.0289;75.7669;0.8195;2.1868;0.0237
613;06-DAPI-1-40x-402ms.tif;NBL;0.0084;0.0084;52.2338;0.8701;0.4364;0.0073
614;06-DAPI-1-40x-402ms.tif;NBL;0.0431;0.0431;102.8186;0.3854;4.4291;0.0166
615;06-DAPI-1-40x-402ms.tif;NBL;0.0446;0.0446;75.1484;1.0876;3.3513;0.0485
616;06-DAPI-1-40x-402ms.tif;NBL;0.0919;0.0919;85.2975;0.9847;7.8393;0.0905
617;06-DAPI-1-40x-402ms.tif;NBL;0.0436;0.0436;86.6542;1.0995;3.7798;0.048
618;06-DAPI-1-40x-402ms.tif;NBL;0.0363;0.0363;83.7045;0.803;3.0426;0.0292
619;06-DAPI-1-40x-402ms.tif;NBL;0.1314;0.1314;47.384;0.9884;6.2263;0.1299
620;06-DAPI-1-40x-402ms.tif;NBL;0.0281;0.0281;88.4981;1.1429;2.4871;0.0321
621;06-DAPI-1-40x-402ms.tif;NBL;0.0625;0.0625;100.401;0.4861;6.2751;0.0304
622;06-DAPI-1-40x-402ms.tif;NBL;0.0378;0.0378;86.2586;0.8908;3.2572;0.0336
623;06-DAPI-1-40x-402ms.tif;NBL;0.0242;0.0242;121.6188;0.5785;2.9428;0.014
624;06-DAPI-1-40x-402ms.tif;NBL;0.0266;0.0266;112.0531;0.702;2.9788;0.0187
625;06-DAPI-1-40x-402ms.tif;NBL;0.0297;0.0297;65.1058;0.8248;1.9357;0.0245
626;06-DAPI-1-40x-402ms.tif;NBL;0.0697;0.0697;104.6682;0.891;7.2913;0.0621
627;06-DAPI-1-40x-402ms.tif;NBL;0.066;0.066;110.3438;0.7039;7.2796;0.0464
628;06-DAPI-1-40x-402ms.tif;NBL;0.0556;0.0556;108.3066;0.6641;6.017;0.0369
629;06-DAPI-1-40x-402ms.tif;NBL;0.0303;0.0303;97.1434;1.2581;2.9409;0.0381
630;06-DAPI-1-40x-402ms.tif;NBL;0.0103;0.0103;55.4842;1.3579;0.5719;0.014
631;06-DAPI-1-40x-402ms.tif;NBL;0.0142;0.0142;121.6794;0.7557;1.7296;0.0107
632;06-DAPI-1-40x-402ms.tif;NBL;0.0318;0.0318;123.3549;0.6177;3.9218;0.0196
633;06-DAPI-1-40x-402ms.tif;NBL;0.0636;0.0636;111.2645;0.5597;7.0748;0.0356
634;06-DAPI-1-40x-402ms.tif;NBL;0.019;0.019;99.2286;1.4286;1.8842;0.0271
635;06-DAPI-1-40x-402ms.tif;NBL;0.048;0.048;83.1041;0.8213;3.9857;0.0394
636;06-DAPI-1-40x-402ms.tif;NBL;0.0576;0.0576;90.7571;0.7495;5.2292;0.0432
637;06-DAPI-1-40x-402ms.tif;NBL;0.0502;0.0502;78.9114;1.1965;3.9644;0.0601
638;06-DAPI-1-40x-402ms.tif;NBL;0.0238;0.0238;106.4566;1.3333;2.5297;0.0317
639;06-DAPI-1-40x-402ms.tif;NBL;0.042;0.042;123.7571;1.3049;5.1968;0.0548
640;06-DAPI-1-40x-402ms.tif;NBL;0.0166;0.0166;102.0915;0.9804;1.6949;0.0163
641;06-DAPI-1-40x-402ms.tif;NBL;0.033;0.033;82.9474;0.8191;2.7361;0.027
642;06-DAPI-1-40x-402ms.tif;NBL;0.0322;0.0322;105.9293;1.6667;3.4137;0.0537
643;06-DAPI-1-40x-402ms.tif;NBL;0.0732;0.0732;107.1319;0.7541;7.8466;0.0552
644;06-DAPI-1-40x-402ms.tif;NBL;0.0409;0.0409;121.0318;0.8011;4.9511;0.0328
645;06-DAPI-1-40x-402ms.tif;NBL;0.0483;0.0483;89.0404;0.9393;4.2994;0.0454
646;06-DAPI-1-40x-402ms.tif;NBL;0.0462;0.0462;115.5305;0.662;5.3403;0.0306
647;06-DAPI-1-40x-402ms.tif;NBL;0.0525;0.0525;117.9277;0.9442;6.1933;0.0496
648;06-DAPI-1-40x-402ms.tif;NBL;0.063;0.063;101.191;0.4871;6.3793;0.0307
649;06-DAPI-1-40x-402ms.tif;NBL;0.0231;0.0231;92.0235;1.2254;2.1268;0.0283
650;06-DAPI-1-40x-402ms.tif;NBL;0.0913;0.0913;84.4269;1.0939;7.7043;0.0998
651;06-DAPI-1-40x-402ms.tif;NBL;0.0334;0.0334;90.7403;1.1234;3.0326;0.0375
652;06-DAPI-1-40x-402ms.tif;NBL;0.0165;0.0165;62.2961;1.2303;1.0275;0.0203
653;06-DAPI-1-40x-402ms.tif;NBL;0.0547;0.0547;114.2659;0.8016;6.2489;0.0438
654;06-DAPI-1-40x-402ms.tif;NBL;0.0382;0.0382;124.2045;1.0568;4.7439;0.0404
655;06-DAPI-1-40x-402ms.tif;NBL;0.0319;0.0319;107.8367;0.6361;3.4401;0.0203
656;06-DAPI-1-40x-402ms.tif;NBL;0.0394;0.0394;111.0937;0.5096;4.3758;0.0201
657;06-DAPI-1-40x-402ms.tif;NBL;0.0118;0.0118;125.2202;0.8532;1.481;0.0101
658;06-DAPI-1-40x-402ms.tif;NBL;0.0182;0.0182;119.744;0.744;2.1828;0.0136
659;06-DAPI-1-40x-402ms.tif;NBL;0.0647;0.0647;112.0151;0.5185;7.244;0.0335
660;06-DAPI-1-40x-402ms.tif;NBL;0.0475;0.0475;111.6781;0.7283;5.3076;0.0346
661;06-DAPI-1-40x-402ms.tif;NBL;0.0242;0.0242;123.417;1.296;2.9863;0.0314
662;06-DAPI-1-40x-402ms.tif;NBL;0.0881;0.0881;57.2463;0.9347;5.0438;0.0824
663;06-DAPI-1-40x-402ms.tif;NBL;0.1138;0.1138;39.591;0.3947;4.5064;0.0449
664;06-DAPI-1-40x-402ms.tif;NBL;0.0656;0.0656;106.7174;0.6132;7.0056;0.0403
665;06-DAPI-1-40x-402ms.tif;NBL;0.1234;0.1234;56.212;0.5339;6.935;0.0659
666;06-DAPI-1-40x-402ms.tif;NBL;0.1033;0.1033;77.0368;0.6134;7.9578;0.0634
667;06-DAPI-1-40x-402ms.tif;NBL;0.0838;0.0838;52.6541;0.4236;4.4107;0.0355
668;06-DAPI-1-40x-402ms.tif;NBL;0.0824;0.0824;85.0672;0.4928;7.0059;0.0406
669;06-DAPI-1-40x-402ms.tif;NBL;0.0983;0.0983;63.766;0.4834;6.2687;0.0475
670;06-DAPI-1-40x-402ms.tif;NBL;0.0638;0.0638;57.8963;1.0034;3.6939;0.064
671;06-DAPI-1-40x-402ms.tif;NBL;0.0515;0.0515;93.28;0.3895;4.8077;0.0201
672;06-DAPI-1-40x-402ms.tif;NBL;0.0879;0.0879;50.5;0.3864;4.4385;0.034
673;06-DAPI-1-40x-402ms.tif;NBL;0.0996;0.0996;62.7157;0.3813;6.2471;0.038
674;06-DAPI-1-40x-402ms.tif;NBL;0.1017;0.1017;75.0758;0.4066;7.633;0.0413
675;06-DAPI-1-40x-402ms.tif;NBL;0.0922;0.0922;96.0965;1.0318;8.8631;0.0952
676;06-DAPI-1-40x-402ms.tif;NBL;0.09;0.09;76.047;0.4946;6.8406;0.0445
677;06-DAPI-1-40x-402ms.tif;NBL;0.0373;0.0373;77.657;1.2209;2.8987;0.0456
678;06-DAPI-1-40x-402ms.tif;NBL;0.0698;0.0698;86.7558;0.818;6.053;0.0571
679;06-DAPI-1-40x-402ms.tif;NBL;0.0648;0.0648;98.665;0.7437;6.3914;0.0482
680;06-DAPI-1-40x-402ms.tif;NBL;0.08;0.08;81.8277;0.4912;6.5437;0.0393
681;06-DAPI-1-40x-402ms.tif;NBL;0.0676;0.0676;64.6067;1.9518;4.3674;0.1319
682;06-DAPI-1-40x-402ms.tif;NBL;0.0473;0.0473;69.9702;0.3073;3.3102;0.0145
683;06-DAPI-1-40x-402ms.tif;NBL;0.0798;0.0798;69.8694;0.1238;5.5723;0.0099
684;06-DAPI-1-40x-402ms.tif;NBL;0.052;0.052;54.9603;0.1482;2.8566;0.0077
685;06-DAPI-1-40x-402ms.tif;NBL;0.1;0.1;60.6681;0.3091;6.0694;0.0309
686;07-DAPI-1-40x-402ms.tif;NBL;0.0629;0.0629;123.3552;0.8552;7.7632;0.0538
687;07-DAPI-1-40x-402ms.tif;NBL;0.0697;0.0697;72.5109;1.0405;5.0512;0.0725
688;07-DAPI-1-40x-402ms.tif;NBL;0.0151;0.0151;124.7266;0.7194;1.8812;0.0109
689;07-DAPI-1-40x-402ms.tif;NBL;0.0507;0.0507;93.8051;0.7859;4.7534;0.0398
690;07-DAPI-1-40x-402ms.tif;NBL;0.0465;0.0465;75.6434;0.6643;3.5212;0.0309
691;07-DAPI-1-40x-402ms.tif;NBL;0.0178;0.0178;98.0427;1.0061;1.7447;0.0179
692;07-DAPI-1-40x-402ms.tif;NBL;0.0551;0.0551;94.2402;0.9134;5.1947;0.0503
693;07-DAPI-1-40x-402ms.tif;NBL;0.0557;0.0557;79.6998;0.6745;4.4364;0.0375
694;07-DAPI-1-40x-402ms.tif;NBL;0.0308;0.0308;92.2394;0.8415;2.8424;0.0259
695;07-DAPI-1-40x-402ms.tif;NBL;0.0626;0.0626;85.0711;0.5425;5.3262;0.034
696;07-DAPI-1-40x-402ms.tif;NBL;0.0193;0.0193;104.4775;0.691;2.0179;0.0133
697;07-DAPI-1-40x-402ms.tif;NBL;0.0558;0.0558;76.8385;0.4922;4.2855;0.0275
698;07-DAPI-1-40x-402ms.tif;NBL;0.016;0.016;113.0272;0.7143;1.8028;0.0114
699;07-DAPI-1-40x-402ms.tif;NBL;0.0509;0.0509;109.6119;0.4371;5.5781;0.0222
700;07-DAPI-1-40x-402ms.tif;NBL;0.0531;0.0531;112.7444;0.501;5.9822;0.0266
701;07-DAPI-1-40x-402ms.tif;NBL;0.0401;0.0401;97.0892;0.7081;3.8979;0.0284
702;07-DAPI-1-40x-402ms.tif;NBL;0.0183;0.0183;99.6746;0.7101;1.8278;0.013
703;07-DAPI-1-40x-402ms.tif;NBL;0.0392;0.0392;113.3629;0.6343;4.4405;0.0248
704;07-DAPI-1-40x-402ms.tif;NBL;0.0379;0.0379;112.8911;0.5215;4.2751;0.0197
705;07-DAPI-1-40x-402ms.tif;NBL;0.0167;0.0167;119.0844;1.0974;1.9899;0.0183
706;07-DAPI-1-40x-402ms.tif;NBL;0.0416;0.0416;115.1514;0.9791;4.7855;0.0407
707;07-DAPI-1-40x-402ms.tif;NBL;0.0487;0.0487;117.4521;0.8263;5.7222;0.0403
708;07-DAPI-1-40x-402ms.tif;NBL;0.0545;0.0545;100.5259;0.8944;5.4757;0.0487
709;07-DAPI-1-40x-402ms.tif;NBL;0.046;0.046;91.9292;0.9575;4.2294;0.0441
710;07-DAPI-1-40x-402ms.tif;NBL;0.047;0.047;87.2263;0.8129;4.0982;0.0382
711;07-DAPI-1-40x-402ms.tif;NBL;0.0217;0.0217;105.545;1;2.2905;0.0217
712;07-DAPI-1-40x-402ms.tif;NBL;0.0307;0.0307;115.3074;0.6007;3.5408;0.0184
713;07-DAPI-1-40x-402ms.tif;NBL;0.0737;0.0737;92.2003;0.5508;6.793;0.0406
714;07-DAPI-1-40x-402ms.tif;NBL;0.0204;0.0204;103.3085;0.7872;2.1074;0.0161
715;07-DAPI-1-40x-402ms.tif;NBL;0.0361;0.0361;84.985;1.2222;3.0707;0.0442
716;07-DAPI-1-40x-402ms.tif;NBL;0.038;0.038;100.4914;0.68;3.8164;0.0258
717;07-DAPI-1-40x-402ms.tif;NBL;0.059;0.059;71.375;0.375;4.2131;0.0221
718;07-DAPI-1-40x-402ms.tif;NBL;0.0331;0.0331;111.9934;0.7213;3.7064;0.0239
719;07-DAPI-1-40x-402ms.tif;NBL;0.0177;0.0177;78.2515;1.4724;1.384;0.026
720;07-DAPI-1-40x-402ms.tif;NBL;0.0645;0.0645;80.6852;0.4966;5.2004;0.032
721;07-DAPI-1-40x-402ms.tif;NBL;0.0544;0.0544;111.9082;0.6008;6.0836;0.0327
722;07-DAPI-1-40x-402ms.tif;NBL;0.0552;0.0552;118.5029;0.5874;6.5449;0.0324
723;07-DAPI-1-40x-402ms.tif;NBL;0.0319;0.0319;94.5986;1.6599;3.0178;0.053
724;07-DAPI-1-40x-402ms.tif;NBL;0.0091;0.0091;90.2619;1.5595;0.8227;0.0142
725;07-DAPI-1-40x-402ms.tif;NBL;0.15;0.15;35.9436;0.5434;5.39;0.0815
726;07-DAPI-1-40x-402ms.tif;NBL;0.0702;0.0702;92.8393;0.8671;6.5177;0.0609
727;07-DAPI-1-40x-402ms.tif;NBL;0.0496;0.0496;116.674;0.6171;5.7856;0.0306
728;07-DAPI-1-40x-402ms.tif;NBL;0.0196;0.0196;104.9834;1.1602;2.0618;0.0228
729;07-DAPI-1-40x-402ms.tif;NBL;0.0486;0.0486;122.0491;0.9442;5.9329;0.0459
730;07-DAPI-1-40x-402ms.tif;NBL;0.0362;0.0362;93.8503;1.1228;3.4013;0.0407
731;07-DAPI-1-40x-402ms.tif;NBL;0.0884;0.0884;98.2282;0.6221;8.6866;0.055
732;07-DAPI-1-40x-402ms.tif;NBL;0.0503;0.0503;94.7931;0.8922;4.7726;0.0449
733;07-DAPI-1-40x-402ms.tif;NBL;0.0516;0.0516;122.3718;0.9349;6.3204;0.0483
734;07-DAPI-1-40x-402ms.tif;NBL;0.0253;0.0253;106.1974;0.8326;2.6849;0.0211
735;07-DAPI-1-40x-402ms.tif;NBL;0.0433;0.0433;114.2707;0.6466;4.9473;0.028
736;07-DAPI-1-40x-402ms.tif;NBL;0.0148;0.0148;101.625;1.0735;1.4997;0.0158
737;07-DAPI-1-40x-402ms.tif;NBL;0.0257;0.0257;107.0042;0.8523;2.7517;0.0219
738;07-DAPI-1-40x-402ms.tif;NBL;0.0535;0.0535;116.7972;1.0446;6.2479;0.0559
739;07-DAPI-1-40x-402ms.tif;NBL;0.0202;0.0202;114.6129;0.8172;2.3132;0.0165
740;07-DAPI-1-40x-402ms.tif;NBL;0.0327;0.0327;114.1694;0.8007;3.7288;0.0262
741;07-DAPI-1-40x-402ms.tif;NBL;0.0374;0.0374;118.2174;1.0087;4.4255;0.0378
742;07-DAPI-1-40x-402ms.tif;NBL;0.0101;0.0101;104.6559;0.7527;1.0561;0.0076
743;07-DAPI-1-40x-402ms.tif;NBL;0.0155;0.0155;95.5035;0.7133;1.4819;0.0111
744;07-DAPI-1-40x-402ms.tif;NBL;0.0418;0.0418;119.187;0.8831;4.9791;0.0369
745;07-DAPI-1-40x-402ms.tif;NBL;0.0439;0.0439;103.5111;0.5679;4.5488;0.025
746;07-DAPI-1-40x-402ms.tif;NBL;0.0906;0.0906;73.9246;0.5138;6.6978;0.0465
747;07-DAPI-1-40x-402ms.tif;NBL;0.1159;0.1159;79.9485;0.6414;9.2649;0.0743
748;07-DAPI-1-40x-402ms.tif;NBL;0.1502;0.1502;74.7204;0.5643;11.221;0.0847
749;07-DAPI-1-40x-402ms.tif;NBL;0.0414;0.0414;86.7042;0.6021;3.5939;0.025
750;07-DAPI-1-40x-402ms.tif;NBL;0.0584;0.0584;81.8903;0.5446;4.7805;0.0318
751;07-DAPI-1-40x-402ms.tif;NBL;0.0386;0.0386;97.2388;0.8006;3.7562;0.0309
752;07-DAPI-1-40x-402ms.tif;NBL;0.0349;0.0349;84.3634;0.587;2.9476;0.0205
753;07-DAPI-1-40x-402ms.tif;NBL;0.0316;0.0316;81.677;1.1031;2.579;0.0348
754;07-DAPI-1-40x-402ms.tif;NBL;0.0728;0.0728;98.9762;0.6393;7.2063;0.0465
755;07-DAPI-1-40x-402ms.tif;NBL;0.0716;0.0716;116.3076;0.5848;8.3293;0.0419
756;07-DAPI-1-40x-402ms.tif;NBL;0.037;0.037;98.6774;0.6862;3.6512;0.0254
757;07-DAPI-1-40x-402ms.tif;NBL;0.0419;0.0419;123.7383;0.8264;5.1826;0.0346
758;07-DAPI-1-40x-402ms.tif;NBL;0.0486;0.0486;115.3482;0.6183;5.6072;0.0301
759;07-DAPI-1-40x-402ms.tif;NBL;0.0276;0.0276;118.8898;0.7835;3.2767;0.0216
760;07-DAPI-1-40x-402ms.tif;NBL;0.0235;0.0235;121.6866;0.6912;2.8652;0.0163
761;07-DAPI-1-40x-402ms.tif;NBL;0.0384;0.0384;115.4746;0.7316;4.4355;0.0281
762;07-DAPI-1-40x-402ms.tif;NBL;0.0301;0.0301;103.8773;0.7762;3.1222;0.0233
763;07-DAPI-1-40x-402ms.tif;NBL;0.0212;0.0212;102.4205;0.7128;2.1671;0.0151
764;07-DAPI-1-40x-402ms.tif;NBL;0.0545;0.0545;108.6673;0.6673;5.9192;0.0363
765;07-DAPI-1-40x-402ms.tif;NBL;0.0946;0.0946;101.8819;0.6158;9.6399;0.0583
766;07-DAPI-1-40x-402ms.tif;NBL;0.0206;0.0206;116.7;0.9105;2.4059;0.0188
767;07-DAPI-1-40x-402ms.tif;NBL;0.0148;0.0148;111.3676;1.0956;1.6434;0.0162
768;07-DAPI-1-40x-402ms.tif;NBL;0.0246;0.0246;103.5463;0.7665;2.5505;0.0189
769;07-DAPI-1-40x-402ms.tif;NBL;0.0537;0.0537;119.5515;0.7374;6.4212;0.0396
770;07-DAPI-1-40x-402ms.tif;NBL;0.0157;0.0157;111.7172;1.0207;1.7577;0.0161
771;07-DAPI-1-40x-402ms.tif;NBL;0.0768;0.0768;93.4153;0.4703;7.1764;0.0361
772;07-DAPI-1-40x-402ms.tif;NBL;0.0219;0.0219;106.6287;0.6535;2.3371;0.0143
773;07-DAPI-1-40x-402ms.tif;NBL;0.0622;0.0622;97.9756;0.7382;6.0916;0.0459
774;07-DAPI-1-40x-402ms.tif;NBL;0.0521;0.0521;77.85;0.775;4.0547;0.0404
775;07-DAPI-1-40x-402ms.tif;NBL;0.0744;0.0744;77.465;0.6997;5.7662;0.0521
776;07-DAPI-1-40x-402ms.tif;NBL;0.0284;0.0284;99.2137;1.1145;2.8205;0.0317
777;07-DAPI-1-40x-402ms.tif;NBL;0.0312;0.0312;112.8785;1.2153;3.5275;0.038
778;07-DAPI-1-40x-402ms.tif;NBL;0.0598;0.0598;103.5935;0.5191;6.1936;0.031
779;07-DAPI-1-40x-402ms.tif;NBL;0.0314;0.0314;73.7474;0.6574;2.3126;0.0206
780;07-DAPI-1-40x-402ms.tif;NBL;0.0711;0.0711;93.5557;0.4351;6.6492;0.0309
781;07-DAPI-1-40x-402ms.tif;NBL;0.0635;0.0635;103.9487;1.2068;6.5983;0.0766
782;07-DAPI-1-40x-402ms.tif;NBL;0.0373;0.0373;112.7238;0.9186;4.2076;0.0343
783;07-DAPI-1-40x-402ms.tif;NBL;0.0687;0.0687;125.9573;0.8784;8.6514;0.0603
784;07-DAPI-1-40x-402ms.tif;NBL;0.0404;0.0404;100.5833;0.9758;4.06;0.0394
785;07-DAPI-1-40x-402ms.tif;NBL;0.065;0.065;81.9599;1.2688;5.327;0.0825
786;07-DAPI-1-40x-402ms.tif;NBL;0.0806;0.0806;126.7806;0.6729;10.2211;0.0543
787;07-DAPI-1-40x-402ms.tif;NBL;0.0562;0.0562;121.6293;0.5927;6.8364;0.0333
788;07-DAPI-1-40x-402ms.tif;NBL;0.0166;0.0166;95.4837;1.3137;1.5852;0.0218
789;07-DAPI-1-40x-402ms.tif;NBL;0.0298;0.0298;90.7636;1.0218;2.7083;0.0305
790;07-DAPI-1-40x-402ms.tif;NBL;0.0747;0.0747;95.4651;0.4797;7.1267;0.0358
791;07-DAPI-1-40x-402ms.tif;NBL;0.0456;0.0456;119.0452;0.8476;5.4252;0.0386
792;07-DAPI-1-40x-402ms.tif;NBL;0.0377;0.0377;121.8876;1.147;4.5893;0.0432
793;07-DAPI-1-40x-402ms.tif;NBL;0.0312;0.0312;119.3299;1.375;3.7291;0.043
794;07-DAPI-1-40x-402ms.tif;NBL;0.0213;0.0213;93.5816;0.9643;1.9902;0.0205
795;07-DAPI-1-40x-402ms.tif;NBL;0.0418;0.0418;101.8961;0.6026;4.2567;0.0252
796;07-DAPI-1-40x-402ms.tif;NBL;0.0611;0.0611;105.7993;0.6803;6.4632;0.0416
797;07-DAPI-1-40x-402ms.tif;NBL;0.0124;0.0124;105.193;0.6316;1.3012;0.0078
798;07-DAPI-1-40x-402ms.tif;NBL;0.0174;0.0174;113.025;0.7562;1.9622;0.0131
799;07-DAPI-1-40x-402ms.tif;NBL;0.0557;0.0557;88.1287;2.7992;4.9056;0.1558
800;07-DAPI-1-40x-402ms.tif;NBL;0.0872;0.0872;96.4925;0.9403;8.418;0.082
801;07-DAPI-1-40x-402ms.tif;NBL;0.0691;0.0691;72.1994;1.5636;4.9903;0.1081
802;07-DAPI-1-40x-402ms.tif;NBL;0.0305;0.0305;92.7473;1.0214;2.8279;0.0311
803;07-DAPI-1-40x-402ms.tif;NBL;0.059;0.059;122.1213;0.7463;7.2086;0.0441
804;07-DAPI-1-40x-402ms.tif;NBL;0.0315;0.0315;106;0.6172;3.3355;0.0194
805;07-DAPI-1-40x-402ms.tif;NBL;0.033;0.033;99.5526;0.7237;3.2839;0.0239
806;07-DAPI-1-40x-402ms.tif;NBL;0.0808;0.0808;68.349;0.5007;5.5252;0.0405
807;07-DAPI-1-40x-402ms.tif;NBL;0.068;0.068;85.6571;0.547;5.8276;0.0372
808;07-DAPI-1-40x-402ms.tif;NBL;0.0741;0.0741;75.2372;0.6354;5.5758;0.0471
809;07-DAPI-1-40x-402ms.tif;NBL;0.062;0.062;92.7408;0.9912;5.746;0.0614
810;07-DAPI-1-40x-402ms.tif;NBL;0.0201;0.0201;89.173;1.1946;1.79;0.024
811;07-DAPI-1-40x-402ms.tif;NBL;0.0202;0.0202;74.9194;1.4516;1.512;0.0293
812;07-DAPI-1-40x-402ms.tif;NBL;0.0221;0.0221;111.7304;0.6667;2.4732;0.0148
813;07-DAPI-1-40x-402ms.tif;NBL;0.0996;0.0996;69.9793;1.1122;6.9706;0.1108
814;07-DAPI-1-40x-402ms.tif;NBL;0.0465;0.0465;99.5641;0.6713;4.6347;0.0312
815;07-DAPI-1-40x-402ms.tif;NBL;0.0391;0.0391;128.2667;1.1139;5.0104;0.0435
816;07-DAPI-1-40x-402ms.tif;NBL;0.0444;0.0444;105.9731;0.6993;4.703;0.031
817;07-DAPI-1-40x-402ms.tif;NBL;0.0225;0.0225;109.5845;0.6473;2.4614;0.0145
818;07-DAPI-1-40x-402ms.tif;NBL;0.0158;0.0158;107.8699;0.411;1.7089;0.0065
819;07-DAPI-1-40x-402ms.tif;NBL;0.0152;0.0152;110.0429;0.5286;1.6717;0.008
820;07-DAPI-1-40x-402ms.tif;NBL;0.0231;0.0231;79.338;0.1174;1.8337;0.0027
821;07-DAPI-1-40x-402ms.tif;NBL;0.0444;0.0444;83.1027;0.1027;3.688;0.0046
822;07-DAPI-1-40x-402ms.tif;NBL;0.0788;0.0788;79.3264;0.2645;6.249;0.0208
823;07-DAPI-1-40x-402ms.tif;NBL;0.0251;0.0251;42.303;0.5628;1.0603;0.0141
824;07-DAPI-1-40x-402ms.tif;NBL;0.0646;0.0646;94.5966;0.0908;6.1073;0.0059
825;07-DAPI-1-40x-402ms.tif;NBL;0.0377;0.0377;78.9481;0.0231;2.9725;0.0009
826;07-DAPI-1-40x-402ms.tif;NBL;0.0348;0.0348;111.0623;1.4829;3.8684;0.0516
827;07-DAPI-1-40x-402ms.tif;NBL;0.0679;0.0679;95.7588;0.0911;6.5044;0.0062
828;07-DAPI-1-40x-402ms.tif;NBL;0.0252;0.0252;95.4526;0.0259;2.4029;0.0007
829;07-DAPI-1-40x-402ms.tif;NBL;0.0471;0.0471;72.3249;0.212;3.4059;0.01
830;07-DAPI-1-40x-402ms.tif;NBL;0.0127;0.0127;103.1795;0.8547;1.3099;0.0109
831;08-DAPI-1-40x-402ms.tif;NBL;0.0231;0.0231;88.0892;1.2347;2.0359;0.0285
832;08-DAPI-1-40x-402ms.tif;NBL;0.015;0.015;111.6304;1.1667;1.6715;0.0175
833;08-DAPI-1-40x-402ms.tif;NBL;0.0347;0.0347;112.9406;1;3.9215;0.0347
834;08-DAPI-1-40x-402ms.tif;NBL;0.0233;0.0233;124.4;0.7349;2.9021;0.0171
835;08-DAPI-1-40x-402ms.tif;NBL;0.0204;0.0204;130.9894;1.3404;2.6721;0.0273
836;08-DAPI-1-40x-402ms.tif;NBL;0.0179;0.0179;117.9455;1.0364;2.1117;0.0186
837;08-DAPI-1-40x-402ms.tif;NBL;0.0371;0.0371;98.4942;1.0205;3.6551;0.0379
838;08-DAPI-1-40x-402ms.tif;NBL;0.0239;0.0239;102.6182;1.1273;2.4497;0.0269
839;08-DAPI-1-40x-402ms.tif;NBL;0.0528;0.0528;70.0616;1.5483;3.7023;0.0818
840;08-DAPI-1-40x-402ms.tif;NBL;0.0219;0.0219;93.1931;1.6683;2.0426;0.0366
841;08-DAPI-1-40x-402ms.tif;NBL;0.0409;0.0409;110.2944;0.9469;4.5118;0.0387
842;08-DAPI-1-40x-402ms.tif;NBL;0.0145;0.0145;114.4925;1.8955;1.6647;0.0276
843;08-DAPI-1-40x-402ms.tif;NBL;0.0291;0.0291;122.2612;0.9478;3.5553;0.0276
844;08-DAPI-1-40x-402ms.tif;NBL;0.0334;0.0334;120.8019;0.9708;4.0372;0.0324
845;08-DAPI-1-40x-402ms.tif;NBL;0.0492;0.0492;89.287;0.872;4.3888;0.0429
846;08-DAPI-1-40x-402ms.tif;NBL;0.023;0.023;120.0425;1.2972;2.7614;0.0298
847;08-DAPI-1-40x-402ms.tif;NBL;0.0278;0.0278;124.1289;1.3555;3.448;0.0377
848;08-DAPI-1-40x-402ms.tif;NBL;0.0554;0.0554;114.5166;1.3151;6.3496;0.0729
849;08-DAPI-1-40x-402ms.tif;NBL;0.0099;0.0099;79.033;4.7033;0.7804;0.0464
850;08-DAPI-1-40x-402ms.tif;NBL;0.0184;0.0184;122.7765;1.2647;2.2648;0.0233
851;08-DAPI-1-40x-402ms.tif;NBL;0.0515;0.0515;103.1621;1.1726;5.3171;0.0604
852;08-DAPI-1-40x-402ms.tif;NBL;0.037;0.037;117.8974;0.6598;4.3623;0.0244
853;08-DAPI-1-40x-402ms.tif;NBL;0.0342;0.0342;119.2857;1.1714;4.0771;0.04
854;08-DAPI-1-40x-402ms.tif;NBL;0.0467;0.0467;115.4093;1.393;5.3848;0.065
855;08-DAPI-1-40x-402ms.tif;NBL;0.052;0.052;117.9248;1.0835;6.1291;0.0563
856;08-DAPI-1-40x-402ms.tif;NBL;0.0433;0.0433;101.0526;1.4862;4.375;0.0643
857;08-DAPI-1-40x-402ms.tif;NBL;0.1023;0.1023;91.0403;1.3033;9.3154;0.1334
858;08-DAPI-1-40x-402ms.tif;NBL;0.0586;0.0586;69.763;1.7074;4.0877;0.1
859;08-DAPI-1-40x-402ms.tif;NBL;0.1188;0.1188;60.2813;1.063;7.1623;0.1263
860;08-DAPI-1-40x-402ms.tif;NBL;0.0959;0.0959;79.8699;0.9966;7.6611;0.0956
861;08-DAPI-1-40x-402ms.tif;NBL;0.0202;0.0202;69.2634;2.7581;1.3979;0.0557
862;08-DAPI-1-40x-402ms.tif;NBL;0.0343;0.0343;81.8671;1.3354;2.8071;0.0458
863;08-DAPI-1-40x-402ms.tif;NBL;0.069;0.069;123.9104;0.9733;8.5511;0.0672
864;08-DAPI-1-40x-402ms.tif;NBL;0.0763;0.0763;78.0057;0.6828;5.9503;0.0521
865;08-DAPI-1-40x-402ms.tif;NBL;0.0638;0.0638;96.6837;1.449;6.1686;0.0924
866;08-DAPI-1-40x-402ms.tif;NBL;0.0463;0.0463;109.0984;1.0539;5.0548;0.0488
867;08-DAPI-1-40x-402ms.tif;NBL;0.0693;0.0693;83.6432;0.9077;5.7995;0.0629
868;08-DAPI-1-40x-402ms.tif;NBL;0.0645;0.0645;89.4141;1.2138;5.763;0.0782
869;08-DAPI-1-40x-402ms.tif;NBL;0.0541;0.0541;106.4649;0.9579;5.7645;0.0519
870;08-DAPI-1-40x-402ms.tif;NBL;0.0592;0.0592;88.6172;0.7033;5.2501;0.0417
871;08-DAPI-1-40x-402ms.tif;NBL;0.0097;0.0097;124.2584;1.236;1.2;0.0119
872;08-DAPI-1-40x-402ms.tif;NBL;0.053;0.053;125.9672;1.1025;6.6701;0.0584
873;08-DAPI-1-40x-402ms.tif;NBL;0.0544;0.0544;93.3034;0.8643;5.0722;0.047
874;08-DAPI-1-40x-402ms.tif;NBL;0.0266;0.0266;116.8449;1.7061;3.1062;0.0454
875;08-DAPI-1-40x-402ms.tif;NBL;0.056;0.056;116.4826;0.9632;6.5218;0.0539
876;08-DAPI-1-40x-402ms.tif;NBL;0.0066;0.0066;84.4098;1.2459;0.5587;0.0082
877;08-DAPI-1-40x-402ms.tif;NBL;0.0136;0.0136;62.088;1.6;0.8421;0.0217
878;08-DAPI-1-40x-402ms.tif;NBL;0.0757;0.0757;109.553;0.8496;8.2973;0.0643
879;08-DAPI-1-40x-402ms.tif;NBL;0.0575;0.0575;110.8698;1.0189;6.376;0.0586
880;08-DAPI-1-40x-402ms.tif;NBL;0.0217;0.0217;73.55;2.53;1.5961;0.0549
881;08-DAPI-1-40x-402ms.tif;NBL;0.0333;0.0333;96.4658;0.9088;3.2134;0.0303
882;08-DAPI-1-40x-402ms.tif;NBL;0.0431;0.0431;109.67;1.398;4.7243;0.0602
883;08-DAPI-1-40x-402ms.tif;NBL;0.0508;0.0508;90.3034;1.5064;4.5857;0.0765
884;08-DAPI-1-40x-402ms.tif;NBL;0.0268;0.0268;107.4211;0.8664;2.879;0.0232
885;08-DAPI-1-40x-402ms.tif;NBL;0.0246;0.0246;112.7401;1.0969;2.7769;0.027
886;08-DAPI-1-40x-402ms.tif;NBL;0.0395;0.0395;124.6346;1.2637;4.9226;0.0499
887;08-DAPI-1-40x-402ms.tif;NBL;0.0589;0.0589;95.6114;1.4457;5.6334;0.0852
888;08-DAPI-1-40x-402ms.tif;NBL;0.0528;0.0528;114.1273;0.9713;6.0308;0.0513
889;08-DAPI-1-40x-402ms.tif;NBL;0.0764;0.0764;94.0384;1.5838;7.1835;0.121
890;08-DAPI-1-40x-402ms.tif;NBL;0.0258;0.0258;117.2353;1.0882;3.0276;0.0281
891;08-DAPI-1-40x-402ms.tif;NBL;0.0385;0.0385;114.7521;0.9662;4.4202;0.0372
892;08-DAPI-1-40x-402ms.tif;NBL;0.0194;0.0194;118.7933;1.1564;2.3073;0.0225
893;08-DAPI-1-40x-402ms.tif;NBL;0.0461;0.0461;99.4188;1.2306;4.5847;0.0567
894;08-DAPI-1-40x-402ms.tif;NBL;0.0867;0.0867;79.582;0.4218;6.8995;0.0366
895;08-DAPI-1-40x-402ms.tif;NBL;0.0567;0.0567;78.9312;1.065;4.4793;0.0604
896;08-DAPI-1-40x-402ms.tif;NBL;0.0183;0.0183;66.8698;1.5444;1.2262;0.0283
897;08-DAPI-1-40x-402ms.tif;NBL;0.0086;0.0086;65.1139;1.8101;0.5582;0.0155
898;08-DAPI-1-40x-402ms.tif;NBL;0.0306;0.0306;121.0213;0.727;3.7031;0.0222
899;08-DAPI-1-40x-402ms.tif;NBL;0.0579;0.0579;93.0749;0.3184;5.393;0.0184
900;08-DAPI-1-40x-402ms.tif;NBL;0.0233;0.0233;51.6744;0.9581;1.2055;0.0224
901;08-DAPI-1-40x-402ms.tif;NBL;0.0547;0.0547;79.5952;0.2163;4.3529;0.0118
902;08-DAPI-1-40x-402ms.tif;NBL;0.0379;0.0379;119.8625;0.4642;4.5391;0.0176
903;08-DAPI-1-40x-402ms.tif;NBL;0.0281;0.0281;90.7413;1.1081;2.5501;0.0311
904;08-DAPI-1-40x-402ms.tif;NBL;0.0107;0.0107;82.0101;1.4646;0.881;0.0157
905;08-DAPI-1-40x-402ms.tif;NBL;0.0372;0.0372;109.9446;0.7551;4.0919;0.0281
906;08-DAPI-1-40x-402ms.tif;NBL;0.0503;0.0503;101.8362;0.6983;5.1272;0.0352
907;08-DAPI-1-40x-402ms.tif;NBL;0.0293;0.0293;107.963;0.6556;3.163;0.0192
908;08-DAPI-1-40x-402ms.tif;NBL;0.0381;0.0381;115.963;0.9744;4.4166;0.0371
909;08-DAPI-1-40x-402ms.tif;NBL;0.0956;0.0956;77.8207;0.0431;7.4392;0.0041
910;08-DAPI-1-40x-402ms.tif;NBL;0.0222;0.0222;97.4439;0.1805;2.1675;0.004
911;08-DAPI-1-40x-402ms.tif;NBL;0.0355;0.0355;101.7125;0.0489;3.6089;0.0017
912;08-DAPI-1-40x-402ms.tif;NBL;0.0226;0.0226;118.7452;0.1058;2.68;0.0024
913;08-DAPI-1-40x-402ms.tif;NBL;0.0586;0.0586;88.2796;0.1222;5.1726;0.0072
914;08-DAPI-1-40x-402ms.tif;NBL;0.0552;0.0552;99.7014;0.169;5.5065;0.0093
915;08-DAPI-1-40x-402ms.tif;NBL;0.05;0.05;109.2646;0.5249;5.4656;0.0263
916;08-DAPI-1-40x-402ms.tif;NBL;0.0219;0.0219;125.3515;0.4901;2.7475;0.0107
917;08-DAPI-1-40x-402ms.tif;NBL;0.0228;0.0228;92.2333;0.4095;2.1017;0.0093
918;08-DAPI-1-40x-402ms.tif;NBL;0.0403;0.0403;109.9057;0.5202;4.4244;0.0209
919;08-DAPI-1-40x-402ms.tif;NBL;0.0595;0.0595;85.1606;0.2737;5.0638;0.0163
920;08-DAPI-1-40x-402ms.tif;NBL;0.0144;0.0144;65.8722;0.5038;0.9506;0.0073
921;08-DAPI-1-40x-402ms.tif;NBL;0.0305;0.0305;100.452;0.0961;3.0628;0.0029
922;08-DAPI-1-40x-402ms.tif;NBL;0.05;0.05;82.7137;0.1432;4.1375;0.0072
923;08-DAPI-1-40x-402ms.tif;NBL;0.0324;0.0324;88.2308;0.3679;2.8625;0.0119
924;08-DAPI-1-40x-402ms.tif;NBL;0.0213;0.0213;68.602;0.2806;1.459;0.006
925;09-DAPI-1-40x-402ms.tif;NBL;0.0122;0.0122;117.8482;0.5714;1.4322;0.0069
926;09-DAPI-1-40x-402ms.tif;NBL;0.048;0.048;98.9502;0.6606;4.7457;0.0317
927;09-DAPI-1-40x-402ms.tif;NBL;0.0265;0.0265;103.6148;0.9139;2.7433;0.0242
928;09-DAPI-1-40x-402ms.tif;NBL;0.0715;0.0715;115.1184;0.5706;8.2317;0.0408
929;09-DAPI-1-40x-402ms.tif;NBL;0.0413;0.0413;111.5066;0.6562;4.6098;0.0271
930;09-DAPI-1-40x-402ms.tif;NBL;0.0851;0.0851;78.4541;0.7704;6.674;0.0655
931;09-DAPI-1-40x-402ms.tif;NBL;0.0206;0.0206;110.6526;1.2368;2.2812;0.0255
932;09-DAPI-1-40x-402ms.tif;NBL;0.0383;0.0383;117.9688;0.9745;4.5186;0.0373
933;09-DAPI-1-40x-402ms.tif;NBL;0.0225;0.0225;103.4493;1.5652;2.3236;0.0352
934;09-DAPI-1-40x-402ms.tif;NBL;0.0634;0.0634;116.2003;0.8579;7.3634;0.0544
935;09-DAPI-1-40x-402ms.tif;NBL;0.0229;0.0229;120.2607;0.7583;2.7534;0.0174
936;09-DAPI-1-40x-402ms.tif;NBL;0.0306;0.0306;123.3404;1.0213;3.7741;0.0312
937;09-DAPI-1-40x-402ms.tif;NBL;0.0339;0.0339;115.4263;1.0128;3.9077;0.0343
938;09-DAPI-1-40x-402ms.tif;NBL;0.0298;0.0298;114.1309;1.2291;3.4056;0.0367
939;09-DAPI-1-40x-402ms.tif;NBL;0.0324;0.0324;130.0401;0.7525;4.219;0.0244
940;09-DAPI-1-40x-402ms.tif;NBL;0.0285;0.0285;125.2814;0.9087;3.5752;0.0259
941;09-DAPI-1-40x-402ms.tif;NBL;0.0276;0.0276;131.8071;1.2047;3.6327;0.0332
942;09-DAPI-1-40x-402ms.tif;NBL;0.0405;0.0405;123.6622;1.1394;5.005;0.0461
943;09-DAPI-1-40x-402ms.tif;NBL;0.0168;0.0168;132.5613;1.5484;2.2295;0.026
944;09-DAPI-1-40x-402ms.tif;NBL;0.032;0.032;127.7695;1.4576;4.0898;0.0467
945;09-DAPI-1-40x-402ms.tif;NBL;0.0334;0.0334;131.7013;1.6429;4.4015;0.0549
946;09-DAPI-1-40x-402ms.tif;NBL;0.038;0.038;125.7171;1.1486;4.7744;0.0436
947;09-DAPI-1-40x-402ms.tif;NBL;0.0839;0.0839;85.9948;1.2264;7.2129;0.1029
948;09-DAPI-1-40x-402ms.tif;NBL;0.0551;0.0551;85.8583;1.2185;4.7326;0.0672
949;09-DAPI-1-40x-402ms.tif;NBL;0.0169;0.0169;104.3333;1.2692;1.7661;0.0215
950;09-DAPI-1-40x-402ms.tif;NBL;0.0303;0.0303;123.9534;1.1004;3.7525;0.0333
951;09-DAPI-1-40x-402ms.tif;NBL;0.0556;0.0556;126.293;1.1426;7.0163;0.0635
952;09-DAPI-1-40x-402ms.tif;NBL;0.0265;0.0265;101.6926;1.2254;2.6924;0.0324
953;09-DAPI-1-40x-402ms.tif;NBL;0.0613;0.0613;90.1274;1.4814;5.5254;0.0908
954;09-DAPI-1-40x-402ms.tif;NBL;0.0667;0.0667;111.7919;0.7203;7.4601;0.0481
955;09-DAPI-1-40x-402ms.tif;NBL;0.0289;0.0289;130.7293;1.9962;3.7732;0.0576
956;09-DAPI-1-40x-402ms.tif;NBL;0.0299;0.0299;117.5906;1.4891;3.5216;0.0446
957;09-DAPI-1-40x-402ms.tif;NBL;0.0307;0.0307;96.8975;1.5124;2.9755;0.0464
958;09-DAPI-1-40x-402ms.tif;NBL;0.0069;0.0069;126.8906;1.25;0.8812;0.0087
959;09-DAPI-1-40x-402ms.tif;NBL;0.0716;0.0716;87.6848;1.8455;6.2795;0.1322
960;09-DAPI-1-40x-402ms.tif;NBL;0.0802;0.0802;73.3194;0.8823;5.8792;0.0707
961;09-DAPI-1-40x-402ms.tif;NBL;0.0228;0.0228;100.6762;1.1619;2.2941;0.0265
962;09-DAPI-1-40x-402ms.tif;NBL;0.0957;0.0957;49.339;1.0431;4.7219;0.0998
963;09-DAPI-1-40x-402ms.tif;NBL;0.0243;0.0243;57.9286;1.4152;1.408;0.0344
964;09-DAPI-1-40x-402ms.tif;NBL;0.0142;0.0142;103.1221;1.5725;1.4658;0.0224
965;09-DAPI-1-40x-402ms.tif;NBL;0.0414;0.0414;75.4058;0.8508;3.1255;0.0353
966;09-DAPI-1-40x-402ms.tif;NBL;0.0264;0.0264;65.251;1.3827;1.7205;0.0365
967;09-DAPI-1-40x-402ms.tif;NBL;0.0309;0.0309;79.9053;0.7123;2.471;0.022
968;09-DAPI-1-40x-402ms.tif;NBL;0.0512;0.0512;97.1568;0.6801;4.9759;0.0348
970;09-DAPI-1-40x-402ms.tif;NBL;0.0444;0.0444;120.8411;1.2421;5.3628;0.0551
971;09-DAPI-1-40x-402ms.tif;NBL;0.0306;0.0306;124.4716;1.0638;3.8087;0.0326
975;09-DAPI-1-40x-402ms.tif;NBL;0.0628;0.0628;95.1623;1.0121;5.9786;0.0636
976;09-DAPI-1-40x-402ms.tif;NBL;0.0475;0.0475;99.6096;1.6484;4.734;0.0783
977;09-DAPI-1-40x-402ms.tif;NBL;0.0545;0.0545;96.5916;0.4841;5.2614;0.0264
978;09-DAPI-1-40x-402ms.tif;NBL;0.0426;0.0426;122.5802;0.7684;5.2272;0.0328
979;09-DAPI-1-40x-402ms.tif;NBL;0.0621;0.0621;101.3112;0.6696;6.288;0.0416
980;09-DAPI-1-40x-402ms.tif;NBL;0.0392;0.0392;77.6842;0.5152;3.043;0.0202
981;09-DAPI-1-40x-402ms.tif;NBL;0.0424;0.0424;92.509;0.6547;3.9248;0.0278
982;09-DAPI-1-40x-402ms.tif;NBL;0.0133;0.0133;82.3252;0.5691;1.0987;0.0076
983;09-DAPI-1-40x-402ms.tif;NBL;0.0283;0.0283;100.6475;0.3372;2.8504;0.0095
984;09-DAPI-1-40x-402ms.tif;NBL;0.0206;0.0206;51.2579;0.6895;1.0567;0.0142
985;09-DAPI-1-40x-402ms.tif;NBL;0.0372;0.0372;79.8076;0.137;2.9703;0.0051
986;09-DAPI-1-40x-402ms.tif;NBL;0.0368;0.0368;81.2596;0.1357;2.989;0.005
987;09-DAPI-1-40x-402ms.tif;NBL;0.0271;0.0271;94.188;0.72;2.555;0.0195
988;09-DAPI-1-40x-402ms.tif;NBL;0.0607;0.0607;85.7889;0.2236;5.2036;0.0136
989;09-DAPI-1-40x-402ms.tif;NBL;0.0355;0.0355;86.5749;0.1193;3.0718;0.0042
990;09-DAPI-1-40x-402ms.tif;NBL;0.0534;0.0534;66.372;0.0793;3.5433;0.0042
991;09-DAPI-1-40x-402ms.tif;NBL;0.0355;0.0355;73.5872;0.1529;2.611;0.0054
992;09-DAPI-1-40x-402ms.tif;NBL;0.0624;0.0624;100.1896;0.0974;6.251;0.0061
993;09-DAPI-1-40x-402ms.tif;NBL;0.0292;0.0292;70.6803;0.2862;2.063;0.0084
994;09-DAPI-1-40x-402ms.tif;NBL;0.0258;0.0258;101.8908;0.5966;2.6313;0.0154
995;09-DAPI-1-40x-402ms.tif;NBL;0.0266;0.0266;66.6;0.6286;1.7705;0.0167
996;09-DAPI-1-40x-402ms.tif;NBL;0.0246;0.0246;94.7753;1.1322;2.3344;0.0279
997;09-DAPI-1-40x-402ms.tif;NBL;0.0926;0.0926;51.544;0.6882;4.7707;0.0637
998;09-DAPI-1-40x-402ms.tif;NBL;0.0436;0.0436;123.8408;1.092;5.4019;0.0476
999;09-DAPI-1-40x-402ms.tif;NBL;0.0299;0.0299;123.4565;1;3.6973;0.0299
1000;10-DAPI-1-40x-402ms.tif;NBL;0.0318;0.0318;116.7679;0.884;3.7123;0.0281
1001;10-DAPI-1-40x-402ms.tif;NBL;0.0308;0.0308;101.412;0.9789;3.1251;0.0302
1002;10-DAPI-1-40x-402ms.tif;NBL;0.0422;0.0422;115.7018;0.6221;4.8837;0.0263
1003;10-DAPI-1-40x-402ms.tif;NBL;0.0615;0.0615;107.9189;0.5397;6.6395;0.0332
1004;10-DAPI-1-40x-402ms.tif;NBL;0.0368;0.0368;120.059;0.7965;4.4162;0.0293
1005;10-DAPI-1-40x-402ms.tif;NBL;0.057;0.057;121.7905;0.5695;6.9379;0.0324
1006;10-DAPI-1-40x-402ms.tif;NBL;0.0445;0.0445;115.8341;1.0829;5.1532;0.0482
1007;10-DAPI-1-40x-402ms.tif;NBL;0.0622;0.0622;118.5375;0.7801;7.37;0.0485
1008;10-DAPI-1-40x-402ms.tif;NBL;0.1427;0.1427;69.1856;0.8266;9.8719;0.1179
1009;10-DAPI-1-40x-402ms.tif;NBL;0.0225;0.0225;118.9324;0.7005;2.6713;0.0157
1010;10-DAPI-1-40x-402ms.tif;NBL;0.0263;0.0263;115.9339;0.9711;3.0443;0.0255
1011;10-DAPI-1-40x-402ms.tif;NBL;0.0298;0.0298;119.4945;0.7345;3.5656;0.0219
1012;10-DAPI-1-40x-402ms.tif;NBL;0.1019;0.1019;80.1022;0.9148;8.1615;0.0932
1013;10-DAPI-1-40x-402ms.tif;NBL;0.0659;0.0659;123.4926;0.8188;8.1337;0.0539
1014;10-DAPI-1-40x-402ms.tif;NBL;0.0782;0.0782;123.5978;0.7822;9.6695;0.0612
1015;10-DAPI-1-40x-402ms.tif;NBL;0.0677;0.0677;123.0208;0.7196;8.3295;0.0487
1016;10-DAPI-1-40x-402ms.tif;NBL;0.0585;0.0585;93.5121;0.6104;5.4691;0.0357
1017;10-DAPI-1-40x-402ms.tif;NBL;0.0513;0.0513;109.5729;0.7738;5.6237;0.0397
1018;10-DAPI-1-40x-402ms.tif;NBL;0.0407;0.0407;120.504;0.832;4.9033;0.0339
1019;10-DAPI-1-40x-402ms.tif;NBL;0.053;0.053;96.7561;1.0697;5.1234;0.0566
1020;10-DAPI-1-40x-402ms.tif;NBL;0.0142;0.0142;106.9771;1.3206;1.5206;0.0188
1021;10-DAPI-1-40x-402ms.tif;NBL;0.0379;0.0379;115.1605;0.5989;4.361;0.0227
1022;10-DAPI-1-40x-402ms.tif;NBL;0.0726;0.0726;65.2616;0.559;4.7374;0.0406
1023;10-DAPI-1-40x-402ms.tif;NBL;0.0551;0.0551;120.5138;0.687;6.6429;0.0379
1024;10-DAPI-1-40x-402ms.tif;NBL;0.0538;0.0538;110.5585;1.4617;5.9502;0.0787
1025;10-DAPI-1-40x-402ms.tif;NBL;0.0284;0.0284;85.3817;1.9008;2.4273;0.054
1026;10-DAPI-1-40x-402ms.tif;NBL;0.0378;0.0378;113.8506;1.1293;4.299;0.0426
1027;10-DAPI-1-40x-402ms.tif;NBL;0.0161;0.0161;115.25;1.2838;1.8508;0.0206
1028;10-DAPI-1-40x-402ms.tif;NBL;0.0211;0.0211;108.4381;0.6031;2.2827;0.0127
1029;10-DAPI-1-40x-402ms.tif;NBL;0.025;0.025;95.7783;0.4913;2.3903;0.0123
1030;10-DAPI-1-40x-402ms.tif;NBL;0.0893;0.0893;118.2916;0.6525;10.5636;0.0583
1031;10-DAPI-1-40x-402ms.tif;NBL;0.0424;0.0424;114.8568;0.6061;4.8729;0.0257
1032;10-DAPI-1-40x-402ms.tif;NBL;0.0292;0.0292;114.3643;0.7732;3.3381;0.0226
1033;10-DAPI-1-40x-402ms.tif;NBL;0.0199;0.0199;103.6339;1.2568;2.0578;0.025
1034;10-DAPI-1-40x-402ms.tif;NBL;0.0227;0.0227;91.0048;1.6124;2.0638;0.0366
1035;10-DAPI-1-40x-402ms.tif;NBL;0.0809;0.0809;72.2038;0.5496;5.8446;0.0445
1036;10-DAPI-1-40x-402ms.tif;NBL;0.0407;0.0407;105.3387;0.7067;4.2862;0.0288
1037;10-DAPI-1-40x-402ms.tif;NBL;0.0668;0.0668;83.026;0.5877;5.5495;0.0393
1038;10-DAPI-1-40x-402ms.tif;NBL;0.0332;0.0332;122.6275;0.5948;4.0716;0.0197
1039;10-DAPI-1-40x-402ms.tif;NBL;0.0232;0.0232;89.4813;1.4439;2.0778;0.0335
1040;10-DAPI-1-40x-402ms.tif;NBL;0.0102;0.0102;95.1809;0.6277;0.9708;0.0064
1041;10-DAPI-1-40x-402ms.tif;NBL;0.0659;0.0659;83.4349;1.4217;5.4953;0.0936
1042;10-DAPI-1-40x-402ms.tif;NBL;0.0365;0.0365;109.753;0.7589;4.0014;0.0277
1043;10-DAPI-1-40x-402ms.tif;NBL;0.0317;0.0317;101.8562;0.4623;3.2272;0.0146
1044;10-DAPI-1-40x-402ms.tif;NBL;0.0296;0.0296;118.674;0.9853;3.5154;0.0292
1045;10-DAPI-1-40x-402ms.tif;NBL;0.0892;0.0892;63.7482;0.4367;5.6859;0.039
1046;10-DAPI-1-40x-402ms.tif;NBL;0.0144;0.0144;113.6466;1;1.6401;0.0144
1047;10-DAPI-1-40x-402ms.tif;NBL;0.0443;0.0443;118.8775;0.6544;5.2628;0.029
1048;10-DAPI-1-40x-402ms.tif;NBL;0.0306;0.0306;108.1348;0.7589;3.3088;0.0232
1049;10-DAPI-1-40x-402ms.tif;NBL;0.033;0.033;90.0757;1.2632;2.9712;0.0417
1050;10-DAPI-1-40x-402ms.tif;NBL;0.0475;0.0475;122.2763;1.2283;5.8113;0.0584
1051;10-DAPI-1-40x-402ms.tif;NBL;0.0318;0.0318;123.4096;0.6962;3.9235;0.0221
1052;10-DAPI-1-40x-402ms.tif;NBL;0.0241;0.0241;114.8063;0.509;2.7655;0.0123
1053;10-DAPI-1-40x-402ms.tif;NBL;0.0343;0.0343;96.4842;0.5728;3.3083;0.0196
1054;10-DAPI-1-40x-402ms.tif;NBL;0.0161;0.0161;113.9865;1.25;1.8305;0.0201
1055;10-DAPI-1-40x-402ms.tif;NBL;0.0953;0.0953;88.1105;0.4852;8.3942;0.0462
1056;10-DAPI-1-40x-402ms.tif;NBL;0.0272;0.0272;111.6255;0.5339;3.0401;0.0145
1057;10-DAPI-1-40x-402ms.tif;NBL;0.0884;0.0884;82.9546;1.016;7.3359;0.0898
1058;10-DAPI-1-40x-402ms.tif;NBL;0.0353;0.0353;84.2831;1.04;2.9722;0.0367
1059;10-DAPI-1-40x-402ms.tif;NBL;0.0456;0.0456;100.0119;0.9357;4.5578;0.0426
1060;10-DAPI-1-40x-402ms.tif;NBL;0.0549;0.0549;109.6285;0.5336;6.0191;0.0293
1061;10-DAPI-1-40x-402ms.tif;NBL;0.0778;0.0778;110.3208;0.6346;8.5829;0.0494
1062;10-DAPI-1-40x-402ms.tif;NBL;0.0579;0.0579;95.8689;0.7079;5.5549;0.041
1063;10-DAPI-1-40x-402ms.tif;NBL;0.0233;0.0233;125.6977;0.386;2.9324;0.009
1064;10-DAPI-1-40x-402ms.tif;NBL;0.0317;0.0317;120.363;0.7466;3.8136;0.0237
1065;10-DAPI-1-40x-402ms.tif;NBL;0.0775;0.0775;83.2479;0.4566;6.4495;0.0354
1066;10-DAPI-1-40x-402ms.tif;NBL;0.0255;0.0255;105.8638;0.4979;2.6994;0.0127
1067;10-DAPI-1-40x-402ms.tif;NBL;0.0295;0.0295;123.1103;0.9228;3.6335;0.0272
1068;10-DAPI-1-40x-402ms.tif;NBL;0.0742;0.0742;123.9985;0.7544;9.203;0.056
1069;10-DAPI-1-40x-402ms.tif;NBL;0.0332;0.0332;108.3431;0.732;3.5973;0.0243
1070;10-DAPI-1-40x-402ms.tif;NBL;0.0183;0.0183;119.2899;0.787;2.1875;0.0144
1071;10-DAPI-1-40x-402ms.tif;NBL;0.031;0.031;132.2098;0.8322;4.1029;0.0258
1072;10-DAPI-1-40x-402ms.tif;NBL;0.0286;0.0286;117.1894;0.5189;3.357;0.0149
1073;10-DAPI-1-40x-402ms.tif;NBL;0.0335;0.0335;103.3333;0.534;3.4646;0.0179
1074;10-DAPI-1-40x-402ms.tif;NBL;0.0203;0.0203;84.5615;0.5508;1.7158;0.0112
1075;10-DAPI-1-40x-402ms.tif;NBL;0.0112;0.0112;77.2913;1.2718;0.8638;0.0142
1076;10-DAPI-1-40x-402ms.tif;NBL;0.0419;0.0419;112.8601;0.3705;4.727;0.0155
1077;10-DAPI-1-40x-402ms.tif;NBL;0.1132;0.1132;67.4209;0.3356;7.6302;0.038
1078;10-DAPI-1-40x-402ms.tif;NBL;0.093;0.093;79.0163;0.5403;7.3478;0.0502
1079;10-DAPI-1-40x-402ms.tif;NBL;0.0725;0.0725;97.762;0.1407;7.086;0.0102
1080;10-DAPI-1-40x-402ms.tif;NBL;0.079;0.079;72.0536;0.2335;5.6917;0.0184
1081;10-DAPI-1-40x-402ms.tif;NBL;0.019;0.019;110.8971;0.2686;2.1058;0.0051
1082;10-DAPI-1-40x-402ms.tif;NBL;0.0107;0.0107;111.6768;0.5051;1.1997;0.0054
1083;10-DAPI-1-40x-402ms.tif;NBL;0.0522;0.0522;128.0894;0.4636;6.6852;0.0242
1084;10-DAPI-1-40x-402ms.tif;NBL;0.0508;0.0508;87.3098;0.1496;4.4337;0.0076
1085;10-DAPI-1-40x-402ms.tif;NBL;0.0205;0.0205;100.0582;0.5344;2.052;0.011
1086;10-DAPI-1-40x-402ms.tif;NBL;0.079;0.079;69.4519;0.1525;5.4862;0.012
1087;10-DAPI-1-40x-402ms.tif;NBL;0.0914;0.0914;39.9287;0.1663;3.648;0.0152
1088;10-DAPI-1-40x-402ms.tif;NBL;0.0911;0.0911;61.175;0.1929;5.5758;0.0176
1089;10-DAPI-1-40x-402ms.tif;NBL;0.011;0.011;93.8119;0.4752;1.0281;0.0052
1090;10-DAPI-1-40x-402ms.tif;NBL;0.0253;0.0253;82.7511;0.2017;2.0921;0.0051
1091;10-DAPI-1-40x-402ms.tif;NBL;0.0235;0.0235;100.6221;0.0553;2.3692;0.0013
1092;10-DAPI-1-40x-402ms.tif;NBL;0.0416;0.0416;90.6554;0.107;3.7675;0.0044
1093;10-DAPI-1-40x-402ms.tif;NBL;0.0401;0.0401;97.6486;0.0865;3.9204;0.0035
1094;10-DAPI-1-40x-402ms.tif;NBL;0.0549;0.0549;106.0652;0.6087;5.8235;0.0334
1095;10-DAPI-1-40x-402ms.tif;NBL;0.053;0.053;89.3176;0.3648;4.7295;0.0193
1096;10-DAPI-1-40x-402ms.tif;NBL;0.0663;0.0663;101.0475;0.162;6.6992;0.0107
1097;10-DAPI-1-40x-402ms.tif;NBL;0.0258;0.0258;129.6345;0.6471;3.3478;0.0167
1098;10-DAPI-1-40x-402ms.tif;NBL;0.0363;0.0363;127.0179;0.4597;4.6171;0.0167
1099;10-DAPI-1-40x-402ms.tif;NBL;0.0371;0.0371;121.5526;0.462;4.5107;0.0171
1100;10-DAPI-1-40x-402ms.tif;NBL;0.0267;0.0267;101.7114;0.4024;2.715;0.0107
1101;10-DAPI-1-40x-402ms.tif;NBL;0.0464;0.0464;87.715;0.1659;4.0736;0.0077
1102;11-DAPI-1-40x-402ms.tif;NBL;0.0295;0.0295;118.6875;0.2537;3.5029;0.0075
1103;11-DAPI-1-40x-402ms.tif;NBL;0.096;0.096;108.8655;0.3277;10.4542;0.0315
1104;11-DAPI-1-40x-402ms.tif;NBL;0.043;0.043;111.8763;0.5;4.8072;0.0215
1105;11-DAPI-1-40x-402ms.tif;NBL;0.0211;0.0211;93.2113;0.7577;1.9621;0.016
1106;11-DAPI-1-40x-402ms.tif;NBL;0.022;0.022;120.2906;0.6453;2.6496;0.0142
1107;11-DAPI-1-40x-402ms.tif;NBL;0.0353;0.0353;122.1569;0.3908;4.3078;0.0138
1108;11-DAPI-1-40x-402ms.tif;NBL;0.0616;0.0616;97.3996;0.4366;6.0029;0.0269
1109;11-DAPI-1-40x-402ms.tif;NBL;0.0788;0.0788;94.9711;0.3843;7.4814;0.0303
1110;11-DAPI-1-40x-402ms.tif;NBL;0.1114;0.1114;84.1139;0.7546;9.3734;0.0841
1111;11-DAPI-1-40x-402ms.tif;NBL;0.0703;0.0703;120.9228;0.4198;8.5024;0.0295
1112;11-DAPI-1-40x-402ms.tif;NBL;0.0222;0.0222;108.6537;0.839;2.4169;0.0187
1113;11-DAPI-1-40x-402ms.tif;NBL;0.0336;0.0336;116.9484;0.2194;3.9338;0.0074
1114;11-DAPI-1-40x-402ms.tif;NBL;0.0312;0.0312;119.7257;0.6875;3.7414;0.0215
1115;11-DAPI-1-40x-402ms.tif;NBL;0.0267;0.0267;124.8333;0.6016;3.3321;0.0161
1116;11-DAPI-1-40x-402ms.tif;NBL;0.0783;0.0783;108.9224;0.6551;8.5332;0.0513
1117;11-DAPI-1-40x-402ms.tif;NBL;0.0744;0.0744;117.2143;0.4242;8.7249;0.0316
1118;11-DAPI-1-40x-402ms.tif;NBL;0.0357;0.0357;116.1915;0.4438;4.1479;0.0158
1119;11-DAPI-1-40x-402ms.tif;NBL;0.0683;0.0683;90.6725;0.3339;6.1885;0.0228
1120;11-DAPI-1-40x-402ms.tif;NBL;0.0297;0.0297;111.2774;0.5657;3.3084;0.0168
1121;11-DAPI-1-40x-402ms.tif;NBL;0.0407;0.0407;126.3013;0.496;5.1392;0.0202
1122;11-DAPI-1-40x-402ms.tif;NBL;0.0656;0.0656;101.7967;0.4331;6.6826;0.0284
1123;11-DAPI-1-40x-402ms.tif;NBL;0.0652;0.0652;108.1697;0.4376;7.054;0.0285
1124;11-DAPI-1-40x-402ms.tif;NBL;0.0757;0.0757;121.7292;0.8381;9.2195;0.0635
1125;11-DAPI-1-40x-402ms.tif;NBL;0.0573;0.0573;128.714;0.8902;7.3742;0.051
1126;11-DAPI-1-40x-402ms.tif;NBL;0.0425;0.0425;130.699;1.2015;5.5592;0.0511
1127;11-DAPI-1-40x-402ms.tif;NBL;0.0456;0.0456;123.2095;0.7714;5.615;0.0352
1128;11-DAPI-1-40x-402ms.tif;NBL;0.0585;0.0585;124.2672;0.5937;7.2678;0.0347
1129;11-DAPI-1-40x-402ms.tif;NBL;0.0411;0.0411;120.4354;0.6596;4.9528;0.0271
1130;11-DAPI-1-40x-402ms.tif;NBL;0.0307;0.0307;119.742;1.0071;3.677;0.0309
1131;11-DAPI-1-40x-402ms.tif;NBL;0.0673;0.0673;123.8726;0.7677;8.3334;0.0516
1132;11-DAPI-1-40x-402ms.tif;NBL;0.0489;0.0489;128.204;0.49;6.2739;0.024
1133;11-DAPI-1-40x-402ms.tif;NBL;0.0651;0.0651;74.3933;0.3367;4.8433;0.0219
1134;11-DAPI-1-40x-402ms.tif;NBL;0.0598;0.0598;129.1234;0.5662;7.7199;0.0339
1135;11-DAPI-1-40x-402ms.tif;NBL;0.027;0.027;85.9076;1.2329;2.3211;0.0333
1136;11-DAPI-1-40x-402ms.tif;NBL;0.1128;0.1128;58.0317;0.3962;6.5487;0.0447
1137;11-DAPI-1-40x-402ms.tif;NBL;0.0499;0.0499;121.9043;0.3543;6.0846;0.0177
1138;11-DAPI-1-40x-402ms.tif;NBL;0.0513;0.0513;132.482;0.6575;6.7995;0.0337
1139;11-DAPI-1-40x-402ms.tif;NBL;0.0492;0.0492;120.0839;0.4592;5.9026;0.0226
1140;11-DAPI-1-40x-402ms.tif;NBL;0.0456;0.0456;101.381;0.7476;4.6202;0.0341
1141;11-DAPI-1-40x-402ms.tif;NBL;0.1058;0.1058;61.321;0.4718;6.4874;0.0499
1142;11-DAPI-1-40x-402ms.tif;NBL;0.0588;0.0588;118.0812;0.3801;6.9444;0.0224
1143;11-DAPI-1-40x-402ms.tif;NBL;0.0352;0.0352;121.8827;0.6173;4.2849;0.0217
1144;11-DAPI-1-40x-402ms.tif;NBL;0.0573;0.0573;123.9678;0.678;7.1023;0.0388
1145;11-DAPI-1-40x-402ms.tif;NBL;0.0117;0.0117;91.7778;0.6111;1.0755;0.0072
1146;11-DAPI-1-40x-402ms.tif;NBL;0.0846;0.0846;124.9628;0.5192;10.5763;0.0439
1147;11-DAPI-1-40x-402ms.tif;NBL;0.0549;0.0549;120.2885;0.4012;6.6044;0.022
1148;11-DAPI-1-40x-402ms.tif;NBL;0.0638;0.0638;103.2415;0.5119;6.587;0.0327
1149;11-DAPI-1-40x-402ms.tif;NBL;0.0451;0.0451;112.8173;0.7139;5.0924;0.0322
1150;11-DAPI-1-40x-402ms.tif;NBL;0.0903;0.0903;80.5084;0.3546;7.2681;0.032
1151;11-DAPI-1-40x-402ms.tif;NBL;0.0317;0.0317;73.1952;0.6678;2.3191;0.0212
1152;11-DAPI-1-40x-402ms.tif;NBL;0.0228;0.0228;109.3714;0.4762;2.4922;0.0109
1153;11-DAPI-1-40x-402ms.tif;NBL;0.0091;0.0091;78.3095;0.8333;0.7138;0.0076
1154;11-DAPI-1-40x-402ms.tif;NBL;0.0398;0.0398;79.5831;1.0191;3.1692;0.0406
1155;11-DAPI-1-40x-402ms.tif;NBL;0.0382;0.0382;110.9489;0.875;4.2376;0.0334
1156;11-DAPI-1-40x-402ms.tif;NBL;0.0368;0.0368;121.882;0.3746;4.4833;0.0138
1157;11-DAPI-1-40x-402ms.tif;NBL;0.0503;0.0503;127.9591;0.222;6.4424;0.0112
1158;11-DAPI-1-40x-402ms.tif;NBL;0.0314;0.0314;84.045;2.5744;2.6355;0.0807
1159;11-DAPI-1-40x-402ms.tif;NBL;0.0558;0.0558;116.3035;0.3949;6.4865;0.022
1160;11-DAPI-1-40x-402ms.tif;NBL;0.0418;0.0418;119.2987;0.3247;4.9837;0.0136
1161;11-DAPI-1-40x-402ms.tif;NBL;0.0495;0.0495;99.9298;0.5482;4.9444;0.0271
1162;11-DAPI-1-40x-402ms.tif;NBL;0.0086;0.0086;71.9241;1.2405;0.6165;0.0106
1163;11-DAPI-1-40x-402ms.tif;NBL;0.0061;0.0061;93.8929;0.75;0.5705;0.0046
1164;11-DAPI-1-40x-402ms.tif;NBL;0.1223;0.1223;122.1251;0.2236;14.9344;0.0273
1165;11-DAPI-1-40x-402ms.tif;NBL;0.025;0.025;123.6696;0.6348;3.0864;0.0158
1166;11-DAPI-1-40x-402ms.tif;NBL;0.0643;0.0643;118.3423;0.0911;7.6147;0.0059
1167;11-DAPI-1-40x-402ms.tif;NBL;0.049;0.049;86.0619;0.0531;4.2209;0.0026
1168;11-DAPI-1-40x-402ms.tif;NBL;0.0434;0.0434;110.2475;0.12;4.785;0.0052
1169;11-DAPI-1-40x-402ms.tif;NBL;0.0422;0.0422;76.9614;0.162;3.2485;0.0068
1170;11-DAPI-1-40x-402ms.tif;NBL;0.0602;0.0602;100.8486;0.0523;6.0732;0.0031
1171;11-DAPI-1-40x-402ms.tif;NBL;0.0945;0.0945;98.3364;0.0758;9.2937;0.0072
1172;11-DAPI-1-40x-402ms.tif;NBL;0.0587;0.0587;120.5323;0.1645;7.0755;0.0097
1173;11-DAPI-1-40x-402ms.tif;NBL;0.1094;0.1094;44.994;0.3919;4.9212;0.0429
1174;11-DAPI-1-40x-402ms.tif;NBL;0.09;0.09;71.3993;0.4053;6.4225;0.0365
1175;11-DAPI-1-40x-402ms.tif;NBL;0.0873;0.0873;104.6149;0.5901;9.1379;0.0515
1176;12-DAPI-1-40x-402ms.tif;NBL;0.0831;0.0831;121.748;0.3799;10.1192;0.0316
1177;12-DAPI-1-40x-402ms.tif;NBL;0.0208;0.0208;78.1823;1.1719;1.6288;0.0244
1178;12-DAPI-1-40x-402ms.tif;NBL;0.0328;0.0328;112.9205;1.1821;3.7003;0.0387
1179;12-DAPI-1-40x-402ms.tif;NBL;0.0575;0.0575;118.9321;0.4453;6.8396;0.0256
1180;12-DAPI-1-40x-402ms.tif;NBL;0.0101;0.0101;68.6667;1.0323;0.6929;0.0104
1181;12-DAPI-1-40x-402ms.tif;NBL;0.0358;0.0358;79.3273;1.5303;2.8405;0.0548
1182;12-DAPI-1-40x-402ms.tif;NBL;0.0648;0.0648;111.0235;0.3685;7.1919;0.0239
1183;12-DAPI-1-40x-402ms.tif;NBL;0.0458;0.0458;108.5095;0.9479;4.9686;0.0434
1184;12-DAPI-1-40x-402ms.tif;NBL;0.019;0.019;125.4286;0.7543;2.3817;0.0143
1185;12-DAPI-1-40x-402ms.tif;NBL;0.0365;0.0365;109.4851;0.9345;3.9916;0.0341
1186;12-DAPI-1-40x-402ms.tif;NBL;0.0329;0.0329;93.3135;1.6568;3.0679;0.0545
1187;12-DAPI-1-40x-402ms.tif;NBL;0.0242;0.0242;100.0717;1.4215;2.4214;0.0344
1188;12-DAPI-1-40x-402ms.tif;NBL;0.0445;0.0445;126.1512;0.822;5.6122;0.0366
1189;12-DAPI-1-40x-402ms.tif;NBL;0.0589;0.0589;111.8048;0.4383;6.5875;0.0258
1190;12-DAPI-1-40x-402ms.tif;NBL;0.0655;0.0655;94.5166;0.298;6.1944;0.0195
1191;12-DAPI-1-40x-402ms.tif;NBL;0.0331;0.0331;116.741;0.5672;3.8635;0.0188
1192;12-DAPI-1-40x-402ms.tif;NBL;0.0668;0.0668;111.0065;0.3701;7.4197;0.0247
1193;12-DAPI-1-40x-402ms.tif;NBL;0.0488;0.0488;118.5422;0.48;5.7882;0.0234
1194;12-DAPI-1-40x-402ms.tif;NBL;0.0684;0.0684;94.5032;0.5079;6.4602;0.0347
1195;12-DAPI-1-40x-402ms.tif;NBL;0.017;0.017;114.1338;0.6497;1.9443;0.0111
1196;12-DAPI-1-40x-402ms.tif;NBL;0.0182;0.0182;98.6786;0.8631;1.7988;0.0157
1197;12-DAPI-1-40x-402ms.tif;NBL;0.0496;0.0496;92.7877;0.4398;4.6011;0.0218
1198;12-DAPI-1-40x-402ms.tif;NBL;0.0411;0.0411;97.9842;0.8602;4.0295;0.0354
1199;12-DAPI-1-40x-402ms.tif;NBL;0.066;0.066;107.4112;0.4161;7.0862;0.0275
1200;12-DAPI-1-40x-402ms.tif;NBL;0.0734;0.0734;102.8565;0.3964;7.5446;0.0291
1201;12-DAPI-1-40x-402ms.tif;NBL;0.0222;0.0222;120.0878;0.5463;2.6712;0.0122
1202;12-DAPI-1-40x-402ms.tif;NBL;0.0317;0.0317;102.637;0.7192;3.252;0.0228
1203;12-DAPI-1-40x-402ms.tif;NBL;0.0326;0.0326;107.1033;0.3;3.4864;0.0098
1204;12-DAPI-1-40x-402ms.tif;NBL;0.0241;0.0241;114.0135;0.1847;2.7464;0.0044
1205;12-DAPI-1-40x-402ms.tif;NBL;0.0335;0.0335;121.8188;0.6602;4.0844;0.0221
1206;12-DAPI-1-40x-402ms.tif;NBL;0.027;0.027;131.3655;0.9036;3.5493;0.0244
1207;12-DAPI-1-40x-402ms.tif;NBL;0.0898;0.0898;104.5435;0.8708;9.3926;0.0782
1208;12-DAPI-1-40x-402ms.tif;NBL;0.0533;0.0533;62.1833;2.8839;3.3129;0.1536
1209;12-DAPI-1-40x-402ms.tif;NBL;0.0097;0.0097;106.2022;2.764;1.0256;0.0267
1210;12-DAPI-1-40x-402ms.tif;NBL;0.0225;0.0225;126.2319;0.7101;2.8353;0.016
1211;12-DAPI-1-40x-402ms.tif;NBL;0.0229;0.0229;119.7204;0.6635;2.741;0.0152
1212;12-DAPI-1-40x-402ms.tif;NBL;0.0255;0.0255;126.3957;0.9106;3.223;0.0232
1213;12-DAPI-1-40x-402ms.tif;NBL;0.0734;0.0734;108.6746;0.7722;7.9714;0.0566
1214;12-DAPI-1-40x-402ms.tif;NBL;0.0463;0.0463;101.4239;0.4192;4.6992;0.0194
1215;12-DAPI-1-40x-402ms.tif;NBL;0.0591;0.0591;103.0275;0.4881;6.0927;0.0289
1216;12-DAPI-1-40x-402ms.tif;NBL;0.0403;0.0403;100.7035;0.5445;4.0539;0.0219
1217;12-DAPI-1-40x-402ms.tif;NBL;0.0481;0.0481;98.149;0.4515;4.7179;0.0217
1218;12-DAPI-1-40x-402ms.tif;NBL;0.0678;0.0678;104.9024;0.3488;7.1141;0.0237
1219;12-DAPI-1-40x-402ms.tif;NBL;0.0463;0.0463;122.2927;0.4426;5.6661;0.0205
1220;12-DAPI-1-40x-402ms.tif;NBL;0.0344;0.0344;123.0694;0.6656;4.2332;0.0229
1221;12-DAPI-1-40x-402ms.tif;NBL;0.0194;0.0194;117.5196;1.1955;2.2826;0.0232
1222;12-DAPI-1-40x-402ms.tif;NBL;0.0163;0.0163;113.16;1.26;1.8418;0.0205
1223;12-DAPI-1-40x-402ms.tif;NBL;0.0173;0.0173;125.1006;1.0189;2.1583;0.0176
1224;12-DAPI-1-40x-402ms.tif;NBL;0.0448;0.0448;122.4479;0.3462;5.4873;0.0155
1225;12-DAPI-1-40x-402ms.tif;NBL;0.072;0.072;119.262;0.4639;8.5927;0.0334
1226;12-DAPI-1-40x-402ms.tif;NBL;0.1084;0.1084;93.3654;0.2693;10.1207;0.0292
1227;12-DAPI-1-40x-402ms.tif;NBL;0.0624;0.0624;63.0991;0.233;3.9368;0.0145
1228;12-DAPI-1-40x-402ms.tif;NBL;0.0292;0.0292;116.9182;0.2565;3.4127;0.0075
1229;12-DAPI-1-40x-402ms.tif;NBL;0.0334;0.0334;98.9935;0.4935;3.3084;0.0165
1230;12-DAPI-1-40x-402ms.tif;NBL;0.0539;0.0539;107.1791;0.5211;5.7799;0.0281
1231;12-DAPI-1-40x-402ms.tif;NBL;0.0343;0.0343;126.7848;0.538;4.3472;0.0184
1232;12-DAPI-1-40x-402ms.tif;NBL;0.037;0.037;105.2493;0.7683;3.8943;0.0284
1233;12-DAPI-1-40x-402ms.tif;NBL;0.0346;0.0346;114.2727;0.4608;3.9554;0.016
1234;12-DAPI-1-40x-402ms.tif;NBL;0.0322;0.0322;124.6027;0.4377;4.0155;0.0141
1235;12-DAPI-1-40x-402ms.tif;NBL;0.0199;0.0199;122.7923;0.765;2.4383;0.0152
1236;12-DAPI-1-40x-402ms.tif;NBL;0.0344;0.0344;122.164;0.6088;4.202;0.0209
1237;12-DAPI-1-40x-402ms.tif;NBL;0.0369;0.0369;125.55;0.3235;4.6318;0.0119
1238;12-DAPI-1-40x-402ms.tif;NBL;0.0882;0.0882;63.0369;0.1033;5.5609;0.0091
1239;12-DAPI-1-40x-402ms.tif;NBL;0.0298;0.0298;105.3564;0.1018;3.1438;0.003
1240;12-DAPI-1-40x-402ms.tif;NBL;0.0267;0.0267;120.3293;0.2073;3.2119;0.0055
1241;12-DAPI-1-40x-402ms.tif;NBL;0.0991;0.0991;81.7218;0.0646;8.0959;0.0064
1242;12-DAPI-1-40x-402ms.tif;NBL;0.0201;0.0201;92.3189;0.1297;1.8532;0.0026
1243;12-DAPI-1-40x-402ms.tif;NBL;0.0322;0.0322;98.6599;0.0135;3.1795;0.0004
1244;12-DAPI-1-40x-402ms.tif;NBL;0.0964;0.0964;83.7793;0.0225;8.0725;0.0022
1245;12-DAPI-1-40x-402ms.tif;NBL;0.0503;0.0503;87.9224;0.0237;4.4266;0.0012
1246;12-DAPI-1-40x-402ms.tif;NBL;0.0238;0.0238;95.105;0.032;2.26;0.0008
1247;12-DAPI-1-40x-402ms.tif;NBL;0.0463;0.0463;61.9063;0.0984;2.8683;0.0046
1248;12-DAPI-1-40x-402ms.tif;NBL;0.0452;0.0452;113.4149;0.6139;5.1317;0.0278
1249;13-DAPI-1-40x-402ms.tif;NBL;0.0161;0.0161;64.5811;0.7568;1.0371;0.0122
1250;13-DAPI-1-40x-402ms.tif;NBL;0.0534;0.0534;121.063;0.502;6.463;0.0268
1251;13-DAPI-1-40x-402ms.tif;NBL;0.047;0.047;107.5335;0.3811;5.0523;0.0179
1252;13-DAPI-1-40x-402ms.tif;NBL;0.024;0.024;109.3982;0.8643;2.6234;0.0207
1253;13-DAPI-1-40x-402ms.tif;NBL;0.0184;0.0184;111.7588;0.4529;2.0615;0.0084
1254;13-DAPI-1-40x-402ms.tif;NBL;0.0228;0.0228;113.1571;1.3762;2.5785;0.0314
1255;13-DAPI-1-40x-402ms.tif;NBL;0.0337;0.0337;123.2379;0.5305;4.1587;0.0179
1256;13-DAPI-1-40x-402ms.tif;NBL;0.0238;0.0238;112.9863;0.6575;2.6849;0.0156
1257;13-DAPI-1-40x-402ms.tif;NBL;0.0289;0.0289;107.7744;0.5489;3.1107;0.0158
1258;13-DAPI-1-40x-402ms.tif;NBL;0.0508;0.0508;123.4615;0.5043;6.2695;0.0256
1259;13-DAPI-1-40x-402ms.tif;NBL;0.0369;0.0369;126.2794;0.7206;4.6587;0.0266
1260;13-DAPI-1-40x-402ms.tif;NBL;0.0263;0.0263;80.6942;0.6364;2.1189;0.0167
1261;13-DAPI-1-40x-402ms.tif;NBL;0.062;0.062;109.5236;0.6165;6.7858;0.0382
1262;13-DAPI-1-40x-402ms.tif;NBL;0.0687;0.0687;123.8689;0.5545;8.5079;0.0381
1263;13-DAPI-1-40x-402ms.tif;NBL;0.0672;0.0672;95.1874;0.4475;6.3933;0.0301
1264;13-DAPI-1-40x-402ms.tif;NBL;0.0369;0.0369;117.4647;0.5853;4.3336;0.0216
1265;13-DAPI-1-40x-402ms.tif;NBL;0.0429;0.0429;107.4987;0.4354;4.6074;0.0187
1266;13-DAPI-1-40x-402ms.tif;NBL;0.0461;0.0461;97.3671;0.7835;4.4901;0.0361
1267;13-DAPI-1-40x-402ms.tif;NBL;0.0319;0.0319;88.381;0.9116;2.8194;0.0291
1268;13-DAPI-1-40x-402ms.tif;NBL;0.0302;0.0302;81.2158;1.1007;2.4499;0.0332
1269;13-DAPI-1-40x-402ms.tif;NBL;0.057;0.057;74.7543;0.339;4.2585;0.0193
1270;13-DAPI-1-40x-402ms.tif;NBL;0.0482;0.0482;93.1509;0.9009;4.4877;0.0434
1271;13-DAPI-1-40x-402ms.tif;NBL;0.0818;0.0818;95.0265;0.3952;7.7745;0.0323
1272;13-DAPI-1-40x-402ms.tif;NBL;0.0191;0.0191;85.892;1.125;1.6403;0.0215
1273;13-DAPI-1-40x-402ms.tif;NBL;0.0107;0.0107;89.0606;1.0606;0.9567;0.0114
1274;13-DAPI-1-40x-402ms.tif;NBL;0.0369;0.0369;113.2412;0.3529;4.1777;0.013
1275;13-DAPI-1-40x-402ms.tif;NBL;0.0383;0.0383;118.4249;0.6941;4.536;0.0266
1276;13-DAPI-1-40x-402ms.tif;NBL;0.0798;0.0798;91.5497;0.7796;7.3013;0.0622
1277;13-DAPI-1-40x-402ms.tif;NBL;0.0403;0.0403;98.2911;0.3315;3.9568;0.0133
1278;13-DAPI-1-40x-402ms.tif;NBL;0.0296;0.0296;122.0733;0.7546;3.6161;0.0224
1279;13-DAPI-1-40x-402ms.tif;NBL;0.0141;0.0141;100.7077;0.4692;1.4206;0.0066
1280;13-DAPI-1-40x-402ms.tif;NBL;0.0175;0.0175;109.7205;0.4658;1.9168;0.0081
1281;13-DAPI-1-40x-402ms.tif;NBL;0.0281;0.0281;118.1197;0.529;3.3196;0.0149
1282;13-DAPI-1-40x-402ms.tif;NBL;0.0252;0.0252;83.9353;0.7845;2.113;0.0197
1283;13-DAPI-1-40x-402ms.tif;NBL;0.0273;0.0273;110.6984;0.4325;3.0269;0.0118
1284;13-DAPI-1-40x-402ms.tif;NBL;0.0146;0.0146;71.9481;0.8741;1.0539;0.0128
1285;13-DAPI-1-40x-402ms.tif;NBL;0.0782;0.0782;101.982;0.552;7.9784;0.0432
1286;13-DAPI-1-40x-402ms.tif;NBL;0.0197;0.0197;108.7747;0.5879;2.1481;0.0116
1287;13-DAPI-1-40x-402ms.tif;NBL;0.0592;0.0592;110.5037;0.4652;6.5468;0.0276
1288;13-DAPI-1-40x-402ms.tif;NBL;0.0174;0.0174;116.0875;0.6813;2.0154;0.0118
1289;13-DAPI-1-40x-402ms.tif;NBL;0.0241;0.0241;116.0901;0.6486;2.7964;0.0156
1290;13-DAPI-1-40x-402ms.tif;NBL;0.038;0.038;115.5543;1.2286;4.3885;0.0467
1291;13-DAPI-1-40x-402ms.tif;NBL;0.0052;0.0052;89.8542;1.375;0.468;0.0072
1292;13-DAPI-1-40x-402ms.tif;NBL;0.0533;0.0533;85.0489;4.7658;4.5311;0.2539
1293;13-DAPI-1-40x-402ms.tif;NBL;0.016;0.016;119.3605;0.7551;1.9039;0.012
1294;13-DAPI-1-40x-402ms.tif;NBL;0.0588;0.0588;103.3395;0.5221;6.0775;0.0307
1295;13-DAPI-1-40x-402ms.tif;NBL;0.0452;0.0452;144.9281;1.1031;6.5576;0.0499
1296;13-DAPI-1-40x-402ms.tif;NBL;0.0174;0.0174;68.3625;1.475;1.1868;0.0256
1297;13-DAPI-1-40x-402ms.tif;NBL;0.0215;0.0215;129.8586;0.6263;2.7899;0.0135
1298;13-DAPI-1-40x-402ms.tif;NBL;0.0385;0.0385;125.2704;0.8789;4.8254;0.0339
1299;13-DAPI-1-40x-402ms.tif;NBL;0.0507;0.0507;128.9293;0.8737;6.5332;0.0443
1300;13-DAPI-1-40x-402ms.tif;NBL;0.0326;0.0326;132.5333;0.7167;4.3142;0.0233
1301;13-DAPI-1-40x-402ms.tif;NBL;0.0473;0.0473;125.9472;0.6009;5.9584;0.0284
1302;13-DAPI-1-40x-402ms.tif;NBL;0.026;0.026;87.8083;1.3;2.2867;0.0339
1303;13-DAPI-1-40x-402ms.tif;NBL;0.0617;0.0617;130.6011;0.8489;8.0634;0.0524
1304;13-DAPI-1-40x-402ms.tif;NBL;0.0547;0.0547;121.6052;0.7679;6.6503;0.042
1305;13-DAPI-1-40x-402ms.tif;NBL;0.0715;0.0715;89.5478;0.349;6.4032;0.025
1306;13-DAPI-1-40x-402ms.tif;NBL;0.052;0.052;103.6138;0.6493;5.3853;0.0337
1307;13-DAPI-1-40x-402ms.tif;NBL;0.0465;0.0465;94.0396;0.6876;4.3775;0.032
1308;13-DAPI-1-40x-402ms.tif;NBL;0.0218;0.0218;114.7164;0.408;2.502;0.0089
1309;13-DAPI-1-40x-402ms.tif;NBL;0.0417;0.0417;124.4375;0.3568;5.1849;0.0149
1310;13-DAPI-1-40x-402ms.tif;NBL;0.057;0.057;115.2743;0.2781;6.5667;0.0158
1311;13-DAPI-1-40x-402ms.tif;NBL;0.0519;0.0519;106.8285;0.3954;5.5408;0.0205
1312;13-DAPI-1-40x-402ms.tif;NBL;0.0127;0.0127;92.9658;0.3504;1.1802;0.0044
1313;13-DAPI-1-40x-402ms.tif;NBL;0.024;0.024;124.8371;0.6244;2.9936;0.015
1314;13-DAPI-1-40x-402ms.tif;NBL;0.0207;0.0207;80.0314;0.7277;1.6586;0.0151
1315;13-DAPI-1-40x-402ms.tif;NBL;0.0735;0.0735;90.4121;0.1182;6.6416;0.0087
1316;13-DAPI-1-40x-402ms.tif;NBL;0.078;0.078;80.5786;0.1822;6.2865;0.0142
1317;13-DAPI-1-40x-402ms.tif;NBL;0.0675;0.0675;111.5852;0.3601;7.531;0.0243
1318;13-DAPI-1-40x-402ms.tif;NBL;0.0329;0.0329;106.9505;0.3432;3.5163;0.0113
1319;13-DAPI-1-40x-402ms.tif;NBL;0.0726;0.0726;103.5247;0.3991;7.515;0.029
1320;13-DAPI-1-40x-402ms.tif;NBL;0.0417;0.0417;86.7448;0.2682;3.6144;0.0112
1321;13-DAPI-1-40x-402ms.tif;NBL;0.0247;0.0247;118.3202;0.1842;2.9272;0.0046
1322;13-DAPI-1-40x-402ms.tif;NBL;0.0396;0.0396;86.8575;0.1342;3.44;0.0053
1323;13-DAPI-1-40x-402ms.tif;NBL;0.0521;0.0521;88.9875;0.0396;4.6348;0.0021
1324;13-DAPI-1-40x-402ms.tif;NBL;0.0719;0.0719;111.3228;0.0558;8.0086;0.004
1325;13-DAPI-1-40x-402ms.tif;NBL;0.0171;0.0171;108.038;0.0823;1.8522;0.0014
1326;13-DAPI-1-40x-402ms.tif;NBL;0.0409;0.0409;79.1088;0.2918;3.2361;0.0119
1327;13-DAPI-1-40x-402ms.tif;NBL;0.011;0.011;46.0792;0.3564;0.505;0.0039
1328;13-DAPI-1-40x-402ms.tif;NBL;0.0094;0.0094;91.908;0.5172;0.8676;0.0049
1329;13-DAPI-1-40x-402ms.tif;NBL;0.0128;0.0128;73.7627;0.5508;0.9444;0.0071
1330;13-DAPI-1-40x-402ms.tif;NBL;0.0373;0.0373;94.9041;0.0291;3.5424;0.0011
1331;13-DAPI-1-40x-402ms.tif;NBL;0.0258;0.0258;76.7857;0.2647;1.983;0.0068
1332;13-DAPI-1-40x-402ms.tif;NBL;0.0531;0.0531;83.7403;0.2883;4.4433;0.0153
1333;13-DAPI-1-40x-402ms.tif;NBL;0.0505;0.0505;99.871;0.828;5.0391;0.0418
1334;13-DAPI-1-40x-402ms.tif;NBL;0.0705;0.0705;97.8415;0.4046;6.9007;0.0285
1335;13-DAPI-1-40x-402ms.tif;NBL;0.0537;0.0537;87.9071;0.5091;4.7216;0.0273
1336;13-DAPI-1-40x-402ms.tif;NBL;0.0361;0.0361;95.6066;0.012;3.4545;0.0004
1337;13-DAPI-1-40x-402ms.tif;NBL;0.0895;0.0895;66.497;0.0364;5.9527;0.0033
1338;13-DAPI-1-40x-402ms.tif;NBL;0.0251;0.0251;92.7619;0.316;2.3251;0.0079
1339;13-DAPI-1-40x-402ms.tif;NBL;0.0126;0.0126;81.1983;0.0345;1.022;0.0004
1340;13-DAPI-1-40x-402ms.tif;NBL;0.0371;0.0371;101.9883;0.0409;3.7847;0.0015
1341;13-DAPI-1-40x-402ms.tif;NBL;0.0604;0.0604;114.2244;0.0413;6.9035;0.0025
1342;13-DAPI-1-40x-402ms.tif;NBL;0.0232;0.0232;98.729;0.014;2.2925;0.0003
1343;13-DAPI-1-40x-402ms.tif;NBL;0.0422;0.0422;95.7969;0.0154;4.0435;0.0007
1344;13-DAPI-1-40x-402ms.tif;NBL;0.0745;0.0745;105.5575;0.1077;7.8687;0.008
1345;13-DAPI-1-40x-402ms.tif;NBL;0.0268;0.0268;96.3522;0.0283;2.5824;0.0008
1346;13-DAPI-1-40x-402ms.tif;NBL;0.038;0.038;86.9486;0.0257;3.3021;0.001
1347;13-DAPI-1-40x-402ms.tif;NBL;0.0462;0.0462;86.0164;0.0376;3.976;0.0017
1348;13-DAPI-1-40x-402ms.tif;NBL;0.0375;0.0375;116.4827;0.0173;4.3732;0.0007
1349;13-DAPI-1-40x-402ms.tif;NBL;0.0303;0.0303;96.5484;0.0143;2.9229;0.0004
1350;14-DAPI-1-40x-402ms.tif;NBL;0.0417;0.0417;110.5234;0.5599;4.6051;0.0233
1351;14-DAPI-1-40x-402ms.tif;NBL;0.0425;0.0425;102.9056;0.477;4.3771;0.0203
1352;14-DAPI-1-40x-402ms.tif;NBL;0.0263;0.0263;94.3099;0.4008;2.4765;0.0105
1353;14-DAPI-1-40x-402ms.tif;NBL;0.0375;0.0375;91.0202;1.0289;3.4172;0.0386
1354;14-DAPI-1-40x-402ms.tif;NBL;0.0322;0.0322;100.2391;1.33;3.2304;0.0429
1355;14-DAPI-1-40x-402ms.tif;NBL;0.0583;0.0583;92.324;0.5456;5.3796;0.0318
1356;14-DAPI-1-40x-402ms.tif;NBL;0.038;0.038;116.2629;0.7543;4.4154;0.0286
1357;14-DAPI-1-40x-402ms.tif;NBL;0.0272;0.0272;112.5777;0.7171;3.0661;0.0195
1358;14-DAPI-1-40x-402ms.tif;NBL;0.0238;0.0238;103.4521;0.6347;2.4583;0.0151
1359;14-DAPI-1-40x-402ms.tif;NBL;0.0676;0.0676;124.4703;0.7785;8.4142;0.0526
1360;14-DAPI-1-40x-402ms.tif;NBL;0.0444;0.0444;104.9291;1.044;4.6567;0.0463
1361;14-DAPI-1-40x-402ms.tif;NBL;0.0391;0.0391;91.9444;0.9833;3.5916;0.0384
1362;14-DAPI-1-40x-402ms.tif;NBL;0.0269;0.0269;99.3548;1.2823;2.6736;0.0345
1363;14-DAPI-1-40x-402ms.tif;NBL;0.0323;0.0323;110.3289;1.6074;3.5675;0.052
1364;14-DAPI-1-40x-402ms.tif;NBL;0.0257;0.0257;78.8608;1.7806;2.028;0.0458
1365;14-DAPI-1-40x-402ms.tif;NBL;0.0711;0.0711;114.0519;0.5893;8.1059;0.0419
1366;14-DAPI-1-40x-402ms.tif;NBL;0.0319;0.0319;103.0918;0.9626;3.2887;0.0307
1367;14-DAPI-1-40x-402ms.tif;NBL;0.036;0.036;87.1687;1.4307;3.1402;0.0515
1368;14-DAPI-1-40x-402ms.tif;NBL;0.0608;0.0608;133.9929;1.3339;8.1419;0.0811
1369;14-DAPI-1-40x-402ms.tif;NBL;0.0753;0.0753;124.5274;1.0533;9.3774;0.0793
1370;14-DAPI-1-40x-402ms.tif;NBL;0.1013;0.1013;83.576;0.8758;8.4701;0.0888
1371;14-DAPI-1-40x-402ms.tif;NBL;0.0513;0.0513;117.9345;0.8224;6.0528;0.0422
1372;14-DAPI-1-40x-402ms.tif;NBL;0.0232;0.0232;114.4112;0.5748;2.6567;0.0133
1373;14-DAPI-1-40x-402ms.tif;NBL;0.0164;0.0164;80.6556;1.4768;1.3215;0.0242
1374;14-DAPI-1-40x-402ms.tif;NBL;0.0321;0.0321;82.9696;1.0574;2.6648;0.034
1375;14-DAPI-1-40x-402ms.tif;NBL;0.0242;0.0242;97.9462;1.0404;2.37;0.0252
1376;14-DAPI-1-40x-402ms.tif;NBL;0.0314;0.0314;95.3183;0.8651;2.989;0.0271
1377;14-DAPI-1-40x-402ms.tif;NBL;0.0741;0.0741;104.7408;0.7365;7.7624;0.0546
1378;14-DAPI-1-40x-402ms.tif;NBL;0.0541;0.0541;76.9739;1.01;4.1678;0.0547
1379;14-DAPI-1-40x-402ms.tif;NBL;0.0537;0.0537;86.4485;0.6242;4.6432;0.0335
1380;14-DAPI-1-40x-402ms.tif;NBL;0.0422;0.0422;111.5784;0.6941;4.7096;0.0293
1381;14-DAPI-1-40x-402ms.tif;NBL;0.065;0.065;95.7112;0.7245;6.2208;0.0471
1382;14-DAPI-1-40x-402ms.tif;NBL;0.0922;0.0922;63.0506;0.8188;5.8152;0.0755
1383;14-DAPI-1-40x-402ms.tif;NBL;0.04;0.04;86.3333;1.2873;3.4567;0.0515
1384;14-DAPI-1-40x-402ms.tif;NBL;0.0341;0.0341;115.3854;1.0159;3.9313;0.0346
1385;14-DAPI-1-40x-402ms.tif;NBL;0.035;0.035;113.0402;0.7368;3.9618;0.0258
1386;14-DAPI-1-40x-402ms.tif;NBL;0.0245;0.0245;65.6814;0.9381;1.6107;0.023
1387;14-DAPI-1-40x-402ms.tif;NBL;0.0092;0.0092;73.9059;1.1176;0.6816;0.0103
1388;14-DAPI-1-40x-402ms.tif;NBL;0.0341;0.0341;114.8949;1.2643;3.9146;0.0431
1389;14-DAPI-1-40x-402ms.tif;NBL;0.0579;0.0579;119.2004;0.676;6.9068;0.0392
1390;14-DAPI-1-40x-402ms.tif;NBL;0.0586;0.0586;117.8519;0.8333;6.9054;0.0488
1391;14-DAPI-1-40x-402ms.tif;NBL;0.0379;0.0379;103.8109;0.8223;3.9312;0.0311
1392;14-DAPI-1-40x-402ms.tif;NBL;0.0277;0.0277;102.1529;0.7804;2.8265;0.0216
1393;14-DAPI-1-40x-402ms.tif;NBL;0.0426;0.0426;88.3511;0.5547;3.7676;0.0237
1394;14-DAPI-1-40x-402ms.tif;NBL;0.0256;0.0256;103.3051;0.6653;2.6454;0.017
1395;14-DAPI-1-40x-402ms.tif;NBL;0.0255;0.0255;109.8255;0.7191;2.8005;0.0183
1396;14-DAPI-1-40x-402ms.tif;NBL;0.0443;0.0443;100.2279;0.6618;4.4372;0.0293
1397;14-DAPI-1-40x-402ms.tif;NBL;0.0133;0.0133;113.8699;0.8293;1.5197;0.0111
1398;14-DAPI-1-40x-402ms.tif;NBL;0.0221;0.0221;106.8775;1.1961;2.3658;0.0265
1399;14-DAPI-1-40x-402ms.tif;NBL;0.0433;0.0433;81.4962;0.4912;3.5283;0.0213
1400;14-DAPI-1-40x-402ms.tif;NBL;0.0162;0.0162;92.5168;1.2617;1.4958;0.0204
1401;14-DAPI-1-40x-402ms.tif;NBL;0.0097;0.0097;92.8876;0.7079;0.897;0.0068
1402;14-DAPI-1-40x-402ms.tif;NBL;0.0344;0.0344;113.9211;0.8896;3.9185;0.0306
1403;14-DAPI-1-40x-402ms.tif;NBL;0.0774;0.0774;71.3001;0.582;5.5162;0.045
1404;14-DAPI-1-40x-402ms.tif;NBL;0.049;0.049;92.5996;0.6726;4.5416;0.033
1405;14-DAPI-1-40x-402ms.tif;NBL;0.0407;0.0407;119.536;0.6773;4.8639;0.0276
1406;14-DAPI-1-40x-402ms.tif;NBL;0.0177;0.0177;121.0798;1.092;2.1415;0.0193
1407;14-DAPI-1-40x-402ms.tif;NBL;0.0222;0.0222;79.3707;0.439;1.7655;0.0098
1408;14-DAPI-1-40x-402ms.tif;NBL;0.0358;0.0358;72.5788;0.9697;2.5988;0.0347
1409;14-DAPI-1-40x-402ms.tif;NBL;0.0398;0.0398;90.2916;0.6322;3.5956;0.0252
1410;14-DAPI-1-40x-402ms.tif;NBL;0.0358;0.0358;113.2303;0.4909;4.0545;0.0176
1411;14-DAPI-1-40x-402ms.tif;NBL;0.0674;0.0674;81.5153;0.7085;5.4927;0.0477
1412;14-DAPI-1-40x-402ms.tif;NBL;0.034;0.034;95.8562;0.9649;3.2555;0.0328
1413;14-DAPI-1-40x-402ms.tif;NBL;0.0489;0.0489;134.388;0.9379;6.5765;0.0459
1414;14-DAPI-1-40x-402ms.tif;NBL;0.0442;0.0442;115.8673;0.4693;5.117;0.0207
1415;14-DAPI-1-40x-402ms.tif;NBL;0.0233;0.0233;117.1488;1.1674;2.733;0.0272
1416;14-DAPI-1-40x-402ms.tif;NBL;0.0392;0.0392;105.5845;0.2521;4.1359;0.0099
1417;14-DAPI-1-40x-402ms.tif;NBL;0.0244;0.0244;80.1867;0.7422;1.9577;0.0181
1418;14-DAPI-1-40x-402ms.tif;NBL;0.0493;0.0493;81.185;0.5595;3.9993;0.0276
1419;14-DAPI-1-40x-402ms.tif;NBL;0.0725;0.0725;85.7605;0.1497;6.2161;0.0109
1420;14-DAPI-1-40x-402ms.tif;NBL;0.0531;0.0531;114.2331;0.1595;6.0612;0.0085
1421;14-DAPI-1-40x-402ms.tif;NBL;0.0333;0.0333;96.3713;0.2573;3.2103;0.0086
1422;14-DAPI-1-40x-402ms.tif;NBL;0.0282;0.0282;95.1846;0.3769;2.6853;0.0106
1423;14-DAPI-1-40x-402ms.tif;NBL;0.033;0.033;98.3257;0.3092;3.2434;0.0102
1424;14-DAPI-1-40x-402ms.tif;NBL;0.0336;0.0336;123.3645;0.5129;4.1496;0.0173
1425;14-DAPI-1-40x-402ms.tif;NBL;0.0319;0.0319;102.5918;0.1463;3.2728;0.0047
1426;14-DAPI-1-40x-402ms.tif;NBL;0.0204;0.0204;99.633;0.117;2.0324;0.0024
1427;14-DAPI-1-40x-402ms.tif;NBL;0.0333;0.0333;88.6482;0.101;2.953;0.0034
1428;14-DAPI-1-40x-402ms.tif;NBL;0.0276;0.0276;112.5984;0.1299;3.1033;0.0036
1429;14-DAPI-1-40x-402ms.tif;NBL;0.0439;0.0439;85.4025;0.0519;3.753;0.0023
1430;14-DAPI-1-40x-402ms.tif;NBL;0.0212;0.0212;89.5692;0.2513;1.8952;0.0053
1431;14-DAPI-1-40x-402ms.tif;NBL;0.0252;0.0252;108.5388;0.1034;2.7323;0.0026
1432;14-DAPI-1-40x-402ms.tif;NBL;0.035;0.035;110.0433;0.3096;3.8568;0.0109
1433;14-DAPI-1-40x-402ms.tif;NBL;0.0301;0.0301;93.5668;0.0542;2.8123;0.0016
1434;14-DAPI-1-40x-402ms.tif;NBL;0.0452;0.0452;83.5947;0.1871;3.7824;0.0085
1435;14-DAPI-1-40x-402ms.tif;NBL;0.0217;0.0217;96.115;0.06;2.0858;0.0013
1436;14-DAPI-1-40x-402ms.tif;NBL;0.051;0.051;91.6553;0.1809;4.6743;0.0092
1437;14-DAPI-1-40x-402ms.tif;NBL;0.0508;0.0508;76.6838;0.0171;3.8941;0.0009
1438;14-DAPI-1-40x-402ms.tif;NBL;0.0664;0.0664;66.4052;0.0441;4.4097;0.0029
1439;14-DAPI-1-40x-402ms.tif;NBL;0.0116;0.0116;67.4393;0.1776;0.783;0.0021
1440;14-DAPI-1-40x-402ms.tif;NBL;0.0334;0.0334;110.1753;0.0974;3.6821;0.0033
1441;14-DAPI-1-40x-402ms.tif;NBL;0.0556;0.0556;89.1289;0.0273;4.9516;0.0015
1442;14-DAPI-1-40x-402ms.tif;NBL;0.0429;0.0429;82.0785;0.0253;3.5179;0.0011
1443;14-DAPI-1-40x-402ms.tif;NBL;0.034;0.034;97.9457;0.0447;3.3265;0.0015
1444;14-DAPI-1-40x-402ms.tif;NBL;0.056;0.056;83.7597;0.0484;4.6897;0.0027
1445;14-DAPI-1-40x-402ms.tif;NBL;0.034;0.034;87.7284;0.1406;2.9795;0.0048
1446;14-DAPI-1-40x-402ms.tif;NBL;0.0494;0.0494;78.644;0.0681;3.8827;0.0034
1447;14-DAPI-1-40x-402ms.tif;NBL;0.0413;0.0413;79.8793;0.0236;3.3023;0.001
1448;14-DAPI-1-40x-402ms.tif;NBL;0.0298;0.0298;73.9382;0.8073;2.2063;0.0241
1449;14-DAPI-1-40x-402ms.tif;NBL;0.039;0.039;94.6267;0.3983;3.6861;0.0155
1450;15-DAPI-1-40x-402ms.tif;NBL;0.0207;0.0207;88.3508;1.5759;1.8311;0.0327
1451;15-DAPI-1-40x-402ms.tif;NBL;0.0416;0.0416;72.9112;1.4073;3.0301;0.0585
1452;15-DAPI-1-40x-402ms.tif;NBL;0.046;0.046;78.6769;1.5118;3.6197;0.0696
1453;15-DAPI-1-40x-402ms.tif;NBL;0.0602;0.0602;130.0775;1.4847;7.8334;0.0894
1454;15-DAPI-1-40x-402ms.tif;NBL;0.0468;0.0468;70.0464;1.109;3.2758;0.0519
1455;15-DAPI-1-40x-402ms.tif;NBL;0.157;0.157;63.0242;0.7934;9.8954;0.1246
1456;15-DAPI-1-40x-402ms.tif;NBL;0.0446;0.0446;90.7056;1.2238;4.0451;0.0546
1457;15-DAPI-1-40x-402ms.tif;NBL;0.0197;0.0197;89.4451;0.6703;1.7664;0.0132
1458;15-DAPI-1-40x-402ms.tif;NBL;0.0888;0.0888;108.3826;0.654;9.6199;0.0581
1459;15-DAPI-1-40x-402ms.tif;NBL;0.0651;0.0651;86.1483;0.67;5.6086;0.0436
1460;15-DAPI-1-40x-402ms.tif;NBL;0.0486;0.0486;103.3326;0.7031;5.0231;0.0342
1461;15-DAPI-1-40x-402ms.tif;NBL;0.0677;0.0677;105.766;0.6218;7.1612;0.0421
1462;15-DAPI-1-40x-402ms.tif;NBL;0.0276;0.0276;95.4606;0.7795;2.631;0.0215
1463;15-DAPI-1-40x-402ms.tif;NBL;0.042;0.042;118.1059;0.9354;4.9595;0.0393
1464;15-DAPI-1-40x-402ms.tif;NBL;0.0422;0.0422;80.2648;0.8817;3.3879;0.0372
1465;15-DAPI-1-40x-402ms.tif;NBL;0.0943;0.0943;61.7629;1.1772;5.8238;0.111
1466;15-DAPI-1-40x-402ms.tif;NBL;0.0756;0.0756;103.4634;0.8135;7.8249;0.0615
1467;15-DAPI-1-40x-402ms.tif;NBL;0.0515;0.0515;79.5074;0.8379;4.0979;0.0432
1468;15-DAPI-1-40x-402ms.tif;NBL;0.0497;0.0497;114.5764;0.6201;5.694;0.0308
1469;15-DAPI-1-40x-402ms.tif;NBL;0.0136;0.0136;93.08;0.872;1.2625;0.0118
1470;15-DAPI-1-40x-402ms.tif;NBL;0.0296;0.0296;107.9817;0.5604;3.1987;0.0166
1471;15-DAPI-1-40x-402ms.tif;NBL;0.0329;0.0329;75.9505;0.7261;2.4971;0.0239
1472;15-DAPI-1-40x-402ms.tif;NBL;0.0577;0.0577;91.782;0.7387;5.2982;0.0426
1473;15-DAPI-1-40x-402ms.tif;NBL;0.0463;0.0463;101.815;0.733;4.7173;0.034
1474;15-DAPI-1-40x-402ms.tif;NBL;0.0544;0.0544;97.8084;0.6727;5.3171;0.0366
1475;15-DAPI-1-40x-402ms.tif;NBL;0.0208;0.0208;106.9115;1.1146;2.2273;0.0232
1476;15-DAPI-1-40x-402ms.tif;NBL;0.1089;0.1089;112.4323;1.4004;12.2485;0.1526
1477;15-DAPI-1-40x-402ms.tif;NBL;0.0632;0.0632;73.0636;0.8436;4.614;0.0533
1478;15-DAPI-1-40x-402ms.tif;NBL;0.0421;0.0421;77.8015;0.8711;3.2755;0.0367
1479;15-DAPI-1-40x-402ms.tif;NBL;0.0522;0.0522;102.7838;0.763;5.3645;0.0398
1480;15-DAPI-1-40x-402ms.tif;NBL;0.0523;0.0523;85.3029;0.8029;4.4614;0.042
1481;15-DAPI-1-40x-402ms.tif;NBL;0.0267;0.0267;90.6911;0.9593;2.4208;0.0256
1482;15-DAPI-1-40x-402ms.tif;NBL;0.0204;0.0204;82.4202;1.0691;1.6813;0.0218
1483;15-DAPI-1-40x-402ms.tif;NBL;0.0527;0.0527;89.5514;0.6296;4.7224;0.0332
1484;15-DAPI-1-40x-402ms.tif;NBL;0.0341;0.0341;103.9873;1.035;3.543;0.0353
1485;15-DAPI-1-40x-402ms.tif;NBL;0.02;0.02;101.4728;0.6033;2.0259;0.012
1486;15-DAPI-1-40x-402ms.tif;NBL;0.0857;0.0857;93.0582;0.5709;7.977;0.0489
1487;15-DAPI-1-40x-402ms.tif;NBL;0.0341;0.0341;94.8376;0.8185;3.2312;0.0279
1488;15-DAPI-1-40x-402ms.tif;NBL;0.0457;0.0457;102.1995;0.9145;4.6686;0.0418
1489;15-DAPI-1-40x-402ms.tif;NBL;0.0645;0.0645;81.7609;0.8064;5.2697;0.052
1490;15-DAPI-1-40x-402ms.tif;NBL;0.0114;0.0114;96.0286;1.1333;1.0941;0.0129
1491;15-DAPI-1-40x-402ms.tif;NBL;0.0332;0.0332;67.3758;0.9216;2.2371;0.0306
1492;15-DAPI-1-40x-402ms.tif;NBL;0.0283;0.0283;90.1609;0.6782;2.5534;0.0192
1493;15-DAPI-1-40x-402ms.tif;NBL;0.0836;0.0836;119.7208;0.8506;10.0027;0.0711
1494;15-DAPI-1-40x-402ms.tif;NBL;0.0673;0.0673;84.4274;1.0919;5.6798;0.0735
1495;15-DAPI-1-40x-402ms.tif;NBL;0.0696;0.0696;127.6693;1.0593;8.8798;0.0737
1496;15-DAPI-1-40x-402ms.tif;NBL;0.025;0.025;76.8043;1.3957;1.9168;0.0348
1497;15-DAPI-1-40x-402ms.tif;NBL;0.048;0.048;135.6742;1.0498;6.5069;0.0503
1498;15-DAPI-1-40x-402ms.tif;NBL;0.0206;0.0206;103.2474;1.1368;2.1286;0.0234
1499;15-DAPI-1-40x-402ms.tif;NBL;0.0545;0.0545;116.9602;0.5458;6.3709;0.0297
1500;15-DAPI-1-40x-402ms.tif;NBL;0.0319;0.0319;125.3776;0.9728;3.9997;0.031
1501;15-DAPI-1-40x-402ms.tif;NBL;0.0697;0.0697;127.7928;0.6558;8.9022;0.0457
1502;15-DAPI-1-40x-402ms.tif;NBL;0.0574;0.0574;125.5255;1.0302;7.2052;0.0591
1503;15-DAPI-1-40x-402ms.tif;NBL;0.0707;0.0707;88.6871;0.6411;6.2743;0.0454
1504;15-DAPI-1-40x-402ms.tif;NBL;0.06;0.06;83.0524;0.5136;4.9835;0.0308
1505;15-DAPI-1-40x-402ms.tif;NBL;0.0549;0.0549;105.666;0.6522;5.8015;0.0358
1506;15-DAPI-1-40x-402ms.tif;NBL;0.0538;0.0538;102.375;0.5302;5.5098;0.0285
1507;15-DAPI-1-40x-402ms.tif;NBL;0.0543;0.0543;122.53;0.682;6.6477;0.037
1508;15-DAPI-1-40x-402ms.tif;NBL;0.0356;0.0356;115.9451;0.7195;4.1265;0.0256
1509;15-DAPI-1-40x-402ms.tif;NBL;0.0405;0.0405;110.2976;0.7239;4.4641;0.0293
1510;15-DAPI-1-40x-402ms.tif;NBL;0.035;0.035;126.4892;1.0062;4.4332;0.0353
1511;15-DAPI-1-40x-402ms.tif;NBL;0.0345;0.0345;103.4528;0.7138;3.5697;0.0246
1512;15-DAPI-1-40x-402ms.tif;NBL;0.0365;0.0365;107.9018;0.7411;3.9339;0.027
1513;15-DAPI-1-40x-402ms.tif;NBL;0.0308;0.0308;83.1972;0.4754;2.5638;0.0146
1514;15-DAPI-1-40x-402ms.tif;NBL;0.0485;0.0485;122.9955;0.8143;5.9656;0.0395
1515;15-DAPI-1-40x-402ms.tif;NBL;0.0279;0.0279;118.4786;0.5759;3.3039;0.0161
1516;15-DAPI-1-40x-402ms.tif;NBL;0.0418;0.0418;122.8416;0.8701;5.1317;0.0363
1517;15-DAPI-1-40x-402ms.tif;NBL;0.0321;0.0321;110.0676;0.5236;3.5352;0.0168
1518;15-DAPI-1-40x-402ms.tif;NBL;0.0385;0.0385;97.6535;0.6338;3.7616;0.0244
1519;15-DAPI-1-40x-402ms.tif;NBL;0.0591;0.0591;116.6294;0.6844;6.897;0.0405
1520;15-DAPI-1-40x-402ms.tif;NBL;0.0238;0.0238;110.8037;0.6575;2.633;0.0156
1521;15-DAPI-1-40x-402ms.tif;NBL;0.0139;0.0139;107.4609;0.7656;1.4925;0.0106
1522;15-DAPI-1-40x-402ms.tif;NBL;0.0476;0.0476;99.6697;0.5535;4.7477;0.0264
1523;15-DAPI-1-40x-402ms.tif;NBL;0.0336;0.0336;100.929;0.5323;3.395;0.0179
1524;15-DAPI-1-40x-402ms.tif;NBL;0.0297;0.0297;113.4416;0.6679;3.3727;0.0199
1525;15-DAPI-1-40x-402ms.tif;NBL;0.0327;0.0327;99.6113;0.4751;3.2534;0.0155
1526;15-DAPI-1-40x-402ms.tif;NBL;0.0218;0.0218;101.6418;0.6567;2.2168;0.0143
1527;15-DAPI-1-40x-402ms.tif;NBL;0.0242;0.0242;97.861;0.713;2.3679;0.0173
1528;15-DAPI-1-40x-402ms.tif;NBL;0.028;0.028;115.6628;0.5349;3.238;0.015
1529;15-DAPI-1-40x-402ms.tif;NBL;0.0324;0.0324;115.5217;0.5184;3.7479;0.0168
1530;15-DAPI-1-40x-402ms.tif;NBL;0.0235;0.0235;115.1705;0.5484;2.7118;0.0129
1531;15-DAPI-1-40x-402ms.tif;NBL;0.0373;0.0373;105.6105;0.5814;3.9421;0.0217
1532;15-DAPI-1-40x-402ms.tif;NBL;0.0698;0.0698;116.9331;0.6439;8.1584;0.0449
1533;15-DAPI-1-40x-402ms.tif;NBL;0.0614;0.0614;110.0371;0.4417;6.7579;0.0271
1534;15-DAPI-1-40x-402ms.tif;NBL;0.0245;0.0245;107.6106;0.4646;2.6389;0.0114
1535;15-DAPI-1-40x-402ms.tif;NBL;0.0332;0.0332;111.7255;0.3595;3.7096;0.0119
1536;15-DAPI-1-40x-402ms.tif;NBL;0.045;0.045;81.412;0.4169;3.666;0.0188
1537;15-DAPI-1-40x-402ms.tif;NBL;0.0467;0.0467;118.5884;0.6163;5.5331;0.0288
1538;15-DAPI-1-40x-402ms.tif;NBL;0.0418;0.0418;91.7688;0.787;3.8337;0.0329
1539;15-DAPI-1-40x-402ms.tif;NBL;0.0399;0.0399;86.8288;0.6549;3.4671;0.0262
1540;15-DAPI-1-40x-402ms.tif;NBL;0.0227;0.0227;108.6411;0.5359;2.4638;0.0122
1541;15-DAPI-1-40x-402ms.tif;NBL;0.0493;0.0493;111.0771;0.4736;5.4719;0.0233
1542;15-DAPI-1-40x-402ms.tif;NBL;0.0459;0.0459;96.9031;0.3853;4.4477;0.0177
1543;15-DAPI-1-40x-402ms.tif;NBL;0.0477;0.0477;71.6818;0.5295;3.4223;0.0253
1544;15-DAPI-1-40x-402ms.tif;NBL;0.0255;0.0255;86.9532;0.3106;2.2172;0.0079
1545;15-DAPI-1-40x-402ms.tif;NBL;0.0419;0.0419;113.7953;0.4741;4.7662;0.0199
1546;15-DAPI-1-40x-402ms.tif;NBL;0.0487;0.0487;117.9443;0.6771;5.7462;0.033
1547;15-DAPI-1-40x-402ms.tif;NBL;0.0357;0.0357;110.0456;0.5866;3.9285;0.0209
1548;15-DAPI-1-40x-402ms.tif;NBL;0.0237;0.0237;110.2615;0.4954;2.6082;0.0117
1549;15-DAPI-1-40x-402ms.tif;NBL;0.0182;0.0182;109.6488;0.619;1.9988;0.0113
1550;15-DAPI-1-40x-402ms.tif;NBL;0.056;0.056;58.1434;0.9593;3.2554;0.0537
1551;15-DAPI-1-40x-402ms.tif;NBL;0.0163;0.0163;68.22;7.22;1.1104;0.1175
1552;15-DAPI-1-40x-402ms.tif;NBL;0.0217;0.0217;100.685;0.15;2.185;0.0033
1553;15-DAPI-1-40x-402ms.tif;NBL;0.0426;0.0426;63.3562;0.1832;2.7017;0.0078
1554;15-DAPI-1-40x-402ms.tif;NBL;0.0128;0.0128;104.4492;0.178;1.3373;0.0023
1555;15-DAPI-1-40x-402ms.tif;NBL;0.0312;0.0312;66.4514;0.5312;2.0766;0.0166
1556;15-DAPI-1-40x-402ms.tif;NBL;0.0952;0.0952;91.5519;0.1847;8.7121;0.0176
1557;15-DAPI-1-40x-402ms.tif;NBL;0.0323;0.0323;53.1107;0.7383;1.7173;0.0239
1558;15-DAPI-1-40x-402ms.tif;NBL;0.0457;0.0457;94.4608;0.6223;4.3151;0.0284
1559;15-DAPI-1-40x-402ms.tif;NBL;0.0205;0.0205;61.8254;0.8571;1.2679;0.0176
1560;15-DAPI-1-40x-402ms.tif;NBL;0.0058;0.0058;110.6981;0.5849;0.6366;0.0034
1561;15-DAPI-1-40x-402ms.tif;NBL;0.0488;0.0488;120.52;0.7467;5.8848;0.0365
1562;15-DAPI-1-40x-402ms.tif;NBL;0.0468;0.0468;86.7425;0.3341;4.0566;0.0156
1563;15-DAPI-1-40x-402ms.tif;NBL;0.0265;0.0265;108.4467;0.3033;2.8712;0.008
1564;15-DAPI-1-40x-402ms.tif;NBL;0.071;0.071;108.5183;0.4465;7.7008;0.0317
1565;15-DAPI-1-40x-402ms.tif;NBL;0.026;0.026;97.0292;0.5917;2.5268;0.0154
1566;15-DAPI-1-40x-402ms.tif;NBL;0.0774;0.0774;84.5217;0.0281;6.5391;0.0022
1567;15-DAPI-1-40x-402ms.tif;NBL;0.037;0.037;77.563;0.0528;2.8699;0.002
1568;15-DAPI-1-40x-402ms.tif;NBL;0.0508;0.0508;85.4167;0.0299;4.3376;0.0015
1569;15-DAPI-1-40x-402ms.tif;NBL;0.0736;0.0736;55.1342;0.0398;4.0561;0.0029
1570;15-DAPI-1-40x-402ms.tif;NBL;0.1195;0.1195;43.9092;0.0191;5.2457;0.0023
1571;15-DAPI-1-40x-402ms.tif;NBL;0.1351;0.1351;72.6072;0.0137;9.8086;0.0018
1572;15-DAPI-1-40x-402ms.tif;NBL;0.0499;0.0499;64.5043;0.0261;3.2196;0.0013
1573;15-DAPI-1-40x-402ms.tif;NBL;0.029;0.029;58.2734;0.0674;1.6883;0.002
1574;15-DAPI-1-40x-402ms.tif;NBL;0.0367;0.0367;81.5533;0.2663;2.991;0.0098
1575;15-DAPI-1-40x-402ms.tif;NBL;0.0308;0.0308;75.5387;0.5176;2.3278;0.016
1576;15-DAPI-1-40x-402ms.tif;NBL;0.0832;0.0832;82.8096;0.1565;6.8918;0.013
1577;15-DAPI-1-40x-402ms.tif;NBL;0.0847;0.0847;76.6197;0.0909;6.4931;0.0077
1578;15-DAPI-1-40x-402ms.tif;NBL;0.0868;0.0868;87.625;0.0488;7.6063;0.0042
1579;15-DAPI-1-40x-402ms.tif;NBL;0.0615;0.0615;103.5944;0.1093;6.3735;0.0067
1580;15-DAPI-1-40x-402ms.tif;NBL;0.0118;0.0118;111.1651;0.3761;1.3148;0.0044
1581;15-DAPI-1-40x-402ms.tif;NBL;0.0135;0.0135;91.5161;0.0968;1.2313;0.0013
1582;15-DAPI-1-40x-402ms.tif;NBL;0.0462;0.0462;97.8028;0.1502;4.5208;0.0069
1583;15-DAPI-1-40x-402ms.tif;NBL;0.0734;0.0734;90.5769;0.1494;6.6439;0.011
1584;15-DAPI-1-40x-402ms.tif;NBL;0.0709;0.0709;85.0812;0.0873;6.0284;0.0062
1585;15-DAPI-1-40x-402ms.tif;NBL;0.0693;0.0693;81.9781;0.0626;5.684;0.0043
1586;15-DAPI-1-40x-402ms.tif;NBL;0.0496;0.0496;71.0109;0.0788;3.5213;0.0039
1587;15-DAPI-1-40x-402ms.tif;NBL;0.056;0.056;67.2984;0.0097;3.768;0.0005
1588;15-DAPI-1-40x-402ms.tif;NBL;0.0723;0.0723;48.0495;0.021;3.4723;0.0015
1589;15-DAPI-1-40x-402ms.tif;NBL;0.0522;0.0522;94.2744;0.2225;4.9204;0.0116
1590;15-DAPI-1-40x-402ms.tif;NBL;0.048;0.048;78.371;0.4864;3.7587;0.0233
1591;15-DAPI-1-40x-402ms.tif;NBL;0.0527;0.0527;87.9691;0.3807;4.639;0.0201
1592;15-DAPI-1-40x-402ms.tif;NBL;0.0318;0.0318;84.1195;0.785;2.6744;0.025
