 ,Image,Region,Area-B,Area-G,Mean-B,Mean-G,IntDen-B,IntDen-G
1,01-DAPI-9-40x-402ms.tif,NBL,0.0498,0.0498,14.085,0.9869,0.7015,0.0492
2,01-DAPI-9-40x-402ms.tif,NBL,0.109,0.109,19.0159,1.1502,2.0737,0.1254
3,01-DAPI-9-40x-402ms.tif,NBL,0.0761,0.0761,12.7361,0.796,0.9688,0.0605
4,01-DAPI-9-40x-402ms.tif,NBL,0.054,0.054,16.9317,0.8956,0.9149,0.0484
5,01-DAPI-9-40x-402ms.tif,NBL,0.0916,0.0916,21.0332,1.1908,1.9262,0.109
6,01-DAPI-9-40x-402ms.tif,NBL,0.0326,0.0326,11.2167,0.68,0.3651,0.0221
7,01-DAPI-9-40x-402ms.tif,NBL,0.0492,0.0492,17.4834,0.8764,0.8594,0.0431
8,01-DAPI-9-40x-402ms.tif,NBL,0.0584,0.0584,8.777,0.3439,0.5124,0.0201
9,01-DAPI-9-40x-402ms.tif,NBL,0.0212,0.0212,36.0615,4.4974,0.763,0.0952
10,01-DAPI-9-40x-402ms.tif,NBL,0.0482,0.0482,26.0923,3.205,1.2571,0.1544
11,01-DAPI-9-40x-402ms.tif,NBL,0.0885,0.0885,14.6544,2.3444,1.2975,0.2076
12,01-DAPI-9-40x-402ms.tif,NBL,0.0392,0.0392,17.7341,2.9612,0.6947,0.116
13,01-DAPI-9-40x-402ms.tif,NBL,0.0326,0.0326,19.8733,2.5867,0.6469,0.0842
14,01-DAPI-9-40x-402ms.tif,NBL,0.0438,0.0438,27.0569,3.1535,1.1861,0.1382
15,01-DAPI-9-40x-402ms.tif,NBL,0.0447,0.0447,20.2087,32.9976,0.9034,1.4752
16,01-DAPI-9-40x-402ms.tif,NBL,0.0581,0.0581,15.2393,32.3514,0.8847,1.878
17,01-DAPI-9-40x-402ms.tif,NBL,0.0867,0.0867,12.4418,33.627,1.0787,2.9154
18,01-DAPI-9-40x-402ms.tif,NBL,0.0634,0.0634,19.6678,41.4384,1.2463,2.6259
19,01-DAPI-9-40x-402ms.tif,NBL,0.0462,0.0462,10.7394,70.7817,0.4964,3.2718
20,01-DAPI-9-40x-402ms.tif,NBL,0.0602,0.0602,23.8973,31.7694,1.4391,1.9132
21,01-DAPI-9-40x-402ms.tif,NBL,0.0599,0.0599,19.3007,12.9167,1.156,0.7737
22,01-DAPI-9-40x-402ms.tif,NBL,0.0311,0.0311,25.8571,12.7038,0.8052,0.3956
23,01-DAPI-9-40x-402ms.tif,NBL,0.0344,0.0344,15.5868,14.8044,0.5361,0.5092
24,01-DAPI-9-40x-402ms.tif,NBL,0.0459,0.0459,21.0284,10.6596,0.9652,0.4893
25,01-DAPI-9-40x-402ms.tif,NBL,0.1228,0.1228,12.1281,3.0292,1.4897,0.3721
26,01-DAPI-9-40x-402ms.tif,NBL,0.0369,0.0369,15.4529,4.4,0.5701,0.1623
27,01-DAPI-9-40x-402ms.tif,NBL,0.0814,0.0814,16.568,3.0493,1.3483,0.2482
28,01-DAPI-9-40x-402ms.tif,NBL,0.0374,0.0374,15.8348,2.2812,0.5928,0.0854
29,01-DAPI-9-40x-402ms.tif,NBL,0.0331,0.0331,17.8984,2.3344,0.5923,0.0773
30,01-DAPI-9-40x-402ms.tif,NBL,0.0661,0.0661,19.2118,4.8046,1.2695,0.3175
31,01-DAPI-9-40x-402ms.tif,NBL,0.0367,0.0367,25.1775,8.5621,0.9234,0.314
32,01-DAPI-9-40x-402ms.tif,NBL,0.056,0.056,16.4167,3.9322,0.9192,0.2202
33,01-DAPI-9-40x-402ms.tif,NBL,0.0217,0.0217,30.815,7.215,0.6687,0.1566
34,01-DAPI-9-40x-402ms.tif,NBL,0.0248,0.0248,31.9563,4.8297,0.7941,0.12
35,01-DAPI-9-40x-402ms.tif,NBL,0.1189,0.1189,14.7181,1.7655,1.7503,0.21
36,01-DAPI-9-40x-402ms.tif,NBL,0.0367,0.0367,22.571,2.3107,0.8278,0.0847
37,01-DAPI-9-40x-402ms.tif,NBL,0.0156,0.0156,18.1528,2.0972,0.2836,0.0328
38,01-DAPI-9-40x-402ms.tif,NBL,0.0498,0.0498,14.2113,1.4009,0.7078,0.0698
39,01-DAPI-9-40x-402ms.tif,NBL,0.0518,0.0518,16.6583,2.0168,0.8622,0.1044
40,01-DAPI-9-40x-402ms.tif,NBL,0.1022,0.1022,25.7856,2.1667,2.6356,0.2215
41,01-DAPI-9-40x-402ms.tif,NBL,0.1408,0.1408,15.4846,1.6656,2.1809,0.2346
42,01-DAPI-9-40x-402ms.tif,NBL,0.0526,0.0526,15.9155,1.5711,0.8376,0.0827
43,01-DAPI-9-40x-402ms.tif,NBL,0.0403,0.0403,15.8652,1.3639,0.6387,0.0549
44,01-DAPI-9-40x-402ms.tif,NBL,0.0723,0.0723,26.8529,2.0616,1.9405,0.149
45,01-DAPI-9-40x-402ms.tif,NBL,0.0648,0.0648,22.2412,1.5729,1.4408,0.1019
46,01-DAPI-9-40x-402ms.tif,NBL,0.0524,0.0524,23.8758,1.7971,1.2513,0.0942
47,01-DAPI-9-40x-402ms.tif,NBL,0.0817,0.0817,22.1846,1.5538,1.8126,0.127
48,01-DAPI-9-40x-402ms.tif,NBL,0.0717,0.0717,30.1649,2.3222,2.1635,0.1666
49,01-DAPI-9-40x-402ms.tif,NBL,0.116,0.116,16.7577,1.594,1.9438,0.1849
50,01-DAPI-9-40x-402ms.tif,NBL,0.082,0.082,20.6389,1.7831,1.693,0.1463
51,01-DAPI-9-40x-402ms.tif,NBL,0.0903,0.0903,24.137,1.9892,2.179,0.1796
52,01-DAPI-9-40x-402ms.tif,NBL,0.1002,0.1002,15.6403,1.7887,1.5664,0.1791
53,01-DAPI-9-40x-402ms.tif,NBL,0.072,0.072,21.4488,2.0693,1.5454,0.1491
54,01-DAPI-9-40x-402ms.tif,NBL,0.0732,0.0732,16.9111,2.1896,1.2386,0.1604
55,01-DAPI-9-40x-402ms.tif,NBL,0.0694,0.0694,17.1094,2.6047,1.1882,0.1809
56,01-DAPI-9-40x-402ms.tif,NBL,0.0762,0.0762,20.6168,2.0641,1.5704,0.1572
57,01-DAPI-9-40x-402ms.tif,NBL,0.0702,0.0702,13.5147,2.1236,0.9488,0.1491
58,01-DAPI-9-40x-402ms.tif,NBL,0.0496,0.0496,21.9956,1.5164,1.0907,0.0752
59,01-DAPI-9-40x-402ms.tif,NBL,0.052,0.052,31.3006,1.9979,1.6268,0.1038
60,01-DAPI-9-40x-402ms.tif,NBL,0.0489,0.0489,24.3503,1.8914,1.1916,0.0926
61,01-DAPI-9-40x-402ms.tif,NBL,0.0686,0.0686,13.8418,1.2516,0.9492,0.0858
62,01-DAPI-9-40x-402ms.tif,NBL,0.0142,0.0142,21.0763,1.6489,0.2996,0.0234
63,01-DAPI-9-40x-402ms.tif,NBL,0.088,0.088,24.2404,1.6782,2.1331,0.1477
64,01-DAPI-9-40x-402ms.tif,NBL,0.0445,0.0445,19.7439,1.7122,0.8784,0.0762
65,01-DAPI-9-40x-402ms.tif,NBL,0.0743,0.0743,30.2934,2.3781,2.2516,0.1768
66,01-DAPI-9-40x-402ms.tif,NBL,0.0231,0.0231,24.5258,1.9906,0.5668,0.046
67,01-DAPI-9-40x-402ms.tif,NBL,0.0237,0.0237,27.922,1.9495,0.6605,0.0461
68,01-DAPI-9-40x-402ms.tif,NBL,0.0556,0.0556,23.6602,1.5215,1.3145,0.0845
69,01-DAPI-9-40x-402ms.tif,NBL,0.0603,0.0603,20.6906,1.2806,1.2483,0.0773
70,01-DAPI-9-40x-402ms.tif,NBL,0.0519,0.0519,18.6715,1.4163,0.9684,0.0735
71,01-DAPI-9-40x-402ms.tif,NBL,0.0297,0.0297,16.4745,1.2701,0.4898,0.0378
72,01-DAPI-9-40x-402ms.tif,NBL,0.0486,0.0486,27.9018,1.7433,1.3563,0.0847
73,01-DAPI-9-40x-402ms.tif,NBL,0.0386,0.0386,34.823,2.1826,1.3452,0.0843
74,01-DAPI-9-40x-402ms.tif,NBL,0.0347,0.0347,21.2125,1.2781,0.7365,0.0444
75,01-DAPI-9-40x-402ms.tif,NBL,0.0618,0.0618,34.7404,1.9456,2.1487,0.1203
76,01-DAPI-9-40x-402ms.tif,NBL,0.0476,0.0476,23.6219,1.1663,1.1252,0.0556
77,01-DAPI-9-40x-402ms.tif,NBL,0.0451,0.0451,33.5697,1.8221,1.5153,0.0822
78,01-DAPI-9-40x-402ms.tif,NBL,0.0635,0.0635,15.5436,1.1726,0.9867,0.0744
79,01-DAPI-9-40x-402ms.tif,NBL,0.0458,0.0458,33.6161,1.8104,1.5393,0.0829
80,01-DAPI-9-40x-402ms.tif,NBL,0.0461,0.0461,34.0682,1.9506,1.5711,0.09
81,01-DAPI-9-40x-402ms.tif,NBL,0.0282,0.0282,25.4308,1.4192,0.7174,0.04
82,01-DAPI-9-40x-402ms.tif,NBL,0.0653,0.0653,29.2674,1.3488,1.9118,0.0881
83,01-DAPI-9-40x-402ms.tif,NBL,0.0393,0.0393,23.1796,1.2956,0.9105,0.0509
84,01-DAPI-9-40x-402ms.tif,NBL,0.0617,0.0617,26.6819,1.5343,1.6474,0.0947
85,01-DAPI-9-40x-402ms.tif,NBL,0.0459,0.0459,27.1017,1.6076,1.2439,0.0738
86,01-DAPI-9-40x-402ms.tif,NBL,0.049,0.049,18.2146,1.3496,0.8933,0.0662
87,01-DAPI-9-40x-402ms.tif,NBL,0.0444,0.0444,22.8973,1.4205,1.0162,0.063
88,01-DAPI-9-40x-402ms.tif,NBL,0.0692,0.0692,24.2445,1.5627,1.6784,0.1082
89,01-DAPI-9-40x-402ms.tif,NBL,0.046,0.046,22.3892,1.5236,1.0301,0.0701
90,01-DAPI-9-40x-402ms.tif,NBL,0.0373,0.0373,19.0669,1.2965,0.7117,0.0484
91,01-DAPI-9-40x-402ms.tif,NBL,0.056,0.056,32.5,2.0291,1.8197,0.1136
92,01-DAPI-9-40x-402ms.tif,NBL,0.041,0.041,41.2011,2.5159,1.6899,0.1032
93,01-DAPI-9-40x-402ms.tif,NBL,0.0433,0.0433,15.4762,1.3835,0.67,0.0599
94,01-DAPI-9-40x-402ms.tif,NBL,0.0382,0.0382,34.3324,2.0057,1.3113,0.0766
95,01-DAPI-9-40x-402ms.tif,NBL,0.0818,0.0818,23.7851,1.6154,1.946,0.1322
96,01-DAPI-9-40x-402ms.tif,NBL,0.0648,0.0648,20.8476,1.3467,1.3505,0.0872
97,01-DAPI-9-40x-402ms.tif,NBL,0.0411,0.0411,21.343,1.6121,0.8777,0.0663
98,01-DAPI-9-40x-402ms.tif,NBL,0.0549,0.0549,24.9466,1.5257,1.3697,0.0838
99,01-DAPI-9-40x-402ms.tif,NBL,0.0193,0.0193,23.4551,1.4551,0.453,0.0281
100,01-DAPI-9-40x-402ms.tif,NBL,0.0458,0.0458,16.7891,0.7417,0.7688,0.034
101,01-DAPI-9-40x-402ms.tif,NBL,0.0336,0.0336,27.0968,0.8613,0.9115,0.029
102,01-DAPI-9-40x-402ms.tif,NBL,0.0531,0.0531,28.9632,1.2454,1.5368,0.0661
103,01-DAPI-9-40x-402ms.tif,NBL,0.031,0.031,22.5559,1.1049,0.7,0.0343
104,01-DAPI-9-40x-402ms.tif,NBL,0.0255,0.0255,21.8681,1.217,0.5576,0.031
105,01-DAPI-9-40x-402ms.tif,NBL,0.0323,0.0323,37.1242,1.6275,1.2004,0.0526
106,01-DAPI-9-40x-402ms.tif,NBL,0.0132,0.0132,27.8525,1.3689,0.3687,0.0181
107,01-DAPI-9-40x-402ms.tif,NBL,0.0412,0.0412,27.8474,1.2579,1.1482,0.0519
108,01-DAPI-9-40x-402ms.tif,NBL,0.0188,0.0188,32.4046,1.1618,0.6083,0.0218
109,01-DAPI-9-40x-402ms.tif,NBL,0.008,0.008,24.6351,0.9324,0.1978,0.0075
110,01-DAPI-9-40x-402ms.tif,NBL,0.0459,0.0459,20.9669,1.0496,0.9623,0.0482
111,01-DAPI-9-40x-402ms.tif,NBL,0.0571,0.0571,22.9715,0.8783,1.3111,0.0501
112,01-DAPI-9-40x-402ms.tif,NBL,0.0409,0.0409,21.5703,0.8435,0.8824,0.0345
113,01-DAPI-9-40x-402ms.tif,NBL,0.0233,0.0233,21.493,1.0651,0.5014,0.0248
114,01-DAPI-9-40x-402ms.tif,NBL,0.017,0.017,23.2293,1.1783,0.3957,0.0201
115,01-DAPI-9-40x-402ms.tif,NBL,0.1128,0.1128,27.7548,1.3115,3.1321,0.148
116,01-DAPI-9-40x-402ms.tif,NBL,0.0416,0.0416,23.4125,1.1358,0.973,0.0472
117,01-DAPI-9-40x-402ms.tif,NBL,0.0518,0.0518,25.1698,1.3208,1.3027,0.0684
118,01-DAPI-9-40x-402ms.tif,NBL,0.0515,0.0515,28.6737,1.2274,1.4779,0.0633
119,01-DAPI-9-40x-402ms.tif,NBL,0.0511,0.0511,35.0297,1.5478,1.7903,0.0791
120,01-DAPI-9-40x-402ms.tif,NBL,0.0295,0.0295,23.8162,0.9191,0.7029,0.0271
121,01-DAPI-9-40x-402ms.tif,NBL,0.0181,0.0181,17.8443,0.8443,0.3234,0.0153
122,01-DAPI-9-40x-402ms.tif,NBL,0.0564,0.0564,29.1904,1.5038,1.647,0.0849
123,01-DAPI-9-40x-402ms.tif,NBL,0.0472,0.0472,23.6414,1.1425,1.1159,0.0539
124,01-DAPI-9-40x-402ms.tif,NBL,0.0561,0.0561,36.236,1.9149,2.0328,0.1074
125,01-DAPI-9-40x-402ms.tif,NBL,0.047,0.047,22.3557,1.3857,1.0503,0.0651
126,01-DAPI-9-40x-402ms.tif,NBL,0.0622,0.0622,13.2112,1.192,0.8214,0.0741
127,01-DAPI-9-40x-402ms.tif,NBL,0.0475,0.0475,22.4932,1.3676,1.069,0.065
128,01-DAPI-9-40x-402ms.tif,NBL,0.0469,0.0469,25.5301,1.8218,1.1967,0.0854
129,01-DAPI-9-40x-402ms.tif,NBL,0.0485,0.0485,23.0694,1.6734,1.1189,0.0812
130,01-DAPI-9-40x-402ms.tif,NBL,0.0673,0.0673,24.071,1.6694,1.6194,0.1123
131,01-DAPI-9-40x-402ms.tif,NBL,0.0572,0.0572,20.9905,1.7324,1.2003,0.0991
132,01-DAPI-9-40x-402ms.tif,NBL,0.077,0.077,17.5606,1.431,1.3529,0.1102
133,01-DAPI-9-40x-402ms.tif,NBL,0.0959,0.0959,16.3846,1.4253,1.5716,0.1367
134,01-DAPI-9-40x-402ms.tif,NBL,0.0467,0.0467,25.4791,1.1698,1.1888,0.0546
135,01-DAPI-9-40x-402ms.tif,NBL,0.0269,0.0269,30.9315,0.9798,0.8324,0.0264
136,01-DAPI-9-40x-402ms.tif,NBL,0.0246,0.0246,30.7533,1.2026,0.7575,0.0296
137,01-DAPI-9-40x-402ms.tif,NBL,0.0228,0.0228,37.4,1.5571,0.8522,0.0355
138,01-DAPI-9-40x-402ms.tif,NBL,0.0319,0.0319,33.3197,1.5102,1.0629,0.0482
139,01-DAPI-9-40x-402ms.tif,NBL,0.045,0.045,31.7157,1.388,1.4282,0.0625
140,01-DAPI-9-40x-402ms.tif,NBL,0.042,0.042,19.9328,1.1292,0.837,0.0474
141,01-DAPI-9-40x-402ms.tif,NBL,0.0803,0.0803,20.7622,1.1108,1.6671,0.0892
142,01-DAPI-9-40x-402ms.tif,NBL,0.0371,0.0371,21.9357,1.0351,0.814,0.0384
143,01-DAPI-9-40x-402ms.tif,NBL,0.0677,0.0677,25.1346,1.4503,1.7018,0.0982
144,01-DAPI-9-40x-402ms.tif,NBL,0.0497,0.0497,23.8188,1.9432,1.1837,0.0966
145,01-DAPI-9-40x-402ms.tif,NBL,0.0595,0.0595,38.3668,4.2755,2.2814,0.2542
146,01-DAPI-9-40x-402ms.tif,NBL,0.0965,0.0965,19.1237,1.8144,1.8447,0.175
147,01-DAPI-9-40x-402ms.tif,NBL,0.0795,0.0795,14.8417,1.5389,1.1804,0.1224
148,01-DAPI-9-40x-402ms.tif,NBL,0.0324,0.0324,25.6355,2.2977,0.8317,0.0745
149,01-DAPI-9-40x-402ms.tif,NBL,0.072,0.072,22.2636,1.991,1.6041,0.1434
150,01-DAPI-9-40x-402ms.tif,NBL,0.1145,0.1145,14.3858,1.6161,1.6468,0.185
151,01-DAPI-9-40x-402ms.tif,NBL,0.0352,0.0352,23.4969,4.0247,0.8261,0.1415
152,01-DAPI-9-40x-402ms.tif,NBL,0.0604,0.0604,18.0233,2.5548,1.0893,0.1544
153,01-DAPI-9-40x-402ms.tif,NBL,0.0463,0.0463,35.1522,5.1241,1.6287,0.2374
154,01-DAPI-9-40x-402ms.tif,NBL,0.1005,0.1005,16.3121,4.1263,1.639,0.4146
155,01-DAPI-9-40x-402ms.tif,NBL,0.0566,0.0566,23.8889,25.2759,1.3531,1.4316
156,01-DAPI-9-40x-402ms.tif,NBL,0.0645,0.0645,22.3973,6.1785,1.4436,0.3982
157,01-DAPI-9-40x-402ms.tif,NBL,0.1042,0.1042,13.4812,1.876,1.4043,0.1954
158,01-DAPI-9-40x-402ms.tif,NBL,0.0728,0.0728,11.4143,3.5395,0.8311,0.2577
159,01-DAPI-9-40x-402ms.tif,NBL,0.0994,0.0994,17.6321,2.476,1.7525,0.2461
160,01-DAPI-9-40x-402ms.tif,NBL,0.0367,0.0367,31.8373,3.6272,1.1676,0.133
161,01-DAPI-9-40x-402ms.tif,NBL,0.0833,0.0833,29.0495,2.3607,2.4208,0.1967
162,01-DAPI-9-40x-402ms.tif,NBL,0.0403,0.0403,21.8221,1.9865,0.8785,0.08
163,01-DAPI-9-40x-402ms.tif,NBL,0.1097,0.1097,24.7389,2,2.7139,0.2194
164,01-DAPI-9-40x-402ms.tif,NBL,0.0739,0.0739,20.1468,2.141,1.4887,0.1582
165,01-DAPI-9-40x-402ms.tif,NBL,0.0484,0.0484,18.9731,1.4821,0.9182,0.0717
166,01-DAPI-9-40x-402ms.tif,NBL,0.1106,0.1106,19.2522,1.3278,2.1287,0.1468
167,01-DAPI-9-40x-402ms.tif,NBL,0.1024,0.1024,25.7405,1.6102,2.6366,0.1649
168,01-DAPI-9-40x-402ms.tif,NBL,0.0565,0.0565,24.9962,1.714,1.4131,0.0969
169,01-DAPI-9-40x-402ms.tif,NBL,0.0354,0.0354,25.2178,1.9202,0.892,0.0679
170,01-DAPI-9-40x-402ms.tif,NBL,0.0676,0.0676,22.573,1.8507,1.5259,0.1251
171,01-DAPI-9-40x-402ms.tif,NBL,0.1097,0.1097,9.5321,1.8546,1.0457,0.2035
172,01-DAPI-9-40x-402ms.tif,NBL,0.097,0.097,14.1633,6.2752,1.3739,0.6087
173,01-DAPI-9-40x-402ms.tif,NBL,0.0423,0.0423,15.5333,2.0154,0.6573,0.0853
174,01-DAPI-9-40x-402ms.tif,NBL,0.0572,0.0572,24.9772,1.8994,1.4283,0.1086
175,01-DAPI-9-40x-402ms.tif,NBL,0.0521,0.0521,18.3521,1.3813,0.9558,0.0719
176,01-DAPI-9-40x-402ms.tif,NBL,0.0703,0.0703,16.966,0.8333,1.1929,0.0586
177,01-DAPI-9-40x-402ms.tif,NBL,0.134,0.134,9.4008,0.7555,1.2598,0.1012
178,01-DAPI-9-40x-402ms.tif,NBL,0.072,0.072,13.5693,5.9593,0.9776,0.4294
179,01-DAPI-9-40x-402ms.tif,NBL,0.0827,0.0827,16.164,3.1903,1.3365,0.2638
180,01-DAPI-9-40x-402ms.tif,NBL,0.089,0.089,17.7854,1.0707,1.5825,0.0953
181,01-DAPI-9-40x-402ms.tif,NBL,0.0332,0.0332,24.8627,1.5686,0.8255,0.0521
182,01-DAPI-9-40x-402ms.tif,NBL,0.0573,0.0573,16.7841,0.9735,0.9616,0.0558
183,01-DAPI-9-40x-402ms.tif,NBL,0.1388,0.1388,22.3362,1.2283,3.0998,0.1705
184,01-DAPI-9-40x-402ms.tif,NBL,0.0846,0.0846,17.5872,0.991,1.4885,0.0839
185,01-DAPI-9-40x-402ms.tif,NBL,0.062,0.062,19.5779,1.0876,1.213,0.0674
186,01-DAPI-9-40x-402ms.tif,NBL,0.0556,0.0556,22.8926,1.5293,1.2718,0.085
187,01-DAPI-9-40x-402ms.tif,NBL,0.0276,0.0276,25.4016,1.3465,0.7001,0.0371
188,01-DAPI-9-40x-402ms.tif,NBL,0.0658,0.0658,22.165,0.7805,1.4575,0.0513
189,01-DAPI-9-40x-402ms.tif,NBL,0.0539,0.0539,15.3099,0.7465,0.8256,0.0403
190,01-DAPI-9-40x-402ms.tif,NBL,0.0276,0.0276,19.6417,0.8543,0.5413,0.0235
191,01-DAPI-9-40x-402ms.tif,NBL,0.101,0.101,10.8131,6.0322,1.0923,0.6094
192,01-DAPI-9-40x-402ms.tif,NBL,0.0603,0.0603,16.9928,3.6942,1.0252,0.2229
193,01-DAPI-9-40x-402ms.tif,NBL,0.0878,0.0878,11.8677,1.5389,1.0418,0.1351
194,01-DAPI-9-40x-402ms.tif,NBL,0.0245,0.0245,14.1372,0.8673,0.3467,0.0213
195,01-DAPI-9-40x-402ms.tif,NBL,0.0511,0.0511,13.7219,0.828,0.7013,0.0423
196,01-DAPI-9-40x-402ms.tif,NBL,0.1168,0.1168,13.3522,0.6301,1.5589,0.0736
197,01-DAPI-9-40x-402ms.tif,NBL,0.0442,0.0442,15.3366,0.7445,0.6773,0.0329
198,01-DAPI-9-40x-402ms.tif,NBL,0.0653,0.0653,36.4485,1.7708,2.3809,0.1157
199,01-DAPI-9-40x-402ms.tif,NBL,0.0637,0.0637,15.2675,0.5758,0.9724,0.0367
200,01-DAPI-9-40x-402ms.tif,NBL,0.0242,0.0242,26.3587,1.5605,0.6378,0.0378
201,01-DAPI-9-40x-402ms.tif,NBL,0.0771,0.0771,15.6976,0.6456,1.211,0.0498
202,01-DAPI-9-40x-402ms.tif,NBL,0.0636,0.0636,26.3328,0.6212,1.6744,0.0395
203,01-DAPI-9-40x-402ms.tif,NBL,0.0971,0.0971,20.1508,0.5799,1.9569,0.0563
204,01-DAPI-9-40x-402ms.tif,NBL,0.0788,0.0788,12.0923,0.2879,0.9526,0.0227
205,01-DAPI-9-40x-402ms.tif,NBL,0.1719,0.1719,13.9116,0.2607,2.3911,0.0448
206,01-DAPI-9-40x-402ms.tif,NBL,0.0844,0.0844,28.4923,0.6748,2.4053,0.057
207,01-DAPI-9-40x-402ms.tif,NBL,0.0697,0.0697,12.1931,0.7165,0.8494,0.0499
208,01-DAPI-9-40x-402ms.tif,NBL,0.0469,0.0469,13.4213,0.6319,0.6291,0.0296
209,01-DAPI-9-40x-402ms.tif,NBL,0.1002,0.1002,13.1582,0.0802,1.3178,0.008
210,01-DAPI-9-40x-402ms.tif,NBL,0.0485,0.0485,16.0157,0.1477,0.7768,0.0072
211,01-DAPI-9-40x-402ms.tif,NBL,0.0624,0.0624,22.6574,0.2591,1.4136,0.0162
212,01-DAPI-9-40x-402ms.tif,NBL,0.0654,0.0654,25.2886,0.3217,1.6546,0.0211
213,01-DAPI-9-40x-402ms.tif,NBL,0.0614,0.0614,21.9735,0.3428,1.3495,0.0211
214,01-DAPI-9-40x-402ms.tif,NBL,0.0509,0.0509,21.7015,0.4009,1.1044,0.0204
215,02-DAPI-9-40x-402ms.tif,NBL,0.0569,0.0569,24.6336,0.8378,1.4006,0.0476
216,02-DAPI-9-40x-402ms.tif,NBL,0.0612,0.0612,34.6702,1.0762,2.1217,0.0659
217,02-DAPI-9-40x-402ms.tif,NBL,0.0755,0.0755,27.9353,0.9555,2.1097,0.0722
218,02-DAPI-9-40x-402ms.tif,NBL,0.0556,0.0556,36.8984,1.6152,2.0499,0.0897
219,02-DAPI-9-40x-402ms.tif,NBL,0.082,0.082,31.8981,1.2765,2.6166,0.1047
220,02-DAPI-9-40x-402ms.tif,NBL,0.083,0.083,23.3569,0.7725,1.9388,0.0641
221,02-DAPI-9-40x-402ms.tif,NBL,0.0735,0.0735,37.0901,1.4786,2.7246,0.1086
222,02-DAPI-9-40x-402ms.tif,NBL,0.091,0.091,30.4696,1.4636,2.7739,0.1332
223,02-DAPI-9-40x-402ms.tif,NBL,0.0677,0.0677,41.2532,2.1843,2.7932,0.1479
224,02-DAPI-9-40x-402ms.tif,NBL,0.0378,0.0378,53.0776,3.046,2.0042,0.115
225,02-DAPI-9-40x-402ms.tif,NBL,0.0655,0.0655,25.1159,1.5381,1.6461,0.1008
226,02-DAPI-9-40x-402ms.tif,NBL,0.1493,0.1493,24.8605,1.6344,3.7118,0.244
227,02-DAPI-9-40x-402ms.tif,NBL,0.1266,0.1266,26.1105,1.7721,3.3063,0.2244
228,02-DAPI-9-40x-402ms.tif,NBL,0.1119,0.1119,27.871,2.1048,3.1179,0.2355
229,02-DAPI-9-40x-402ms.tif,NBL,0.1645,0.1645,22.3826,1.3766,3.6819,0.2265
230,02-DAPI-9-40x-402ms.tif,NBL,0.1403,0.1403,23.8507,1.6729,3.3462,0.2347
231,02-DAPI-9-40x-402ms.tif,NBL,0.1015,0.1015,28.7155,1.4011,2.9133,0.1421
232,02-DAPI-9-40x-402ms.tif,NBL,0.043,0.043,26.8359,1.1288,1.1531,0.0485
233,02-DAPI-9-40x-402ms.tif,NBL,0.0271,0.0271,32.1,1.6,0.8708,0.0434
234,02-DAPI-9-40x-402ms.tif,NBL,0.0731,0.0731,26.184,1.7849,1.9149,0.1305
235,02-DAPI-9-40x-402ms.tif,NBL,0.1445,0.1445,15.1997,2.6224,2.1968,0.379
236,02-DAPI-9-40x-402ms.tif,NBL,0.0574,0.0574,16.5558,4.3195,0.9503,0.2479
237,02-DAPI-9-40x-402ms.tif,NBL,0.034,0.034,37.5495,26.2396,1.2753,0.8912
238,02-DAPI-9-40x-402ms.tif,NBL,0.0449,0.0449,17.7899,15.1667,0.7992,0.6813
239,02-DAPI-9-40x-402ms.tif,NBL,0.1055,0.1055,16.4167,25.3735,1.7314,2.6761
240,02-DAPI-9-40x-402ms.tif,NBL,0.041,0.041,37.336,48.2434,1.5314,1.9787
241,02-DAPI-9-40x-402ms.tif,NBL,0.0815,0.0815,28.6378,41.5033,2.3337,3.3821
242,02-DAPI-9-40x-402ms.tif,NBL,0.1324,0.1324,15.5631,62.8033,2.0602,8.3138
243,02-DAPI-9-40x-402ms.tif,NBL,0.0526,0.0526,35.1258,61.5052,1.8485,3.2368
244,02-DAPI-9-40x-402ms.tif,NBL,0.0723,0.0723,10.9129,24.1036,0.7886,1.7419
245,02-DAPI-9-40x-402ms.tif,NBL,0.0801,0.0801,23.3049,24.939,1.8662,1.9971
246,02-DAPI-9-40x-402ms.tif,NBL,0.0245,0.0245,24.0885,17.3938,0.5907,0.4265
247,02-DAPI-9-40x-402ms.tif,NBL,0.0601,0.0601,28.8357,10.296,1.7334,0.6189
248,02-DAPI-9-40x-402ms.tif,NBL,0.0693,0.0693,32.8169,1.7684,2.2754,0.1226
249,02-DAPI-9-40x-402ms.tif,NBL,0.0518,0.0518,42.153,2.8763,2.1817,0.1489
250,02-DAPI-9-40x-402ms.tif,NBL,0.0361,0.0361,28.7538,2.5045,1.039,0.0905
251,02-DAPI-9-40x-402ms.tif,NBL,0.0557,0.0557,32.7934,3.3996,1.8254,0.1892
252,02-DAPI-9-40x-402ms.tif,NBL,0.1214,0.1214,28.3092,11.1439,3.4373,1.3531
253,02-DAPI-9-40x-402ms.tif,NBL,0.0277,0.0277,26.8627,11.3529,0.7433,0.3141
254,02-DAPI-9-40x-402ms.tif,NBL,0.1059,0.1059,20.457,13.0564,2.1664,1.3827
255,02-DAPI-9-40x-402ms.tif,NBL,0.0208,0.0208,32.026,28.5625,0.6672,0.5951
256,02-DAPI-9-40x-402ms.tif,NBL,0.0437,0.0437,41.0521,31.5906,1.7951,1.3814
257,02-DAPI-9-40x-402ms.tif,NBL,0.1262,0.1262,19.0396,6.3388,2.4027,0.7999
258,02-DAPI-9-40x-402ms.tif,NBL,0.1095,0.1095,25.3994,3.8523,2.7808,0.4218
259,02-DAPI-9-40x-402ms.tif,NBL,0.0839,0.0839,21.0724,3.8745,1.7675,0.325
260,02-DAPI-9-40x-402ms.tif,NBL,0.0872,0.0872,36.2861,2.9888,3.1656,0.2607
261,02-DAPI-9-40x-402ms.tif,NBL,0.0639,0.0639,38.0985,2.5569,2.4349,0.1634
262,02-DAPI-9-40x-402ms.tif,NBL,0.0969,0.0969,35.3763,2.6876,3.4278,0.2604
263,02-DAPI-9-40x-402ms.tif,NBL,0.0405,0.0405,28.5389,1.8418,1.1551,0.0745
264,02-DAPI-9-40x-402ms.tif,NBL,0.1109,0.1109,34.9648,1.7818,3.8774,0.1976
265,02-DAPI-9-40x-402ms.tif,NBL,0.1099,0.1099,34.3248,2.2261,3.7729,0.2447
266,02-DAPI-9-40x-402ms.tif,NBL,0.0854,0.0854,42.3774,2.3698,3.6188,0.2024
267,02-DAPI-9-40x-402ms.tif,NBL,0.0587,0.0587,44.037,2.0887,2.5851,0.1226
268,02-DAPI-9-40x-402ms.tif,NBL,0.0857,0.0857,30.1722,1.8861,2.5864,0.1617
269,02-DAPI-9-40x-402ms.tif,NBL,0.1148,0.1148,17.0784,1.6938,1.9606,0.1944
270,02-DAPI-9-40x-402ms.tif,NBL,0.1616,0.1616,27.9275,1.7099,4.5122,0.2763
271,02-DAPI-9-40x-402ms.tif,NBL,0.1344,0.1344,29.1412,5.1445,3.9178,0.6916
272,02-DAPI-9-40x-402ms.tif,NBL,0.0628,0.0628,32.2746,6.829,2.0277,0.429
273,02-DAPI-9-40x-402ms.tif,NBL,0.0452,0.0452,28.4029,3.4173,1.2852,0.1546
274,02-DAPI-9-40x-402ms.tif,NBL,0.0573,0.0573,29.0076,2.7121,1.6619,0.1554
275,02-DAPI-9-40x-402ms.tif,NBL,0.0626,0.0626,22.591,3.6378,1.4144,0.2278
276,02-DAPI-9-40x-402ms.tif,NBL,0.086,0.086,18.9433,8.3165,1.63,0.7156
277,02-DAPI-9-40x-402ms.tif,NBL,0.1093,0.1093,13.3923,12.6405,1.4633,1.3812
278,02-DAPI-9-40x-402ms.tif,NBL,0.1003,0.1003,28.0108,1.3896,2.8084,0.1393
279,02-DAPI-9-40x-402ms.tif,NBL,0.0604,0.0604,38.0305,1.7361,2.2985,0.1049
280,02-DAPI-9-40x-402ms.tif,NBL,0.0549,0.0549,57.0949,2.6976,3.1348,0.1481
281,02-DAPI-9-40x-402ms.tif,NBL,0.1694,0.1694,22.2249,1.2063,3.7644,0.2043
282,02-DAPI-9-40x-402ms.tif,NBL,0.0322,0.0322,23.1044,1.9057,0.7446,0.0614
283,02-DAPI-9-40x-402ms.tif,NBL,0.047,0.047,39.4734,1.7991,1.8546,0.0845
284,02-DAPI-9-40x-402ms.tif,NBL,0.0763,0.0763,50.6444,3.1351,3.8632,0.2391
285,02-DAPI-9-40x-402ms.tif,NBL,0.0761,0.0761,33.9387,2.6862,2.5815,0.2043
286,02-DAPI-9-40x-402ms.tif,NBL,0.0915,0.0915,24.6916,48.306,2.2586,4.4186
287,02-DAPI-9-40x-402ms.tif,NBL,0.0596,0.0596,28.3898,65.1475,1.6912,3.8809
288,02-DAPI-9-40x-402ms.tif,NBL,0.0636,0.0636,32.6092,36.6553,2.0735,2.3307
289,02-DAPI-9-40x-402ms.tif,NBL,0.0454,0.0454,27.2081,30.7775,1.234,1.3959
290,02-DAPI-9-40x-402ms.tif,NBL,0.1195,0.1195,17.2916,5.7284,2.0658,0.6844
291,02-DAPI-9-40x-402ms.tif,NBL,0.1085,0.1085,20.729,35.408,2.2492,3.842
292,02-DAPI-9-40x-402ms.tif,NBL,0.05,0.05,15.4056,28.4772,0.7706,1.4245
293,02-DAPI-9-40x-402ms.tif,NBL,0.057,0.057,18.2229,17.4629,1.0381,0.9948
294,02-DAPI-9-40x-402ms.tif,NBL,0.0493,0.0493,57.9361,37.4956,2.8541,1.8471
295,02-DAPI-9-40x-402ms.tif,NBL,0.1005,0.1005,23.4071,5.9903,2.3519,0.6019
296,02-DAPI-9-40x-402ms.tif,NBL,0.1126,0.1126,23.6956,5.1195,2.6688,0.5766
297,02-DAPI-9-40x-402ms.tif,NBL,0.0829,0.0829,26.2435,1.9241,2.1756,0.1595
298,02-DAPI-9-40x-402ms.tif,NBL,0.0913,0.0913,26.8906,1.5636,2.4539,0.1427
299,02-DAPI-9-40x-402ms.tif,NBL,0.0605,0.0605,27.3047,1.7724,1.6532,0.1073
300,02-DAPI-9-40x-402ms.tif,NBL,0.1474,0.1474,17.5405,2.1141,2.5846,0.3115
301,02-DAPI-9-40x-402ms.tif,NBL,0.0675,0.0675,30.9486,3.9534,2.0888,0.2668
302,02-DAPI-9-40x-402ms.tif,NBL,0.1564,0.1564,27.9549,3.1971,4.371,0.4999
303,02-DAPI-9-40x-402ms.tif,NBL,0.0197,0.0197,28.5769,2.1593,0.5643,0.0426
304,02-DAPI-9-40x-402ms.tif,NBL,0.0178,0.0178,27.7012,5.7805,0.4929,0.1029
305,02-DAPI-9-40x-402ms.tif,NBL,0.0978,0.0978,38.2586,2.1465,3.7403,0.2099
306,02-DAPI-9-40x-402ms.tif,NBL,0.1535,0.1535,33.689,2.1696,5.1725,0.3331
307,02-DAPI-9-40x-402ms.tif,NBL,0.1817,0.1817,34.6245,2.0406,6.293,0.3709
308,02-DAPI-9-40x-402ms.tif,NBL,0.0959,0.0959,26.0679,2.1063,2.5004,0.202
309,02-DAPI-9-40x-402ms.tif,NBL,0.0399,0.0399,43.462,51.8234,1.7355,2.0693
310,02-DAPI-9-40x-402ms.tif,NBL,0.068,0.068,27.7687,44.1499,1.8892,3.0037
311,02-DAPI-9-40x-402ms.tif,NBL,0.08,0.08,33.8928,22.6499,2.7104,1.8113
312,02-DAPI-9-40x-402ms.tif,NBL,0.1032,0.1032,18.489,20.693,1.9079,2.1353
313,02-DAPI-9-40x-402ms.tif,NBL,0.0514,0.0514,29.3882,55.827,1.5115,2.8713
314,02-DAPI-9-40x-402ms.tif,NBL,0.0231,0.0231,51.3052,46.8967,1.1858,1.0839
315,02-DAPI-9-40x-402ms.tif,NBL,0.1438,0.1438,22.7879,16.0868,3.2763,2.3128
316,02-DAPI-9-40x-402ms.tif,NBL,0.0998,0.0998,35.6543,15.2435,3.5592,1.5217
317,02-DAPI-9-40x-402ms.tif,NBL,0.0262,0.0262,22.8216,1.5394,0.5968,0.0403
318,02-DAPI-9-40x-402ms.tif,NBL,0.0987,0.0987,26.8527,1.3187,2.6515,0.1302
319,02-DAPI-9-40x-402ms.tif,NBL,0.0822,0.0822,51.5501,2.2784,4.2399,0.1874
320,02-DAPI-9-40x-402ms.tif,NBL,0.0423,0.0423,21.7231,1.0564,0.9193,0.0447
321,02-DAPI-9-40x-402ms.tif,NBL,0.0127,0.0127,31.4444,1.2564,0.3992,0.016
322,02-DAPI-9-40x-402ms.tif,NBL,0.0783,0.0783,40.644,2.6925,3.1841,0.2109
323,02-DAPI-9-40x-402ms.tif,NBL,0.0251,0.0251,34.8182,3.0173,0.8727,0.0756
324,02-DAPI-9-40x-402ms.tif,NBL,0.0538,0.0538,28.2601,5.0988,1.5209,0.2744
325,02-DAPI-9-40x-402ms.tif,NBL,0.0716,0.0716,32.2606,9.6258,2.3103,0.6893
326,02-DAPI-9-40x-402ms.tif,NBL,0.0994,0.0994,18.2817,6.0797,1.8171,0.6043
327,02-DAPI-9-40x-402ms.tif,NBL,0.0648,0.0648,30.1122,18.4841,1.9506,1.1974
328,02-DAPI-9-40x-402ms.tif,NBL,0.035,0.035,38.9876,53.9133,1.3664,1.8895
329,02-DAPI-9-40x-402ms.tif,NBL,0.0459,0.0459,25.3239,31.513,1.1623,1.4464
330,02-DAPI-9-40x-402ms.tif,NBL,0.1209,0.1209,18.7316,7.763,2.2642,0.9384
331,02-DAPI-9-40x-402ms.tif,NBL,0.0589,0.0589,32.1418,6.2302,1.8938,0.3671
332,02-DAPI-9-40x-402ms.tif,NBL,0.0486,0.0486,31.8013,4.0848,1.5459,0.1986
333,02-DAPI-9-40x-402ms.tif,NBL,0.0785,0.0785,29.7026,2.935,2.3302,0.2303
334,02-DAPI-9-40x-402ms.tif,NBL,0.0561,0.0561,30.0754,6.7718,1.6872,0.3799
335,02-DAPI-9-40x-402ms.tif,NBL,0.0935,0.0935,20.942,6.4745,1.9588,0.6056
336,02-DAPI-9-40x-402ms.tif,NBL,0.1032,0.1032,28.4111,5.2334,2.9317,0.54
337,02-DAPI-9-40x-402ms.tif,NBL,0.074,0.074,18.3211,1.0601,1.3558,0.0785
338,02-DAPI-9-40x-402ms.tif,NBL,0.1013,0.1013,27.788,1.2173,2.8162,0.1234
339,02-DAPI-9-40x-402ms.tif,NBL,0.0263,0.0263,33.4917,1.0083,0.8794,0.0265
340,02-DAPI-9-40x-402ms.tif,NBL,0.1021,0.1021,29.0159,1.0043,2.9627,0.1025
341,02-DAPI-9-40x-402ms.tif,NBL,0.1089,0.1089,35.1345,1.252,3.8276,0.1364
342,02-DAPI-9-40x-402ms.tif,NBL,0.0702,0.0702,24.3478,0.9567,1.7093,0.0672
343,02-DAPI-9-40x-402ms.tif,NBL,0.0397,0.0397,33.3607,0.8087,1.3249,0.0321
344,02-DAPI-9-40x-402ms.tif,NBL,0.0314,0.0314,31.2976,0.8789,0.9814,0.0276
345,02-DAPI-9-40x-402ms.tif,NBL,0.0431,0.0431,26.5919,0.6902,1.1455,0.0297
346,02-DAPI-9-40x-402ms.tif,NBL,0.0439,0.0439,19.4741,0.521,0.8558,0.0229
347,02-DAPI-9-40x-402ms.tif,NBL,0.0977,0.0977,25.9556,0.7789,2.5347,0.0761
348,02-DAPI-9-40x-402ms.tif,NBL,0.0719,0.0719,18.9759,0.7511,1.3651,0.054
349,02-DAPI-9-40x-402ms.tif,NBL,0.1122,0.1122,28.8926,1.0484,3.2416,0.1176
350,02-DAPI-9-40x-402ms.tif,NBL,0.0748,0.0748,33.0247,2.7388,2.469,0.2048
351,02-DAPI-9-40x-402ms.tif,NBL,0.0449,0.0449,35.8696,1.6981,1.6113,0.0763
352,02-DAPI-9-40x-402ms.tif,NBL,0.0225,0.0225,31.8019,2.1932,0.7143,0.0493
353,02-DAPI-9-40x-402ms.tif,NBL,0.0461,0.0461,20.2588,2.4471,0.9342,0.1128
354,02-DAPI-9-40x-402ms.tif,NBL,0.0404,0.0404,27.5188,4.9677,1.1108,0.2005
355,02-DAPI-9-40x-402ms.tif,NBL,0.0965,0.0965,19.73,7.6344,1.9032,0.7364
356,02-DAPI-9-40x-402ms.tif,NBL,0.0157,0.0157,21.3655,12.5103,0.3362,0.1968
357,02-DAPI-9-40x-402ms.tif,NBL,0.0363,0.0363,32.3821,48.3672,1.1771,1.7581
358,02-DAPI-9-40x-402ms.tif,NBL,0.0301,0.0301,34.5957,30.1625,1.0398,0.9066
359,02-DAPI-9-40x-402ms.tif,NBL,0.0742,0.0742,18.7398,22.4532,1.3908,1.6664
360,02-DAPI-9-40x-402ms.tif,NBL,0.0451,0.0451,35.6875,16.6106,1.6109,0.7498
361,02-DAPI-9-40x-402ms.tif,NBL,0.0533,0.0533,30.5316,4.7251,1.6266,0.2517
362,02-DAPI-9-40x-402ms.tif,NBL,0.0326,0.0326,22.2333,3.08,0.7237,0.1003
363,02-DAPI-9-40x-402ms.tif,NBL,0.1602,0.1602,21.7398,4.1985,3.4818,0.6724
364,02-DAPI-9-40x-402ms.tif,NBL,0.023,0.023,31.3679,7.2877,0.7216,0.1676
365,02-DAPI-9-40x-402ms.tif,NBL,0.0745,0.0745,31.2023,1.9083,2.326,0.1423
366,02-DAPI-9-40x-402ms.tif,NBL,0.0314,0.0314,27.4014,1.2803,0.8593,0.0401
367,02-DAPI-9-40x-402ms.tif,NBL,0.0584,0.0584,11.6394,0.4033,0.6795,0.0235
368,02-DAPI-9-40x-402ms.tif,NBL,0.072,0.072,22.5964,0.7003,1.628,0.0505
369,02-DAPI-9-40x-402ms.tif,NBL,0.0987,0.0987,21.3571,0.6198,2.1088,0.0612
370,02-DAPI-9-40x-402ms.tif,NBL,0.126,0.126,22.944,0.6761,2.8904,0.0852
371,02-DAPI-9-40x-402ms.tif,NBL,0.1711,0.1711,23.7013,0.7914,4.0557,0.1354
372,02-DAPI-9-40x-402ms.tif,NBL,0.0368,0.0368,23.7139,1.1563,0.8723,0.0425
373,02-DAPI-9-40x-402ms.tif,NBL,0.0894,0.0894,19.7743,3.9915,1.768,0.3569
374,02-DAPI-9-40x-402ms.tif,NBL,0.1075,0.1075,29.8809,0.7639,3.2131,0.0821
375,02-DAPI-9-40x-402ms.tif,NBL,0.0959,0.0959,28.2964,0.5995,2.7142,0.0575
376,02-DAPI-9-40x-402ms.tif,NBL,0.0307,0.0307,21.4664,0.6502,0.6592,0.02
377,02-DAPI-9-40x-402ms.tif,NBL,0.0181,0.0181,23.9042,0.5449,0.4332,0.0099
378,02-DAPI-9-40x-402ms.tif,NBL,0.0175,0.0175,27.472,0.472,0.4799,0.0082
379,02-DAPI-9-40x-402ms.tif,NBL,0.0707,0.0707,35.1933,0.6979,2.4898,0.0494
380,02-DAPI-9-40x-402ms.tif,NBL,0.0416,0.0416,24.3812,0.5196,1.0132,0.0216
381,02-DAPI-9-40x-402ms.tif,NBL,0.0424,0.0424,27.7519,0.4246,1.1774,0.018
382,02-DAPI-9-40x-402ms.tif,NBL,0.059,0.059,39.1783,0.6507,2.3126,0.0384
383,02-DAPI-9-40x-402ms.tif,NBL,0.0713,0.0713,36.9163,0.3577,2.6317,0.0255
384,02-DAPI-9-40x-402ms.tif,NBL,0.0315,0.0315,34.6724,0.4724,1.091,0.0149
385,02-DAPI-9-40x-402ms.tif,NBL,0.059,0.059,16.5607,0.1526,0.9775,0.009
386,02-DAPI-9-40x-402ms.tif,NBL,0.0183,0.0183,49.213,0.6923,0.9025,0.0127
387,02-DAPI-9-40x-402ms.tif,NBL,0.077,0.077,32.8282,0.2634,2.5291,0.0203
388,02-DAPI-9-40x-402ms.tif,NBL,0.0531,0.0531,28.1963,0.3292,1.4961,0.0175
389,02-DAPI-9-40x-402ms.tif,NBL,0.084,0.084,22.9432,0.4625,1.9269,0.0388
390,02-DAPI-9-40x-402ms.tif,NBL,0.1194,0.1194,19.9518,0.3064,2.3814,0.0366
391,02-DAPI-9-40x-402ms.tif,NBL,0.1028,0.1028,21.905,0.4615,2.2509,0.0474
392,02-DAPI-9-40x-402ms.tif,NBL,0.0903,0.0903,29.3281,0.5877,2.6477,0.0531
393,02-DAPI-9-40x-402ms.tif,NBL,0.1657,0.1657,17.8441,0.1395,2.9566,0.0231
394,02-DAPI-9-40x-402ms.tif,NBL,0.0329,0.0329,24.9868,0.7525,0.8215,0.0247
395,02-DAPI-9-40x-402ms.tif,NBL,0.0221,0.0221,22.4951,0.4559,0.4979,0.0101
396,02-DAPI-9-40x-402ms.tif,NBL,0.0189,0.0189,26.6609,0.5632,0.5034,0.0106
397,02-DAPI-9-40x-402ms.tif,NBL,0.0214,0.0214,22.264,0.467,0.4759,0.01
398,02-DAPI-9-40x-402ms.tif,NBL,0.1026,0.1026,21.6459,0.7495,2.2219,0.0769
399,02-DAPI-9-40x-402ms.tif,NBL,0.0572,0.0572,13.3795,1.1461,0.7651,0.0655
400,02-DAPI-9-40x-402ms.tif,NBL,0.0436,0.0436,12.9975,2.8184,0.5669,0.1229
401,02-DAPI-9-40x-402ms.tif,NBL,0.0295,0.0295,20.2059,9.1544,0.5964,0.2702
402,02-DAPI-9-40x-402ms.tif,NBL,0.0359,0.0359,17.2054,18.0967,0.6179,0.65
403,02-DAPI-9-40x-402ms.tif,NBL,0.0589,0.0589,13.9042,3.1915,0.8192,0.188
404,02-DAPI-9-40x-402ms.tif,NBL,0.0577,0.0577,26.468,3.2556,1.5279,0.1879
405,02-DAPI-9-40x-402ms.tif,NBL,0.1002,0.1002,17.0607,1.1083,1.7087,0.111
406,02-DAPI-9-40x-402ms.tif,NBL,0.0332,0.0332,23.8627,1.4444,0.7923,0.048
407,02-DAPI-9-40x-402ms.tif,NBL,0.1417,0.1417,19.307,0.608,2.736,0.0862
408,02-DAPI-9-40x-402ms.tif,NBL,0.0701,0.0701,17.4876,0.3065,1.2258,0.0215
409,02-DAPI-9-40x-402ms.tif,NBL,0.0875,0.0875,17.0236,0.1973,1.4888,0.0173
410,02-DAPI-9-40x-402ms.tif,NBL,0.1181,0.1181,17.3327,0.1131,2.0462,0.0133
411,02-DAPI-9-40x-402ms.tif,NBL,0.0372,0.0372,22.5219,0.586,0.8382,0.0218
412,02-DAPI-9-40x-402ms.tif,NBL,0.0317,0.0317,18.5582,0.8767,0.588,0.0278
413,02-DAPI-9-40x-402ms.tif,NBL,0.0516,0.0516,13.1429,4.5945,0.6788,0.2373
414,02-DAPI-9-40x-402ms.tif,NBL,0.0361,0.0361,17.3033,32.2072,0.6252,1.1637
415,03-DAPI-9-40x-402ms.tif,NBL,0.0419,0.0419,23.6762,5.8575,0.9916,0.2453
416,03-DAPI-9-40x-402ms.tif,NBL,0.0678,0.0678,16.8304,2.6352,1.1414,0.1787
417,03-DAPI-9-40x-402ms.tif,NBL,0.1203,0.1203,18.2101,6.6023,2.1913,0.7945
418,03-DAPI-9-40x-402ms.tif,NBL,0.1068,0.1068,14.1565,18.7591,1.5115,2.0029
419,03-DAPI-9-40x-402ms.tif,NBL,0.0407,0.0407,21.392,5.3973,0.8704,0.2196
420,03-DAPI-9-40x-402ms.tif,NBL,0.0289,0.0289,34.8684,51.3722,1.0064,1.4827
421,03-DAPI-9-40x-402ms.tif,NBL,0.0762,0.0762,18.5271,37.765,1.4112,2.8766
422,03-DAPI-9-40x-402ms.tif,NBL,0.0608,0.0608,20.2607,6.2464,1.2311,0.3796
423,03-DAPI-9-40x-402ms.tif,NBL,0.0506,0.0506,30.3262,15.8712,1.5334,0.8025
424,03-DAPI-9-40x-402ms.tif,NBL,0.1,0.1,23.1811,1.0705,2.3191,0.1071
425,03-DAPI-9-40x-402ms.tif,NBL,0.0349,0.0349,40.5155,10.2516,1.4156,0.3582
426,03-DAPI-9-40x-402ms.tif,NBL,0.0672,0.0672,21.412,2.0097,1.4382,0.135
427,03-DAPI-9-40x-402ms.tif,NBL,0.0554,0.0554,25.4658,0.4951,1.412,0.0275
428,03-DAPI-9-40x-402ms.tif,NBL,0.114,0.114,27.3777,1.1865,3.1222,0.1353
429,03-DAPI-9-40x-402ms.tif,NBL,0.0767,0.0767,22,1.413,1.6877,0.1084
430,03-DAPI-9-40x-402ms.tif,NBL,0.0858,0.0858,22.4412,0.7826,1.9261,0.0672
431,03-DAPI-9-40x-402ms.tif,NBL,0.0356,0.0356,23.9817,1.253,0.8535,0.0446
432,03-DAPI-9-40x-402ms.tif,NBL,0.0254,0.0254,31.9701,5.5897,0.8117,0.1419
433,03-DAPI-9-40x-402ms.tif,NBL,0.0245,0.0245,46.4248,27.8982,1.1385,0.6841
434,03-DAPI-9-40x-402ms.tif,NBL,0.0734,0.0734,20.2189,8.3802,1.4831,0.6147
435,03-DAPI-9-40x-402ms.tif,NBL,0.0693,0.0693,37.0595,42.9624,2.5696,2.9788
436,03-DAPI-9-40x-402ms.tif,NBL,0.0268,0.0268,50.7085,47.1255,1.359,1.263
437,03-DAPI-9-40x-402ms.tif,NBL,0.0419,0.0419,14.6528,29.4767,0.6137,1.2346
438,03-DAPI-9-40x-402ms.tif,NBL,0.0451,0.0451,40.4712,24.5144,1.8268,1.1066
439,03-DAPI-9-40x-402ms.tif,NBL,0.0632,0.0632,33.3213,19.4485,2.1043,1.2282
440,03-DAPI-9-40x-402ms.tif,NBL,0.0379,0.0379,33.9255,8.6476,1.2847,0.3275
441,03-DAPI-9-40x-402ms.tif,NBL,0.1075,0.1075,29.1695,3.0727,3.1366,0.3304
442,03-DAPI-9-40x-402ms.tif,NBL,0.0524,0.0524,25.0393,1.4679,1.3123,0.0769
443,03-DAPI-9-40x-402ms.tif,NBL,0.1866,0.1866,26.893,3.4843,5.0191,0.6503
444,03-DAPI-9-40x-402ms.tif,NBL,0.0638,0.0638,41.2126,2.3724,2.6294,0.1514
445,03-DAPI-9-40x-402ms.tif,NBL,0.074,0.074,43.6393,9.9062,3.2294,0.7331
446,03-DAPI-9-40x-402ms.tif,NBL,0.0812,0.0812,37.0735,18.3463,3.009,1.489
447,03-DAPI-9-40x-402ms.tif,NBL,0.059,0.059,31.0827,3.1838,1.8347,0.1879
448,03-DAPI-9-40x-402ms.tif,NBL,0.0392,0.0392,38.1247,2.6066,1.4934,0.1021
449,03-DAPI-9-40x-402ms.tif,NBL,0.124,0.124,36.3395,2.1829,4.5069,0.2707
450,03-DAPI-9-40x-402ms.tif,NBL,0.1003,0.1003,26.2987,3.369,2.6367,0.3378
451,03-DAPI-9-40x-402ms.tif,NBL,0.0897,0.0897,21.9371,28.3349,1.9685,2.5426
452,03-DAPI-9-40x-402ms.tif,NBL,0.0526,0.0526,33.9773,23.7608,1.7881,1.2504
453,03-DAPI-9-40x-402ms.tif,NBL,0.0859,0.0859,34.5682,16.2967,2.9707,1.4005
454,03-DAPI-9-40x-402ms.tif,NBL,0.1101,0.1101,41.931,3.6916,4.6181,0.4066
455,03-DAPI-9-40x-402ms.tif,NBL,0.0539,0.0539,36.7364,23.1147,1.9811,1.2465
456,03-DAPI-9-40x-402ms.tif,NBL,0.0281,0.0281,49.7336,42.417,1.3977,1.1921
457,03-DAPI-9-40x-402ms.tif,NBL,0.0507,0.0507,45.9743,24.9722,2.3296,1.2654
458,03-DAPI-9-40x-402ms.tif,NBL,0.0592,0.0592,24.6905,19.6886,1.4628,1.1664
459,03-DAPI-9-40x-402ms.tif,NBL,0.0405,0.0405,39.118,44.0858,1.5832,1.7843
460,03-DAPI-9-40x-402ms.tif,NBL,0.0563,0.0563,40.5723,43.2486,2.2848,2.4355
461,03-DAPI-9-40x-402ms.tif,NBL,0.0292,0.0292,58.5056,23.1673,1.7077,0.6762
462,03-DAPI-9-40x-402ms.tif,NBL,0.0955,0.0955,36.208,6.5023,3.4574,0.6209
463,03-DAPI-9-40x-402ms.tif,NBL,0.0559,0.0559,68.0699,17.7417,3.8038,0.9914
464,03-DAPI-9-40x-402ms.tif,NBL,0.0503,0.0503,51.347,9.1121,2.5852,0.4588
465,03-DAPI-9-40x-402ms.tif,NBL,0.0813,0.0813,51.024,2.4499,4.1468,0.1991
466,03-DAPI-9-40x-402ms.tif,NBL,0.072,0.072,51.8268,2.0873,3.734,0.1504
467,03-DAPI-9-40x-402ms.tif,NBL,0.0637,0.0637,53.9114,2.3986,3.4338,0.1528
468,03-DAPI-9-40x-402ms.tif,NBL,0.0959,0.0959,45.9276,2.7466,4.4054,0.2635
469,03-DAPI-9-40x-402ms.tif,NBL,0.0396,0.0396,31.5123,2.9041,1.248,0.115
470,03-DAPI-9-40x-402ms.tif,NBL,0.0993,0.0993,32.9727,2.6077,3.2737,0.2589
471,03-DAPI-9-40x-402ms.tif,NBL,0.0813,0.0813,21.6889,3.0708,1.7627,0.2496
472,03-DAPI-9-40x-402ms.tif,NBL,0.047,0.047,45.2702,4.8199,2.127,0.2265
473,03-DAPI-9-40x-402ms.tif,NBL,0.0852,0.0852,46.9325,1.949,3.9976,0.166
474,03-DAPI-9-40x-402ms.tif,NBL,0.0272,0.0272,51.9522,2.3347,1.4149,0.0636
475,03-DAPI-9-40x-402ms.tif,NBL,0.0534,0.0534,56.126,2.1646,2.9963,0.1156
476,03-DAPI-9-40x-402ms.tif,NBL,0.0563,0.0563,38.9981,2.2139,2.1962,0.1247
477,03-DAPI-9-40x-402ms.tif,NBL,0.0847,0.0847,32.5134,31.8361,2.7553,2.6979
478,03-DAPI-9-40x-402ms.tif,NBL,0.1353,0.1353,36.1628,12.1107,4.8931,1.6387
479,03-DAPI-9-40x-402ms.tif,NBL,0.0193,0.0193,39.2528,2.6573,0.7581,0.0513
480,03-DAPI-9-40x-402ms.tif,NBL,0.054,0.054,34.1185,1.8052,1.8436,0.0975
481,03-DAPI-9-40x-402ms.tif,NBL,0.0664,0.0664,42.531,2.0686,2.8243,0.1374
482,03-DAPI-9-40x-402ms.tif,NBL,0.0666,0.0666,54.7818,6.1433,3.6497,0.4093
483,03-DAPI-9-40x-402ms.tif,NBL,0.061,0.061,38.2189,4.6673,2.3306,0.2846
484,03-DAPI-9-40x-402ms.tif,NBL,0.0412,0.0412,36.0895,2.4316,1.4881,0.1003
485,03-DAPI-9-40x-402ms.tif,NBL,0.0822,0.0822,42.5792,2.3021,3.5021,0.1893
486,03-DAPI-9-40x-402ms.tif,NBL,0.0988,0.0988,44.9243,2.8869,4.4408,0.2854
487,03-DAPI-9-40x-402ms.tif,NBL,0.0423,0.0423,52.5923,10.6897,2.2256,0.4524
488,03-DAPI-9-40x-402ms.tif,NBL,0.0895,0.0895,50.6691,2.2739,4.5358,0.2036
489,03-DAPI-9-40x-402ms.tif,NBL,0.0674,0.0674,50.4477,2.2947,3.3993,0.1546
490,03-DAPI-9-40x-402ms.tif,NBL,0.0599,0.0599,29.7337,1.5091,1.7809,0.0904
491,03-DAPI-9-40x-402ms.tif,NBL,0.0933,0.0933,37.6605,1.5244,3.5143,0.1423
492,03-DAPI-9-40x-402ms.tif,NBL,0.0268,0.0268,49.004,2.9919,1.3134,0.0802
493,03-DAPI-9-40x-402ms.tif,NBL,0.0639,0.0639,52.3463,2.1121,3.3455,0.135
494,03-DAPI-9-40x-402ms.tif,NBL,0.0827,0.0827,47.042,1.9488,3.8895,0.1611
495,03-DAPI-9-40x-402ms.tif,NBL,0.069,0.069,59.0047,1.6494,4.0719,0.1138
496,03-DAPI-9-40x-402ms.tif,NBL,0.013,0.013,59.575,2.55,0.7757,0.0332
497,03-DAPI-9-40x-402ms.tif,NBL,0.055,0.055,58.2801,1.9862,3.2062,0.1093
498,03-DAPI-9-40x-402ms.tif,NBL,0.0566,0.0566,54.6782,2.2548,3.097,0.1277
499,03-DAPI-9-40x-402ms.tif,NBL,0.0496,0.0496,46.7484,1.7899,2.3181,0.0888
500,03-DAPI-9-40x-402ms.tif,NBL,0.1678,0.1678,30.0627,1.8693,5.0431,0.3136
501,03-DAPI-9-40x-402ms.tif,NBL,0.0981,0.0981,41.8684,3.2544,4.1069,0.3192
502,03-DAPI-9-40x-402ms.tif,NBL,0.0679,0.0679,31.1518,4.1677,2.116,0.2831
503,03-DAPI-9-40x-402ms.tif,NBL,0.0656,0.0656,65.0149,2.0298,4.268,0.1332
504,03-DAPI-9-40x-402ms.tif,NBL,0.0693,0.0693,53.9155,1.4679,3.7383,0.1018
505,03-DAPI-9-40x-402ms.tif,NBL,0.027,0.027,43.012,0.8635,1.1621,0.0233
506,03-DAPI-9-40x-402ms.tif,NBL,0.0231,0.0231,56.7981,1.7371,1.3127,0.0401
507,03-DAPI-9-40x-402ms.tif,NBL,0.045,0.045,59.1036,1.5614,2.6615,0.0703
508,03-DAPI-9-40x-402ms.tif,NBL,0.0327,0.0327,76.7708,3.0731,2.5074,0.1004
509,03-DAPI-9-40x-402ms.tif,NBL,0.0483,0.0483,24.627,0.8764,1.1891,0.0423
510,03-DAPI-9-40x-402ms.tif,NBL,0.0327,0.0327,33.9468,1.515,1.1087,0.0495
511,03-DAPI-9-40x-402ms.tif,NBL,0.0854,0.0854,26.2287,0.864,2.2398,0.0738
512,03-DAPI-9-40x-402ms.tif,NBL,0.0355,0.0355,47.474,1.3456,1.6845,0.0477
513,03-DAPI-9-40x-402ms.tif,NBL,0.0421,0.0421,48.3995,2.1959,2.0377,0.0924
514,03-DAPI-9-40x-402ms.tif,NBL,0.0689,0.0689,48.2677,1.8898,3.3257,0.1302
515,03-DAPI-9-40x-402ms.tif,NBL,0.1225,0.1225,60.8831,3.1196,7.4584,0.3822
516,03-DAPI-9-40x-402ms.tif,NBL,0.0829,0.0829,43.4188,3.7251,3.5994,0.3088
517,03-DAPI-9-40x-402ms.tif,NBL,0.0663,0.0663,51.9427,4.1391,3.4437,0.2744
518,03-DAPI-9-40x-402ms.tif,NBL,0.2044,0.2044,34.5382,6.9512,7.0605,1.421
519,03-DAPI-9-40x-402ms.tif,NBL,0.0983,0.0983,32.6943,14.6876,3.2141,1.4439
520,03-DAPI-9-40x-402ms.tif,NBL,0.1179,0.1179,21.2162,14.6265,2.5024,1.7252
521,03-DAPI-9-40x-402ms.tif,NBL,0.0794,0.0794,24.3989,13.4331,1.9379,1.0669
522,03-DAPI-9-40x-402ms.tif,NBL,0.0501,0.0501,29.4459,6.8874,1.4761,0.3453
523,03-DAPI-9-40x-402ms.tif,NBL,0.0374,0.0374,33.6203,1.1536,1.2586,0.0432
524,03-DAPI-9-40x-402ms.tif,NBL,0.0339,0.0339,54.7179,45.859,1.8524,1.5525
525,03-DAPI-9-40x-402ms.tif,NBL,0.1343,0.1343,26.4208,33.6414,3.5492,4.5191
526,03-DAPI-9-40x-402ms.tif,NBL,0.0155,0.0155,41.7413,29.972,0.6477,0.4651
527,03-DAPI-9-40x-402ms.tif,NBL,0.0315,0.0315,33.5034,30.2172,1.0543,0.9508
528,03-DAPI-9-40x-402ms.tif,NBL,0.07,0.07,44.107,27.6713,3.0869,1.9366
529,03-DAPI-9-40x-402ms.tif,NBL,0.0723,0.0723,24.4535,28.0736,1.7671,2.0288
530,03-DAPI-9-40x-402ms.tif,NBL,0.0407,0.0407,22.8907,16.2693,0.9314,0.662
531,03-DAPI-9-40x-402ms.tif,NBL,0.0417,0.0417,23.8307,17.8281,0.9929,0.7428
532,03-DAPI-9-40x-402ms.tif,NBL,0.1053,0.1053,22.8082,19.9794,2.4006,2.1029
533,03-DAPI-9-40x-402ms.tif,NBL,0.0375,0.0375,43.0838,2.4595,1.6175,0.0923
534,03-DAPI-9-40x-402ms.tif,NBL,0.1096,0.1096,29.7842,1.3465,3.2641,0.1476
535,03-DAPI-9-40x-402ms.tif,NBL,0.0514,0.0514,42.3312,1.1435,2.1772,0.0588
536,03-DAPI-9-40x-402ms.tif,NBL,0.0277,0.0277,51.9333,1.1882,1.437,0.0329
537,03-DAPI-9-40x-402ms.tif,NBL,0.0416,0.0416,36.5248,0.6345,1.5179,0.0264
538,03-DAPI-9-40x-402ms.tif,NBL,0.0445,0.0445,38.2805,0.8366,1.703,0.0372
539,03-DAPI-9-40x-402ms.tif,NBL,0.0645,0.0645,44.3956,0.9259,2.8614,0.0597
540,03-DAPI-9-40x-402ms.tif,NBL,0.053,0.053,29.2623,0.4898,1.5495,0.0259
541,03-DAPI-9-40x-402ms.tif,NBL,0.0576,0.0576,41.6271,0.6309,2.3984,0.0363
542,03-DAPI-9-40x-402ms.tif,NBL,0.0391,0.0391,46.9889,1.2639,1.8355,0.0494
543,03-DAPI-9-40x-402ms.tif,NBL,0.0766,0.0766,30.9717,0.3385,2.3726,0.0259
544,03-DAPI-9-40x-402ms.tif,NBL,0.0354,0.0354,32.0675,0.362,1.1343,0.0128
545,03-DAPI-9-40x-402ms.tif,NBL,0.0179,0.0179,42.4848,0.7697,0.7606,0.0138
546,03-DAPI-9-40x-402ms.tif,NBL,0.0256,0.0256,41.1864,0.5212,1.0547,0.0133
547,04-DAPI-9-40x-402ms.tif,NBL,0.0347,0.0347,48.4594,80.45,1.6826,2.7934
548,04-DAPI-9-40x-402ms.tif,NBL,0.0683,0.0683,34.8824,53.1081,2.3808,3.6247
549,04-DAPI-9-40x-402ms.tif,NBL,0.0538,0.0538,32.7016,15.7238,1.76,0.8462
550,04-DAPI-9-40x-402ms.tif,NBL,0.0532,0.0532,44.8939,28.7898,2.3869,1.5307
551,04-DAPI-9-40x-402ms.tif,NBL,0.056,0.056,18.3953,6.4671,1.0299,0.3621
552,04-DAPI-9-40x-402ms.tif,NBL,0.1007,0.1007,34.3728,2.6649,3.4612,0.2683
553,04-DAPI-9-40x-402ms.tif,NBL,0.0605,0.0605,33.8799,4.7706,2.0513,0.2888
554,04-DAPI-9-40x-402ms.tif,NBL,0.0704,0.0704,50.5177,10.9445,3.5575,0.7707
555,04-DAPI-9-40x-402ms.tif,NBL,0.0391,0.0391,27.3556,28.0694,1.0686,1.0965
556,04-DAPI-9-40x-402ms.tif,NBL,0.0591,0.0591,23.2771,9.044,1.3765,0.5348
557,04-DAPI-9-40x-402ms.tif,NBL,0.0197,0.0197,38.2967,7.3407,0.7563,0.145
558,04-DAPI-9-40x-402ms.tif,NBL,0.0957,0.0957,47.6837,2.9966,4.5635,0.2868
559,04-DAPI-9-40x-402ms.tif,NBL,0.0841,0.0841,49.4323,1.9161,4.1569,0.1611
560,04-DAPI-9-40x-402ms.tif,NBL,0.0975,0.0975,39.2859,1.3615,3.8322,0.1328
561,04-DAPI-9-40x-402ms.tif,NBL,0.0687,0.0687,43.3712,1.3428,2.9789,0.0922
562,04-DAPI-9-40x-402ms.tif,NBL,0.0769,0.0769,41.701,1.7941,3.2081,0.138
563,04-DAPI-9-40x-402ms.tif,NBL,0.1086,0.1086,44.3766,2.001,4.82,0.2173
564,04-DAPI-9-40x-402ms.tif,NBL,0.1168,0.1168,43.1543,2.5483,5.0384,0.2975
565,04-DAPI-9-40x-402ms.tif,NBL,0.0924,0.0924,38.8415,4.9225,3.5908,0.4551
566,04-DAPI-9-40x-402ms.tif,NBL,0.1004,0.1004,46.9232,13.6054,4.7096,1.3656
567,04-DAPI-9-40x-402ms.tif,NBL,0.0775,0.0775,54.0518,17.8431,4.1876,1.3824
568,04-DAPI-9-40x-402ms.tif,NBL,0.1377,0.1377,32.8605,4.2136,4.5247,0.5802
569,04-DAPI-9-40x-402ms.tif,NBL,0.0592,0.0592,39.8791,71.3516,2.3626,4.2272
570,04-DAPI-9-40x-402ms.tif,NBL,0.0788,0.0788,37.7865,63.292,2.9767,4.9859
571,04-DAPI-9-40x-402ms.tif,NBL,0.0788,0.0788,38.5262,69.759,3.0349,5.4953
572,04-DAPI-9-40x-402ms.tif,NBL,0.0533,0.0533,20.2383,6.835,1.0782,0.3641
573,04-DAPI-9-40x-402ms.tif,NBL,0.0826,0.0826,44.9947,21.9803,3.7154,1.815
574,04-DAPI-9-40x-402ms.tif,NBL,0.0532,0.0532,52.0776,23.5939,2.7689,1.2544
575,04-DAPI-9-40x-402ms.tif,NBL,0.0383,0.0383,60.4788,51.6034,2.3165,1.9766
576,04-DAPI-9-40x-402ms.tif,NBL,0.1061,0.1061,45.1084,12.8681,4.7869,1.3656
577,04-DAPI-9-40x-402ms.tif,NBL,0.1222,0.1222,46.3561,2.5497,5.6637,0.3115
578,04-DAPI-9-40x-402ms.tif,NBL,0.0724,0.0724,40.7556,2.1574,2.9497,0.1561
579,04-DAPI-9-40x-402ms.tif,NBL,0.1368,0.1368,30.18,1.9976,4.1294,0.2733
580,04-DAPI-9-40x-402ms.tif,NBL,0.0876,0.0876,55.4845,5.7336,4.8585,0.5021
581,04-DAPI-9-40x-402ms.tif,NBL,0.083,0.083,29.7124,2.8052,2.4664,0.2329
582,04-DAPI-9-40x-402ms.tif,NBL,0.1303,0.1303,36.5937,2.975,4.7688,0.3877
583,04-DAPI-9-40x-402ms.tif,NBL,0.0856,0.0856,44.1914,18.9683,3.7833,1.6239
584,04-DAPI-9-40x-402ms.tif,NBL,0.0849,0.0849,26.6176,4.4962,2.2586,0.3815
585,04-DAPI-9-40x-402ms.tif,NBL,0.1264,0.1264,43.7674,1.9262,5.5327,0.2435
586,04-DAPI-9-40x-402ms.tif,NBL,0.1087,0.1087,23.5489,1.503,2.5603,0.1634
587,04-DAPI-9-40x-402ms.tif,NBL,0.0904,0.0904,39.964,1.958,3.6122,0.177
588,04-DAPI-9-40x-402ms.tif,NBL,0.1101,0.1101,35.4916,1.3616,3.9089,0.15
589,04-DAPI-9-40x-402ms.tif,NBL,0.0803,0.0803,39.7054,1.7757,3.1882,0.1426
590,04-DAPI-9-40x-402ms.tif,NBL,0.0616,0.0616,31.412,5.5704,1.936,0.3433
591,04-DAPI-9-40x-402ms.tif,NBL,0.0856,0.0856,54.2319,1.711,4.6429,0.1465
592,04-DAPI-9-40x-402ms.tif,NBL,0.041,0.041,55.2011,2.0873,2.2641,0.0856
593,04-DAPI-9-40x-402ms.tif,NBL,0.1134,0.1134,51.577,1.7177,5.8483,0.1948
594,04-DAPI-9-40x-402ms.tif,NBL,0.0654,0.0654,60.9154,2.0945,3.9857,0.137
595,04-DAPI-9-40x-402ms.tif,NBL,0.0986,0.0986,42.4235,1.2926,4.1844,0.1275
596,04-DAPI-9-40x-402ms.tif,NBL,0.0675,0.0675,39.3891,1.3006,2.6584,0.0878
597,04-DAPI-9-40x-402ms.tif,NBL,0.0952,0.0952,47.8461,1.366,4.5531,0.13
598,04-DAPI-9-40x-402ms.tif,NBL,0.078,0.078,48.4826,1.5146,3.7824,0.1182
599,04-DAPI-9-40x-402ms.tif,NBL,0.0482,0.0482,35.7658,1.5203,1.7231,0.0732
600,04-DAPI-9-40x-402ms.tif,NBL,0.0913,0.0913,49.7301,1.3246,4.5381,0.1209
601,04-DAPI-9-40x-402ms.tif,NBL,0.0907,0.0907,49.3876,1.5227,4.48,0.1381
602,04-DAPI-9-40x-402ms.tif,NBL,0.0551,0.0551,33.4035,1.3071,1.8413,0.072
603,04-DAPI-9-40x-402ms.tif,NBL,0.1814,0.1814,27.8134,1.5203,5.046,0.2758
604,04-DAPI-9-40x-402ms.tif,NBL,0.0901,0.0901,43.1892,1.5169,3.8896,0.1366
605,04-DAPI-9-40x-402ms.tif,NBL,0.0318,0.0318,42.3959,1.198,1.3479,0.0381
606,04-DAPI-9-40x-402ms.tif,NBL,0.1252,0.1252,34.4194,1.0867,4.3099,0.1361
607,04-DAPI-9-40x-402ms.tif,NBL,0.0833,0.0833,53.3359,1.4401,4.4447,0.12
608,04-DAPI-9-40x-402ms.tif,NBL,0.0783,0.0783,52.0512,1.5942,4.0778,0.1249
609,04-DAPI-9-40x-402ms.tif,NBL,0.1096,0.1096,45.3158,1.199,4.9663,0.1314
610,04-DAPI-9-40x-402ms.tif,NBL,0.0484,0.0484,61.8094,1.4955,2.9912,0.0724
611,04-DAPI-9-40x-402ms.tif,NBL,0.0867,0.0867,50.4681,1.3404,4.3754,0.1162
612,04-DAPI-9-40x-402ms.tif,NBL,0.0385,0.0385,54.1268,1.8845,2.085,0.0726
613,04-DAPI-9-40x-402ms.tif,NBL,0.0828,0.0828,51.4351,1.6016,4.2584,0.1326
614,04-DAPI-9-40x-402ms.tif,NBL,0.0714,0.0714,60.5122,1.4012,4.3204,0.1
615,04-DAPI-9-40x-402ms.tif,NBL,0.052,0.052,47.1983,0.9415,2.4531,0.0489
616,04-DAPI-9-40x-402ms.tif,NBL,0.1191,0.1191,27.837,0.8925,3.3165,0.1063
617,04-DAPI-9-40x-402ms.tif,NBL,0.117,0.117,43.9583,1.7941,5.1418,0.2099
618,04-DAPI-9-40x-402ms.tif,NBL,0.0617,0.0617,40.4148,1.529,2.4952,0.0944
619,04-DAPI-9-40x-402ms.tif,NBL,0.0765,0.0765,37.8652,1.183,2.8966,0.0905
620,04-DAPI-9-40x-402ms.tif,NBL,0.1509,0.1509,40.0834,1.3242,6.0499,0.1999
621,04-DAPI-9-40x-402ms.tif,NBL,0.0642,0.0642,47.0439,1.5861,3.0219,0.1019
622,04-DAPI-9-40x-402ms.tif,NBL,0.0685,0.0685,53.8304,1.9192,3.6857,0.1314
623,04-DAPI-9-40x-402ms.tif,NBL,0.0419,0.0419,40.9508,1.6321,1.7152,0.0684
624,04-DAPI-9-40x-402ms.tif,NBL,0.0679,0.0679,37.7252,2.1214,2.5625,0.1441
625,04-DAPI-9-40x-402ms.tif,NBL,0.0794,0.0794,39.0437,1.8784,3.1011,0.1492
626,04-DAPI-9-40x-402ms.tif,NBL,0.0418,0.0418,57.6,1.9403,2.4062,0.0811
627,04-DAPI-9-40x-402ms.tif,NBL,0.085,0.085,44.7216,1.083,3.7996,0.092
628,04-DAPI-9-40x-402ms.tif,NBL,0.063,0.063,53.6454,1.2616,3.3819,0.0795
629,04-DAPI-9-40x-402ms.tif,NBL,0.0692,0.0692,60.4749,1.6975,4.1865,0.1175
630,04-DAPI-9-40x-402ms.tif,NBL,0.0573,0.0573,44.2348,1.1477,2.5343,0.0658
631,04-DAPI-9-40x-402ms.tif,NBL,0.1121,0.1121,22.4956,54.4976,2.5215,6.1085
632,04-DAPI-9-40x-402ms.tif,NBL,0.0734,0.0734,22.8033,51.5917,1.6726,3.7843
633,04-DAPI-9-40x-402ms.tif,NBL,0.0911,0.0911,40.2524,19.4452,3.6688,1.7724
634,04-DAPI-9-40x-402ms.tif,NBL,0.0938,0.0938,42.0926,4.5394,3.9462,0.4256
635,04-DAPI-9-40x-402ms.tif,NBL,0.033,0.033,77.3684,7.5526,2.5521,0.2491
636,04-DAPI-9-40x-402ms.tif,NBL,0.0326,0.0326,28.3267,3.2333,0.9221,0.1053
637,04-DAPI-9-40x-402ms.tif,NBL,0.0501,0.0501,36.4545,6.0931,1.8275,0.3054
638,04-DAPI-9-40x-402ms.tif,NBL,0.07,0.07,51.2279,2.4729,3.5853,0.1731
639,04-DAPI-9-40x-402ms.tif,NBL,0.1272,0.1272,30.8814,1.448,3.9272,0.1841
640,04-DAPI-9-40x-402ms.tif,NBL,0.0802,0.0802,32.4195,2.4154,2.5996,0.1937
641,04-DAPI-9-40x-402ms.tif,NBL,0.1063,0.1063,38.8306,4.4878,4.1291,0.4772
642,04-DAPI-9-40x-402ms.tif,NBL,0.1015,0.1015,26.3786,5.9059,2.6762,0.5992
643,04-DAPI-9-40x-402ms.tif,NBL,0.0762,0.0762,38.2536,2.2023,2.9138,0.1678
644,04-DAPI-9-40x-402ms.tif,NBL,0.0511,0.0511,40.552,1.6943,2.0725,0.0866
645,04-DAPI-9-40x-402ms.tif,NBL,0.0557,0.0557,40.2183,1.3431,2.2387,0.0748
646,04-DAPI-9-40x-402ms.tif,NBL,0.0787,0.0787,38.9586,1.4303,3.0648,0.1125
647,04-DAPI-9-40x-402ms.tif,NBL,0.0255,0.0255,52.3149,2.2596,1.334,0.0576
648,04-DAPI-9-40x-402ms.tif,NBL,0.0731,0.0731,39.5252,1.3516,2.8906,0.0988
649,04-DAPI-9-40x-402ms.tif,NBL,0.0637,0.0637,56.5656,1.6354,3.6029,0.1042
650,04-DAPI-9-40x-402ms.tif,NBL,0.0567,0.0567,58.369,1.7457,3.3124,0.0991
651,04-DAPI-9-40x-402ms.tif,NBL,0.0921,0.0921,24.5241,0.8127,2.2592,0.0749
652,04-DAPI-9-40x-402ms.tif,NBL,0.0328,0.0328,50.6457,1.4106,1.6596,0.0462
653,04-DAPI-9-40x-402ms.tif,NBL,0.0408,0.0408,69.7846,2.117,2.8471,0.0864
654,04-DAPI-9-40x-402ms.tif,NBL,0.0711,0.0711,34.7344,0.8641,2.4686,0.0614
655,04-DAPI-9-40x-402ms.tif,NBL,0.0458,0.0458,40.5877,1.2038,1.8585,0.0551
656,04-DAPI-9-40x-402ms.tif,NBL,0.0557,0.0557,39.2651,25.3606,2.1857,1.4117
657,04-DAPI-9-40x-402ms.tif,NBL,0.0365,0.0365,18.5952,22.744,0.678,0.8292
658,04-DAPI-9-40x-402ms.tif,NBL,0.0698,0.0698,28.8818,35.6516,2.0151,2.4874
659,04-DAPI-9-40x-402ms.tif,NBL,0.098,0.098,26.3798,45.1429,2.5847,4.4232
660,04-DAPI-9-40x-402ms.tif,NBL,0.0596,0.0596,42.224,56.9126,2.5153,3.3903
661,04-DAPI-9-40x-402ms.tif,NBL,0.114,0.114,26.2188,26.9068,2.99,3.0685
662,04-DAPI-9-40x-402ms.tif,NBL,0.1187,0.1187,19.5018,12.5503,2.315,1.4898
663,04-DAPI-9-40x-402ms.tif,NBL,0.0279,0.0279,29.2101,10.3658,0.8146,0.2891
664,04-DAPI-9-40x-402ms.tif,NBL,0.0365,0.0365,62.3155,9.5565,2.2719,0.3484
665,04-DAPI-9-40x-402ms.tif,NBL,0.1265,0.1265,27.44,1.3911,3.4717,0.176
666,04-DAPI-9-40x-402ms.tif,NBL,0.06,0.06,51.0072,2.2749,3.0607,0.1365
667,04-DAPI-9-40x-402ms.tif,NBL,0.0395,0.0395,57.9203,2.6786,2.2877,0.1058
668,04-DAPI-9-40x-402ms.tif,NBL,0.0857,0.0857,38.3063,1.0468,3.2836,0.0897
669,04-DAPI-9-40x-402ms.tif,NBL,0.0432,0.0432,32.3241,1.6131,1.3959,0.0697
670,04-DAPI-9-40x-402ms.tif,NBL,0.0615,0.0615,35.3951,2.5996,2.1776,0.1599
671,04-DAPI-9-40x-402ms.tif,NBL,0.0947,0.0947,27.669,5.7102,2.621,0.5409
672,04-DAPI-9-40x-402ms.tif,NBL,0.0665,0.0665,38.0163,17.7618,2.5286,1.1814
673,04-DAPI-9-40x-402ms.tif,NBL,0.1329,0.1329,17.8196,44.5371,2.3686,5.9199
674,04-DAPI-9-40x-402ms.tif,NBL,0.094,0.094,19.1848,39.2702,1.8027,3.6901
675,04-DAPI-9-40x-402ms.tif,NBL,0.1343,0.1343,18.9394,13.7795,2.5442,1.851
676,04-DAPI-9-40x-402ms.tif,NBL,0.0964,0.0964,31.3795,3.6588,3.0235,0.3525
677,04-DAPI-9-40x-402ms.tif,NBL,0.0728,0.0728,36.6438,6.2385,2.668,0.4542
678,04-DAPI-9-40x-402ms.tif,NBL,0.0575,0.0575,30.4623,1.1566,1.7518,0.0665
679,04-DAPI-9-40x-402ms.tif,NBL,0.1387,0.1387,24.072,0.716,3.3381,0.0993
680,04-DAPI-9-40x-402ms.tif,NBL,0.0923,0.0923,32.1833,0.7673,2.9718,0.0709
681,04-DAPI-9-40x-402ms.tif,NBL,0.1261,0.1261,25.5069,0.5361,3.216,0.0676
682,04-DAPI-9-40x-402ms.tif,NBL,0.0862,0.0862,42.3589,0.9736,3.6494,0.0839
683,04-DAPI-9-40x-402ms.tif,NBL,0.078,0.078,41.7858,1.1613,3.26,0.0906
684,04-DAPI-9-40x-402ms.tif,NBL,0.0752,0.0752,48.2179,1.0505,3.6258,0.079
685,04-DAPI-9-40x-402ms.tif,NBL,0.0739,0.0739,42.2379,0.6887,3.1211,0.0509
686,04-DAPI-9-40x-402ms.tif,NBL,0.0243,0.0243,53.9018,1,1.3101,0.0243
687,04-DAPI-9-40x-402ms.tif,NBL,0.0839,0.0839,36.2755,1.1462,3.0426,0.0961
688,05-DAPI-9-40x-402ms.tif,NBL,0.1111,0.1111,42.458,2.0693,4.7176,0.2299
689,05-DAPI-9-40x-402ms.tif,NBL,0.06,0.06,31.3906,2.0488,1.8836,0.1229
690,05-DAPI-9-40x-402ms.tif,NBL,0.0346,0.0346,31.4201,1.9906,1.0876,0.0689
691,05-DAPI-9-40x-402ms.tif,NBL,0.0311,0.0311,38.4808,2.5436,1.1984,0.0792
692,05-DAPI-9-40x-402ms.tif,NBL,0.0973,0.0973,30.7938,2.3423,2.9972,0.228
693,05-DAPI-9-40x-402ms.tif,NBL,0.0355,0.0355,39.4281,2.8593,1.399,0.1015
694,05-DAPI-9-40x-402ms.tif,NBL,0.1228,0.1228,35.8021,3.5698,4.3976,0.4385
695,05-DAPI-9-40x-402ms.tif,NBL,0.0314,0.0314,32.6021,3.045,1.0224,0.0955
696,05-DAPI-9-40x-402ms.tif,NBL,0.0298,0.0298,42.4836,2.4945,1.2677,0.0744
697,05-DAPI-9-40x-402ms.tif,NBL,0.052,0.052,61.6722,3.0397,3.2054,0.158
698,05-DAPI-9-40x-402ms.tif,NBL,0.0523,0.0523,48.8237,2.9025,2.5535,0.1518
699,05-DAPI-9-40x-402ms.tif,NBL,0.0724,0.0724,42.9895,2.3283,3.1113,0.1685
700,05-DAPI-9-40x-402ms.tif,NBL,0.0477,0.0477,36.4932,1.5023,1.7423,0.0717
701,05-DAPI-9-40x-402ms.tif,NBL,0.0283,0.0283,31.7318,1.6437,0.8987,0.0465
702,05-DAPI-9-40x-402ms.tif,NBL,0.0289,0.0289,60.3496,3.0376,1.7419,0.0877
703,05-DAPI-9-40x-402ms.tif,NBL,0.0768,0.0768,44.5876,2.2571,3.4253,0.1734
704,05-DAPI-9-40x-402ms.tif,NBL,0.0494,0.0494,61.0637,3.2879,3.0148,0.1623
705,05-DAPI-9-40x-402ms.tif,NBL,0.0278,0.0278,46.5781,2.5703,1.2938,0.0714
706,05-DAPI-9-40x-402ms.tif,NBL,0.0536,0.0536,47.9413,2.9109,2.5698,0.156
707,05-DAPI-9-40x-402ms.tif,NBL,0.0781,0.0781,44.4583,3.1569,3.4733,0.2466
708,05-DAPI-9-40x-402ms.tif,NBL,0.0808,0.0808,34.2993,3.3772,2.7727,0.273
709,05-DAPI-9-40x-402ms.tif,NBL,0.085,0.085,34.2644,5.3001,2.9111,0.4503
710,05-DAPI-9-40x-402ms.tif,NBL,0.0689,0.0689,47.4157,17.3606,3.267,1.1962
711,05-DAPI-9-40x-402ms.tif,NBL,0.1283,0.1283,26.1548,13.5922,3.3545,1.7433
712,05-DAPI-9-40x-402ms.tif,NBL,0.0548,0.0548,28.0495,34.7109,1.537,1.902
713,05-DAPI-9-40x-402ms.tif,NBL,0.063,0.063,40.1067,32.9071,2.5284,2.0745
714,05-DAPI-9-40x-402ms.tif,NBL,0.099,0.099,37.3432,48.7138,3.6954,4.8206
715,05-DAPI-9-40x-402ms.tif,NBL,0.0712,0.0712,34.9253,37.3186,2.486,2.6564
716,05-DAPI-9-40x-402ms.tif,NBL,0.0787,0.0787,42.8566,10.5641,3.3714,0.8311
717,05-DAPI-9-40x-402ms.tif,NBL,0.0439,0.0439,45.2889,21.8444,1.9902,0.96
718,05-DAPI-9-40x-402ms.tif,NBL,0.0361,0.0361,39.3964,2.3694,1.4235,0.0856
719,05-DAPI-9-40x-402ms.tif,NBL,0.0486,0.0486,30.8192,2.6429,1.4982,0.1285
720,05-DAPI-9-40x-402ms.tif,NBL,0.0941,0.0941,24.2445,2.8893,2.2808,0.2718
721,05-DAPI-9-40x-402ms.tif,NBL,0.1041,0.1041,32.4015,2.1992,3.3716,0.2288
722,05-DAPI-9-40x-402ms.tif,NBL,0.0669,0.0669,29.2464,5.8266,1.958,0.3901
723,05-DAPI-9-40x-402ms.tif,NBL,0.0597,0.0597,28.0691,2.8982,1.6751,0.173
724,05-DAPI-9-40x-402ms.tif,NBL,0.0424,0.0424,38.0921,6.5192,1.6161,0.2766
725,05-DAPI-9-40x-402ms.tif,NBL,0.0634,0.0634,43.3853,16.7705,2.7492,1.0627
726,05-DAPI-9-40x-402ms.tif,NBL,0.0482,0.0482,47.7523,14.9707,2.3006,0.7212
727,05-DAPI-9-40x-402ms.tif,NBL,0.0345,0.0345,40.7547,18.4057,1.4062,0.6351
728,05-DAPI-9-40x-402ms.tif,NBL,0.0826,0.0826,33.8752,4.7372,2.7972,0.3912
729,05-DAPI-9-40x-402ms.tif,NBL,0.1084,0.1084,39.4054,4.3974,4.2715,0.4767
730,05-DAPI-9-40x-402ms.tif,NBL,0.0691,0.0691,48.5934,3.4976,3.3587,0.2418
731,05-DAPI-9-40x-402ms.tif,NBL,0.0369,0.0369,23.9794,12.1941,0.8847,0.4499
732,05-DAPI-9-40x-402ms.tif,NBL,0.0463,0.0463,39.5574,32.555,1.8328,1.5084
733,05-DAPI-9-40x-402ms.tif,NBL,0.0851,0.0851,28.1875,3.4911,2.3979,0.297
734,05-DAPI-9-40x-402ms.tif,NBL,0.0572,0.0572,28.167,3.0816,1.6107,0.1762
735,05-DAPI-9-40x-402ms.tif,NBL,0.1011,0.1011,48.0762,4.5139,4.8619,0.4565
736,05-DAPI-9-40x-402ms.tif,NBL,0.0833,0.0833,39.1016,2.293,3.2585,0.1911
737,05-DAPI-9-40x-402ms.tif,NBL,0.1029,0.1029,35.3776,1.9251,3.6391,0.198
738,05-DAPI-9-40x-402ms.tif,NBL,0.0557,0.0557,41.1501,2.0858,2.2906,0.1161
739,05-DAPI-9-40x-402ms.tif,NBL,0.0299,0.0299,55.3804,3.4819,1.6585,0.1043
740,05-DAPI-9-40x-402ms.tif,NBL,0.0451,0.0451,45.9351,2.5,2.0735,0.1128
741,05-DAPI-9-40x-402ms.tif,NBL,0.0426,0.0426,31.4377,2.2824,1.3406,0.0973
742,05-DAPI-9-40x-402ms.tif,NBL,0.0331,0.0331,48.0098,2.8426,1.5889,0.0941
743,05-DAPI-9-40x-402ms.tif,NBL,0.1483,0.1483,31.7228,2.526,4.7054,0.3747
744,05-DAPI-9-40x-402ms.tif,NBL,0.0556,0.0556,59.5527,3.8184,3.3085,0.2121
745,05-DAPI-9-40x-402ms.tif,NBL,0.0507,0.0507,43.2805,2.5054,2.1931,0.127
746,05-DAPI-9-40x-402ms.tif,NBL,0.0191,0.0191,32.5057,1.5682,0.6208,0.0299
747,05-DAPI-9-40x-402ms.tif,NBL,0.0208,0.0208,51.4062,3.125,1.071,0.0651
748,05-DAPI-9-40x-402ms.tif,NBL,0.092,0.092,51.7394,2.3809,4.7607,0.2191
749,05-DAPI-9-40x-402ms.tif,NBL,0.0668,0.0668,65.0373,3.3847,4.3471,0.2262
750,05-DAPI-9-40x-402ms.tif,NBL,0.1683,0.1683,28.5629,2.7389,4.807,0.4609
751,05-DAPI-9-40x-402ms.tif,NBL,0.1029,0.1029,32.4546,1.9241,3.3384,0.1979
752,05-DAPI-9-40x-402ms.tif,NBL,0.1009,0.1009,28.543,4.0237,2.8803,0.406
753,05-DAPI-9-40x-402ms.tif,NBL,0.092,0.092,34.6132,2.9009,3.1849,0.2669
754,05-DAPI-9-40x-402ms.tif,NBL,0.1089,0.1089,30.4253,1.9273,3.3146,0.21
755,05-DAPI-9-40x-402ms.tif,NBL,0.028,0.028,49.6977,27.7326,1.3913,0.7764
756,05-DAPI-9-40x-402ms.tif,NBL,0.0432,0.0432,37.2513,29.495,1.6087,1.2738
757,05-DAPI-9-40x-402ms.tif,NBL,0.0395,0.0395,43.4533,30.9863,1.7163,1.2238
758,05-DAPI-9-40x-402ms.tif,NBL,0.1387,0.1387,24.6072,14.1729,3.4123,1.9654
759,05-DAPI-9-40x-402ms.tif,NBL,0.1425,0.1425,21.8819,3.5887,3.1175,0.5113
760,05-DAPI-9-40x-402ms.tif,NBL,0.1612,0.1612,18.6736,3.43,3.011,0.5531
761,05-DAPI-9-40x-402ms.tif,NBL,0.1086,0.1086,33.9011,2.6653,3.6822,0.2895
762,05-DAPI-9-40x-402ms.tif,NBL,0.0692,0.0692,40.594,2.3824,2.8102,0.1649
763,05-DAPI-9-40x-402ms.tif,NBL,0.063,0.063,48.8847,2.5594,3.0818,0.1613
764,05-DAPI-9-40x-402ms.tif,NBL,0.0637,0.0637,34.7768,1.7308,2.2151,0.1102
765,05-DAPI-9-40x-402ms.tif,NBL,0.039,0.039,50.9471,2.8022,1.9846,0.1092
766,05-DAPI-9-40x-402ms.tif,NBL,0.0565,0.0565,62.1344,3.2438,3.5126,0.1834
767,05-DAPI-9-40x-402ms.tif,NBL,0.0604,0.0604,66.9479,3.4075,4.0462,0.2059
768,05-DAPI-9-40x-402ms.tif,NBL,0.0508,0.0508,65.438,3.4915,3.323,0.1773
769,05-DAPI-9-40x-402ms.tif,NBL,0.0755,0.0755,49.5445,2.1466,3.7416,0.1621
770,05-DAPI-9-40x-402ms.tif,NBL,0.0929,0.0929,33.986,1.7056,3.1567,0.1584
771,05-DAPI-9-40x-402ms.tif,NBL,0.0839,0.0839,39.5162,2.0763,3.3145,0.1742
772,05-DAPI-9-40x-402ms.tif,NBL,0.1106,0.1106,55.8155,2.9794,6.1714,0.3294
773,05-DAPI-9-40x-402ms.tif,NBL,0.0839,0.0839,47.4101,2.7477,3.9766,0.2305
774,05-DAPI-9-40x-402ms.tif,NBL,0.0384,0.0384,32.5169,2.0395,1.249,0.0783
775,05-DAPI-9-40x-402ms.tif,NBL,0.1126,0.1126,32.0491,2.9644,3.6097,0.3339
776,05-DAPI-9-40x-402ms.tif,NBL,0.0748,0.0748,26.3817,2.2395,1.9723,0.1674
777,05-DAPI-9-40x-402ms.tif,NBL,0.0511,0.0511,30.1274,3.8896,1.5397,0.1988
778,05-DAPI-9-40x-402ms.tif,NBL,0.0436,0.0436,42.306,10.5348,1.8454,0.4595
779,05-DAPI-9-40x-402ms.tif,NBL,0.0633,0.0633,26.9005,8.9949,1.7017,0.569
780,05-DAPI-9-40x-402ms.tif,NBL,0.0692,0.0692,26.2618,3.3276,1.818,0.2304
781,05-DAPI-9-40x-402ms.tif,NBL,0.0954,0.0954,27.4664,2.5563,2.6197,0.2438
782,05-DAPI-9-40x-402ms.tif,NBL,0.0515,0.0515,40.7326,2.4042,2.0994,0.1239
783,05-DAPI-9-40x-402ms.tif,NBL,0.0742,0.0742,44.6784,1.9488,3.316,0.1446
784,05-DAPI-9-40x-402ms.tif,NBL,0.0308,0.0308,33.5387,1.6197,1.0335,0.0499
785,05-DAPI-9-40x-402ms.tif,NBL,0.0391,0.0391,48.6944,2.2083,1.9021,0.0863
786,05-DAPI-9-40x-402ms.tif,NBL,0.0476,0.0476,35.5216,1.9567,1.6921,0.0932
787,05-DAPI-9-40x-402ms.tif,NBL,0.0872,0.0872,19.1455,1.158,1.6702,0.101
788,05-DAPI-9-40x-402ms.tif,NBL,0.0413,0.0413,53.8268,2.1654,2.2253,0.0895
789,05-DAPI-9-40x-402ms.tif,NBL,0.0656,0.0656,44.8017,1.9421,2.9411,0.1275
790,05-DAPI-9-40x-402ms.tif,NBL,0.0582,0.0582,40.6828,1.7537,2.3661,0.102
791,05-DAPI-9-40x-402ms.tif,NBL,0.0934,0.0934,30.2764,1.928,2.8286,0.1801
792,05-DAPI-9-40x-402ms.tif,NBL,0.0592,0.0592,34.2509,1.3993,2.0292,0.0829
793,05-DAPI-9-40x-402ms.tif,NBL,0.0525,0.0525,46.0331,2.6818,2.4175,0.1408
794,05-DAPI-9-40x-402ms.tif,NBL,0.056,0.056,46.5349,1.7171,2.6055,0.0961
795,05-DAPI-9-40x-402ms.tif,NBL,0.0334,0.0334,53.4188,2.1364,1.7853,0.0714
796,05-DAPI-9-40x-402ms.tif,NBL,0.0897,0.0897,56.8017,2.2044,5.0971,0.1978
797,05-DAPI-9-40x-402ms.tif,NBL,0.0499,0.0499,46.263,1.6391,2.3091,0.0818
798,05-DAPI-9-40x-402ms.tif,NBL,0.0873,0.0873,42.5006,1.5776,3.7123,0.1378
799,05-DAPI-9-40x-402ms.tif,NBL,0.051,0.051,46.0128,1.4106,2.3466,0.0719
800,05-DAPI-9-40x-402ms.tif,NBL,0.062,0.062,52.8284,1.7408,3.2731,0.1079
801,05-DAPI-9-40x-402ms.tif,NBL,0.0566,0.0566,34.954,1.1571,1.9798,0.0655
802,05-DAPI-9-40x-402ms.tif,NBL,0.1214,0.1214,27.7417,0.9857,3.3684,0.1197
803,05-DAPI-9-40x-402ms.tif,NBL,0.0882,0.0882,30.8635,1.0148,2.7227,0.0895
804,05-DAPI-9-40x-402ms.tif,NBL,0.0331,0.0331,40.4,1.0164,1.337,0.0336
805,05-DAPI-9-40x-402ms.tif,NBL,0.0607,0.0607,44.7406,0.975,2.7138,0.0591
806,05-DAPI-9-40x-402ms.tif,NBL,0.0664,0.0664,42.634,1.1928,2.8312,0.0792
807,05-DAPI-9-40x-402ms.tif,NBL,0.0567,0.0567,34.6883,35.5086,1.9685,2.0151
808,05-DAPI-9-40x-402ms.tif,NBL,0.0781,0.0781,23.6306,37.5583,1.8461,2.9342
809,05-DAPI-9-40x-402ms.tif,NBL,0.1035,0.1035,16.2055,18.6143,1.6775,1.9269
810,05-DAPI-9-40x-402ms.tif,NBL,0.1254,0.1254,17.026,1.7907,2.1356,0.2246
811,05-DAPI-9-40x-402ms.tif,NBL,0.0563,0.0563,29.1541,1.4836,1.6418,0.0836
812,05-DAPI-9-40x-402ms.tif,NBL,0.0366,0.0366,35.5074,1.819,1.2984,0.0665
813,05-DAPI-9-40x-402ms.tif,NBL,0.0654,0.0654,22.2687,0.8905,1.457,0.0583
814,05-DAPI-9-40x-402ms.tif,NBL,0.0264,0.0264,32.3745,1.1893,0.8536,0.0314
815,05-DAPI-9-40x-402ms.tif,NBL,0.0355,0.0355,49.159,1.7431,1.7442,0.0618
816,05-DAPI-9-40x-402ms.tif,NBL,0.019,0.019,52.6514,1.7829,0.9998,0.0339
817,05-DAPI-9-40x-402ms.tif,NBL,0.0161,0.0161,52.2432,1.7568,0.839,0.0282
818,05-DAPI-9-40x-402ms.tif,NBL,0.0426,0.0426,35.0178,1.1399,1.4933,0.0486
819,05-DAPI-9-40x-402ms.tif,NBL,0.0141,0.0141,28.4,1.0538,0.4006,0.0149
820,05-DAPI-9-40x-402ms.tif,NBL,0.0244,0.0244,39.8667,1.6044,0.9733,0.0392
821,05-DAPI-9-40x-402ms.tif,NBL,0.134,0.134,22.7425,0.9239,3.0476,0.1238
822,05-DAPI-9-40x-402ms.tif,NBL,0.0873,0.0873,19.1851,1.9528,1.6758,0.1706
823,05-DAPI-9-40x-402ms.tif,NBL,0.094,0.094,18.179,7.9988,1.7082,0.7516
824,05-DAPI-9-40x-402ms.tif,NBL,0.0354,0.0354,29.5307,1.1656,1.0446,0.0412
825,05-DAPI-9-40x-402ms.tif,NBL,0.0285,0.0285,28.2814,1.2738,0.8071,0.0363
826,05-DAPI-9-40x-402ms.tif,NBL,0.0567,0.0567,36.1472,0.956,2.0513,0.0543
827,05-DAPI-9-40x-402ms.tif,NBL,0.0432,0.0432,44.1608,1.2337,1.9071,0.0533
828,05-DAPI-9-40x-402ms.tif,NBL,0.0443,0.0443,38.9142,0.9926,1.7228,0.0439
829,05-DAPI-9-40x-402ms.tif,NBL,0.0532,0.0532,29.5,0.6959,1.5685,0.037
830,05-DAPI-9-40x-402ms.tif,NBL,0.0173,0.0173,36.3711,0.7673,0.6275,0.0132
831,05-DAPI-9-40x-402ms.tif,NBL,0.0523,0.0523,39.4938,0.7863,2.0655,0.0411
832,05-DAPI-9-40x-402ms.tif,NBL,0.0181,0.0181,47.1796,0.9162,0.8549,0.0166
833,05-DAPI-9-40x-402ms.tif,NBL,0.0354,0.0354,35.1534,0.7331,1.2435,0.0259
834,05-DAPI-9-40x-402ms.tif,NBL,0.0268,0.0268,47.5587,1.4332,1.2746,0.0384
835,05-DAPI-9-40x-402ms.tif,NBL,0.0518,0.0518,32.9518,0.8805,1.7055,0.0456
836,05-DAPI-9-40x-402ms.tif,NBL,0.0272,0.0272,40.0558,1.1434,1.0909,0.0311
837,05-DAPI-9-40x-402ms.tif,NBL,0.056,0.056,37.8391,1.6279,2.1186,0.0911
838,05-DAPI-9-40x-402ms.tif,NBL,0.0266,0.0266,46.3347,1.0653,1.2318,0.0283
839,05-DAPI-9-40x-402ms.tif,NBL,0.0132,0.0132,58.7131,1.5574,0.7772,0.0206
840,05-DAPI-9-40x-402ms.tif,NBL,0.0217,0.0217,58.285,0.78,1.2649,0.0169
841,05-DAPI-9-40x-402ms.tif,NBL,0.0328,0.0328,42.5894,0.9371,1.3956,0.0307
842,05-DAPI-9-40x-402ms.tif,NBL,0.0547,0.0547,44.1825,0.8591,2.4162,0.047
843,05-DAPI-9-40x-402ms.tif,NBL,0.0286,0.0286,32.9091,0.6326,0.9427,0.0181
844,05-DAPI-9-40x-402ms.tif,NBL,0.0536,0.0536,47.9393,0.6316,2.5697,0.0339
845,05-DAPI-9-40x-402ms.tif,NBL,0.0506,0.0506,43.4528,2.073,2.1972,0.1048
846,05-DAPI-9-40x-402ms.tif,NBL,0.0398,0.0398,29.6185,6.7984,1.1795,0.2707
847,05-DAPI-9-40x-402ms.tif,NBL,0.1144,0.1144,11.3036,22.8226,1.2928,2.6101
848,05-DAPI-9-40x-402ms.tif,NBL,0.0452,0.0452,23.4892,52.3309,1.0628,2.3678
849,05-DAPI-9-40x-402ms.tif,NBL,0.0846,0.0846,35.4564,59.5128,3.0009,5.0369
850,05-DAPI-9-40x-402ms.tif,NBL,0.0495,0.0495,26.8487,41.1491,1.3285,2.036
851,05-DAPI-9-40x-402ms.tif,NBL,0.0573,0.0573,37.2462,40.6591,2.1339,2.3294
852,05-DAPI-9-40x-402ms.tif,NBL,0.0681,0.0681,23.8551,48.6194,1.6255,3.313
853,06-DAPI-9-40x-402ms.tif,NBL,0.055,0.055,40.5385,1.5897,2.2301,0.0875
854,06-DAPI-9-40x-402ms.tif,NBL,0.0284,0.0284,48.6298,1.6756,1.3825,0.0476
855,06-DAPI-9-40x-402ms.tif,NBL,0.0411,0.0411,63.0158,2.0026,2.5915,0.0824
856,06-DAPI-9-40x-402ms.tif,NBL,0.0305,0.0305,73.6299,2.4484,2.245,0.0747
857,06-DAPI-9-40x-402ms.tif,NBL,0.0335,0.0335,68.178,1.9417,2.2859,0.0651
858,06-DAPI-9-40x-402ms.tif,NBL,0.018,0.018,54.1867,1.741,0.976,0.0314
859,06-DAPI-9-40x-402ms.tif,NBL,0.0201,0.0201,54.7838,2.0811,1.0997,0.0418
860,06-DAPI-9-40x-402ms.tif,NBL,0.0565,0.0565,27.7735,1.4261,1.5701,0.0806
861,06-DAPI-9-40x-402ms.tif,NBL,0.0607,0.0607,51.0751,1.8927,3.098,0.1148
862,06-DAPI-9-40x-402ms.tif,NBL,0.0452,0.0452,42.6739,1.8106,1.9309,0.0819
863,06-DAPI-9-40x-402ms.tif,NBL,0.0539,0.0539,44.6056,1.4688,2.4055,0.0792
864,06-DAPI-9-40x-402ms.tif,NBL,0.0371,0.0371,40.6959,1.8801,1.5102,0.0698
865,06-DAPI-9-40x-402ms.tif,NBL,0.0447,0.0447,27.2743,2.2791,1.2193,0.1019
866,06-DAPI-9-40x-402ms.tif,NBL,0.0373,0.0373,44.9041,12.7006,1.6761,0.4741
867,06-DAPI-9-40x-402ms.tif,NBL,0.0514,0.0514,33.3755,14.9536,1.7166,0.7691
868,06-DAPI-9-40x-402ms.tif,NBL,0.0437,0.0437,45.3127,24.9901,1.9814,1.0928
869,06-DAPI-9-40x-402ms.tif,NBL,0.0409,0.0409,36.5093,39.8541,1.4935,1.6303
870,06-DAPI-9-40x-402ms.tif,NBL,0.0537,0.0537,41.3313,30.8343,2.2199,1.6561
871,06-DAPI-9-40x-402ms.tif,NBL,0.0755,0.0755,39.6537,14.3606,2.9947,1.0845
872,06-DAPI-9-40x-402ms.tif,NBL,0.0643,0.0643,46.3626,6.9309,2.9832,0.446
873,06-DAPI-9-40x-402ms.tif,NBL,0.1235,0.1235,29.768,1.4095,3.6758,0.174
874,06-DAPI-9-40x-402ms.tif,NBL,0.0532,0.0532,29.0571,1.3245,1.5449,0.0704
875,06-DAPI-9-40x-402ms.tif,NBL,0.0138,0.0138,76.8031,3.189,1.0584,0.0439
876,06-DAPI-9-40x-402ms.tif,NBL,0.072,0.072,35.4623,2.1009,2.555,0.1514
877,06-DAPI-9-40x-402ms.tif,NBL,0.072,0.072,24.488,3.9578,1.7643,0.2852
878,06-DAPI-9-40x-402ms.tif,NBL,0.0406,0.0406,46.3182,15.393,1.8797,0.6247
879,06-DAPI-9-40x-402ms.tif,NBL,0.0671,0.0671,20.0016,12.6537,1.3413,0.8485
880,06-DAPI-9-40x-402ms.tif,NBL,0.0582,0.0582,49.9963,12.3899,2.9078,0.7206
881,06-DAPI-9-40x-402ms.tif,NBL,0.0828,0.0828,43.4758,5.4836,3.5994,0.454
882,06-DAPI-9-40x-402ms.tif,NBL,0.0411,0.0411,31.1187,1.6649,1.2797,0.0685
883,06-DAPI-9-40x-402ms.tif,NBL,0.0145,0.0145,41.4851,3.6194,0.6032,0.0526
884,06-DAPI-9-40x-402ms.tif,NBL,0.0469,0.0469,43.5532,4.2616,2.0416,0.1998
885,06-DAPI-9-40x-402ms.tif,NBL,0.0192,0.0192,38.0565,18.5593,0.7309,0.3564
886,06-DAPI-9-40x-402ms.tif,NBL,0.0226,0.0226,34.6394,52.2933,0.7818,1.1802
887,06-DAPI-9-40x-402ms.tif,NBL,0.0771,0.0771,31.5795,51.9859,2.4363,4.0106
888,06-DAPI-9-40x-402ms.tif,NBL,0.1254,0.1254,28.0061,31.7682,3.5129,3.9848
889,06-DAPI-9-40x-402ms.tif,NBL,0.0365,0.0365,26.2589,18.878,0.9574,0.6883
890,06-DAPI-9-40x-402ms.tif,NBL,0.049,0.049,32.6482,12.4137,1.6012,0.6088
891,06-DAPI-9-40x-402ms.tif,NBL,0.0736,0.0736,45.7507,17.1504,3.3658,1.2617
892,06-DAPI-9-40x-402ms.tif,NBL,0.0611,0.0611,26.714,1.4565,1.6319,0.089
893,06-DAPI-9-40x-402ms.tif,NBL,0.0183,0.0183,32.2663,1.787,0.5917,0.0328
894,06-DAPI-9-40x-402ms.tif,NBL,0.0581,0.0581,48.2262,1.8897,2.7996,0.1097
895,06-DAPI-9-40x-402ms.tif,NBL,0.0235,0.0235,32.7097,1.576,0.7702,0.0371
896,06-DAPI-9-40x-402ms.tif,NBL,0.031,0.031,35.2343,1.7028,1.0934,0.0528
897,06-DAPI-9-40x-402ms.tif,NBL,0.0193,0.0193,42.8202,3.2079,0.827,0.062
898,06-DAPI-9-40x-402ms.tif,NBL,0.111,0.111,39.2287,5.5181,4.3545,0.6125
899,06-DAPI-9-40x-402ms.tif,NBL,0.0206,0.0206,23.8,15.9263,0.4907,0.3283
900,06-DAPI-9-40x-402ms.tif,NBL,0.0526,0.0526,17.7938,19.2371,0.9364,1.0124
901,06-DAPI-9-40x-402ms.tif,NBL,0.0586,0.0586,48.1407,17.2148,2.8207,1.0087
902,06-DAPI-9-40x-402ms.tif,NBL,0.0729,0.0729,38.9509,6.3006,2.8402,0.4594
903,06-DAPI-9-40x-402ms.tif,NBL,0.0409,0.0409,37.5676,8.0769,1.5368,0.3304
904,06-DAPI-9-40x-402ms.tif,NBL,0.0624,0.0624,23.8052,13.36,1.4852,0.8336
905,06-DAPI-9-40x-402ms.tif,NBL,0.0344,0.0344,13.6562,14.5079,0.4697,0.499
906,06-DAPI-9-40x-402ms.tif,NBL,0.0665,0.0665,34.8842,28.3458,2.3203,1.8854
907,06-DAPI-9-40x-402ms.tif,NBL,0.0519,0.0519,30.0502,23.613,1.5586,1.2247
908,06-DAPI-9-40x-402ms.tif,NBL,0.0614,0.0614,25.0353,51.6678,1.5375,3.1732
909,06-DAPI-9-40x-402ms.tif,NBL,0.0541,0.0541,34.5651,37.4048,1.8715,2.0253
910,06-DAPI-9-40x-402ms.tif,NBL,0.0717,0.0717,22.5598,31.9834,1.6181,2.2939
911,06-DAPI-9-40x-402ms.tif,NBL,0.0524,0.0524,37.1139,15.1636,1.9451,0.7947
912,06-DAPI-9-40x-402ms.tif,NBL,0.0562,0.0562,47.305,5.112,2.6589,0.2873
913,06-DAPI-9-40x-402ms.tif,NBL,0.0436,0.0436,29.7488,7.5448,1.2976,0.3291
914,06-DAPI-9-40x-402ms.tif,NBL,0.092,0.092,28.6686,2.8337,2.6379,0.2607
915,06-DAPI-9-40x-402ms.tif,NBL,0.0551,0.0551,30.6476,7.9626,1.6893,0.4389
916,06-DAPI-9-40x-402ms.tif,NBL,0.0519,0.0519,29.931,19.8536,1.5524,1.0297
917,06-DAPI-9-40x-402ms.tif,NBL,0.0916,0.0916,18.2524,1.6019,1.6715,0.1467
918,06-DAPI-9-40x-402ms.tif,NBL,0.0562,0.0562,49.6429,3.0483,2.7903,0.1713
919,06-DAPI-9-40x-402ms.tif,NBL,0.0508,0.0508,18.8675,29.1902,0.9581,1.4823
920,06-DAPI-9-40x-402ms.tif,NBL,0.0919,0.0919,18.8146,12.1499,1.7292,1.1166
921,06-DAPI-9-40x-402ms.tif,NBL,0.027,0.027,38.0562,6.6747,1.0282,0.1803
922,06-DAPI-9-40x-402ms.tif,NBL,0.0941,0.0941,37.5755,2.8201,3.5349,0.2653
923,06-DAPI-9-40x-402ms.tif,NBL,0.0381,0.0381,39.8604,4.4843,1.5181,0.1708
924,06-DAPI-9-40x-402ms.tif,NBL,0.0412,0.0412,42.1789,8.3342,1.7391,0.3436
925,06-DAPI-9-40x-402ms.tif,NBL,0.0438,0.0438,30.1955,1.5223,1.3237,0.0667
926,06-DAPI-9-40x-402ms.tif,NBL,0.0958,0.0958,35.1687,1.2729,3.3696,0.122
927,06-DAPI-9-40x-402ms.tif,NBL,0.0579,0.0579,36.9906,3.6105,2.1433,0.2092
928,06-DAPI-9-40x-402ms.tif,NBL,0.0126,0.0126,39.4397,15.7241,0.4964,0.1979
929,06-DAPI-9-40x-402ms.tif,NBL,0.062,0.062,16.4168,16.4028,1.0171,1.0163
930,06-DAPI-9-40x-402ms.tif,NBL,0.0512,0.0512,31.0572,1.1525,1.5906,0.059
931,06-DAPI-9-40x-402ms.tif,NBL,0.0324,0.0324,47.6756,1.2676,1.5468,0.0411
932,06-DAPI-9-40x-402ms.tif,NBL,0.0272,0.0272,44.5896,1.0677,1.2144,0.0291
933,06-DAPI-9-40x-402ms.tif,NBL,0.0271,0.0271,32.236,0.788,0.8745,0.0214
934,06-DAPI-9-40x-402ms.tif,NBL,0.0471,0.0471,56.4194,1.7327,2.6569,0.0816
935,06-DAPI-9-40x-402ms.tif,NBL,0.019,0.019,38.1886,1.2743,0.7252,0.0242
936,06-DAPI-9-40x-402ms.tif,NBL,0.0221,0.0221,37.6422,0.9216,0.8332,0.0204
937,06-DAPI-9-40x-402ms.tif,NBL,0.0252,0.0252,39.7845,0.931,1.0015,0.0234
938,06-DAPI-9-40x-402ms.tif,NBL,0.0423,0.0423,37.4179,0.859,1.5834,0.0363
939,06-DAPI-9-40x-402ms.tif,NBL,0.0256,0.0256,34.0678,0.8093,0.8724,0.0207
940,06-DAPI-9-40x-402ms.tif,NBL,0.0585,0.0585,29.0724,0.9054,1.7003,0.053
941,06-DAPI-9-40x-402ms.tif,NBL,0.0176,0.0176,31.4136,0.7407,0.5522,0.013
942,06-DAPI-9-40x-402ms.tif,NBL,0.0474,0.0474,40.6476,0.9016,1.9274,0.0428
943,06-DAPI-9-40x-402ms.tif,NBL,0.1241,0.1241,23.0603,0.6128,2.8625,0.0761
944,06-DAPI-9-40x-402ms.tif,NBL,0.0493,0.0493,40.4449,0.9493,1.9924,0.0468
945,06-DAPI-9-40x-402ms.tif,NBL,0.0707,0.0707,29.7807,0.7132,2.1069,0.0505
946,06-DAPI-9-40x-402ms.tif,NBL,0.0247,0.0247,36.0702,0.6404,0.8924,0.0158
947,06-DAPI-9-40x-402ms.tif,NBL,0.072,0.072,50.1295,0.8479,3.6118,0.0611
948,06-DAPI-9-40x-402ms.tif,NBL,0.0887,0.0887,47.8323,0.8299,4.2403,0.0736
949,06-DAPI-9-40x-402ms.tif,NBL,0.0656,0.0656,46.3983,0.795,3.0459,0.0522
950,06-DAPI-9-40x-402ms.tif,NBL,0.0494,0.0494,51.2044,0.6747,2.528,0.0333
951,06-DAPI-9-40x-402ms.tif,NBL,0.0551,0.0551,52.4232,1.0669,2.8896,0.0588
952,06-DAPI-9-40x-402ms.tif,NBL,0.0414,0.0414,45.2382,0.9188,1.8751,0.0381
953,06-DAPI-9-40x-402ms.tif,NBL,0.112,0.112,21.0504,1.0891,2.3572,0.122
954,06-DAPI-9-40x-402ms.tif,NBL,0.0528,0.0528,35.7947,2.1294,1.8915,0.1125
955,06-DAPI-9-40x-402ms.tif,NBL,0.0539,0.0539,30.163,0.7042,1.6266,0.038
956,06-DAPI-9-40x-402ms.tif,NBL,0.0728,0.0728,39.4486,0.8018,2.8722,0.0584
957,06-DAPI-9-40x-402ms.tif,NBL,0.0571,0.0571,26.1502,1.616,1.4925,0.0922
958,06-DAPI-9-40x-402ms.tif,NBL,0.0641,0.0641,18.8985,6.8799,1.2119,0.4412
959,06-DAPI-9-40x-402ms.tif,NBL,0.0339,0.0339,24.8686,0.5994,0.8419,0.0203
960,06-DAPI-9-40x-402ms.tif,NBL,0.0532,0.0532,22.0102,0.349,1.1702,0.0186
961,06-DAPI-9-40x-402ms.tif,NBL,0.0769,0.0769,22.8575,0.3794,1.7585,0.0292
962,06-DAPI-9-40x-402ms.tif,NBL,0.0701,0.0701,33.2941,0.5325,2.3338,0.0373
963,06-DAPI-9-40x-402ms.tif,NBL,0.0432,0.0432,23.7412,0.3844,1.0253,0.0166
964,06-DAPI-9-40x-402ms.tif,NBL,0.0917,0.0917,31.968,0.3254,2.9311,0.0298
965,06-DAPI-9-40x-402ms.tif,NBL,0.0442,0.0442,29.2285,0.4791,1.2908,0.0212
966,06-DAPI-9-40x-402ms.tif,NBL,0.0348,0.0348,47.9346,0.6137,1.6696,0.0214
967,06-DAPI-9-40x-402ms.tif,NBL,0.0432,0.0432,55.0226,0.8744,2.3762,0.0378
968,06-DAPI-9-40x-402ms.tif,NBL,0.0158,0.0158,47.7466,0.5685,0.7564,0.009
969,06-DAPI-9-40x-402ms.tif,NBL,0.0358,0.0358,38.4121,56.8939,1.3754,2.0372
970,06-DAPI-9-40x-402ms.tif,NBL,0.0394,0.0394,29.7658,52.3747,1.1724,2.0629
971,06-DAPI-9-40x-402ms.tif,NBL,0.0202,0.0202,29.9086,33.5376,0.6036,0.6769
972,06-DAPI-9-40x-402ms.tif,NBL,0.0514,0.0514,57.0696,10.6793,2.9352,0.5493
973,07-DAPI-9-40x-402ms.tif,NBL,0.0247,0.0247,45.1447,4.0614,1.1169,0.1005
974,07-DAPI-9-40x-402ms.tif,NBL,0.0352,0.0352,24.4167,11.2747,0.8584,0.3964
975,07-DAPI-9-40x-402ms.tif,NBL,0.0726,0.0726,30.4768,2.7713,2.2123,0.2012
976,07-DAPI-9-40x-402ms.tif,NBL,0.0407,0.0407,35.6133,14.1493,1.4491,0.5757
977,07-DAPI-9-40x-402ms.tif,NBL,0.0704,0.0704,38.3159,30.9029,2.6982,2.1762
978,07-DAPI-9-40x-402ms.tif,NBL,0.0322,0.0322,28.7946,1.0404,0.928,0.0335
979,07-DAPI-9-40x-402ms.tif,NBL,0.0345,0.0345,31.2579,1.2233,1.0786,0.0422
980,07-DAPI-9-40x-402ms.tif,NBL,0.0418,0.0418,37.4156,3.7506,1.563,0.1567
981,07-DAPI-9-40x-402ms.tif,NBL,0.0211,0.0211,26.3041,13.9845,0.5537,0.2944
982,07-DAPI-9-40x-402ms.tif,NBL,0.0592,0.0592,40.6227,21.2198,2.4067,1.2572
983,07-DAPI-9-40x-402ms.tif,NBL,0.0209,0.0209,31.7461,25.0415,0.6648,0.5244
984,07-DAPI-9-40x-402ms.tif,NBL,0.0518,0.0518,47.3082,9.2327,2.4486,0.4779
985,07-DAPI-9-40x-402ms.tif,NBL,0.0272,0.0272,26.0518,3.0438,0.7095,0.0829
986,07-DAPI-9-40x-402ms.tif,NBL,0.036,0.036,41.4066,1.6627,1.4916,0.0599
987,07-DAPI-9-40x-402ms.tif,NBL,0.0331,0.0331,43.5246,1.5869,1.4404,0.0525
988,07-DAPI-9-40x-402ms.tif,NBL,0.0353,0.0353,29.2738,1.3138,1.0323,0.0463
989,07-DAPI-9-40x-402ms.tif,NBL,0.0946,0.0946,35.3601,1.2695,3.3457,0.1201
990,07-DAPI-9-40x-402ms.tif,NBL,0.0882,0.0882,40.7958,1.925,3.5988,0.1698
991,07-DAPI-9-40x-402ms.tif,NBL,0.0213,0.0213,32.9694,1.7194,0.7012,0.0366
992,07-DAPI-9-40x-402ms.tif,NBL,0.094,0.094,34.9815,1.7575,3.2871,0.1651
993,07-DAPI-9-40x-402ms.tif,NBL,0.0624,0.0624,35.9096,2.0817,2.2405,0.1299
994,07-DAPI-9-40x-402ms.tif,NBL,0.0518,0.0518,48.9182,24.3166,2.5319,1.2586
995,07-DAPI-9-40x-402ms.tif,NBL,0.108,0.108,16.7417,28.7668,1.8075,3.1058
996,07-DAPI-9-40x-402ms.tif,NBL,0.1112,0.1112,14.6946,33.6429,1.6343,3.7418
997,07-DAPI-9-40x-402ms.tif,NBL,0.0687,0.0687,39.6082,5.9953,2.7205,0.4118
998,07-DAPI-9-40x-402ms.tif,NBL,0.0311,0.0311,52.4216,20.1429,1.6325,0.6273
999,07-DAPI-9-40x-402ms.tif,NBL,0.0234,0.0234,42.6806,1.5,1.0003,0.0352
1000,07-DAPI-9-40x-402ms.tif,NBL,0.0804,0.0804,35.2186,1.7247,2.8317,0.1387
1001,07-DAPI-9-40x-402ms.tif,NBL,0.0763,0.0763,41.3144,1.5733,3.1515,0.12
1002,07-DAPI-9-40x-402ms.tif,NBL,0.047,0.047,43.0808,1.7275,2.0241,0.0812
1003,07-DAPI-9-40x-402ms.tif,NBL,0.0452,0.0452,34.2086,1.3381,1.5479,0.0605
1004,07-DAPI-9-40x-402ms.tif,NBL,0.0552,0.0552,42.8173,2.3595,2.3648,0.1303
1005,07-DAPI-9-40x-402ms.tif,NBL,0.094,0.094,21.44,1.6363,2.0146,0.1538
1006,07-DAPI-9-40x-402ms.tif,NBL,0.0508,0.0508,29.4915,2.4081,1.4976,0.1223
1007,07-DAPI-9-40x-402ms.tif,NBL,0.0446,0.0446,35.3844,12.6691,1.578,0.565
1008,07-DAPI-9-40x-402ms.tif,NBL,0.0703,0.0703,28.4182,25.3997,1.9982,1.7859
1009,07-DAPI-9-40x-402ms.tif,NBL,0.1203,0.1203,25.0929,20.7773,3.0195,2.5002
1010,07-DAPI-9-40x-402ms.tif,NBL,0.039,0.039,44.0418,39.0334,1.7156,1.5205
1011,07-DAPI-9-40x-402ms.tif,NBL,0.0382,0.0382,22.4318,34.1278,0.8568,1.3035
1012,07-DAPI-9-40x-402ms.tif,NBL,0.0546,0.0546,30.497,5.2624,1.6645,0.2872
1013,07-DAPI-9-40x-402ms.tif,NBL,0.1079,0.1079,24.7847,1.9769,2.6732,0.2132
1014,07-DAPI-9-40x-402ms.tif,NBL,0.0489,0.0489,63.204,2.4213,3.093,0.1185
1015,07-DAPI-9-40x-402ms.tif,NBL,0.0562,0.0562,53.8996,2.0347,3.0295,0.1144
1016,07-DAPI-9-40x-402ms.tif,NBL,0.024,0.024,48.2398,1.7511,1.1568,0.042
1017,07-DAPI-9-40x-402ms.tif,NBL,0.0221,0.0221,42.9853,2.1667,0.9515,0.048
1018,07-DAPI-9-40x-402ms.tif,NBL,0.0343,0.0343,34.5222,1.5443,1.1837,0.053
1019,07-DAPI-9-40x-402ms.tif,NBL,0.031,0.031,76.972,4.1434,2.3887,0.1286
1020,07-DAPI-9-40x-402ms.tif,NBL,0.0189,0.0189,41.3276,2.2069,0.7803,0.0417
1021,07-DAPI-9-40x-402ms.tif,NBL,0.0508,0.0508,32.8739,1.9145,1.6694,0.0972
1022,07-DAPI-9-40x-402ms.tif,NBL,0.0607,0.0607,39.7531,2.3005,2.4112,0.1395
1023,07-DAPI-9-40x-402ms.tif,NBL,0.0649,0.0649,27.6672,7.4615,1.7952,0.4842
1024,07-DAPI-9-40x-402ms.tif,NBL,0.0171,0.0171,51.3165,2.8038,0.8798,0.0481
1025,07-DAPI-9-40x-402ms.tif,NBL,0.0541,0.0541,64.6453,3.2786,3.5002,0.1775
1026,07-DAPI-9-40x-402ms.tif,NBL,0.0317,0.0317,44.7192,1.9418,1.4169,0.0615
1027,07-DAPI-9-40x-402ms.tif,NBL,0.063,0.063,30.9053,1.7745,1.9484,0.1119
1028,07-DAPI-9-40x-402ms.tif,NBL,0.0388,0.0388,48.2039,1.9916,1.8725,0.0774
1029,07-DAPI-9-40x-402ms.tif,NBL,0.0178,0.0178,54.9146,2.4756,0.9772,0.0441
1030,07-DAPI-9-40x-402ms.tif,NBL,0.0293,0.0293,39.537,1.5185,1.1583,0.0445
1031,07-DAPI-9-40x-402ms.tif,NBL,0.0282,0.0282,43.2346,1.5577,1.2197,0.0439
1032,07-DAPI-9-40x-402ms.tif,NBL,0.0232,0.0232,53.1636,1.8925,1.2345,0.0439
1033,07-DAPI-9-40x-402ms.tif,NBL,0.0204,0.0204,59.5053,2.3936,1.2139,0.0488
1034,07-DAPI-9-40x-402ms.tif,NBL,0.0199,0.0199,48.541,1.8743,0.9639,0.0372
1035,07-DAPI-9-40x-402ms.tif,NBL,0.0262,0.0262,78.6473,2.8672,2.0566,0.075
1036,07-DAPI-9-40x-402ms.tif,NBL,0.0162,0.0162,78.3087,3.3758,1.2661,0.0546
1037,07-DAPI-9-40x-402ms.tif,NBL,0.0598,0.0598,47.069,1.5935,2.8141,0.0953
1038,07-DAPI-9-40x-402ms.tif,NBL,0.0082,0.0082,49.6053,1.9079,0.4091,0.0157
1039,07-DAPI-9-40x-402ms.tif,NBL,0.0239,0.0239,50.9318,2.2909,1.2158,0.0547
1040,07-DAPI-9-40x-402ms.tif,NBL,0.0298,0.0298,49.9709,1.6255,1.4911,0.0485
1041,07-DAPI-9-40x-402ms.tif,NBL,0.0064,0.0064,44.9661,1.6949,0.2879,0.0109
1042,07-DAPI-9-40x-402ms.tif,NBL,0.016,0.016,39.5782,1.6667,0.6313,0.0266
1043,07-DAPI-9-40x-402ms.tif,NBL,0.0189,0.0189,74.7701,3.431,1.4117,0.0648
1044,07-DAPI-9-40x-402ms.tif,NBL,0.0209,0.0209,61.5596,2.6477,1.2892,0.0554
1045,07-DAPI-9-40x-402ms.tif,NBL,0.0161,0.0161,55.2027,1.9189,0.8865,0.0308
1046,07-DAPI-9-40x-402ms.tif,NBL,0.0282,0.0282,65.4346,2.4577,1.846,0.0693
1047,07-DAPI-9-40x-402ms.tif,NBL,0.0692,0.0692,46.0031,1.8574,3.1847,0.1286
1048,07-DAPI-9-40x-402ms.tif,NBL,0.0346,0.0346,68.7335,2.5893,2.3791,0.0896
1049,07-DAPI-9-40x-402ms.tif,NBL,0.0328,0.0328,45.0596,1.8113,1.4766,0.0594
1050,07-DAPI-9-40x-402ms.tif,NBL,0.0085,0.0085,64.6026,2.8077,0.5468,0.0238
1051,07-DAPI-9-40x-402ms.tif,NBL,0.0205,0.0205,53.2593,2.3069,1.0922,0.0473
1052,07-DAPI-9-40x-402ms.tif,NBL,0.015,0.015,49.2246,1.8623,0.7371,0.0279
1053,07-DAPI-9-40x-402ms.tif,NBL,0.0328,0.0328,48.6093,2.0099,1.5929,0.0659
1054,07-DAPI-9-40x-402ms.tif,NBL,0.0299,0.0299,49.9058,1.9891,1.4946,0.0596
1055,07-DAPI-9-40x-402ms.tif,NBL,0.0222,0.0222,53.8098,1.8829,1.1969,0.0419
1056,07-DAPI-9-40x-402ms.tif,NBL,0.0126,0.0126,60.0431,1.8362,0.7558,0.0231
1057,07-DAPI-9-40x-402ms.tif,NBL,0.0387,0.0387,54.5322,2.0924,2.1124,0.0811
1058,07-DAPI-9-40x-402ms.tif,NBL,0.0226,0.0226,57.0048,2.0529,1.2866,0.0463
1059,07-DAPI-9-40x-402ms.tif,NBL,0.0616,0.0616,45.0035,1.8081,2.7737,0.1114
1060,07-DAPI-9-40x-402ms.tif,NBL,0.0709,0.0709,51.8974,1.9678,3.6772,0.1394
1061,07-DAPI-9-40x-402ms.tif,NBL,0.0348,0.0348,81.6199,3.6106,2.8429,0.1258
1062,07-DAPI-9-40x-402ms.tif,NBL,0.1028,0.1028,29.9102,3.2344,3.0735,0.3324
1063,07-DAPI-9-40x-402ms.tif,NBL,0.0788,0.0788,37.9628,8.478,2.9906,0.6679
1064,07-DAPI-9-40x-402ms.tif,NBL,0.0651,0.0651,43.48,4.6483,2.8307,0.3026
1065,07-DAPI-9-40x-402ms.tif,NBL,0.0623,0.0623,34.9443,2.8153,2.1764,0.1753
1066,07-DAPI-9-40x-402ms.tif,NBL,0.0716,0.0716,28.7212,4.5955,2.0569,0.3291
1067,07-DAPI-9-40x-402ms.tif,NBL,0.0429,0.0429,40.4456,2.2684,1.7335,0.0972
1068,07-DAPI-9-40x-402ms.tif,NBL,0.0354,0.0354,39.0767,2.6442,1.3823,0.0935
1069,07-DAPI-9-40x-402ms.tif,NBL,0.0614,0.0614,41.6113,14.5707,2.5556,0.8949
1070,07-DAPI-9-40x-402ms.tif,NBL,0.0782,0.0782,28.5659,16.6144,2.2348,1.2998
1071,07-DAPI-9-40x-402ms.tif,NBL,0.0455,0.0455,40.6539,47.7589,1.8483,2.1713
1072,07-DAPI-9-40x-402ms.tif,NBL,0.0493,0.0493,38.1542,29.3634,1.8796,1.4465
1073,07-DAPI-9-40x-402ms.tif,NBL,0.0549,0.0549,40.33,23.1383,2.2143,1.2704
1074,07-DAPI-9-40x-402ms.tif,NBL,0.0304,0.0304,35.2464,30.1536,1.0709,0.9161
1075,07-DAPI-9-40x-402ms.tif,NBL,0.054,0.054,18.9498,30.1225,1.024,1.6277
1076,07-DAPI-9-40x-402ms.tif,NBL,0.0228,0.0228,55.3048,1.9286,1.2602,0.0439
1077,07-DAPI-9-40x-402ms.tif,NBL,0.0088,0.0088,65.7284,2.3457,0.5777,0.0206
1078,07-DAPI-9-40x-402ms.tif,NBL,0.0514,0.0514,55.8249,2.1857,2.8712,0.1124
1079,07-DAPI-9-40x-402ms.tif,NBL,0.0243,0.0243,66.7679,2.183,1.6228,0.0531
1080,07-DAPI-9-40x-402ms.tif,NBL,0.013,0.013,61.95,2.0417,0.8066,0.0266
1081,07-DAPI-9-40x-402ms.tif,NBL,0.023,0.023,55.4387,2.2264,1.2753,0.0512
1082,07-DAPI-9-40x-402ms.tif,NBL,0.0215,0.0215,60.899,2.2121,1.3084,0.0475
1083,07-DAPI-9-40x-402ms.tif,NBL,0.0616,0.0616,44.6039,1.7711,2.749,0.1092
1084,07-DAPI-9-40x-402ms.tif,NBL,0.0828,0.0828,33.1376,1.6881,2.7435,0.1398
1085,07-DAPI-9-40x-402ms.tif,NBL,0.0559,0.0559,36.5398,1.7631,2.0419,0.0985
1086,07-DAPI-9-40x-402ms.tif,NBL,0.0426,0.0426,51.7379,2.3206,2.2063,0.099
1087,07-DAPI-9-40x-402ms.tif,NBL,0.0494,0.0494,63.8462,2.6132,3.1521,0.129
1088,07-DAPI-9-40x-402ms.tif,NBL,0.0316,0.0316,45.7423,2.1753,1.4443,0.0687
1089,07-DAPI-9-40x-402ms.tif,NBL,0.0326,0.0326,53.61,2.18,1.7451,0.071
1090,07-DAPI-9-40x-402ms.tif,NBL,0.0219,0.0219,87.8416,3.9851,1.9253,0.0873
1091,07-DAPI-9-40x-402ms.tif,NBL,0.0279,0.0279,56.7938,1.8444,1.5838,0.0514
1092,07-DAPI-9-40x-402ms.tif,NBL,0.0441,0.0441,60.6626,2.5345,2.6724,0.1117
1093,07-DAPI-9-40x-402ms.tif,NBL,0.034,0.034,59.0415,2.0288,2.0052,0.0689
1094,07-DAPI-9-40x-402ms.tif,NBL,0.0309,0.0309,59.7895,2.2105,1.849,0.0684
1095,07-DAPI-9-40x-402ms.tif,NBL,0.0451,0.0451,63.4495,2.2043,2.864,0.0995
1096,07-DAPI-9-40x-402ms.tif,NBL,0.0424,0.0424,54.555,2.2072,2.3146,0.0936
1097,07-DAPI-9-40x-402ms.tif,NBL,0.0539,0.0539,35.6278,1.4427,1.9213,0.0778
1098,07-DAPI-9-40x-402ms.tif,NBL,0.038,0.038,48.0914,1.7743,1.8264,0.0674
1099,07-DAPI-9-40x-402ms.tif,NBL,0.0233,0.0233,45.4372,1.7256,1.06,0.0403
1100,07-DAPI-9-40x-402ms.tif,NBL,0.08,0.08,46.4003,1.6282,3.7106,0.1302
1101,07-DAPI-9-40x-402ms.tif,NBL,0.066,0.066,63.574,3.023,4.1941,0.1994
1102,07-DAPI-9-40x-402ms.tif,NBL,0.0549,0.0549,49.7352,2.7984,2.7307,0.1536
1103,07-DAPI-9-40x-402ms.tif,NBL,0.0998,0.0998,49.7272,2.5109,4.9641,0.2507
1104,07-DAPI-9-40x-402ms.tif,NBL,0.022,0.022,46.1084,1.5419,1.0156,0.034
1105,07-DAPI-9-40x-402ms.tif,NBL,0.0339,0.0339,81.9006,3.1314,2.7727,0.106
1106,07-DAPI-9-40x-402ms.tif,NBL,0.0356,0.0356,59.7195,2.3537,2.1254,0.0838
1107,07-DAPI-9-40x-402ms.tif,NBL,0.0276,0.0276,53.8701,1.7087,1.4847,0.0471
1108,07-DAPI-9-40x-402ms.tif,NBL,0.0403,0.0403,37.593,1.3531,1.5133,0.0545
1109,07-DAPI-9-40x-402ms.tif,NBL,0.028,0.028,40.5736,1.5814,1.1359,0.0443
1110,07-DAPI-9-40x-402ms.tif,NBL,0.016,0.016,35.2925,1.4762,0.5629,0.0235
1111,07-DAPI-9-40x-402ms.tif,NBL,0.0546,0.0546,34.4553,3.4553,1.8805,0.1886
1112,07-DAPI-9-40x-402ms.tif,NBL,0.0594,0.0594,33.4826,5.0969,1.9873,0.3025
1113,07-DAPI-9-40x-402ms.tif,NBL,0.0857,0.0857,19.0304,6.1823,1.6313,0.5299
1114,07-DAPI-9-40x-402ms.tif,NBL,0.072,0.072,26.3569,19.6883,1.899,1.4185
1115,07-DAPI-9-40x-402ms.tif,NBL,0.0456,0.0456,23.9738,26.719,1.0926,1.2177
1116,07-DAPI-9-40x-402ms.tif,NBL,0.0381,0.0381,23.3932,34.812,0.891,1.3258
1117,07-DAPI-9-40x-402ms.tif,NBL,0.0597,0.0597,26.2309,10.2291,1.5654,0.6105
1118,07-DAPI-9-40x-402ms.tif,NBL,0.1082,0.1082,16.0381,5.335,1.735,0.5771
1119,07-DAPI-9-40x-402ms.tif,NBL,0.036,0.036,42.006,2.7108,1.5132,0.0977
1120,07-DAPI-9-40x-402ms.tif,NBL,0.0435,0.0435,43.985,3.6309,1.9138,0.158
1121,07-DAPI-9-40x-402ms.tif,NBL,0.0594,0.0594,42.8537,4.5612,2.5435,0.2707
1122,07-DAPI-9-40x-402ms.tif,NBL,0.1187,0.1187,31.8007,1.4634,3.775,0.1737
1123,07-DAPI-9-40x-402ms.tif,NBL,0.0363,0.0363,36.2955,1.2209,1.3193,0.0444
1124,07-DAPI-9-40x-402ms.tif,NBL,0.0135,0.0135,46.1613,1.4839,0.6211,0.02
1125,07-DAPI-9-40x-402ms.tif,NBL,0.0556,0.0556,69.8984,2.6016,3.8832,0.1445
1126,07-DAPI-9-40x-402ms.tif,NBL,0.0458,0.0458,77.872,2.7796,3.5658,0.1273
1127,07-DAPI-9-40x-402ms.tif,NBL,0.0458,0.0458,77.872,2.7796,3.5658,0.1273
1128,07-DAPI-9-40x-402ms.tif,NBL,0.0779,0.0779,66.2242,2.4429,5.1594,0.1903
1129,07-DAPI-9-40x-402ms.tif,NBL,0.0346,0.0346,58.558,1.6771,2.0269,0.0581
1130,07-DAPI-9-40x-402ms.tif,NBL,0.1018,0.1018,39.2889,1.6503,3.9988,0.168
1131,07-DAPI-9-40x-402ms.tif,NBL,0.0188,0.0188,72.7341,2.3757,1.3653,0.0446
1132,07-DAPI-9-40x-402ms.tif,NBL,0.0343,0.0343,54.4177,1.8544,1.8659,0.0636
1133,07-DAPI-9-40x-402ms.tif,NBL,0.0293,0.0293,47.5704,1.6074,1.3937,0.0471
1134,07-DAPI-9-40x-402ms.tif,NBL,0.0395,0.0395,56.3489,1.8791,2.2256,0.0742
1135,07-DAPI-9-40x-402ms.tif,NBL,0.0363,0.0363,57.2567,1.9522,2.0813,0.071
1136,07-DAPI-9-40x-402ms.tif,NBL,0.0113,0.0113,59.9904,2.2596,0.677,0.0255
1137,07-DAPI-9-40x-402ms.tif,NBL,0.0124,0.0124,51.2193,1.6754,0.6336,0.0207
1138,07-DAPI-9-40x-402ms.tif,NBL,0.0255,0.0255,58.2213,2.2851,1.4846,0.0583
1139,07-DAPI-9-40x-402ms.tif,NBL,0.0279,0.0279,56.9105,2.0078,1.587,0.056
1140,07-DAPI-9-40x-402ms.tif,NBL,0.0353,0.0353,46.1692,1.5354,1.6281,0.0541
1141,07-DAPI-9-40x-402ms.tif,NBL,0.0169,0.0169,45.8654,1.4423,0.7764,0.0244
1142,07-DAPI-9-40x-402ms.tif,NBL,0.0315,0.0315,59.7,2.7069,1.8786,0.0852
1143,07-DAPI-9-40x-402ms.tif,NBL,0.041,0.041,30.4233,1.1825,1.2478,0.0485
1144,07-DAPI-9-40x-402ms.tif,NBL,0.0846,0.0846,43.6436,1.9231,3.6938,0.1628
1145,07-DAPI-9-40x-402ms.tif,NBL,0.0456,0.0456,39.6286,1.5119,1.806,0.0689
1146,07-DAPI-9-40x-402ms.tif,NBL,0.0676,0.0676,30.1477,3.199,2.038,0.2163
1147,07-DAPI-9-40x-402ms.tif,NBL,0.0653,0.0653,47.0399,4.3306,3.0727,0.2829
1148,07-DAPI-9-40x-402ms.tif,NBL,0.0776,0.0776,29.8629,9.4084,2.3168,0.7299
1149,07-DAPI-9-40x-402ms.tif,NBL,0.0669,0.0669,21.2788,15.9757,1.4246,1.0696
1150,07-DAPI-9-40x-402ms.tif,NBL,0.0706,0.0706,17.4916,39.2596,1.2356,2.7732
1151,07-DAPI-9-40x-402ms.tif,NBL,0.0545,0.0545,26.249,54.1394,1.4298,2.949
1152,07-DAPI-9-40x-402ms.tif,NBL,0.0766,0.0766,17.6756,15.9278,1.3541,1.2202
1153,07-DAPI-9-40x-402ms.tif,NBL,0.0403,0.0403,40.8356,5.9919,1.6439,0.2412
1154,07-DAPI-9-40x-402ms.tif,NBL,0.1376,0.1376,33.8399,1.2539,4.6559,0.1725
1155,07-DAPI-9-40x-402ms.tif,NBL,0.0495,0.0495,31.6075,1.5855,1.5639,0.0785
1156,07-DAPI-9-40x-402ms.tif,NBL,0.0754,0.0754,33.9871,0.9842,2.563,0.0742
1157,07-DAPI-9-40x-402ms.tif,NBL,0.0551,0.0551,29.0965,1.1634,1.6038,0.0641
1158,07-DAPI-9-40x-402ms.tif,NBL,0.0284,0.0284,50.9885,1.6908,1.4495,0.0481
1159,07-DAPI-9-40x-402ms.tif,NBL,0.0314,0.0314,29.2422,6.8374,0.917,0.2144
1160,07-DAPI-9-40x-402ms.tif,NBL,0.0545,0.0545,19.8645,19.8267,1.082,1.08
1161,07-DAPI-9-40x-402ms.tif,NBL,0.0347,0.0347,15.5062,29.3,0.5384,1.0174
1162,07-DAPI-9-40x-402ms.tif,NBL,0.0291,0.0291,47.541,10.8918,1.3825,0.3167
1163,07-DAPI-9-40x-402ms.tif,NBL,0.0627,0.0627,25.2111,5.308,1.5812,0.3329
1164,07-DAPI-9-40x-402ms.tif,NBL,0.0357,0.0357,40.6596,0.7538,1.4515,0.0269
1165,07-DAPI-9-40x-402ms.tif,NBL,0.0179,0.0179,42.697,1.3515,0.7644,0.0242
1166,07-DAPI-9-40x-402ms.tif,NBL,0.04,0.04,38.542,1.4932,1.5432,0.0598
1167,07-DAPI-9-40x-402ms.tif,NBL,0.0178,0.0178,47.2988,1.6037,0.8417,0.0285
1168,07-DAPI-9-40x-402ms.tif,NBL,0.0424,0.0424,40.5806,0.6522,1.7217,0.0277
1169,07-DAPI-9-40x-402ms.tif,NBL,0.0306,0.0306,34.8333,1.6099,1.0659,0.0493
1170,07-DAPI-9-40x-402ms.tif,NBL,0.0826,0.0826,24.4284,1.1932,2.0171,0.0985
1171,07-DAPI-9-40x-402ms.tif,NBL,0.0333,0.0333,36.9837,0.6287,1.232,0.0209
1172,07-DAPI-9-40x-402ms.tif,NBL,0.0847,0.0847,28.7657,0.8105,2.4377,0.0687
1173,07-DAPI-9-40x-402ms.tif,NBL,0.0314,0.0314,40.2422,0.6125,1.2619,0.0192
1174,07-DAPI-9-40x-402ms.tif,NBL,0.0613,0.0613,25.0088,0.3221,1.5332,0.0197
1175,07-DAPI-9-40x-402ms.tif,NBL,0.0605,0.0605,45.0878,0.7706,2.7299,0.0467
1176,07-DAPI-9-40x-402ms.tif,NBL,0.0391,0.0391,41.5306,0.5861,1.6223,0.0229
1177,07-DAPI-9-40x-402ms.tif,NBL,0.0472,0.0472,39.9747,0.6368,1.8868,0.0301
1178,07-DAPI-9-40x-402ms.tif,NBL,0.0496,0.0496,53.0131,0.663,2.6288,0.0329
1179,07-DAPI-9-40x-402ms.tif,NBL,0.0162,0.0162,46.2685,0.3758,0.748,0.0061
1180,07-DAPI-9-40x-402ms.tif,NBL,0.0489,0.0489,27.8248,0.071,1.3617,0.0035
1181,07-DAPI-9-40x-402ms.tif,NBL,0.0393,0.0393,33.5249,0.1464,1.3168,0.0058
1182,07-DAPI-9-40x-402ms.tif,NBL,0.1202,0.1202,34.2554,0.3863,4.1184,0.0464
1183,07-DAPI-9-40x-402ms.tif,NBL,0.0366,0.0366,37.3294,0.3027,1.365,0.0111
1184,07-DAPI-9-40x-402ms.tif,NBL,0.0212,0.0212,41.8154,0.4872,0.8848,0.0103
1185,07-DAPI-9-40x-402ms.tif,NBL,0.0243,0.0243,38.683,0.5,0.9402,0.0122
1186,07-DAPI-9-40x-402ms.tif,NBL,0.0633,0.0633,45.2281,0.5437,2.8611,0.0344
1187,07-DAPI-9-40x-402ms.tif,NBL,0.0577,0.0577,27.4455,0.2011,1.5843,0.0116
1188,07-DAPI-9-40x-402ms.tif,NBL,0.0975,0.0975,23.9177,0.3504,2.3331,0.0342
1189,07-DAPI-9-40x-402ms.tif,NBL,0.0417,0.0417,26.8385,0.3385,1.1183,0.0141
1190,07-DAPI-9-40x-402ms.tif,NBL,0.0482,0.0482,28.9369,0.1149,1.3941,0.0055
1191,07-DAPI-9-40x-402ms.tif,NBL,0.048,0.048,27.4842,0.0792,1.3181,0.0038
1192,07-DAPI-9-40x-402ms.tif,NBL,0.0601,0.0601,30.5578,0.2798,1.8369,0.0168
1193,07-DAPI-9-40x-402ms.tif,NBL,0.0411,0.0411,31.2111,0.2559,1.2835,0.0105
1194,07-DAPI-9-40x-402ms.tif,NBL,0.035,0.035,56.8235,0.5728,1.9915,0.0201
1195,07-DAPI-9-40x-402ms.tif,NBL,0.0367,0.0367,50.0651,0.4527,1.8362,0.0166
1196,07-DAPI-9-40x-402ms.tif,NBL,0.0446,0.0446,37.1971,60.8783,1.6589,2.715
1197,08-DAPI-9-40x-402ms.tif,NBL,0.0573,0.0573,44.4621,0.964,2.5473,0.0552
1198,08-DAPI-9-40x-402ms.tif,NBL,0.0523,0.0523,42.639,1.0913,2.23,0.0571
1199,08-DAPI-9-40x-402ms.tif,NBL,0.043,0.043,42.8914,0.7955,1.843,0.0342
1200,08-DAPI-9-40x-402ms.tif,NBL,0.0299,0.0299,42.7428,0.7536,1.2801,0.0226
1201,08-DAPI-9-40x-402ms.tif,NBL,0.0512,0.0512,32.8962,0.6186,1.6848,0.0317
1202,08-DAPI-9-40x-402ms.tif,NBL,0.0558,0.0558,52.9922,1.0837,2.9555,0.0604
1203,08-DAPI-9-40x-402ms.tif,NBL,0.1207,0.1207,38.4838,0.9577,4.6434,0.1156
1204,08-DAPI-9-40x-402ms.tif,NBL,0.039,0.039,55.0028,1.0613,2.1426,0.0413
1205,08-DAPI-9-40x-402ms.tif,NBL,0.0422,0.0422,29.7481,0.6452,1.2556,0.0272
1206,08-DAPI-9-40x-402ms.tif,NBL,0.0244,0.0244,51.1067,0.9956,1.2477,0.0243
1207,08-DAPI-9-40x-402ms.tif,NBL,0.0439,0.0439,40.6198,0.8296,1.785,0.0365
1208,08-DAPI-9-40x-402ms.tif,NBL,0.0296,0.0296,44.4286,0.8901,1.3161,0.0264
1209,08-DAPI-9-40x-402ms.tif,NBL,0.0305,0.0305,41.9466,0.6762,1.279,0.0206
1210,08-DAPI-9-40x-402ms.tif,NBL,0.0206,0.0206,35.7895,0.7684,0.7378,0.0158
1211,08-DAPI-9-40x-402ms.tif,NBL,0.0409,0.0409,25.5756,0.3846,1.0462,0.0157
1212,08-DAPI-9-40x-402ms.tif,NBL,0.0816,0.0816,31.363,0.641,2.5591,0.0523
1213,08-DAPI-9-40x-402ms.tif,NBL,0.0358,0.0358,31.1485,1.0455,1.1153,0.0374
1214,08-DAPI-9-40x-402ms.tif,NBL,0.0872,0.0872,25.7811,1.5858,2.2491,0.1383
1215,08-DAPI-9-40x-402ms.tif,NBL,0.1615,0.1615,17.9133,4.1767,2.8923,0.6744
1216,08-DAPI-9-40x-402ms.tif,NBL,0.0424,0.0424,26.4757,0.6471,1.1233,0.0275
1217,08-DAPI-9-40x-402ms.tif,NBL,0.0309,0.0309,32.0175,2.0947,0.9901,0.0648
1218,08-DAPI-9-40x-402ms.tif,NBL,0.0205,0.0205,35.0794,9.9788,0.7194,0.2046
1219,08-DAPI-9-40x-402ms.tif,NBL,0.0442,0.0442,13.8526,13.1597,0.6118,0.5812
1220,08-DAPI-9-40x-402ms.tif,NBL,0.0443,0.0443,30.8603,33.4902,1.3662,1.4826
1221,08-DAPI-9-40x-402ms.tif,NBL,0.0392,0.0392,35.3296,19.0609,1.3839,0.7466
1222,08-DAPI-9-40x-402ms.tif,NBL,0.0277,0.0277,25.6667,29.2235,0.7102,0.8086
1223,08-DAPI-9-40x-402ms.tif,NBL,0.0602,0.0602,31.4613,32.3694,1.8946,1.9493
1224,08-DAPI-9-40x-402ms.tif,NBL,0.0469,0.0469,32.0718,47.9653,1.5034,2.2484
1225,08-DAPI-9-40x-402ms.tif,NBL,0.0419,0.0419,42.5415,18.0078,1.7818,0.7542
1226,08-DAPI-9-40x-402ms.tif,NBL,0.0297,0.0297,48.8321,13.1241,1.4518,0.3902
1227,08-DAPI-9-40x-402ms.tif,NBL,0.0217,0.0217,31.575,1.725,0.6852,0.0374
1228,08-DAPI-9-40x-402ms.tif,NBL,0.1292,0.1292,35.3401,0.8388,4.5671,0.1084
1229,08-DAPI-9-40x-402ms.tif,NBL,0.0583,0.0583,39.7076,0.9423,2.3137,0.0549
1230,08-DAPI-9-40x-402ms.tif,NBL,0.0321,0.0321,48.5439,1.2027,1.5591,0.0386
1231,08-DAPI-9-40x-402ms.tif,NBL,0.0516,0.0516,25.0798,0.7059,1.2954,0.0365
1232,08-DAPI-9-40x-402ms.tif,NBL,0.0202,0.0202,49.3172,1.2097,0.9953,0.0244
1233,08-DAPI-9-40x-402ms.tif,NBL,0.0413,0.0413,32.0709,0.5827,1.3258,0.0241
1234,08-DAPI-9-40x-402ms.tif,NBL,0.0295,0.0295,46.9044,1,1.3843,0.0295
1235,08-DAPI-9-40x-402ms.tif,NBL,0.0506,0.0506,39.7768,0.7124,2.0113,0.036
1236,08-DAPI-9-40x-402ms.tif,NBL,0.0462,0.0462,32.061,0.6526,1.482,0.0302
1237,08-DAPI-9-40x-402ms.tif,NBL,0.0355,0.0355,37.6972,0.7187,1.3376,0.0255
1238,08-DAPI-9-40x-402ms.tif,NBL,0.0717,0.0717,35.3359,1.1543,2.5344,0.0828
1239,08-DAPI-9-40x-402ms.tif,NBL,0.0742,0.0742,34.8436,0.6754,2.586,0.0501
1240,08-DAPI-9-40x-402ms.tif,NBL,0.0525,0.0525,30.2583,0.6736,1.5891,0.0354
1241,08-DAPI-9-40x-402ms.tif,NBL,0.0571,0.0571,47.038,1,2.6847,0.0571
1242,08-DAPI-9-40x-402ms.tif,NBL,0.0484,0.0484,33.6188,6.0336,1.627,0.292
1243,08-DAPI-9-40x-402ms.tif,NBL,0.053,0.053,25.959,4.0082,1.3746,0.2122
1244,08-DAPI-9-40x-402ms.tif,NBL,0.0483,0.0483,66.5056,2.5775,3.2113,0.1245
1245,08-DAPI-9-40x-402ms.tif,NBL,0.0372,0.0372,55.895,1.4752,2.0803,0.0549
1246,08-DAPI-9-40x-402ms.tif,NBL,0.0326,0.0326,38.78,0.96,1.2624,0.0312
1247,08-DAPI-9-40x-402ms.tif,NBL,0.0469,0.0469,46.8194,0.9884,2.1947,0.0463
1248,08-DAPI-9-40x-402ms.tif,NBL,0.0475,0.0475,47.4132,1.0913,2.2534,0.0519
1249,08-DAPI-9-40x-402ms.tif,NBL,0.1015,0.1015,45.7519,1.031,4.6417,0.1046
1250,08-DAPI-9-40x-402ms.tif,NBL,0.0421,0.0421,42.6933,1.1521,1.7974,0.0485
1251,08-DAPI-9-40x-402ms.tif,NBL,0.0556,0.0556,65.8691,2.4883,3.6594,0.1382
1252,08-DAPI-9-40x-402ms.tif,NBL,0.0488,0.0488,75.5311,2.88,3.688,0.1406
1253,08-DAPI-9-40x-402ms.tif,NBL,0.0433,0.0433,71.3784,1.9649,3.0903,0.0851
1254,08-DAPI-9-40x-402ms.tif,NBL,0.0265,0.0265,47.3484,1.209,1.2536,0.032
1255,08-DAPI-9-40x-402ms.tif,NBL,0.0459,0.0459,55.9102,1.513,2.5662,0.0694
1256,08-DAPI-9-40x-402ms.tif,NBL,0.0343,0.0343,38.1646,0.8196,1.3086,0.0281
1257,08-DAPI-9-40x-402ms.tif,NBL,0.0194,0.0194,44.3296,1.1173,0.861,0.0217
1258,08-DAPI-9-40x-402ms.tif,NBL,0.0454,0.0454,46.7727,1.0813,2.1214,0.049
1259,08-DAPI-9-40x-402ms.tif,NBL,0.0654,0.0654,48.0929,1.3068,3.1467,0.0855
1260,08-DAPI-9-40x-402ms.tif,NBL,0.0608,0.0608,40.0214,1.1607,2.4319,0.0705
1261,08-DAPI-9-40x-402ms.tif,NBL,0.0677,0.0677,49.3157,1.3285,3.3391,0.09
1262,08-DAPI-9-40x-402ms.tif,NBL,0.034,0.034,50.9489,1.3866,1.7304,0.0471
1263,08-DAPI-9-40x-402ms.tif,NBL,0.0459,0.0459,52.5839,1.5272,2.4135,0.0701
1264,08-DAPI-9-40x-402ms.tif,NBL,0.0358,0.0358,62.003,1.8121,2.2202,0.0649
1265,08-DAPI-9-40x-402ms.tif,NBL,0.0344,0.0344,76.4227,2.6309,2.6287,0.0905
1266,08-DAPI-9-40x-402ms.tif,NBL,0.1414,0.1414,40.0691,1.0844,5.6651,0.1533
1267,08-DAPI-9-40x-402ms.tif,NBL,0.0653,0.0653,30.8621,0.706,2.016,0.0461
1268,08-DAPI-9-40x-402ms.tif,NBL,0.0335,0.0335,39.7152,0.8285,1.3316,0.0278
1269,08-DAPI-9-40x-402ms.tif,NBL,0.0469,0.0469,49.7824,1.287,2.3336,0.0603
1270,08-DAPI-9-40x-402ms.tif,NBL,0.1253,0.1253,23.91,1.0268,2.9965,0.1287
1271,08-DAPI-9-40x-402ms.tif,NBL,0.1062,0.1062,29.9408,1.2819,3.1806,0.1362
1272,08-DAPI-9-40x-402ms.tif,NBL,0.0608,0.0608,42.1589,1.1357,2.5617,0.069
1273,08-DAPI-9-40x-402ms.tif,NBL,0.0672,0.0672,39.567,1.0065,2.6576,0.0676
1274,08-DAPI-9-40x-402ms.tif,NBL,0.056,0.056,44.5388,1.3198,2.4937,0.0739
1275,08-DAPI-9-40x-402ms.tif,NBL,0.0876,0.0876,35.5056,1.4337,3.109,0.1255
1276,08-DAPI-9-40x-402ms.tif,NBL,0.0339,0.0339,39.2083,4.9647,1.3274,0.1681
1277,08-DAPI-9-40x-402ms.tif,NBL,0.0572,0.0572,25.0626,3.3491,1.4332,0.1915
1278,08-DAPI-9-40x-402ms.tif,NBL,0.0552,0.0552,26.9902,9.2338,1.4907,0.51
1279,08-DAPI-9-40x-402ms.tif,NBL,0.0684,0.0684,30.1619,38.0905,2.0618,2.6038
1280,08-DAPI-9-40x-402ms.tif,NBL,0.0736,0.0736,23.0516,19.7389,1.6959,1.4521
1281,08-DAPI-9-40x-402ms.tif,NBL,0.0689,0.0689,28.2173,6.7795,1.9442,0.4671
1282,08-DAPI-9-40x-402ms.tif,NBL,0.0372,0.0372,34.5219,4.9796,1.2848,0.1853
1283,08-DAPI-9-40x-402ms.tif,NBL,0.0747,0.0747,14.3677,6.5334,1.0726,0.4877
1284,08-DAPI-9-40x-402ms.tif,NBL,0.0892,0.0892,26.2311,19.8358,2.3396,1.7692
1285,08-DAPI-9-40x-402ms.tif,NBL,0.0812,0.0812,38.9225,1.6497,3.1591,0.1339
1286,08-DAPI-9-40x-402ms.tif,NBL,0.031,0.031,44.8706,1.6748,1.3925,0.052
1287,08-DAPI-9-40x-402ms.tif,NBL,0.096,0.096,34.7638,0.9186,3.3383,0.0882
1288,08-DAPI-9-40x-402ms.tif,NBL,0.0589,0.0589,45.6022,1.0589,2.6868,0.0624
1289,08-DAPI-9-40x-402ms.tif,NBL,0.1367,0.1367,30.4,1.7294,4.1562,0.2364
1290,08-DAPI-9-40x-402ms.tif,NBL,0.051,0.051,52.2894,2.1191,2.6667,0.1081
1291,08-DAPI-9-40x-402ms.tif,NBL,0.0489,0.0489,58.3747,1.6674,2.8567,0.0816
1292,08-DAPI-9-40x-402ms.tif,NBL,0.0347,0.0347,46.4438,0.9531,1.6126,0.0331
1293,08-DAPI-9-40x-402ms.tif,NBL,0.0512,0.0512,58.5318,1.4619,2.9977,0.0749
1294,08-DAPI-9-40x-402ms.tif,NBL,0.0381,0.0381,49.7863,1.4986,1.8962,0.0571
1295,08-DAPI-9-40x-402ms.tif,NBL,0.0611,0.0611,50.9769,1.4103,3.1141,0.0862
1296,08-DAPI-9-40x-402ms.tif,NBL,0.0592,0.0592,32.815,0.8462,1.9441,0.0501
1297,08-DAPI-9-40x-402ms.tif,NBL,0.0283,0.0283,44.6628,1.3027,1.2649,0.0369
1298,08-DAPI-9-40x-402ms.tif,NBL,0.0766,0.0766,50.0439,1.3173,3.8337,0.1009
1299,08-DAPI-9-40x-402ms.tif,NBL,0.0691,0.0691,47.4364,1.259,3.2788,0.087
1300,08-DAPI-9-40x-402ms.tif,NBL,0.0323,0.0323,45.7685,1.1342,1.4799,0.0367
1301,08-DAPI-9-40x-402ms.tif,NBL,0.077,0.077,54.4155,1.6746,4.1922,0.129
1302,08-DAPI-9-40x-402ms.tif,NBL,0.0388,0.0388,59.4078,1.4749,2.3077,0.0573
1303,08-DAPI-9-40x-402ms.tif,NBL,0.0366,0.0366,64.7685,2.1246,2.3684,0.0777
1304,08-DAPI-9-40x-402ms.tif,NBL,0.0736,0.0736,47.4764,1.3038,3.4927,0.0959
1305,08-DAPI-9-40x-402ms.tif,NBL,0.033,0.033,67.8355,1.9211,2.2376,0.0634
1306,08-DAPI-9-40x-402ms.tif,NBL,0.0815,0.0815,38.9015,1.1651,3.17,0.0949
1307,08-DAPI-9-40x-402ms.tif,NBL,0.0436,0.0436,28.4826,1.1816,1.2424,0.0515
1308,08-DAPI-9-40x-402ms.tif,NBL,0.082,0.082,45.9603,2.369,3.7702,0.1943
1309,08-DAPI-9-40x-402ms.tif,NBL,0.1854,0.1854,27.6173,2.4722,5.1213,0.4584
1310,08-DAPI-9-40x-402ms.tif,NBL,0.0968,0.0968,34.3924,1.4238,3.3288,0.1378
1311,08-DAPI-9-40x-402ms.tif,NBL,0.1564,0.1564,33.288,0.8029,5.2049,0.1255
1312,08-DAPI-9-40x-402ms.tif,NBL,0.0603,0.0603,55.5558,1.4029,3.3517,0.0846
1313,08-DAPI-9-40x-402ms.tif,NBL,0.0724,0.0724,45.2429,1.3433,3.2744,0.0972
1314,08-DAPI-9-40x-402ms.tif,NBL,0.0485,0.0485,50.0134,1.4318,2.4258,0.0694
1315,08-DAPI-9-40x-402ms.tif,NBL,0.0658,0.0658,52.8894,1.3779,3.4778,0.0906
1316,08-DAPI-9-40x-402ms.tif,NBL,0.0628,0.0628,56.1934,1.4301,3.5304,0.0898
1317,08-DAPI-9-40x-402ms.tif,NBL,0.0458,0.0458,72.4929,2.263,3.3194,0.1036
1318,08-DAPI-9-40x-402ms.tif,NBL,0.0714,0.0714,56.6413,1.5122,4.0441,0.108
1319,08-DAPI-9-40x-402ms.tif,NBL,0.0441,0.0441,59.0591,1.3719,2.6018,0.0604
1320,08-DAPI-9-40x-402ms.tif,NBL,0.0582,0.0582,61.597,1.6754,3.5825,0.0974
1321,08-DAPI-9-40x-402ms.tif,NBL,0.0808,0.0808,56.247,1.6792,4.5469,0.1357
1322,08-DAPI-9-40x-402ms.tif,NBL,0.0706,0.0706,53.126,1.5653,3.7527,0.1106
1323,08-DAPI-9-40x-402ms.tif,NBL,0.0608,0.0608,51.6321,1.4179,3.1374,0.0862
1324,08-DAPI-9-40x-402ms.tif,NBL,0.0532,0.0532,62.7143,1.7429,3.3344,0.0927
1325,08-DAPI-9-40x-402ms.tif,NBL,0.0686,0.0686,46.5712,1.2642,3.1937,0.0867
1326,08-DAPI-9-40x-402ms.tif,NBL,0.0449,0.0449,53.6691,2.1135,2.4109,0.0949
1327,08-DAPI-9-40x-402ms.tif,NBL,0.0878,0.0878,38.5093,1.1112,3.3804,0.0975
1328,08-DAPI-9-40x-402ms.tif,NBL,0.143,0.143,39.044,1.0357,5.5838,0.1481
1329,08-DAPI-9-40x-402ms.tif,NBL,0.121,0.121,34.4242,0.9085,4.1648,0.1099
1330,08-DAPI-9-40x-402ms.tif,NBL,0.0921,0.0921,23.7267,0.788,2.1858,0.0726
1331,08-DAPI-9-40x-402ms.tif,NBL,0.0855,0.0855,35.9683,0.8528,3.0754,0.0729
1332,08-DAPI-9-40x-402ms.tif,NBL,0.1061,0.1061,42.3517,1,4.4944,0.1061
1333,08-DAPI-9-40x-402ms.tif,NBL,0.0642,0.0642,40.5051,0.9155,2.6019,0.0588
1334,08-DAPI-9-40x-402ms.tif,NBL,0.1423,0.1423,33.9985,0.8787,4.8364,0.125
1335,08-DAPI-9-40x-402ms.tif,NBL,0.1419,0.1419,29.2661,0.8693,4.1536,0.1234
1336,08-DAPI-9-40x-402ms.tif,NBL,0.049,0.049,35.0686,2.677,1.7199,0.1313
1337,08-DAPI-9-40x-402ms.tif,NBL,0.0804,0.0804,22.5857,25.5196,1.816,2.0519
1338,08-DAPI-9-40x-402ms.tif,NBL,0.1163,0.1163,20.5196,31.3209,2.3868,3.6432
1339,08-DAPI-9-40x-402ms.tif,NBL,0.079,0.079,33.2486,37.1442,2.6264,2.9341
1340,08-DAPI-9-40x-402ms.tif,NBL,0.0633,0.0633,21.7376,18.7101,1.3751,1.1836
1341,08-DAPI-9-40x-402ms.tif,NBL,0.0331,0.0331,27.4459,16.1148,0.9083,0.5333
1342,08-DAPI-9-40x-402ms.tif,NBL,0.0844,0.0844,38.9357,2.4846,3.2869,0.2097
1343,08-DAPI-9-40x-402ms.tif,NBL,0.0544,0.0544,26.1417,0.8184,1.4211,0.0445
1344,08-DAPI-9-40x-402ms.tif,NBL,0.0406,0.0406,29.9439,1.7701,1.2152,0.0718
1345,08-DAPI-9-40x-402ms.tif,NBL,0.0346,0.0346,44.3574,6.1317,1.5354,0.2122
1346,08-DAPI-9-40x-402ms.tif,NBL,0.0151,0.0151,68.3309,15.6331,1.0306,0.2358
1347,08-DAPI-9-40x-402ms.tif,NBL,0.0604,0.0604,28.5063,8.14,1.7229,0.492
1348,08-DAPI-9-40x-402ms.tif,NBL,0.1411,0.1411,30.4346,0.7385,4.2931,0.1042
1349,08-DAPI-9-40x-402ms.tif,NBL,0.0907,0.0907,34.6986,0.6734,3.1476,0.0611
1350,08-DAPI-9-40x-402ms.tif,NBL,0.139,0.139,31.7158,0.6971,4.4084,0.0969
1351,08-DAPI-9-40x-402ms.tif,NBL,0.0576,0.0576,21.3427,32.8531,1.2297,1.8929
1352,08-DAPI-9-40x-402ms.tif,NBL,0.0413,0.0413,25.4383,1.4121,1.0516,0.0584
1353,08-DAPI-9-40x-402ms.tif,NBL,0.0269,0.0269,49.8911,3.8952,1.3426,0.1048
1354,08-DAPI-9-40x-402ms.tif,NBL,0.0885,0.0885,27.2904,0.9265,2.4163,0.082
1355,08-DAPI-9-40x-402ms.tif,NBL,0.1033,0.1033,16.5672,0.6418,1.7114,0.0663
1356,08-DAPI-9-40x-402ms.tif,NBL,0.0955,0.0955,43.0193,1.2114,4.1077,0.1157
1357,08-DAPI-9-40x-402ms.tif,NBL,0.0648,0.0648,53.392,0.9162,3.4587,0.0594
1358,08-DAPI-9-40x-402ms.tif,NBL,0.06,0.06,72.5678,1.7884,4.3544,0.1073
1359,08-DAPI-9-40x-402ms.tif,NBL,0.0487,0.0487,59.6036,1.2984,2.9039,0.0633
1360,08-DAPI-9-40x-402ms.tif,NBL,0.0919,0.0919,46.6482,1.0519,4.2872,0.0967
1361,08-DAPI-9-40x-402ms.tif,NBL,0.0686,0.0686,52.8655,1.0997,3.6253,0.0754
1362,08-DAPI-9-40x-402ms.tif,NBL,0.0489,0.0489,61.51,1.5366,3.0101,0.0752
1363,08-DAPI-9-40x-402ms.tif,NBL,0.0678,0.0678,40.0112,1.2336,2.7134,0.0837
1364,08-DAPI-9-40x-402ms.tif,NBL,0.0459,0.0459,40.4019,1.2151,1.8544,0.0558
1365,08-DAPI-9-40x-402ms.tif,NBL,0.0744,0.0744,35.9606,1.0335,2.6768,0.0769
1366,08-DAPI-9-40x-402ms.tif,NBL,0.1089,0.1089,34.3386,0.5398,3.7409,0.0588
1367,08-DAPI-9-40x-402ms.tif,NBL,0.1153,0.1153,49.5372,0.9727,5.7138,0.1122
1368,08-DAPI-9-40x-402ms.tif,NBL,0.1159,0.1159,44.2706,0.7154,5.1303,0.0829
1369,08-DAPI-9-40x-402ms.tif,NBL,0.0926,0.0926,46.9027,0.6589,4.3411,0.061
1370,08-DAPI-9-40x-402ms.tif,NBL,0.1373,0.1373,35.9375,0.3889,4.9328,0.0534
1371,08-DAPI-9-40x-402ms.tif,NBL,0.0545,0.0545,58.0518,0.6633,3.1621,0.0361
1372,08-DAPI-9-40x-402ms.tif,NBL,0.0319,0.0319,70.7415,1.068,2.2567,0.0341
1373,08-DAPI-9-40x-402ms.tif,NBL,0.0407,0.0407,41.6027,0.7893,1.6928,0.0321
1374,08-DAPI-9-40x-402ms.tif,NBL,0.0519,0.0519,49.2992,0.7385,2.557,0.0383
1375,08-DAPI-9-40x-402ms.tif,NBL,0.0702,0.0702,55.6801,0.8393,3.909,0.0589
1376,08-DAPI-9-40x-402ms.tif,NBL,0.1101,0.1101,40.9537,0.7498,4.5104,0.0826
1377,08-DAPI-9-40x-402ms.tif,NBL,0.0436,0.0436,47.2637,0.5771,2.0616,0.0252
1378,08-DAPI-9-40x-402ms.tif,NBL,0.0796,0.0796,41.4019,0.5954,3.2974,0.0474
1379,08-DAPI-9-40x-402ms.tif,NBL,0.043,0.043,48.2929,0.8636,2.0751,0.0371
1380,08-DAPI-9-40x-402ms.tif,NBL,0.0664,0.0664,37.0343,0.6765,2.4593,0.0449
1381,08-DAPI-9-40x-402ms.tif,NBL,0.136,0.136,31.7686,0.3224,4.3192,0.0438
1382,08-DAPI-9-40x-402ms.tif,NBL,0.0624,0.0624,32.0696,0.287,2.0009,0.0179
1383,08-DAPI-9-40x-402ms.tif,NBL,0.0685,0.0685,27.3296,0.2108,1.8712,0.0144
1384,08-DAPI-9-40x-402ms.tif,NBL,0.0947,0.0947,30.9336,0.2325,2.9302,0.022
1385,08-DAPI-9-40x-402ms.tif,NBL,0.0515,0.0515,57.5516,0.8842,2.9663,0.0456
1386,08-DAPI-9-40x-402ms.tif,NBL,0.0459,0.0459,39.1584,0.3168,1.7973,0.0145
1387,08-DAPI-9-40x-402ms.tif,NBL,0.0739,0.0739,40.5888,0.1454,2.9992,0.0107
1388,08-DAPI-9-40x-402ms.tif,NBL,0.0723,0.0723,44.7102,0.2973,3.231,0.0215
1389,08-DAPI-9-40x-402ms.tif,NBL,0.0412,0.0412,37.9737,0.4816,1.5658,0.0199
1390,08-DAPI-9-40x-402ms.tif,NBL,0.0222,0.0222,31.7902,3.6049,0.7071,0.0802
1391,08-DAPI-9-40x-402ms.tif,NBL,0.0648,0.0648,38.6633,0.9296,2.5046,0.0602
1392,08-DAPI-9-40x-402ms.tif,NBL,0.0649,0.0649,29.0736,0.8278,1.8865,0.0537
1393,09-DAPI-9-40x-402ms.tif,NBL,0.0832,0.0832,34.9309,0.8722,2.9071,0.0726
1394,09-DAPI-9-40x-402ms.tif,NBL,0.0419,0.0419,56.0648,1.2694,2.3482,0.0532
1395,09-DAPI-9-40x-402ms.tif,NBL,0.0957,0.0957,36.3345,0.8855,3.4773,0.0847
1396,09-DAPI-9-40x-402ms.tif,NBL,0.1194,0.1194,33.89,0.8227,4.045,0.0982
1397,09-DAPI-9-40x-402ms.tif,NBL,0.0686,0.0686,35.5142,0.7373,2.4354,0.0506
1398,09-DAPI-9-40x-402ms.tif,NBL,0.0359,0.0359,72.6586,1.3263,2.6096,0.0476
1399,09-DAPI-9-40x-402ms.tif,NBL,0.0871,0.0871,51.7024,1.1046,4.5049,0.0962
1400,09-DAPI-9-40x-402ms.tif,NBL,0.0947,0.0947,41.8419,0.7194,3.9635,0.0681
1401,09-DAPI-9-40x-402ms.tif,NBL,0.0304,0.0304,46.85,0.8036,1.4234,0.0244
1402,09-DAPI-9-40x-402ms.tif,NBL,0.0561,0.0561,45,0.6441,2.5244,0.0361
1403,09-DAPI-9-40x-402ms.tif,NBL,0.0901,0.0901,40.7398,0.688,3.6691,0.062
1404,09-DAPI-9-40x-402ms.tif,NBL,0.0578,0.0578,43.9325,1.0882,2.5408,0.0629
1405,09-DAPI-9-40x-402ms.tif,NBL,0.0424,0.0424,35.4655,0.6419,1.5047,0.0272
1406,09-DAPI-9-40x-402ms.tif,NBL,0.1385,0.1385,61.7359,1.3809,8.5476,0.1912
1407,09-DAPI-9-40x-402ms.tif,NBL,0.0993,0.0993,32.1224,0.8721,3.1892,0.0866
1408,09-DAPI-9-40x-402ms.tif,NBL,0.0875,0.0875,55.3846,1.4404,4.8437,0.126
1409,09-DAPI-9-40x-402ms.tif,NBL,0.0684,0.0684,54.419,1.2587,3.7201,0.086
1410,09-DAPI-9-40x-402ms.tif,NBL,0.0822,0.0822,45.6478,1.1478,3.7544,0.0944
1411,09-DAPI-9-40x-402ms.tif,NBL,0.1496,0.1496,32.628,0.7592,4.8822,0.1136
1412,09-DAPI-9-40x-402ms.tif,NBL,0.1364,0.1364,36.9387,0.8298,5.0382,0.1132
1413,09-DAPI-9-40x-402ms.tif,NBL,0.1573,0.1573,27.4462,0.5731,4.3183,0.0902
1414,09-DAPI-9-40x-402ms.tif,NBL,0.142,0.142,38.3911,1.1772,5.4529,0.1672
1415,09-DAPI-9-40x-402ms.tif,NBL,0.1493,0.1493,31.9048,0.8605,4.7636,0.1285
1416,09-DAPI-9-40x-402ms.tif,NBL,0.0585,0.0585,38.744,2.7625,2.266,0.1616
1417,09-DAPI-9-40x-402ms.tif,NBL,0.0694,0.0694,48.2031,1.3984,3.3474,0.0971
1418,09-DAPI-9-40x-402ms.tif,NBL,0.1387,0.1387,51.6471,1.561,7.162,0.2165
1419,09-DAPI-9-40x-402ms.tif,NBL,0.1003,0.1003,41.1591,1.1082,4.1266,0.1111
1420,09-DAPI-9-40x-402ms.tif,NBL,0.1061,0.1061,44.1871,1.2689,4.6891,0.1347
1421,09-DAPI-9-40x-402ms.tif,NBL,0.0458,0.0458,41.1493,1.154,1.8842,0.0528
1422,09-DAPI-9-40x-402ms.tif,NBL,0.09,0.09,25.4234,1.0326,2.2869,0.0929
1423,09-DAPI-9-40x-402ms.tif,NBL,0.0303,0.0303,44.9427,3.5161,1.3606,0.1064
1424,09-DAPI-9-40x-402ms.tif,NBL,0.0969,0.0969,31.1019,0.9462,3.0137,0.0917
1425,09-DAPI-9-40x-402ms.tif,NBL,0.0341,0.0341,32.414,1.5127,1.1044,0.0515
1426,09-DAPI-9-40x-402ms.tif,NBL,0.0858,0.0858,41.6764,2.9166,3.577,0.2503
1427,09-DAPI-9-40x-402ms.tif,NBL,0.1271,0.1271,21.3348,5.4415,2.7108,0.6914
1428,09-DAPI-9-40x-402ms.tif,NBL,0.0524,0.0524,43.4638,19.4431,2.2779,1.019
1429,09-DAPI-9-40x-402ms.tif,NBL,0.1351,0.1351,15.9631,29.6474,2.1565,4.0051
1430,09-DAPI-9-40x-402ms.tif,NBL,0.0548,0.0548,44.5683,24.6792,2.4422,1.3523
1431,09-DAPI-9-40x-402ms.tif,NBL,0.0215,0.0215,31.5152,21.3485,0.6771,0.4587
1432,09-DAPI-9-40x-402ms.tif,NBL,0.1321,0.1321,13.4864,25.1611,1.7809,3.3226
1433,09-DAPI-9-40x-402ms.tif,NBL,0.0656,0.0656,34.476,8.4248,2.2632,0.5531
1434,09-DAPI-9-40x-402ms.tif,NBL,0.0252,0.0252,35.8793,9.375,0.9032,0.236
1435,09-DAPI-9-40x-402ms.tif,NBL,0.0543,0.0543,30.686,4.658,1.6648,0.2527
1436,09-DAPI-9-40x-402ms.tif,NBL,0.0383,0.0383,31.0142,9.2125,1.1879,0.3529
1437,09-DAPI-9-40x-402ms.tif,NBL,0.1311,0.1311,22.1606,11.6432,2.9047,1.5262
1438,09-DAPI-9-40x-402ms.tif,NBL,0.0521,0.0521,30.1417,2.2,1.5699,0.1146
1439,09-DAPI-9-40x-402ms.tif,NBL,0.1113,0.1113,21.7086,1.1774,2.4168,0.1311
1440,09-DAPI-9-40x-402ms.tif,NBL,0.0458,0.0458,28.5664,1.346,1.3081,0.0616
1441,09-DAPI-9-40x-402ms.tif,NBL,0.1263,0.1263,29.0387,1.7088,3.6676,0.2158
1442,09-DAPI-9-40x-402ms.tif,NBL,0.0945,0.0945,49.2721,2.2101,4.6567,0.2089
1443,09-DAPI-9-40x-402ms.tif,NBL,0.0702,0.0702,46.6538,1.2937,3.2753,0.0908
1444,09-DAPI-9-40x-402ms.tif,NBL,0.0423,0.0423,29.5333,1.0718,1.2498,0.0454
1445,09-DAPI-9-40x-402ms.tif,NBL,0.0792,0.0792,38.1589,1.2918,3.0226,0.1023
1446,09-DAPI-9-40x-402ms.tif,NBL,0.0422,0.0422,24.4653,2.9126,1.0327,0.1229
1447,09-DAPI-9-40x-402ms.tif,NBL,0.0348,0.0348,48.9875,3.215,1.7063,0.112
1448,09-DAPI-9-40x-402ms.tif,NBL,0.0869,0.0869,32.0549,1.5743,2.786,0.1368
1449,09-DAPI-9-40x-402ms.tif,NBL,0.0866,0.0866,33.4411,1.5439,2.8956,0.1337
1450,09-DAPI-9-40x-402ms.tif,NBL,0.0647,0.0647,32.6644,1.5856,2.1124,0.1025
1451,09-DAPI-9-40x-402ms.tif,NBL,0.0997,0.0997,24.2612,1.1273,2.4193,0.1124
1452,09-DAPI-9-40x-402ms.tif,NBL,0.0851,0.0851,37.5714,1.5038,3.1962,0.1279
1453,09-DAPI-9-40x-402ms.tif,NBL,0.078,0.078,34.63,1.3157,2.7017,0.1026
1454,09-DAPI-9-40x-402ms.tif,NBL,0.0827,0.0827,38.7231,1.4501,3.2017,0.1199
1455,09-DAPI-9-40x-402ms.tif,NBL,0.1048,0.1048,19.0528,11.7371,1.9971,1.2303
1456,09-DAPI-9-40x-402ms.tif,NBL,0.0701,0.0701,13.0046,24.7879,0.9116,1.7375
1457,09-DAPI-9-40x-402ms.tif,NBL,0.0857,0.0857,11.9291,14.0076,1.0226,1.2007
1458,09-DAPI-9-40x-402ms.tif,NBL,0.1367,0.1367,12.7825,24.9333,1.7476,3.4089
1459,09-DAPI-9-40x-402ms.tif,NBL,0.1127,0.1127,12.743,46.8479,1.4366,5.2816
1460,09-DAPI-9-40x-402ms.tif,NBL,0.0393,0.0393,22.4972,13.3398,0.8837,0.524
1461,09-DAPI-9-40x-402ms.tif,NBL,0.0576,0.0576,40.7684,14.8569,2.349,0.856
1462,09-DAPI-9-40x-402ms.tif,NBL,0.0277,0.0277,12.1255,59.2588,0.3355,1.6396
1463,09-DAPI-9-40x-402ms.tif,NBL,0.1085,0.1085,23.83,1.305,2.5857,0.1416
1464,09-DAPI-9-40x-402ms.tif,NBL,0.1173,0.1173,23.0194,1.0842,2.7001,0.1272
1465,09-DAPI-9-40x-402ms.tif,NBL,0.0714,0.0714,35.9802,1.4924,2.5689,0.1066
1466,09-DAPI-9-40x-402ms.tif,NBL,0.0314,0.0314,42.4118,2.6609,1.33,0.0834
1467,09-DAPI-9-40x-402ms.tif,NBL,0.0495,0.0495,21.932,2.75,1.0852,0.1361
1468,09-DAPI-9-40x-402ms.tif,NBL,0.0269,0.0269,30.3185,2.8992,0.8159,0.078
1469,09-DAPI-9-40x-402ms.tif,NBL,0.0117,0.0117,58.1389,3.8148,0.6813,0.0447
1470,09-DAPI-9-40x-402ms.tif,NBL,0.0482,0.0482,32.9459,1.3919,1.5872,0.0671
1471,09-DAPI-9-40x-402ms.tif,NBL,0.0319,0.0319,34.7619,1.3503,1.1089,0.0431
1472,09-DAPI-9-40x-402ms.tif,NBL,0.145,0.145,27.5464,0.8975,3.9933,0.1301
1473,09-DAPI-9-40x-402ms.tif,NBL,0.1084,0.1084,32.1832,1.0531,3.4886,0.1141
1474,09-DAPI-9-40x-402ms.tif,NBL,0.1011,0.1011,34.9077,1.162,3.5302,0.1175
1475,09-DAPI-9-40x-402ms.tif,NBL,0.0983,0.0983,29.117,1.1258,2.8624,0.1107
1476,09-DAPI-9-40x-402ms.tif,NBL,0.1219,0.1219,38.138,1.1469,4.6472,0.1398
1477,09-DAPI-9-40x-402ms.tif,NBL,0.0438,0.0438,63.8045,1.8837,2.797,0.0826
1478,09-DAPI-9-40x-402ms.tif,NBL,0.0463,0.0463,36.9485,1.1265,1.7119,0.0522
1479,09-DAPI-9-40x-402ms.tif,NBL,0.0611,0.0611,48.2096,1.3162,2.9451,0.0804
1480,09-DAPI-9-40x-402ms.tif,NBL,0.1123,0.1123,9.1565,17.4367,1.0283,1.9582
1481,09-DAPI-9-40x-402ms.tif,NBL,0.0597,0.0597,23.2127,1.0236,1.3853,0.0611
1482,09-DAPI-9-40x-402ms.tif,NBL,0.0702,0.0702,29.813,0.8779,2.093,0.0616
1483,09-DAPI-9-40x-402ms.tif,NBL,0.052,0.052,47.1127,1.0919,2.4487,0.0567
1484,09-DAPI-9-40x-402ms.tif,NBL,0.201,0.201,25.7408,0.844,5.1727,0.1696
1485,09-DAPI-9-40x-402ms.tif,NBL,0.046,0.046,45.2736,1.3278,2.0829,0.0611
1486,09-DAPI-9-40x-402ms.tif,NBL,0.0856,0.0856,33.2598,0.8403,2.8474,0.0719
1487,09-DAPI-9-40x-402ms.tif,NBL,0.0655,0.0655,40.8543,2.5464,2.6775,0.1669
1488,09-DAPI-9-40x-402ms.tif,NBL,0.0729,0.0729,26.4509,0.8735,1.9287,0.0637
1489,09-DAPI-9-40x-402ms.tif,NBL,0.0487,0.0487,50.1359,1.2272,2.4426,0.0598
1490,09-DAPI-9-40x-402ms.tif,NBL,0.0707,0.0707,67.2301,2.3175,4.7563,0.164
1491,09-DAPI-9-40x-402ms.tif,NBL,0.0345,0.0345,58.1855,1.7673,2.0077,0.061
1492,09-DAPI-9-40x-402ms.tif,NBL,0.0588,0.0588,56.1716,1.7103,3.3035,0.1006
1493,09-DAPI-9-40x-402ms.tif,NBL,0.0394,0.0394,57.0331,1.7493,2.2464,0.0689
1494,09-DAPI-9-40x-402ms.tif,NBL,0.0877,0.0877,41.7661,0.995,3.6618,0.0872
1495,09-DAPI-9-40x-402ms.tif,NBL,0.0528,0.0528,42.4517,0.8522,2.2433,0.045
1496,09-DAPI-9-40x-402ms.tif,NBL,0.0454,0.0454,48.7225,1.0742,2.2099,0.0487
1497,09-DAPI-9-40x-402ms.tif,NBL,0.0368,0.0368,69.6254,1.8319,2.5611,0.0674
1498,09-DAPI-9-40x-402ms.tif,NBL,0.0266,0.0266,47.6,1.1184,1.2654,0.0297
1499,09-DAPI-9-40x-402ms.tif,NBL,0.0207,0.0207,49.0157,1.4398,1.0158,0.0298
1500,09-DAPI-9-40x-402ms.tif,NBL,0.1022,0.1022,41.5308,1.2442,4.245,0.1272
1501,09-DAPI-9-40x-402ms.tif,NBL,0.0207,0.0207,47.3927,1.5602,0.9822,0.0323
1502,09-DAPI-9-40x-402ms.tif,NBL,0.0565,0.0565,36.6084,0.7965,2.0696,0.045
1503,09-DAPI-9-40x-402ms.tif,NBL,0.0527,0.0527,36.6317,0.679,1.9317,0.0358
1504,09-DAPI-9-40x-402ms.tif,NBL,0.0367,0.0367,39.4793,0.7988,1.4479,0.0293
1505,09-DAPI-9-40x-402ms.tif,NBL,0.0838,0.0838,34.6244,0.5972,2.9004,0.05
1506,09-DAPI-9-40x-402ms.tif,NBL,0.076,0.076,27.9171,0.6571,2.1204,0.0499
1507,09-DAPI-9-40x-402ms.tif,NBL,0.1369,0.1369,19.9826,0.4754,2.7363,0.0651
1508,09-DAPI-9-40x-402ms.tif,NBL,0.0489,0.0489,31.0377,0.5521,1.5189,0.027
1509,09-DAPI-9-40x-402ms.tif,NBL,0.0626,0.0626,40.4021,0.617,2.5295,0.0386
1510,09-DAPI-9-40x-402ms.tif,NBL,0.1351,0.1351,21.1116,0.3904,2.852,0.0527
1511,09-DAPI-9-40x-402ms.tif,NBL,0.0554,0.0554,32.2231,0.6262,1.7867,0.0347
1512,09-DAPI-9-40x-402ms.tif,NBL,0.0373,0.0373,31.3488,0.3924,1.1701,0.0146
1513,09-DAPI-9-40x-402ms.tif,NBL,0.0561,0.0561,27.8337,1.5822,1.5614,0.0888
1514,09-DAPI-9-40x-402ms.tif,NBL,0.0576,0.0576,20.4143,2.6987,1.1762,0.1555
1515,09-DAPI-9-40x-402ms.tif,NBL,0.055,0.055,27.9606,0.7199,1.5382,0.0396
1516,09-DAPI-9-40x-402ms.tif,NBL,0.0557,0.0557,59.6179,1.3489,3.3186,0.0751
1517,09-DAPI-9-40x-402ms.tif,NBL,0.0335,0.0335,68.0615,1.5566,2.282,0.0522
1518,09-DAPI-9-40x-402ms.tif,NBL,0.0564,0.0564,35.7308,0.9212,2.0161,0.052
1519,09-DAPI-9-40x-402ms.tif,NBL,0.06,0.06,44.5081,1.0054,2.6707,0.0603
1520,09-DAPI-9-40x-402ms.tif,NBL,0.0465,0.0465,58.5152,1.5338,2.7238,0.0714
1521,09-DAPI-9-40x-402ms.tif,NBL,0.0372,0.0372,67.0758,1.9417,2.4964,0.0723
1522,09-DAPI-9-40x-402ms.tif,NBL,0.0323,0.0323,66.8557,1.8289,2.1618,0.0591
1523,09-DAPI-9-40x-402ms.tif,NBL,0.0654,0.0654,50.7313,0.9469,3.3193,0.062
1524,09-DAPI-9-40x-402ms.tif,NBL,0.0218,0.0218,53.1294,0.8806,1.1587,0.0192
1525,09-DAPI-9-40x-402ms.tif,NBL,0.0125,0.0125,43.2609,0.6261,0.5398,0.0078
1526,09-DAPI-9-40x-402ms.tif,NBL,0.0283,0.0283,58.8544,0.9617,1.6668,0.0272
1527,09-DAPI-9-40x-402ms.tif,NBL,0.0363,0.0363,61.8955,1,2.2499,0.0363
1528,09-DAPI-9-40x-402ms.tif,NBL,0.0333,0.0333,31.0195,0.4756,1.0333,0.0158
1529,09-DAPI-9-40x-402ms.tif,NBL,0.0594,0.0594,42.9616,0.6252,2.5499,0.0371
1530,09-DAPI-9-40x-402ms.tif,NBL,0.063,0.063,36.6678,0.3081,2.3116,0.0194
1531,09-DAPI-9-40x-402ms.tif,NBL,0.039,0.039,50.0641,0.7939,1.9502,0.0309
1532,09-DAPI-9-40x-402ms.tif,NBL,0.042,0.042,34.3023,0.6279,1.4404,0.0264
1533,09-DAPI-9-40x-402ms.tif,NBL,0.0212,0.0212,52.7333,0.8,1.1158,0.0169
1534,09-DAPI-9-40x-402ms.tif,NBL,0.0272,0.0272,62.1554,0.7888,1.6928,0.0215
1535,09-DAPI-9-40x-402ms.tif,NBL,0.0363,0.0363,49.8716,1.0955,1.8128,0.0398
1536,09-DAPI-9-40x-402ms.tif,NBL,0.038,0.038,48.4314,0.7657,1.8393,0.0291
1537,09-DAPI-9-40x-402ms.tif,NBL,0.0333,0.0333,35.0358,0.8078,1.1671,0.0269
1538,09-DAPI-9-40x-402ms.tif,NBL,0.0377,0.0377,36.8646,0.8213,1.388,0.0309
1539,09-DAPI-9-40x-402ms.tif,NBL,0.0496,0.0496,57.5908,1.4989,2.8558,0.0743
1540,09-DAPI-9-40x-402ms.tif,NBL,0.0315,0.0315,65.4724,2.0034,2.0602,0.063
1541,09-DAPI-9-40x-402ms.tif,NBL,0.038,0.038,58.52,1.4686,2.2224,0.0558
1542,09-DAPI-9-40x-402ms.tif,NBL,0.0392,0.0392,52.9751,1.4903,2.0751,0.0584
1543,09-DAPI-9-40x-402ms.tif,NBL,0.0432,0.0432,49.4221,1.4849,2.1343,0.0641
1544,09-DAPI-9-40x-402ms.tif,NBL,0.0101,0.0101,71.0108,1.6774,0.7166,0.0169
1545,09-DAPI-9-40x-402ms.tif,NBL,0.0316,0.0316,61.622,1.5361,1.9457,0.0485
1546,09-DAPI-9-40x-402ms.tif,NBL,0.0423,0.0423,40.2359,0.6538,1.7027,0.0277
1547,10-DAPI-9-40x-402ms.tif,NBL,0.0337,0.0337,35.209,14.8103,1.1882,0.4998
1548,10-DAPI-9-40x-402ms.tif,NBL,0.0704,0.0704,17.2096,6.1633,1.2119,0.434
1549,10-DAPI-9-40x-402ms.tif,NBL,0.0984,0.0984,16.7343,4.968,1.6469,0.4889
1550,10-DAPI-9-40x-402ms.tif,NBL,0.0139,0.0139,44.4609,16.9922,0.6175,0.236
1551,10-DAPI-9-40x-402ms.tif,NBL,0.0834,0.0834,12.3836,13.2042,1.0333,1.1018
1552,10-DAPI-9-40x-402ms.tif,NBL,0.0984,0.0984,16.7585,30.7045,1.6493,3.0218
1553,10-DAPI-9-40x-402ms.tif,NBL,0.0633,0.0633,21.2161,34.9451,1.3421,2.2106
1554,10-DAPI-9-40x-402ms.tif,NBL,0.0996,0.0996,11.3246,27.6242,1.128,2.7516
1555,10-DAPI-9-40x-402ms.tif,NBL,0.0282,0.0282,26.9808,39.1346,0.7612,1.1041
1556,10-DAPI-9-40x-402ms.tif,NBL,0.0397,0.0397,19.9235,45.0219,0.7912,1.788
1557,10-DAPI-9-40x-402ms.tif,NBL,0.0382,0.0382,37.6477,9.4545,1.4379,0.3611
1558,10-DAPI-9-40x-402ms.tif,NBL,0.0413,0.0413,31.2913,15.7454,1.2936,0.6509
1559,10-DAPI-9-40x-402ms.tif,NBL,0.0642,0.0642,34.1875,7.0507,2.1961,0.4529
1560,10-DAPI-9-40x-402ms.tif,NBL,0.0734,0.0734,24.4379,22.9423,1.7925,1.6828
1561,10-DAPI-9-40x-402ms.tif,NBL,0.0613,0.0613,23.7947,34.8531,1.4588,2.1367
1562,10-DAPI-9-40x-402ms.tif,NBL,0.0441,0.0441,39.2463,9.7118,1.7289,0.4278
1563,10-DAPI-9-40x-402ms.tif,NBL,0.0629,0.0629,25.4397,6.2897,1.601,0.3958
1564,10-DAPI-9-40x-402ms.tif,NBL,0.0182,0.0182,36.5476,4.875,0.6662,0.0889
1565,10-DAPI-9-40x-402ms.tif,NBL,0.0446,0.0446,40.2676,2.837,1.7958,0.1265
1566,10-DAPI-9-40x-402ms.tif,NBL,0.0519,0.0519,27.4791,1.7469,1.4252,0.0906
1567,10-DAPI-9-40x-402ms.tif,NBL,0.0704,0.0704,42.6394,4.1402,3.0027,0.2916
1568,10-DAPI-9-40x-402ms.tif,NBL,0.0481,0.0481,49.1422,2.2325,2.3622,0.1073
1569,10-DAPI-9-40x-402ms.tif,NBL,0.0375,0.0375,45.2052,2.8064,1.6972,0.1054
1570,10-DAPI-9-40x-402ms.tif,NBL,0.0828,0.0828,36.498,1.7733,3.0217,0.1468
1571,10-DAPI-9-40x-402ms.tif,NBL,0.0525,0.0525,43.8285,1.9793,2.3018,0.1039
1572,10-DAPI-9-40x-402ms.tif,NBL,0.0437,0.0437,45.2084,1.8337,1.9769,0.0802
1573,10-DAPI-9-40x-402ms.tif,NBL,0.0226,0.0226,48.8606,2.0577,1.1028,0.0464
1574,10-DAPI-9-40x-402ms.tif,NBL,0.0667,0.0667,29.826,1.187,1.9903,0.0792
1575,10-DAPI-9-40x-402ms.tif,NBL,0.0473,0.0473,46.6972,1.8761,2.2092,0.0888
1576,10-DAPI-9-40x-402ms.tif,NBL,0.0455,0.0455,42.2005,1.4726,1.9186,0.0669
1577,10-DAPI-9-40x-402ms.tif,NBL,0.0401,0.0401,62.7081,2.9568,2.5176,0.1187
1578,10-DAPI-9-40x-402ms.tif,NBL,0.0643,0.0643,42.8212,1.9275,2.7553,0.124
1579,10-DAPI-9-40x-402ms.tif,NBL,0.0578,0.0578,42.8818,4.3565,2.48,0.252
1580,10-DAPI-9-40x-402ms.tif,NBL,0.0148,0.0148,40.5147,5.8382,0.5979,0.0862
1581,10-DAPI-9-40x-402ms.tif,NBL,0.0291,0.0291,36.6045,1.959,1.0645,0.057
1582,10-DAPI-9-40x-402ms.tif,NBL,0.0501,0.0501,35.9654,1.8247,1.803,0.0915
1583,10-DAPI-9-40x-402ms.tif,NBL,0.0386,0.0386,35.6433,2.0646,1.3768,0.0798
1584,10-DAPI-9-40x-402ms.tif,NBL,0.0561,0.0561,38.4275,2.8395,2.1557,0.1593
1585,10-DAPI-9-40x-402ms.tif,NBL,0.0248,0.0248,30.4978,5.2183,0.7578,0.1297
1586,10-DAPI-9-40x-402ms.tif,NBL,0.0546,0.0546,32.2167,2.7614,1.7584,0.1507
1587,10-DAPI-9-40x-402ms.tif,NBL,0.0974,0.0974,30.6871,1.51,2.9901,0.1471
1588,10-DAPI-9-40x-402ms.tif,NBL,0.0369,0.0369,44.1088,1.9588,1.6273,0.0723
1589,10-DAPI-9-40x-402ms.tif,NBL,0.0253,0.0253,32.4549,1.5622,0.8205,0.0395
1590,10-DAPI-9-40x-402ms.tif,NBL,0.0448,0.0448,38.862,1.5496,1.7415,0.0694
1591,10-DAPI-9-40x-402ms.tif,NBL,0.029,0.029,57.3109,2.2285,1.6604,0.0646
1592,10-DAPI-9-40x-402ms.tif,NBL,0.031,0.031,35.2762,1.2972,1.0947,0.0403
1593,10-DAPI-9-40x-402ms.tif,NBL,0.0333,0.0333,32.7818,1.2638,1.092,0.0421
1594,10-DAPI-9-40x-402ms.tif,NBL,0.0538,0.0538,42.7903,1.4758,2.303,0.0794
1595,10-DAPI-9-40x-402ms.tif,NBL,0.0318,0.0318,58.5154,2.959,1.8604,0.0941
1596,10-DAPI-9-40x-402ms.tif,NBL,0.0275,0.0275,42.9644,7.996,1.1795,0.2195
1597,10-DAPI-9-40x-402ms.tif,NBL,0.011,0.011,83.4356,6.6733,0.9144,0.0731
1598,10-DAPI-9-40x-402ms.tif,NBL,0.0265,0.0265,44.9016,1.2705,1.1888,0.0336
1599,10-DAPI-9-40x-402ms.tif,NBL,0.0139,0.0139,71.1797,2.7891,0.9886,0.0387
1600,10-DAPI-9-40x-402ms.tif,NBL,0.0161,0.0161,56.6284,2.0878,0.9094,0.0335
1601,10-DAPI-9-40x-402ms.tif,NBL,0.0551,0.0551,63.5965,2.6535,3.5055,0.1463
1602,10-DAPI-9-40x-402ms.tif,NBL,0.0892,0.0892,40.2068,1.3686,3.5862,0.1221
1603,10-DAPI-9-40x-402ms.tif,NBL,0.0581,0.0581,29.9776,1.3589,1.7402,0.0789
1604,10-DAPI-9-40x-402ms.tif,NBL,0.0617,0.0617,27.4007,0.8559,1.6917,0.0528
1605,10-DAPI-9-40x-402ms.tif,NBL,0.1133,0.1133,20.8966,1.022,2.3672,0.1158
1606,10-DAPI-9-40x-402ms.tif,NBL,0.0876,0.0876,39.6704,1.2714,3.4737,0.1113
1607,10-DAPI-9-40x-402ms.tif,NBL,0.0411,0.0411,43.0211,1.3509,1.7692,0.0556
1608,10-DAPI-9-40x-402ms.tif,NBL,0.0632,0.0632,43.8814,1.5825,2.7712,0.0999
1609,10-DAPI-9-40x-402ms.tif,NBL,0.0926,0.0926,16.0727,1.286,1.4876,0.119
1610,10-DAPI-9-40x-402ms.tif,NBL,0.0423,0.0423,52.4692,2.0795,2.2204,0.088
1611,10-DAPI-9-40x-402ms.tif,NBL,0.0594,0.0594,31.649,0.6728,1.8785,0.0399
1612,10-DAPI-9-40x-402ms.tif,NBL,0.0571,0.0571,45.0646,1.3099,2.572,0.0748
1613,10-DAPI-9-40x-402ms.tif,NBL,0.0352,0.0352,44.1975,0.9938,1.5538,0.0349
1614,10-DAPI-9-40x-402ms.tif,NBL,0.0782,0.0782,38.5035,1.0652,3.0123,0.0833
1615,10-DAPI-9-40x-402ms.tif,NBL,0.0416,0.0416,39.6319,1.2219,1.647,0.0508
1616,10-DAPI-9-40x-402ms.tif,NBL,0.0391,0.0391,49.5167,1.5639,1.9342,0.0611
1617,10-DAPI-9-40x-402ms.tif,NBL,0.0239,0.0239,41.0682,1.5818,0.9804,0.0378
1618,10-DAPI-9-40x-402ms.tif,NBL,0.054,0.054,29.6124,1.1647,1.6002,0.0629
1619,10-DAPI-9-40x-402ms.tif,NBL,0.0413,0.0413,46.7638,1.5801,1.9333,0.0653
1620,10-DAPI-9-40x-402ms.tif,NBL,0.0782,0.0782,22.4508,13.0915,1.7564,1.0242
1621,10-DAPI-9-40x-402ms.tif,NBL,0.049,0.049,33.8827,9.719,1.6618,0.4767
1622,10-DAPI-9-40x-402ms.tif,NBL,0.0541,0.0541,23.1403,8.6152,1.2529,0.4665
1623,10-DAPI-9-40x-402ms.tif,NBL,0.0174,0.0174,62.1375,5.4625,1.0788,0.0948
1624,10-DAPI-9-40x-402ms.tif,NBL,0.0318,0.0318,74.6143,4.4266,2.3722,0.1407
1625,10-DAPI-9-40x-402ms.tif,NBL,0.0395,0.0395,32.4066,1.0659,1.2799,0.0421
1626,10-DAPI-9-40x-402ms.tif,NBL,0.031,0.031,60.1748,2.8916,1.8674,0.0897
1627,10-DAPI-9-40x-402ms.tif,NBL,0.0511,0.0511,52.8323,3.3461,2.7001,0.171
1628,10-DAPI-9-40x-402ms.tif,NBL,0.0278,0.0278,39.9805,1.4844,1.1106,0.0412
1629,10-DAPI-9-40x-402ms.tif,NBL,0.0276,0.0276,60.2205,3.0079,1.6597,0.0829
1630,10-DAPI-9-40x-402ms.tif,NBL,0.0191,0.0191,49.5795,1.8409,0.9468,0.0352
1631,10-DAPI-9-40x-402ms.tif,NBL,0.071,0.071,41.2339,1.2232,2.9261,0.0868
1632,10-DAPI-9-40x-402ms.tif,NBL,0.0226,0.0226,71.5962,2.9231,1.6159,0.066
1633,10-DAPI-9-40x-402ms.tif,NBL,0.0208,0.0208,65.5677,2.4323,1.366,0.0507
1634,10-DAPI-9-40x-402ms.tif,NBL,0.0326,0.0326,73.3033,3.0633,2.3862,0.0997
1635,10-DAPI-9-40x-402ms.tif,NBL,0.0221,0.0221,58.1225,1.9657,1.2866,0.0435
1636,10-DAPI-9-40x-402ms.tif,NBL,0.0183,0.0183,52.6923,1.7574,0.9663,0.0322
1637,10-DAPI-9-40x-402ms.tif,NBL,0.0334,0.0334,48.5065,1.5682,1.6211,0.0524
1638,10-DAPI-9-40x-402ms.tif,NBL,0.048,0.048,39.2149,1.2217,1.8808,0.0586
1639,10-DAPI-9-40x-402ms.tif,NBL,0.05,0.05,45.8221,1.4512,2.2921,0.0726
1640,10-DAPI-9-40x-402ms.tif,NBL,0.0457,0.0457,29.5321,1.0998,1.3491,0.0502
1641,10-DAPI-9-40x-402ms.tif,NBL,0.0231,0.0231,49.6948,1.8357,1.1485,0.0424
1642,10-DAPI-9-40x-402ms.tif,NBL,0.0358,0.0358,38.5364,1.3576,1.3799,0.0486
1643,10-DAPI-9-40x-402ms.tif,NBL,0.0456,0.0456,53.0929,1.8238,2.4196,0.0831
1644,10-DAPI-9-40x-402ms.tif,NBL,0.0305,0.0305,59.5623,2.1281,1.8161,0.0649
1645,10-DAPI-9-40x-402ms.tif,NBL,0.02,0.02,57.9728,2.0924,1.1574,0.0418
1646,10-DAPI-9-40x-402ms.tif,NBL,0.0406,0.0406,36.6043,1.2193,1.4855,0.0495
1647,10-DAPI-9-40x-402ms.tif,NBL,0.0432,0.0432,46.5427,1.5553,2.01,0.0672
1648,10-DAPI-9-40x-402ms.tif,NBL,0.0571,0.0571,33.057,1.0494,1.8867,0.0599
1649,10-DAPI-9-40x-402ms.tif,NBL,0.0321,0.0321,47.4527,1.4662,1.5241,0.0471
1650,10-DAPI-9-40x-402ms.tif,NBL,0.0449,0.0449,31.3092,0.8309,1.4065,0.0373
1651,10-DAPI-9-40x-402ms.tif,NBL,0.016,0.016,38.4626,1.1973,0.6135,0.0191
1652,10-DAPI-9-40x-402ms.tif,NBL,0.037,0.037,44.217,1.4545,1.6361,0.0538
1653,10-DAPI-9-40x-402ms.tif,NBL,0.0368,0.0368,42.0767,1.3481,1.5477,0.0496
1654,10-DAPI-9-40x-402ms.tif,NBL,0.0629,0.0629,53.6966,1.7483,3.3793,0.11
1655,10-DAPI-9-40x-402ms.tif,NBL,0.0308,0.0308,52.257,1.7817,1.6104,0.0549
1656,10-DAPI-9-40x-402ms.tif,NBL,0.026,0.026,67.3292,2.2875,1.7534,0.0596
1657,10-DAPI-9-40x-402ms.tif,NBL,0.0278,0.0278,68.2734,1.9375,1.8965,0.0538
1658,10-DAPI-9-40x-402ms.tif,NBL,0.0258,0.0258,47.6597,1.1555,1.2308,0.0298
1659,10-DAPI-9-40x-402ms.tif,NBL,0.0659,0.0659,64.9325,2.1153,4.2767,0.1393
1660,10-DAPI-9-40x-402ms.tif,NBL,0.0679,0.0679,53.4681,1.5942,3.6318,0.1083
1661,10-DAPI-9-40x-402ms.tif,NBL,0.0355,0.0355,40.9633,1.1774,1.4535,0.0418
1662,10-DAPI-9-40x-402ms.tif,NBL,0.0094,0.0094,50.3218,1.8966,0.475,0.0179
1663,10-DAPI-9-40x-402ms.tif,NBL,0.0192,0.0192,53.9209,1.7175,1.0356,0.033
1664,10-DAPI-9-40x-402ms.tif,NBL,0.0279,0.0279,39.2412,1.3502,1.0943,0.0377
1665,10-DAPI-9-40x-402ms.tif,NBL,0.0479,0.0479,54.8844,1.8753,2.6263,0.0897
1666,10-DAPI-9-40x-402ms.tif,NBL,0.0494,0.0494,42.433,1.4637,2.0949,0.0723
1667,10-DAPI-9-40x-402ms.tif,NBL,0.0543,0.0543,49.35,1.662,2.6774,0.0902
1668,10-DAPI-9-40x-402ms.tif,NBL,0.0329,0.0329,50.3267,1.637,1.6546,0.0538
1669,10-DAPI-9-40x-402ms.tif,NBL,0.0279,0.0279,49.9689,1.8171,1.3934,0.0507
1670,10-DAPI-9-40x-402ms.tif,NBL,0.0271,0.0271,64.54,2.584,1.7508,0.0701
1671,10-DAPI-9-40x-402ms.tif,NBL,0.0344,0.0344,57.2934,2.3028,1.9707,0.0792
1672,10-DAPI-9-40x-402ms.tif,NBL,0.0221,0.0221,43.7745,1.0049,0.969,0.0222
1673,10-DAPI-9-40x-402ms.tif,NBL,0.0576,0.0576,49.2693,1.1469,2.8388,0.0661
1674,10-DAPI-9-40x-402ms.tif,NBL,0.025,0.025,34.8304,1.0087,0.8692,0.0252
1675,10-DAPI-9-40x-402ms.tif,NBL,0.02,0.02,51.8043,1.3641,1.0343,0.0272
1676,10-DAPI-9-40x-402ms.tif,NBL,0.0241,0.0241,53.8333,1.1171,1.2968,0.0269
1677,10-DAPI-9-40x-402ms.tif,NBL,0.0164,0.0164,73.6887,2.4305,1.2074,0.0398
1678,10-DAPI-9-40x-402ms.tif,NBL,0.0263,0.0263,37.6033,1.0124,0.9874,0.0266
1679,10-DAPI-9-40x-402ms.tif,NBL,0.0254,0.0254,41.3248,0.9316,1.0493,0.0237
1680,10-DAPI-9-40x-402ms.tif,NBL,0.0352,0.0352,47.75,1.7191,1.6787,0.0604
1681,10-DAPI-9-40x-402ms.tif,NBL,0.035,0.035,39.6594,1.4241,1.39,0.0499
1682,10-DAPI-9-40x-402ms.tif,NBL,0.0319,0.0319,55.7517,1.6361,1.7785,0.0522
1683,10-DAPI-9-40x-402ms.tif,NBL,0.04,0.04,42.9214,1.374,1.7185,0.055
1684,10-DAPI-9-40x-402ms.tif,NBL,0.0442,0.0442,57.1916,1.7445,2.5257,0.077
1685,10-DAPI-9-40x-402ms.tif,NBL,0.0527,0.0527,44.1934,1.5206,2.3305,0.0802
1686,10-DAPI-9-40x-402ms.tif,NBL,0.0204,0.0204,52.2021,1.7553,1.0649,0.0358
1687,10-DAPI-9-40x-402ms.tif,NBL,0.0599,0.0599,34.4094,1.0254,2.061,0.0614
1688,10-DAPI-9-40x-402ms.tif,NBL,0.0756,0.0756,49.1879,1.5079,3.7201,0.114
1689,10-DAPI-9-40x-402ms.tif,NBL,0.0421,0.0421,83.1521,3.116,3.5008,0.1312
1690,10-DAPI-9-40x-402ms.tif,NBL,0.0564,0.0564,34.5962,1.3058,1.952,0.0737
1691,10-DAPI-9-40x-402ms.tif,NBL,0.0645,0.0645,41.1549,1.3838,2.6526,0.0892
1692,10-DAPI-9-40x-402ms.tif,NBL,0.0523,0.0523,50.8195,1.4793,2.6579,0.0774
1693,10-DAPI-9-40x-402ms.tif,NBL,0.0468,0.0468,47.1439,1.6056,2.2048,0.0751
1694,10-DAPI-9-40x-402ms.tif,NBL,0.0602,0.0602,36.2865,1.0252,2.1852,0.0617
1695,10-DAPI-9-40x-402ms.tif,NBL,0.0416,0.0416,49.8668,1.5614,2.0724,0.0649
1696,10-DAPI-9-40x-402ms.tif,NBL,0.0639,0.0639,39.9576,1.2784,2.5537,0.0817
1697,10-DAPI-9-40x-402ms.tif,NBL,0.0445,0.0445,34.8,0.9805,1.5482,0.0436
1698,10-DAPI-9-40x-402ms.tif,NBL,0.0867,0.0867,48.9474,1.3429,4.2436,0.1164
1699,10-DAPI-9-40x-402ms.tif,NBL,0.0139,0.0139,54.1641,1.6484,0.7523,0.0229
1700,10-DAPI-9-40x-402ms.tif,NBL,0.0655,0.0655,40.4156,1.053,2.6488,0.069
1701,10-DAPI-9-40x-402ms.tif,NBL,0.0447,0.0447,55.1141,1.2306,2.4639,0.055
1702,10-DAPI-9-40x-402ms.tif,NBL,0.0527,0.0527,34.5165,0.9053,1.8202,0.0477
1703,10-DAPI-9-40x-402ms.tif,NBL,0.033,0.033,35.8289,0.9342,1.1819,0.0308
1704,10-DAPI-9-40x-402ms.tif,NBL,0.035,0.035,34.1765,0.8978,1.1978,0.0315
1705,10-DAPI-9-40x-402ms.tif,NBL,0.0165,0.0165,63.9276,1.9342,1.0544,0.0319
1706,10-DAPI-9-40x-402ms.tif,NBL,0.0333,0.0333,49.4397,1.1336,1.6469,0.0378
1707,10-DAPI-9-40x-402ms.tif,NBL,0.0558,0.0558,39.0233,0.6459,2.1764,0.036
1708,10-DAPI-9-40x-402ms.tif,NBL,0.0289,0.0289,48.0977,0.8985,1.3882,0.0259
1709,10-DAPI-9-40x-402ms.tif,NBL,0.0298,0.0298,32.8873,0.7709,0.9813,0.023
1710,10-DAPI-9-40x-402ms.tif,NBL,0.0524,0.0524,36.2981,0.7122,1.9023,0.0373
1711,10-DAPI-9-40x-402ms.tif,NBL,0.0347,0.0347,43.1562,0.8688,1.4985,0.0302
1712,10-DAPI-9-40x-402ms.tif,NBL,0.0296,0.0296,64.0842,2.2454,1.8983,0.0665
1713,10-DAPI-9-40x-402ms.tif,NBL,0.0169,0.0169,61.641,1.8141,1.0434,0.0307
1714,10-DAPI-9-40x-402ms.tif,NBL,0.0194,0.0194,47.0838,1.0782,0.9145,0.0209
1715,10-DAPI-9-40x-402ms.tif,NBL,0.0276,0.0276,38.0827,1.1693,1.0496,0.0322
1716,10-DAPI-9-40x-402ms.tif,NBL,0.0398,0.0398,29.8474,0.6839,1.1886,0.0272
1717,10-DAPI-9-40x-402ms.tif,NBL,0.0349,0.0349,34.7609,0.6708,1.2145,0.0234
1718,10-DAPI-9-40x-402ms.tif,NBL,0.0497,0.0497,55.6616,1.3777,2.7662,0.0685
1719,10-DAPI-9-40x-402ms.tif,NBL,0.0499,0.0499,43.7152,0.85,2.182,0.0424
1720,10-DAPI-9-40x-402ms.tif,NBL,0.0329,0.0329,53.5545,1.1716,1.7607,0.0385
1721,10-DAPI-9-40x-402ms.tif,NBL,0.0768,0.0768,41.9421,0.8333,3.2221,0.064
1722,10-DAPI-9-40x-402ms.tif,NBL,0.0582,0.0582,32.4664,0.7239,1.8882,0.0421
1723,10-DAPI-9-40x-402ms.tif,NBL,0.0242,0.0242,47.0807,0.9552,1.1392,0.0231
1724,10-DAPI-9-40x-402ms.tif,NBL,0.0356,0.0356,51.9268,1.2104,1.8481,0.0431
1725,10-DAPI-9-40x-402ms.tif,NBL,0.036,0.036,38.5422,1.1175,1.3885,0.0403
1726,10-DAPI-9-40x-402ms.tif,NBL,0.0551,0.0551,44.2972,1.1142,2.4417,0.0614
1727,10-DAPI-9-40x-402ms.tif,NBL,0.0485,0.0485,53.0268,1.3781,2.5719,0.0668
1728,10-DAPI-9-40x-402ms.tif,NBL,0.0255,0.0255,43.0085,1.1191,1.0967,0.0285
1729,10-DAPI-9-40x-402ms.tif,NBL,0.0373,0.0373,47.8169,1.3983,1.7848,0.0522
1730,10-DAPI-9-40x-402ms.tif,NBL,0.0424,0.0424,46.8747,1.1688,1.9887,0.0496
1731,10-DAPI-9-40x-402ms.tif,NBL,0.0658,0.0658,37.9802,0.9769,2.4974,0.0642
1732,10-DAPI-9-40x-402ms.tif,NBL,0.0279,0.0279,35.9183,0.7432,1.0016,0.0207
1733,10-DAPI-9-40x-402ms.tif,NBL,0.0306,0.0306,35.2021,0.7305,1.0771,0.0224
1734,10-DAPI-9-40x-402ms.tif,NBL,0.0337,0.0337,58.8553,1.0804,1.9861,0.0365
1735,10-DAPI-9-40x-402ms.tif,NBL,0.0473,0.0473,33.2477,0.4977,1.5729,0.0235
1736,10-DAPI-9-40x-402ms.tif,NBL,0.0846,0.0846,25.2359,0.4731,2.1359,0.04
1737,10-DAPI-9-40x-402ms.tif,NBL,0.0544,0.0544,36.501,0.5868,1.9843,0.0319
1738,10-DAPI-9-40x-402ms.tif,NBL,0.0632,0.0632,28.9759,0.6598,1.8299,0.0417
1739,10-DAPI-9-40x-402ms.tif,NBL,0.0423,0.0423,46.4154,0.9359,1.9642,0.0396
1740,10-DAPI-9-40x-402ms.tif,NBL,0.0243,0.0243,40.0357,0.75,0.9731,0.0182
1741,10-DAPI-9-40x-402ms.tif,NBL,0.0295,0.0295,32.0147,0.8051,0.9449,0.0238
1742,10-DAPI-9-40x-402ms.tif,NBL,0.0131,0.0131,37.9421,0.7934,0.4982,0.0104
1743,10-DAPI-9-40x-402ms.tif,NBL,0.0189,0.0189,48.7011,0.7644,0.9195,0.0144
1744,10-DAPI-9-40x-402ms.tif,NBL,0.0299,0.0299,29.9964,0.663,0.8983,0.0199
1745,10-DAPI-9-40x-402ms.tif,NBL,0.0211,0.0211,44.5464,1.299,0.9377,0.0273
,,mean,0.060462178,0.060462178,36.9376004,5.96849702,2.083449799,0.365181318
,,Stabw.N(),0.031843008,0.031843008,13.70579292,10.96113126,1.111659593,0.746713841
,,Var.P(),0.001013977,0.001013977,187.8487595,120.1463984,1.23578705,0.55758156
,,min,0.0064,0.0064,8.777,0.071,0.1978,0.0035
,,max,0.2044,0.2044,87.8416,80.45,8.5476,8.3138
