 ;Image;Region;Area-B;Area-G;Mean-B;Mean-G;IntDen-B;IntDen-G;positiv;;;
974;04-DAPI-1-40x-402ms.tif;NBL;0.0378;0.0378;27.3764;0.0259;1.0337;0.001;0;;;
718;03-DAPI-1-40x-402ms.tif;NBL;0.0234;0.0234;20.6296;0.037;0.4835;0.0009;0;;;
1938;09-DAPI-1-40x-402ms.tif;NBL;0.0244;0.0244;46.4222;0.0533;1.1334;0.0013;0;;;
907;04-DAPI-1-40x-402ms.tif;NBL;0.0844;0.0844;23.1774;0.0913;1.9566;0.0077;0;;;
719;03-DAPI-1-40x-402ms.tif;NBL;0.0391;0.0391;19.7694;0.1;0.7722;0.0039;0;;;
896;04-DAPI-1-40x-402ms.tif;NBL;0.0652;0.0652;29.8869;0.1165;1.949;0.0076;0;;;
1831;09-DAPI-1-40x-402ms.tif;NBL;0.0343;0.0343;50.6804;0.1582;1.7377;0.0054;0;;;
1832;09-DAPI-1-40x-402ms.tif;NBL;0.0642;0.0642;62.7044;0.1807;4.0279;0.0116;0;;;
898;04-DAPI-1-40x-402ms.tif;NBL;0.0571;0.0571;25.9601;0.1825;1.4817;0.0104;0;;;
1833;09-DAPI-1-40x-402ms.tif;NBL;0.0623;0.0623;57.6568;0.1829;3.591;0.0114;0;;;
894;04-DAPI-1-40x-402ms.tif;NBL;0.0775;0.0775;24.9426;0.1835;1.9324;0.0142;0;;;
720;03-DAPI-1-40x-402ms.tif;NBL;0.0401;0.0401;17.0081;0.1892;0.6828;0.0076;0;;;
897;04-DAPI-1-40x-402ms.tif;NBL;0.0558;0.0558;30.2626;0.1907;1.6878;0.0106;0;;;
1937;09-DAPI-1-40x-402ms.tif;NBL;0.0492;0.0492;39.2759;0.1921;1.9306;0.0094;0;;;
908;04-DAPI-1-40x-402ms.tif;NBL;0.0911;0.0911;26.5988;0.2012;2.4244;0.0183;0;;;
895;04-DAPI-1-40x-402ms.tif;NBL;0.0803;0.0803;27.5959;0.2081;2.2158;0.0167;0;;;
890;04-DAPI-1-40x-402ms.tif;NBL;0.0948;0.0948;26.9954;0.2105;2.5601;0.02;0;;;
1847;09-DAPI-1-40x-402ms.tif;NBL;0.0344;0.0344;53.7035;0.2208;1.8472;0.0076;0;;;
1921;09-DAPI-1-40x-402ms.tif;NBL;0.0357;0.0357;51.8116;0.2371;1.8496;0.0085;0;;;
1849;09-DAPI-1-40x-402ms.tif;NBL;0.0385;0.0385;56.0958;0.2423;2.1608;0.0093;0;;;
657;03-DAPI-1-40x-402ms.tif;NBL;0.034;0.034;36.9968;0.2428;1.2565;0.0082;0;;;
2442;16-DAPI-1-40x-402ms.tif;NBL;0.0609;0.0609;45.8289;0.2478;2.7897;0.0151;0;;;
1205;06-DAPI-1-40x-402ms.tif;NBL;0.0476;0.0476;18.3485;0.2551;0.874;0.0122;0;;;
650;03-DAPI-1-40x-402ms.tif;NBL;0.0663;0.0663;32.108;0.2635;2.1287;0.0175;0;;;
1483;07-DAPI-1-40x-402ms.tif;NBL;0.0868;0.0868;15.4712;0.2638;1.343;0.0229;0;;;
889;04-DAPI-1-40x-402ms.tif;NBL;0.0585;0.0585;30.3748;0.2764;1.7765;0.0162;0;;;
1927;09-DAPI-1-40x-402ms.tif;NBL;0.1016;0.1016;67.4049;0.2767;6.8458;0.0281;0;;;
1484;07-DAPI-1-40x-402ms.tif;NBL;0.0718;0.0718;13.1722;0.29;0.9462;0.0208;0;;;
2325;16-DAPI-1-40x-402ms.tif;NBL;0.0452;0.0452;36.3022;0.295;1.6426;0.0133;0;;;
1183;05-DAPI-1-40x-402ms.tif;NBL;0.0277;0.0277;21.9843;0.3059;0.6083;0.0085;0;;;
654;03-DAPI-1-40x-402ms.tif;NBL;0.0825;0.0825;26.6197;0.3118;2.1952;0.0257;0;;;
655;03-DAPI-1-40x-402ms.tif;NBL;0.0398;0.0398;42.1853;0.3134;1.6799;0.0125;0;;;
1851;09-DAPI-1-40x-402ms.tif;NBL;0.0344;0.0344;73.1167;0.3186;2.515;0.011;0;;;
409;02-DAPI-1-40x-402ms.tif;NBL;0.0929;0.0929;26.1974;0.3224;2.4333;0.0299;0;;;
1834;09-DAPI-1-40x-402ms.tif;NBL;0.0346;0.0346;53.7868;0.326;1.8618;0.0113;0;;;
2079;14-DAPI-1-40x-402ms.tif;NBL;0.0792;0.0792;56.6342;0.326;4.486;0.0258;0;;;
1850;09-DAPI-1-40x-402ms.tif;NBL;0.0282;0.0282;70.3385;0.3269;1.9844;0.0092;0;;;
1211;06-DAPI-1-40x-402ms.tif;NBL;0.0871;0.0871;11.1457;0.3275;0.9711;0.0285;0;;;
888;04-DAPI-1-40x-402ms.tif;NBL;0.1076;0.1076;38.9556;0.3296;4.1931;0.0355;0;;;
651;03-DAPI-1-40x-402ms.tif;NBL;0.0393;0.0393;36.2182;0.3315;1.4226;0.013;0;;;
1486;07-DAPI-1-40x-402ms.tif;NBL;0.045;0.045;17.6506;0.3325;0.7948;0.015;0;;;
1920;09-DAPI-1-40x-402ms.tif;NBL;0.038;0.038;54.3371;0.3343;2.0636;0.0127;0;;;
1853;09-DAPI-1-40x-402ms.tif;NBL;0.032;0.032;59.7864;0.3356;1.9137;0.0107;0;;;
1955;14-DAPI-1-40x-402ms.tif;NBL;0.0421;0.0421;59.0644;0.3376;2.4867;0.0142;0;;;
1848;09-DAPI-1-40x-402ms.tif;NBL;0.0436;0.0436;66.1244;0.3383;2.8843;0.0148;0;;;
1203;05-DAPI-1-40x-402ms.tif;NBL;0.0509;0.0509;26.9424;0.339;1.3711;0.0173;0;;;
2327;16-DAPI-1-40x-402ms.tif;NBL;0.115;0.115;60.7028;0.3528;6.9819;0.0406;0;;;
664;03-DAPI-1-40x-402ms.tif;NBL;0.0407;0.0407;41.7733;0.3547;1.6998;0.0144;0;;;
2119;15-DAPI-1-40x-402ms.tif;NBL;0.0446;0.0446;57.7445;0.3552;2.5752;0.0158;0;;;
891;04-DAPI-1-40x-402ms.tif;NBL;0.0725;0.0725;29.2575;0.3578;2.1207;0.0259;0;;;
970;04-DAPI-1-40x-402ms.tif;NBL;0.0346;0.0346;37.1317;0.3668;1.2853;0.0127;0;;;
2103;15-DAPI-1-40x-402ms.tif;NBL;0.0826;0.0826;62.8975;0.3693;5.1937;0.0305;0;;;
653;03-DAPI-1-40x-402ms.tif;NBL;0.0419;0.0419;33.4067;0.3705;1.3992;0.0155;0;;;
904;04-DAPI-1-40x-402ms.tif;NBL;0.0341;0.0341;25.828;0.3726;0.88;0.0127;0;;;
2441;16-DAPI-1-40x-402ms.tif;NBL;0.0664;0.0664;49.8284;0.3742;3.3089;0.0248;0;;;
1940;09-DAPI-1-40x-402ms.tif;NBL;0.0203;0.0203;50.7647;0.3743;1.0301;0.0076;0;;;
1854;09-DAPI-1-40x-402ms.tif;NBL;0.0521;0.0521;71.0438;0.3771;3.7002;0.0196;0;;;
1839;09-DAPI-1-40x-402ms.tif;NBL;0.0369;0.0369;53.0706;0.3794;1.9579;0.014;0;;;
680;03-DAPI-1-40x-402ms.tif;NBL;0.0661;0.0661;23.2627;0.381;1.5372;0.0252;0;;;
1949;14-DAPI-1-40x-402ms.tif;NBL;0.0709;0.0709;73.2067;0.3844;5.1871;0.0272;0;;;
2070;14-DAPI-1-40x-402ms.tif;NBL;0.0224;0.0224;57.9029;0.3883;1.2943;0.0087;0;;;
969;04-DAPI-1-40x-402ms.tif;NBL;0.0152;0.0152;47.15;0.3929;0.7163;0.006;0;;;
721;03-DAPI-1-40x-402ms.tif;NBL;0.0137;0.0137;45.6746;0.3968;0.6245;0.0054;0;;;
717;03-DAPI-1-40x-402ms.tif;NBL;0.0741;0.0741;20.224;0.4026;1.4988;0.0298;0;;;
1962;14-DAPI-1-40x-402ms.tif;NBL;0.0623;0.0623;61.3815;0.4059;3.823;0.0253;0;;;
1855;09-DAPI-1-40x-402ms.tif;NBL;0.0496;0.0496;59.2845;0.407;2.9398;0.0202;0;;;
1485;07-DAPI-1-40x-402ms.tif;NBL;0.0775;0.0775;16.3852;0.4104;1.2694;0.0318;0;;;
1922;09-DAPI-1-40x-402ms.tif;NBL;0.0383;0.0383;51.5269;0.4108;1.9736;0.0157;0;;;
1435;07-DAPI-1-40x-402ms.tif;NBL;0.0412;0.0412;21.4947;0.4132;0.8863;0.017;0;;;
1207;06-DAPI-1-40x-402ms.tif;NBL;0.0565;0.0565;13.618;0.4146;0.7699;0.0234;0;;;
1206;06-DAPI-1-40x-402ms.tif;NBL;0.091;0.091;14.2241;0.4207;1.2949;0.0383;0;;;
682;03-DAPI-1-40x-402ms.tif;NBL;0.0259;0.0259;30.9623;0.4226;0.803;0.011;0;;;
1846;09-DAPI-1-40x-402ms.tif;NBL;0.0275;0.0275;82.2292;0.4229;2.2574;0.0116;0;;;
2117;15-DAPI-1-40x-402ms.tif;NBL;0.0416;0.0416;37.2768;0.423;1.5492;0.0176;0;;;
656;03-DAPI-1-40x-402ms.tif;NBL;0.0345;0.0345;42.2107;0.4245;1.4565;0.0146;0;;;
2060;14-DAPI-1-40x-402ms.tif;NBL;0.0266;0.0266;67.6367;0.4245;1.7981;0.0113;0;;;
1520;07-DAPI-1-40x-402ms.tif;NBL;0.0413;0.0413;18.2651;0.4252;0.7551;0.0176;0;;;
848;04-DAPI-1-40x-402ms.tif;NBL;0.0382;0.0382;31.1506;0.4261;1.1898;0.0163;0;;;
1700;08-DAPI-1-40x-402ms.tif;NBL;0.0148;0.0148;31.3897;0.4265;0.4632;0.0063;0;;;
2080;14-DAPI-1-40x-402ms.tif;NBL;0.039;0.039;59.8886;0.4318;2.3329;0.0168;0;;;
2069;14-DAPI-1-40x-402ms.tif;NBL;0.0348;0.0348;57.9875;0.4361;2.0197;0.0152;0;;;
1432;07-DAPI-1-40x-402ms.tif;NBL;0.0383;0.0383;20.4958;0.4363;0.785;0.0167;0;;;
887;04-DAPI-1-40x-402ms.tif;NBL;0.0661;0.0661;33.156;0.4401;2.191;0.0291;0;;;
1637;08-DAPI-1-40x-402ms.tif;NBL;0.0435;0.0435;24.1446;0.4414;1.0506;0.0192;0;;;
847;04-DAPI-1-40x-402ms.tif;NBL;0.0439;0.0439;37.3605;0.442;1.6418;0.0194;0;;;
1487;07-DAPI-1-40x-402ms.tif;NBL;0.0581;0.0581;13.8636;0.443;0.8048;0.0257;0;;;
1951;14-DAPI-1-40x-402ms.tif;NBL;0.0451;0.0451;64.1731;0.4447;2.8967;0.0201;0;;;
1952;14-DAPI-1-40x-402ms.tif;NBL;0.0284;0.0284;67.5725;0.4466;1.921;0.0127;0;;;
1212;06-DAPI-1-40x-402ms.tif;NBL;0.0621;0.0621;15.4563;0.4476;0.9593;0.0278;0;;;
1838;09-DAPI-1-40x-402ms.tif;NBL;0.0295;0.0295;52.6728;0.4485;1.5546;0.0132;0;;;
2299;16-DAPI-1-40x-402ms.tif;NBL;0.0551;0.0551;67.4685;0.4547;3.719;0.0251;0;;;
649;03-DAPI-1-40x-402ms.tif;NBL;0.0548;0.0548;36.0495;0.4554;1.9754;0.025;0;;;
1131;05-DAPI-1-40x-402ms.tif;NBL;0.0421;0.0421;34.232;0.4613;1.4412;0.0194;0;;;
679;03-DAPI-1-40x-402ms.tif;NBL;0.0591;0.0591;32.833;0.4679;1.9416;0.0277;0;;;
2326;16-DAPI-1-40x-402ms.tif;NBL;0.0679;0.0679;40.9649;0.4712;2.7826;0.032;0;;;
1893;09-DAPI-1-40x-402ms.tif;NBL;0.0211;0.0211;62.2784;0.4742;1.311;0.01;0;;;
2335;16-DAPI-1-40x-402ms.tif;NBL;0.1266;0.1266;71.9092;0.4764;9.1057;0.0603;0;;;
1188;05-DAPI-1-40x-402ms.tif;NBL;0.0197;0.0197;36.2692;0.478;0.7163;0.0094;0;;;
1177;05-DAPI-1-40x-402ms.tif;NBL;0.0752;0.0752;33.6508;0.4834;2.5304;0.0363;0;;;
1482;07-DAPI-1-40x-402ms.tif;NBL;0.0588;0.0588;17.441;0.4871;1.0257;0.0286;0;;;
412;02-DAPI-1-40x-402ms.tif;NBL;0.0455;0.0455;48.7876;0.4916;2.2181;0.0224;0;;;
1835;09-DAPI-1-40x-402ms.tif;NBL;0.0297;0.0297;56.4927;0.4927;1.6796;0.0146;0;;;
1827;09-DAPI-1-40x-402ms.tif;NBL;0.0248;0.0248;72.131;0.4934;1.7923;0.0123;0;;;
1830;09-DAPI-1-40x-402ms.tif;NBL;0.0859;0.0859;51.1452;0.4937;4.3953;0.0424;0;;;
1464;07-DAPI-1-40x-402ms.tif;NBL;0.112;0.112;14.4738;0.4942;1.6208;0.0553;0;;;
905;04-DAPI-1-40x-402ms.tif;NBL;0.05;0.05;31.6074;0.4946;1.5811;0.0247;0;;;
973;04-DAPI-1-40x-402ms.tif;NBL;0.031;0.031;35.4406;0.4965;1.0998;0.0154;0;;;
1521;07-DAPI-1-40x-402ms.tif;NBL;0.0534;0.0534;21.1159;0.498;1.1273;0.0266;0;;;
411;02-DAPI-1-40x-402ms.tif;NBL;0.0977;0.0977;29.4933;0.5;2.8802;0.0488;0;;;
1210;06-DAPI-1-40x-402ms.tif;NBL;0.04;0.04;14.935;0.5014;0.598;0.0201;0;;;
1852;09-DAPI-1-40x-402ms.tif;NBL;0.0152;0.0152;71.4786;0.5071;1.0858;0.0077;0;;;
652;03-DAPI-1-40x-402ms.tif;NBL;0.0545;0.0545;32.4622;0.51;1.7682;0.0278;0;;;
1895;09-DAPI-1-40x-402ms.tif;NBL;0.0178;0.0178;64.2378;0.5122;1.1431;0.0091;0;;;
1204;06-DAPI-1-40x-402ms.tif;NBL;0.0587;0.0587;23.1608;0.5157;1.3596;0.0303;0;;;
2104;15-DAPI-1-40x-402ms.tif;NBL;0.0599;0.0599;55.7736;0.5217;3.3406;0.0312;0;;;
1841;09-DAPI-1-40x-402ms.tif;NBL;0.0375;0.0375;80.0809;0.5231;3.0065;0.0196;0;;;
2102;14-DAPI-1-40x-402ms.tif;NBL;0.0558;0.0558;47.6148;0.5253;2.6556;0.0293;0;;;
748;03-DAPI-1-40x-402ms.tif;NBL;0.0201;0.0201;27.2703;0.5297;0.5474;0.0106;0;;;
1840;09-DAPI-1-40x-402ms.tif;NBL;0.0612;0.0612;62.5372;0.5319;3.8271;0.0326;0;;;
1837;09-DAPI-1-40x-402ms.tif;NBL;0.0195;0.0195;53.5167;0.5333;1.0452;0.0104;0;;;
1917;09-DAPI-1-40x-402ms.tif;NBL;0.0503;0.0503;53.6444;0.5345;2.7008;0.0269;0;;;
408;02-DAPI-1-40x-402ms.tif;NBL;0.0255;0.0255;48.1106;0.5362;1.2268;0.0137;0;;;
1208;06-DAPI-1-40x-402ms.tif;NBL;0.0615;0.0615;18.2928;0.5414;1.1254;0.0333;0;;;
2318;16-DAPI-1-40x-402ms.tif;NBL;0.0635;0.0635;61.6838;0.5436;3.9155;0.0345;0;;;
893;04-DAPI-1-40x-402ms.tif;NBL;0.0595;0.0595;26.4106;0.5438;1.5704;0.0323;0;;;
605;03-DAPI-1-40x-402ms.tif;NBL;0.0394;0.0394;48.5923;0.5455;1.914;0.0215;0;;;
938;04-DAPI-1-40x-402ms.tif;NBL;0.0543;0.0543;25.23;0.548;1.3688;0.0297;0;;;
710;03-DAPI-1-40x-402ms.tif;NBL;0.0522;0.0522;33.79;0.5489;1.7636;0.0286;0;;;
2332;16-DAPI-1-40x-402ms.tif;NBL;0.0977;0.0977;41.0078;0.5489;4.0047;0.0536;0;;;
2300;16-DAPI-1-40x-402ms.tif;NBL;0.0862;0.0862;62.7179;0.5529;5.4034;0.0476;0;;;
1462;07-DAPI-1-40x-402ms.tif;NBL;0.1316;0.1316;12.6521;0.5532;1.6653;0.0728;0;;;
639;03-DAPI-1-40x-402ms.tif;NBL;0.0426;0.0426;41.9466;0.5547;1.7887;0.0237;0;;;
2333;16-DAPI-1-40x-402ms.tif;NBL;0.0863;0.0863;66.7925;0.556;5.7617;0.048;0;;;
1214;06-DAPI-1-40x-402ms.tif;NBL;0.0641;0.0641;15.5854;0.5601;0.9995;0.0359;0;;;
903;04-DAPI-1-40x-402ms.tif;NBL;0.0337;0.0337;28.5177;0.5627;0.9623;0.019;0;;;
2073;14-DAPI-1-40x-402ms.tif;NBL;0.0258;0.0258;29.6429;0.563;0.7655;0.0145;0;;;
624;03-DAPI-1-40x-402ms.tif;NBL;0.0553;0.0553;31.0059;0.5647;1.7158;0.0312;0;;;
1431;07-DAPI-1-40x-402ms.tif;NBL;0.0601;0.0601;20.6534;0.5686;1.2415;0.0342;0;;;
2301;16-DAPI-1-40x-402ms.tif;NBL;0.0462;0.0462;71.446;0.5751;3.3025;0.0266;0;;;
1640;08-DAPI-1-40x-402ms.tif;NBL;0.0123;0.0123;30.4779;0.5752;0.3737;0.0071;0;;;
2304;16-DAPI-1-40x-402ms.tif;NBL;0.0655;0.0655;84.8079;0.5762;5.5582;0.0378;0;;;
2481;16-DAPI-1-40x-402ms.tif;NBL;0.0864;0.0864;81.3467;0.5766;7.026;0.0498;0;;;
1605;08-DAPI-1-40x-402ms.tif;NBL;0.0205;0.0205;28.0053;0.5767;0.5743;0.0118;0;;;
1915;09-DAPI-1-40x-402ms.tif;NBL;0.068;0.068;60.1116;0.5774;4.0896;0.0393;0;;;
892;04-DAPI-1-40x-402ms.tif;NBL;0.0643;0.0643;29.3035;0.5784;1.8855;0.0372;0;;;
1963;14-DAPI-1-40x-402ms.tif;NBL;0.0294;0.0294;43.2878;0.5793;1.2729;0.017;0;;;
2294;16-DAPI-1-40x-402ms.tif;NBL;0.0551;0.0551;71.6673;0.5807;3.9504;0.032;0;;;
638;03-DAPI-1-40x-402ms.tif;NBL;0.0335;0.0335;48.1942;0.5825;1.6159;0.0195;0;;;
648;03-DAPI-1-40x-402ms.tif;NBL;0.0422;0.0422;46.4756;0.5835;1.9617;0.0246;0;;;
681;03-DAPI-1-40x-402ms.tif;NBL;0.0394;0.0394;36.1019;0.584;1.422;0.023;0;;;
1699;08-DAPI-1-40x-402ms.tif;NBL;0.0141;0.0141;36.7385;0.5846;0.5182;0.0082;0;;;
2077;14-DAPI-1-40x-402ms.tif;NBL;0.0753;0.0753;59.4035;0.585;4.4733;0.0441;0;;;
1950;14-DAPI-1-40x-402ms.tif;NBL;0.0374;0.0374;91.5159;0.5855;3.4259;0.0219;0;;;
845;04-DAPI-1-40x-402ms.tif;NBL;0.0739;0.0739;30.8267;0.5888;2.2779;0.0435;0;;;
675;03-DAPI-1-40x-402ms.tif;NBL;0.0255;0.0255;36.2128;0.5915;0.9234;0.0151;0;;;
1519;07-DAPI-1-40x-402ms.tif;NBL;0.0425;0.0425;22.7066;0.5918;0.9658;0.0252;0;;;
846;04-DAPI-1-40x-402ms.tif;NBL;0.0578;0.0578;34.0525;0.5947;1.9694;0.0344;0;;;
1960;14-DAPI-1-40x-402ms.tif;NBL;0.0244;0.0244;42.52;0.5956;1.0381;0.0145;0;;;
2011;14-DAPI-1-40x-402ms.tif;NBL;0.0521;0.0521;50.8292;0.5958;2.6474;0.031;0;;;
1638;08-DAPI-1-40x-402ms.tif;NBL;0.0401;0.0401;24.4784;0.5973;0.9827;0.024;0;;;
2118;15-DAPI-1-40x-402ms.tif;NBL;0.0525;0.0525;57.2087;0.5992;3.0044;0.0315;0;;;
1923;09-DAPI-1-40x-402ms.tif;NBL;0.0298;0.0298;63.0473;0.6;1.8813;0.0179;0;;;
1371;06-DAPI-1-40x-402ms.tif;NBL;0.073;0.073;14.688;0.6003;1.0726;0.0438;0;;;
2125;15-DAPI-1-40x-402ms.tif;NBL;0.0356;0.0356;64.061;0.6006;2.2799;0.0214;0;;;
1178;05-DAPI-1-40x-402ms.tif;NBL;0.0408;0.0408;46.3723;0.6011;1.8919;0.0245;0;;;
492;02-DAPI-1-40x-402ms.tif;NBL;0.0275;0.0275;36.3676;0.6047;0.9984;0.0166;0;;;
1842;09-DAPI-1-40x-402ms.tif;NBL;0.015;0.015;94.1159;0.6087;1.4093;0.0091;0;;;
1161;05-DAPI-1-40x-402ms.tif;NBL;0.0384;0.0384;30.2345;0.6102;1.1613;0.0234;0;;;
1525;07-DAPI-1-40x-402ms.tif;NBL;0.0404;0.0404;19.7742;0.6102;0.7982;0.0246;0;;;
407;02-DAPI-1-40x-402ms.tif;NBL;0.026;0.026;42.3375;0.6125;1.1025;0.016;0;;;
1607;08-DAPI-1-40x-402ms.tif;NBL;0.0317;0.0317;20.4521;0.6164;0.648;0.0195;0;;;
394;02-DAPI-1-40x-402ms.tif;NBL;0.0355;0.0355;46.3242;0.6177;1.6437;0.0219;0;;;
625;03-DAPI-1-40x-402ms.tif;NBL;0.0572;0.0572;36.6717;0.6186;2.097;0.0354;0;;;
2120;15-DAPI-1-40x-402ms.tif;NBL;0.0575;0.0575;77.4434;0.6189;4.4537;0.0356;0;;;
2478;16-DAPI-1-40x-402ms.tif;NBL;0.0894;0.0894;75.5813;0.6189;6.7577;0.0553;0;;;
1858;09-DAPI-1-40x-402ms.tif;NBL;0.0643;0.0643;57.8836;0.6206;3.7245;0.0399;0;;;
2126;15-DAPI-1-40x-402ms.tif;NBL;0.0135;0.0135;63.2258;0.621;0.8507;0.0084;0;;;
1215;06-DAPI-1-40x-402ms.tif;NBL;0.0831;0.0831;19.0705;0.6214;1.5851;0.0516;0;;;
2298;16-DAPI-1-40x-402ms.tif;NBL;0.0335;0.0335;77.055;0.6214;2.5836;0.0208;0;;;
1209;06-DAPI-1-40x-402ms.tif;NBL;0.0787;0.0787;17.0662;0.6276;1.3426;0.0494;0;;;
2081;14-DAPI-1-40x-402ms.tif;NBL;0.0668;0.0668;41.4724;0.6282;2.772;0.042;0;;;
2124;15-DAPI-1-40x-402ms.tif;NBL;0.0609;0.0609;78.4688;0.6292;4.7766;0.0383;0;;;
2483;16-DAPI-1-40x-402ms.tif;NBL;0.029;0.029;109.0599;0.6292;3.1596;0.0182;0;;;
2065;14-DAPI-1-40x-402ms.tif;NBL;0.0379;0.0379;57.2178;0.6304;2.1668;0.0239;0;;;
1814;09-DAPI-1-40x-402ms.tif;NBL;0.0353;0.0353;68.8338;0.6308;2.4274;0.0222;0;;;
604;03-DAPI-1-40x-402ms.tif;NBL;0.0503;0.0503;47.653;0.6315;2.3992;0.0318;0;;;
1172;05-DAPI-1-40x-402ms.tif;NBL;0.035;0.035;28.1796;0.6316;0.9876;0.0221;0;;;
1954;14-DAPI-1-40x-402ms.tif;NBL;0.0239;0.0239;51.9227;0.6318;1.2395;0.0151;0;;;
1836;09-DAPI-1-40x-402ms.tif;NBL;0.0357;0.0357;67.6991;0.6322;2.4168;0.0226;0;;;
1889;09-DAPI-1-40x-402ms.tif;NBL;0.0243;0.0243;71.0714;0.6339;1.7274;0.0154;0;;;
1176;05-DAPI-1-40x-402ms.tif;NBL;0.0573;0.0573;32.4034;0.6345;1.8564;0.0363;0;;;
1891;09-DAPI-1-40x-402ms.tif;NBL;0.0309;0.0309;68.2877;0.6351;2.1118;0.0196;0;;;
1894;09-DAPI-1-40x-402ms.tif;NBL;0.0186;0.0186;86.1462;0.6374;1.5984;0.0118;0;;;
1436;07-DAPI-1-40x-402ms.tif;NBL;0.0546;0.0546;20.9821;0.6382;1.1452;0.0348;0;;;
665;03-DAPI-1-40x-402ms.tif;NBL;0.0567;0.0567;38.3117;0.6386;2.1742;0.0362;0;;;
882;04-DAPI-1-40x-402ms.tif;NBL;0.0579;0.0579;32.706;0.6386;1.8951;0.037;0;;;
1956;14-DAPI-1-40x-402ms.tif;NBL;0.0528;0.0528;63.501;0.6386;3.3556;0.0337;0;;;
1175;05-DAPI-1-40x-402ms.tif;NBL;0.0323;0.0323;34.4396;0.6409;1.1136;0.0207;0;;;
1129;05-DAPI-1-40x-402ms.tif;NBL;0.0624;0.0624;34.7409;0.6417;2.1675;0.04;0;;;
1169;05-DAPI-1-40x-402ms.tif;NBL;0.0495;0.0495;27.9408;0.6425;1.3825;0.0318;0;;;
358;02-DAPI-1-40x-402ms.tif;NBL;0.0119;0.0119;37.8182;0.6455;0.4514;0.0077;0;;;
1179;05-DAPI-1-40x-402ms.tif;NBL;0.0624;0.0624;29.7478;0.647;1.856;0.0404;0;;;
646;03-DAPI-1-40x-402ms.tif;NBL;0.048;0.048;30.5113;0.6471;1.4633;0.031;0;;;
699;03-DAPI-1-40x-402ms.tif;NBL;0.0507;0.0507;18.9914;0.6488;0.9623;0.0329;0;;;
2296;16-DAPI-1-40x-402ms.tif;NBL;0.0331;0.0331;65.1836;0.6492;2.1572;0.0215;0;;;
1518;07-DAPI-1-40x-402ms.tif;NBL;0.0298;0.0298;23.9091;0.6509;0.7134;0.0194;0;;;
1434;07-DAPI-1-40x-402ms.tif;NBL;0.0729;0.0729;16.3095;0.6518;1.1892;0.0475;0;;;
622;03-DAPI-1-40x-402ms.tif;NBL;0.0439;0.0439;44.6667;0.6519;1.9629;0.0286;0;;;
2067;14-DAPI-1-40x-402ms.tif;NBL;0.0531;0.0531;49.2331;0.6524;2.6123;0.0346;0;;;
410;02-DAPI-1-40x-402ms.tif;NBL;0.0889;0.0889;34.1661;0.6532;3.0362;0.0581;0;;;
1130;05-DAPI-1-40x-402ms.tif;NBL;0.0492;0.0492;33.0508;0.6534;1.6246;0.0321;0;;;
1433;07-DAPI-1-40x-402ms.tif;NBL;0.0418;0.0418;20.9091;0.6545;0.8735;0.0273;0;;;
1856;09-DAPI-1-40x-402ms.tif;NBL;0.0333;0.0333;80.2052;0.658;2.6718;0.0219;0;;;
1488;07-DAPI-1-40x-402ms.tif;NBL;0.039;0.039;17.9053;0.6602;0.6975;0.0257;0;;;
1430;07-DAPI-1-40x-402ms.tif;NBL;0.0445;0.0445;19.5683;0.6634;0.8706;0.0295;0;;;
1181;05-DAPI-1-40x-402ms.tif;NBL;0.0536;0.0536;29.1437;0.664;1.5622;0.0356;0;;;
2099;14-DAPI-1-40x-402ms.tif;NBL;0.0149;0.0149;47.0365;0.6642;0.6992;0.0099;0;;;
2122;15-DAPI-1-40x-402ms.tif;NBL;0.0677;0.0677;57.3462;0.6651;3.8828;0.045;0;;;
623;03-DAPI-1-40x-402ms.tif;NBL;0.0266;0.0266;22.6653;0.6653;0.6025;0.0177;0;;;
2078;14-DAPI-1-40x-402ms.tif;NBL;0.0259;0.0259;65.8452;0.6653;1.7076;0.0173;0;;;
1461;07-DAPI-1-40x-402ms.tif;NBL;0.0816;0.0816;15.3298;0.6689;1.2509;0.0546;0;;;
1507;07-DAPI-1-40x-402ms.tif;NBL;0.0796;0.0796;15.1035;0.6689;1.2029;0.0533;0;;;
662;03-DAPI-1-40x-402ms.tif;NBL;0.0396;0.0396;44.1671;0.6712;1.7492;0.0266;0;;;
1526;07-DAPI-1-40x-402ms.tif;NBL;0.0302;0.0302;16.3525;0.6727;0.4933;0.0203;0;;;
844;04-DAPI-1-40x-402ms.tif;NBL;0.0563;0.0563;27.316;0.6744;1.5383;0.038;0;;;
886;04-DAPI-1-40x-402ms.tif;NBL;0.0994;0.0994;35.1223;0.6769;3.4909;0.0673;0;;;
700;03-DAPI-1-40x-402ms.tif;NBL;0.0245;0.0245;45.4513;0.677;1.1146;0.0166;0;;;
1698;08-DAPI-1-40x-402ms.tif;NBL;0.0259;0.0259;28.3808;0.6778;0.736;0.0176;0;;;
2302;16-DAPI-1-40x-402ms.tif;NBL;0.0564;0.0564;70.8981;0.6788;4.0003;0.0383;0;;;
2054;14-DAPI-1-40x-402ms.tif;NBL;0.0876;0.0876;61.1983;0.6791;5.3588;0.0595;0;;;
658;03-DAPI-1-40x-402ms.tif;NBL;0.026;0.026;27.9125;0.6792;0.7269;0.0177;0;;;
1125;05-DAPI-1-40x-402ms.tif;NBL;0.0468;0.0468;36.3109;0.6798;1.6981;0.0318;0;;;
746;03-DAPI-1-40x-402ms.tif;NBL;0.0136;0.0136;32.616;0.68;0.4424;0.0092;0;;;
1892;09-DAPI-1-40x-402ms.tif;NBL;0.0266;0.0266;81.8816;0.6816;2.1768;0.0181;0;;;
1862;09-DAPI-1-40x-402ms.tif;NBL;0.0334;0.0334;61.6591;0.6818;2.0607;0.0228;0;;;
1535;07-DAPI-1-40x-402ms.tif;NBL;0.0154;0.0154;29.8169;0.6831;0.4594;0.0105;0;;;
2074;14-DAPI-1-40x-402ms.tif;NBL;0.0393;0.0393;39.7486;0.6851;1.5613;0.0269;0;;;
388;02-DAPI-1-40x-402ms.tif;NBL;0.0702;0.0702;42.4158;0.6878;2.9778;0.0483;0;;;
1697;08-DAPI-1-40x-402ms.tif;NBL;0.0375;0.0375;32.526;0.6879;1.2211;0.0258;0;;;
1942;09-DAPI-1-40x-402ms.tif;NBL;0.0447;0.0447;48.1359;0.6917;2.1519;0.0309;0;;;
716;03-DAPI-1-40x-402ms.tif;NBL;0.0158;0.0158;36.3973;0.6918;0.5766;0.011;0;;;
1481;07-DAPI-1-40x-402ms.tif;NBL;0.0299;0.0299;21.6486;0.692;0.6483;0.0207;0;;;
701;03-DAPI-1-40x-402ms.tif;NBL;0.0342;0.0342;21.6444;0.6921;0.7398;0.0237;0;;;
2123;15-DAPI-1-40x-402ms.tif;NBL;0.0381;0.0381;52.5128;0.6923;2;0.0264;0;;;
697;03-DAPI-1-40x-402ms.tif;NBL;0.0397;0.0397;35.6913;0.694;1.4174;0.0276;0;;;
1500;07-DAPI-1-40x-402ms.tif;NBL;0.0288;0.0288;26.6679;0.6981;0.7668;0.0201;0;;;
626;03-DAPI-1-40x-402ms.tif;NBL;0.0433;0.0433;42.5614;0.6992;1.8427;0.0303;0;;;
1941;09-DAPI-1-40x-402ms.tif;NBL;0.0206;0.0206;54.6053;0.7;1.1258;0.0144;0;;;
1460;07-DAPI-1-40x-402ms.tif;NBL;0.0898;0.0898;16.3261;0.7017;1.4668;0.063;0;;;
714;03-DAPI-1-40x-402ms.tif;NBL;0.0233;0.0233;35.786;0.7023;0.8349;0.0164;0;;;
2091;14-DAPI-1-40x-402ms.tif;NBL;0.0381;0.0381;74.6068;0.7037;2.8415;0.0268;0;;;
1187;05-DAPI-1-40x-402ms.tif;NBL;0.0254;0.0254;30.2051;0.7051;0.7669;0.0179;0;;;
2440;16-DAPI-1-40x-402ms.tif;NBL;0.064;0.064;73.6102;0.7051;4.7125;0.0451;0;;;
1213;06-DAPI-1-40x-402ms.tif;NBL;0.102;0.102;17.1521;0.7074;1.7495;0.0722;0;;;
2105;15-DAPI-1-40x-402ms.tif;NBL;0.0627;0.0627;62.4118;0.7076;3.9143;0.0444;0;;;
1416;07-DAPI-1-40x-402ms.tif;NBL;0.037;0.037;19.2933;0.7097;0.7139;0.0263;0;;;
2085;14-DAPI-1-40x-402ms.tif;NBL;0.0408;0.0408;62.1622;0.7128;2.5361;0.0291;0;;;
1826;09-DAPI-1-40x-402ms.tif;NBL;0.0265;0.0265;64.4262;0.7131;1.7057;0.0189;0;;;
1888;09-DAPI-1-40x-402ms.tif;NBL;0.039;0.039;75.8106;0.7131;2.9531;0.0278;0;;;
1174;05-DAPI-1-40x-402ms.tif;NBL;0.0883;0.0883;38.4545;0.7138;3.3965;0.063;0;;;
1182;05-DAPI-1-40x-402ms.tif;NBL;0.043;0.043;32.9672;0.7146;1.4166;0.0307;0;;;
666;03-DAPI-1-40x-402ms.tif;NBL;0.0852;0.0852;30.8115;0.7159;2.6245;0.061;0;;;
683;03-DAPI-1-40x-402ms.tif;NBL;0.0329;0.0329;34.6436;0.7162;1.139;0.0235;0;;;
943;04-DAPI-1-40x-402ms.tif;NBL;0.0181;0.0181;44.8802;0.7186;0.8133;0.013;0;;;
1811;09-DAPI-1-40x-402ms.tif;NBL;0.0589;0.0589;71.6059;0.7201;4.219;0.0424;0;;;
2295;16-DAPI-1-40x-402ms.tif;NBL;0.0408;0.0408;74.1915;0.7207;3.0269;0.0294;0;;;
1819;09-DAPI-1-40x-402ms.tif;NBL;0.0439;0.0439;71.9654;0.721;3.1625;0.0317;0;;;
1517;07-DAPI-1-40x-402ms.tif;NBL;0.0498;0.0498;20.0196;0.7233;0.9971;0.036;0;;;
1911;09-DAPI-1-40x-402ms.tif;NBL;0.0286;0.0286;68.7538;0.7235;1.9695;0.0207;0;;;
1608;08-DAPI-1-40x-402ms.tif;NBL;0.0291;0.0291;23.2724;0.7276;0.6768;0.0212;0;;;
2095;14-DAPI-1-40x-402ms.tif;NBL;0.0267;0.0267;66.4878;0.7276;1.7747;0.0194;0;;;
1222;06-DAPI-1-40x-402ms.tif;NBL;0.0918;0.0918;19.3191;0.7281;1.7734;0.0668;0;;;
1953;14-DAPI-1-40x-402ms.tif;NBL;0.0188;0.0188;68.1214;0.7283;1.2788;0.0137;0;;;
1173;05-DAPI-1-40x-402ms.tif;NBL;0.0312;0.0312;34.7465;0.7292;1.0858;0.0228;0;;;
1501;07-DAPI-1-40x-402ms.tif;NBL;0.0293;0.0293;22.1;0.7296;0.6475;0.0214;0;;;
640;03-DAPI-1-40x-402ms.tif;NBL;0.052;0.052;38.9165;0.7307;2.0227;0.038;0;;;
1479;07-DAPI-1-40x-402ms.tif;NBL;0.0399;0.0399;25.337;0.731;1.0117;0.0292;0;;;
831;04-DAPI-1-40x-402ms.tif;NBL;0.0457;0.0457;42.0071;0.7316;1.9189;0.0334;0;;;
1224;06-DAPI-1-40x-402ms.tif;NBL;0.0872;0.0872;16.5547;0.7338;1.4442;0.064;0;;;
621;03-DAPI-1-40x-402ms.tif;NBL;0.0489;0.0489;49.7007;0.7339;2.4322;0.0359;0;;;
1964;14-DAPI-1-40x-402ms.tif;NBL;0.0693;0.0693;40.9953;0.734;2.8424;0.0509;0;;;
1817;09-DAPI-1-40x-402ms.tif;NBL;0.0579;0.0579;73.0281;0.7341;4.2314;0.0425;0;;;
1534;07-DAPI-1-40x-402ms.tif;NBL;0.0257;0.0257;23.9241;0.7342;0.6152;0.0189;0;;;
1218;06-DAPI-1-40x-402ms.tif;NBL;0.063;0.063;21.833;0.7349;1.3764;0.0463;0;;;
2100;14-DAPI-1-40x-402ms.tif;NBL;0.0189;0.0189;43.0115;0.7356;0.8121;0.0139;0;;;
1227;06-DAPI-1-40x-402ms.tif;NBL;0.0676;0.0676;11.0915;0.7368;0.7498;0.0498;0;;;
1813;09-DAPI-1-40x-402ms.tif;NBL;0.1094;0.1094;77.3681;0.7371;8.4621;0.0806;0;;;
1463;07-DAPI-1-40x-402ms.tif;NBL;0.0826;0.0826;19.9882;0.7398;1.6505;0.0611;0;;;
840;04-DAPI-1-40x-402ms.tif;NBL;0.0802;0.0802;34.2152;0.7402;2.7436;0.0594;0;;;
641;03-DAPI-1-40x-402ms.tif;NBL;0.0439;0.0439;38.2025;0.7407;1.6788;0.0326;0;;;
1636;08-DAPI-1-40x-402ms.tif;NBL;0.0202;0.0202;31.5161;0.7419;0.6361;0.015;0;;;
1132;05-DAPI-1-40x-402ms.tif;NBL;0.0387;0.0387;30.7087;0.7423;1.1896;0.0288;0;;;
1887;09-DAPI-1-40x-402ms.tif;NBL;0.0404;0.0404;65.371;0.7446;2.6387;0.0301;0;;;
1948;14-DAPI-1-40x-402ms.tif;NBL;0.052;0.052;69.3236;0.7453;3.6031;0.0387;0;;;
1512;07-DAPI-1-40x-402ms.tif;NBL;0.0512;0.0512;23.3199;0.7458;1.1943;0.0382;0;;;
1965;14-DAPI-1-40x-402ms.tif;NBL;0.0355;0.0355;41.7401;0.7462;1.481;0.0265;0;;;
2082;14-DAPI-1-40x-402ms.tif;NBL;0.0775;0.0775;57.1751;0.7465;4.4296;0.0578;0;;;
582;03-DAPI-1-40x-402ms.tif;NBL;0.0488;0.0488;44.2333;0.7467;2.1598;0.0365;0;;;
2479;16-DAPI-1-40x-402ms.tif;NBL;0.0455;0.0455;70.1193;0.747;3.1879;0.034;0;;;
149;01-DAPI-1-40x-402ms.tif;NBL;0.0379;0.0379;27.0573;0.7479;1.0246;0.0283;0;;;
603;03-DAPI-1-40x-402ms.tif;NBL;0.0588;0.0588;37.797;0.7491;2.2229;0.0441;0;;;
1508;07-DAPI-1-40x-402ms.tif;NBL;0.054;0.054;21.8313;0.753;1.1797;0.0407;0;;;
1509;07-DAPI-1-40x-402ms.tif;NBL;0.0549;0.0549;20.9308;0.753;1.1492;0.0413;0;;;
910;04-DAPI-1-40x-402ms.tif;NBL;0.0506;0.0506;25.6502;0.7532;1.297;0.0381;0;;;
2071;14-DAPI-1-40x-402ms.tif;NBL;0.0696;0.0696;47.2231;0.7535;3.2845;0.0524;0;;;
1502;07-DAPI-1-40x-402ms.tif;NBL;0.0186;0.0186;26.9942;0.7544;0.5009;0.014;0;;;
1890;09-DAPI-1-40x-402ms.tif;NBL;0.0345;0.0345;53.827;0.7547;1.8573;0.026;0;;;
841;04-DAPI-1-40x-402ms.tif;NBL;0.0514;0.0514;35.673;0.7553;1.8347;0.0388;0;;;
1180;05-DAPI-1-40x-402ms.tif;NBL;0.0359;0.0359;41.5438;0.7553;1.4921;0.0271;0;;;
1828;09-DAPI-1-40x-402ms.tif;NBL;0.0567;0.0567;69.7189;0.7553;3.9565;0.0429;0;;;
1815;09-DAPI-1-40x-402ms.tif;NBL;0.0238;0.0238;82.0274;0.758;1.9492;0.018;0;;;
2482;16-DAPI-1-40x-402ms.tif;NBL;0.0387;0.0387;84.0168;0.7591;3.2546;0.0294;0;;;
842;04-DAPI-1-40x-402ms.tif;NBL;0.0343;0.0343;39.981;0.7595;1.3709;0.026;0;;;
2240;15-DAPI-1-40x-402ms.tif;NBL;0.0564;0.0564;76.0019;0.7596;4.2883;0.0429;0;;;
1961;14-DAPI-1-40x-402ms.tif;NBL;0.043;0.043;70.846;0.7601;3.0442;0.0327;0;;;
1694;08-DAPI-1-40x-402ms.tif;NBL;0.0263;0.0263;22.6198;0.7603;0.594;0.02;0;;;
843;04-DAPI-1-40x-402ms.tif;NBL;0.0549;0.0549;32.1996;0.7609;1.7679;0.0418;0;;;
1606;08-DAPI-1-40x-402ms.tif;NBL;0.0218;0.0218;30.9552;0.7612;0.6751;0.0166;0;;;
1515;07-DAPI-1-40x-402ms.tif;NBL;0.0315;0.0315;21.6724;0.7621;0.682;0.024;0;;;
2176;15-DAPI-1-40x-402ms.tif;NBL;0.031;0.031;66.7552;0.7622;2.0716;0.0237;0;;;
1939;09-DAPI-1-40x-402ms.tif;NBL;0.0284;0.0284;67.4656;0.7634;1.918;0.0217;0;;;
1639;08-DAPI-1-40x-402ms.tif;NBL;0.0097;0.0097;34.4494;0.764;0.3327;0.0074;0;;;
1128;05-DAPI-1-40x-402ms.tif;NBL;0.0651;0.0651;35.8567;0.765;2.3344;0.0498;0;;;
1857;09-DAPI-1-40x-402ms.tif;NBL;0.0393;0.0393;70.5083;0.7652;2.7695;0.0301;0;;;
951;04-DAPI-1-40x-402ms.tif;NBL;0.019;0.019;31.6343;0.7657;0.6007;0.0145;0;;;
1959;14-DAPI-1-40x-402ms.tif;NBL;0.0802;0.0802;77.0812;0.7673;6.1809;0.0615;0;;;
2058;14-DAPI-1-40x-402ms.tif;NBL;0.0294;0.0294;45.7897;0.7675;1.3465;0.0226;0;;;
1524;07-DAPI-1-40x-402ms.tif;NBL;0.0771;0.0771;14.7398;0.7679;1.1372;0.0592;0;;;
2293;16-DAPI-1-40x-402ms.tif;NBL;0.0387;0.0387;91.1429;0.7703;3.5306;0.0298;0;;;
1820;09-DAPI-1-40x-402ms.tif;NBL;0.0971;0.0971;71.6369;0.7709;6.9569;0.0749;0;;;
1869;09-DAPI-1-40x-402ms.tif;NBL;0.0618;0.0618;48.7754;0.7719;3.0167;0.0477;0;;;
2121;15-DAPI-1-40x-402ms.tif;NBL;0.0829;0.0829;54.0995;0.7749;4.4848;0.0642;0;;;
1957;14-DAPI-1-40x-402ms.tif;NBL;0.0599;0.0599;63.3315;0.7754;3.7933;0.0464;0;;;
1935;09-DAPI-1-40x-402ms.tif;NBL;0.0301;0.0301;56.1841;0.7762;1.6887;0.0233;0;;;
1225;06-DAPI-1-40x-402ms.tif;NBL;0.036;0.036;18.6566;0.7771;0.6721;0.028;0;;;
1429;07-DAPI-1-40x-402ms.tif;NBL;0.0322;0.0322;19.2727;0.7778;0.6211;0.0251;0;;;
1958;14-DAPI-1-40x-402ms.tif;NBL;0.0298;0.0298;50.2945;0.7782;1.5008;0.0232;0;;;
1184;05-DAPI-1-40x-402ms.tif;NBL;0.0547;0.0547;14.1548;0.7798;0.7741;0.0426;0;;;
2093;14-DAPI-1-40x-402ms.tif;NBL;0.036;0.036;55.1325;0.7801;1.9861;0.0281;0;;;
1417;07-DAPI-1-40x-402ms.tif;NBL;0.035;0.035;20.678;0.7802;0.7247;0.0273;0;;;
617;03-DAPI-1-40x-402ms.tif;NBL;0.0537;0.0537;33.4828;0.7818;1.7984;0.042;0;;;
851;04-DAPI-1-40x-402ms.tif;NBL;0.0535;0.0535;29.2312;0.785;1.5637;0.042;0;;;
1071;05-DAPI-1-40x-402ms.tif;NBL;0.0851;0.0851;33.3189;0.7883;2.8344;0.0671;0;;;
627;03-DAPI-1-40x-402ms.tif;NBL;0.031;0.031;46.4406;0.7902;1.4412;0.0245;0;;;
2063;14-DAPI-1-40x-402ms.tif;NBL;0.0218;0.0218;47.9851;0.791;1.0465;0.0173;0;;;
1439;07-DAPI-1-40x-402ms.tif;NBL;0.0488;0.0488;17.6022;0.7911;0.8595;0.0386;0;;;
1126;05-DAPI-1-40x-402ms.tif;NBL;0.0546;0.0546;38.3181;0.7913;2.0914;0.0432;0;;;
1506;07-DAPI-1-40x-402ms.tif;NBL;0.0621;0.0621;19.4895;0.7937;1.2096;0.0493;0;;;
2072;14-DAPI-1-40x-402ms.tif;NBL;0.0273;0.0273;39.623;0.7937;1.0834;0.0217;0;;;
490;02-DAPI-1-40x-402ms.tif;NBL;0.0264;0.0264;34.6584;0.7942;0.9138;0.0209;0;;;
829;04-DAPI-1-40x-402ms.tif;NBL;0.0549;0.0549;37.1304;0.7945;2.0386;0.0436;0;;;
2133;15-DAPI-1-40x-402ms.tif;NBL;0.0292;0.0292;37.7212;0.7955;1.101;0.0232;0;;;
966;04-DAPI-1-40x-402ms.tif;NBL;0.0234;0.0234;45.4028;0.7963;1.0641;0.0187;0;;;
1123;05-DAPI-1-40x-402ms.tif;NBL;0.0838;0.0838;30.7137;0.7966;2.5728;0.0667;0;;;
1498;07-DAPI-1-40x-402ms.tif;NBL;0.031;0.031;26.6084;0.7972;0.8257;0.0247;0;;;
971;04-DAPI-1-40x-402ms.tif;NBL;0.0333;0.0333;46.1075;0.798;1.5359;0.0266;0;;;
1147;05-DAPI-1-40x-402ms.tif;NBL;0.054;0.054;26.759;0.7992;1.446;0.0432;0;;;
2090;14-DAPI-1-40x-402ms.tif;NBL;0.0433;0.0433;74.8396;0.7995;3.2401;0.0346;0;;;
1156;05-DAPI-1-40x-402ms.tif;NBL;0.0597;0.0597;22.5036;0.8;1.343;0.0477;0;;;
1189;05-DAPI-1-40x-402ms.tif;NBL;0.0222;0.0222;35.8341;0.8;0.7971;0.0178;0;;;
1884;09-DAPI-1-40x-402ms.tif;NBL;0.0436;0.0436;60.8756;0.801;2.6554;0.0349;0;;;
1824;09-DAPI-1-40x-402ms.tif;NBL;0.0388;0.0388;74.433;0.8017;2.8914;0.0311;0;;;
1170;05-DAPI-1-40x-402ms.tif;NBL;0.034;0.034;36.0703;0.8019;1.225;0.0272;0;;;
2480;16-DAPI-1-40x-402ms.tif;NBL;0.0266;0.0266;126.4245;0.8041;3.3609;0.0214;0;;;
1966;14-DAPI-1-40x-402ms.tif;NBL;0.041;0.041;62.6349;0.8042;2.569;0.033;0;;;
1219;06-DAPI-1-40x-402ms.tif;NBL;0.0699;0.0699;20.4907;0.8043;1.4319;0.0562;0;;;
952;04-DAPI-1-40x-402ms.tif;NBL;0.0222;0.0222;34.5756;0.8049;0.7691;0.0179;0;;;
1602;08-DAPI-1-40x-402ms.tif;NBL;0.0222;0.0222;33.2049;0.8049;0.7386;0.0179;0;;;
832;04-DAPI-1-40x-402ms.tif;NBL;0.0387;0.0387;42.2297;0.8067;1.6359;0.0312;0;;;
1235;06-DAPI-1-40x-402ms.tif;NBL;0.0748;0.0748;20.9303;0.807;1.5648;0.0603;0;;;
1871;09-DAPI-1-40x-402ms.tif;NBL;0.0361;0.0361;81.4685;0.8078;2.9437;0.0292;0;;;
1859;09-DAPI-1-40x-402ms.tif;NBL;0.069;0.069;70.2862;0.8082;4.8505;0.0558;0;;;
2092;14-DAPI-1-40x-402ms.tif;NBL;0.0386;0.0386;72.2135;0.809;2.7895;0.0312;0;;;
1845;09-DAPI-1-40x-402ms.tif;NBL;0.0381;0.0381;68.2251;0.812;2.5984;0.0309;0;;;
1885;09-DAPI-1-40x-402ms.tif;NBL;0.0712;0.0712;62.186;0.8125;4.4264;0.0578;0;;;
2466;16-DAPI-1-40x-402ms.tif;NBL;0.0255;0.0255;89.834;0.8128;2.2907;0.0207;0;;;
2007;14-DAPI-1-40x-402ms.tif;NBL;0.0545;0.0545;68.1554;0.8147;3.7125;0.0444;0;;;
2408;16-DAPI-1-40x-402ms.tif;NBL;0.084;0.084;58.1344;0.8152;4.8824;0.0685;0;;;
1202;05-DAPI-1-40x-402ms.tif;NBL;0.019;0.019;26.1657;0.8171;0.4969;0.0155;0;;;
1870;09-DAPI-1-40x-402ms.tif;NBL;0.0511;0.0511;75.5032;0.8174;3.8587;0.0418;0;;;
1144;05-DAPI-1-40x-402ms.tif;NBL;0.0263;0.0263;27.0331;0.8182;0.7099;0.0215;0;;;
1171;05-DAPI-1-40x-402ms.tif;NBL;0.0379;0.0379;27;0.8195;1.0225;0.031;0;;;
2484;16-DAPI-1-40x-402ms.tif;NBL;0.023;0.023;101.1745;0.8208;2.3274;0.0189;0;;;
602;03-DAPI-1-40x-402ms.tif;NBL;0.0524;0.0524;41.4161;0.8219;2.1706;0.0431;0;;;
2288;15-DAPI-1-40x-402ms.tif;NBL;0.0379;0.0379;95.7421;0.8223;3.6257;0.0311;0;;;
1945;09-DAPI-1-40x-402ms.tif;NBL;0.0197;0.0197;61.0055;0.8242;1.2048;0.0163;0;;;
1533;07-DAPI-1-40x-402ms.tif;NBL;0.0328;0.0328;21.4371;0.8278;0.7025;0.0271;0;;;
2106;15-DAPI-1-40x-402ms.tif;NBL;0.0777;0.0777;48.3534;0.8282;3.7566;0.0643;0;;;
1522;07-DAPI-1-40x-402ms.tif;NBL;0.0533;0.0533;13.9206;0.8289;0.7416;0.0442;0;;;
2127;15-DAPI-1-40x-402ms.tif;NBL;0.0464;0.0464;27.8528;0.8294;1.2935;0.0385;0;;;
1822;09-DAPI-1-40x-402ms.tif;NBL;0.0508;0.0508;72.1966;0.8312;3.6662;0.0422;0;;;
1902;09-DAPI-1-40x-402ms.tif;NBL;0.0304;0.0304;57.8;0.8321;1.7561;0.0253;0;;;
687;03-DAPI-1-40x-402ms.tif;NBL;0.0175;0.0175;54.1242;0.8323;0.9455;0.0145;0;;;
1375;07-DAPI-1-40x-402ms.tif;NBL;0.0229;0.0229;12.4692;0.8341;0.2855;0.0191;0;;;
389;02-DAPI-1-40x-402ms.tif;NBL;0.0284;0.0284;66.6679;0.8359;1.8953;0.0238;0;;;
2132;15-DAPI-1-40x-402ms.tif;NBL;0.0221;0.0221;66.7255;0.8382;1.477;0.0186;0;;;
696;03-DAPI-1-40x-402ms.tif;NBL;0.028;0.028;34.0736;0.8411;0.9539;0.0235;0;;;
1793;09-DAPI-1-40x-402ms.tif;NBL;0.0301;0.0301;85.0614;0.8412;2.5566;0.0253;0;;;
942;04-DAPI-1-40x-402ms.tif;NBL;0.0246;0.0246;30.4493;0.8414;0.75;0.0207;0;;;
2076;14-DAPI-1-40x-402ms.tif;NBL;0.0375;0.0375;51.1387;0.8439;1.9199;0.0317;0;;;
2083;14-DAPI-1-40x-402ms.tif;NBL;0.0591;0.0591;56.4991;0.844;3.3411;0.0499;0;;;
663;03-DAPI-1-40x-402ms.tif;NBL;0.0251;0.0251;50.3463;0.8442;1.2619;0.0212;0;;;
1967;14-DAPI-1-40x-402ms.tif;NBL;0.0428;0.0428;65.2614;0.8452;2.79;0.0361;0;;;
884;04-DAPI-1-40x-402ms.tif;NBL;0.0646;0.0646;36.2387;0.8454;2.3396;0.0546;0;;;
1825;09-DAPI-1-40x-402ms.tif;NBL;0.0239;0.0239;71.9727;0.8455;1.7181;0.0202;0;;;
632;03-DAPI-1-40x-402ms.tif;NBL;0.0306;0.0306;38.4894;0.8475;1.1777;0.0259;0;;;
968;04-DAPI-1-40x-402ms.tif;NBL;0.0634;0.0634;36.2243;0.8476;2.2955;0.0537;0;;;
1861;09-DAPI-1-40x-402ms.tif;NBL;0.0342;0.0342;64.1746;0.8476;2.1935;0.029;0;;;
541;03-DAPI-1-40x-402ms.tif;NBL;0.0613;0.0613;39.0212;0.8478;2.3923;0.052;0;;;
849;04-DAPI-1-40x-402ms.tif;NBL;0.0379;0.0379;53.1719;0.8481;2.0136;0.0321;0;;;
2305;16-DAPI-1-40x-402ms.tif;NBL;0.0519;0.0519;82.0649;0.8515;4.2564;0.0442;0;;;
2297;16-DAPI-1-40x-402ms.tif;NBL;0.069;0.069;81.9151;0.8522;5.653;0.0588;0;;;
929;04-DAPI-1-40x-402ms.tif;NBL;0.0547;0.0547;31.9048;0.8532;1.7448;0.0467;0;;;
2331;16-DAPI-1-40x-402ms.tif;NBL;0.0773;0.0773;97.6812;0.8539;7.5465;0.066;0;;;
1220;06-DAPI-1-40x-402ms.tif;NBL;0.0365;0.0365;27.128;0.8542;0.989;0.0311;0;;;
1604;08-DAPI-1-40x-402ms.tif;NBL;0.027;0.027;29.1888;0.8554;0.7886;0.0231;0;;;
737;03-DAPI-1-40x-402ms.tif;NBL;0.0203;0.0203;31.4332;0.8556;0.6378;0.0174;0;;;
164;01-DAPI-1-40x-402ms.tif;NBL;0.0715;0.0715;34.2625;0.8574;2.45;0.0613;0;;;
739;03-DAPI-1-40x-402ms.tif;NBL;0.0525;0.0525;33.8926;0.8574;1.7799;0.045;0;;;
2336;16-DAPI-1-40x-402ms.tif;NBL;0.0739;0.0739;69.5565;0.8576;5.1398;0.0634;0;;;
1217;06-DAPI-1-40x-402ms.tif;NBL;0.0316;0.0316;25.3608;0.8591;0.8008;0.0271;0;;;
1361;06-DAPI-1-40x-402ms.tif;NBL;0.0548;0.0548;28.1248;0.8594;1.5411;0.0471;0;;;
827;04-DAPI-1-40x-402ms.tif;NBL;0.0586;0.0586;39.0704;0.8611;2.2893;0.0505;0;;;
581;03-DAPI-1-40x-402ms.tif;NBL;0.0347;0.0347;48.65;0.8625;1.6892;0.0299;0;;;
872;04-DAPI-1-40x-402ms.tif;NBL;0.0166;0.0166;48.1895;0.8627;0.8;0.0143;0;;;
1882;09-DAPI-1-40x-402ms.tif;NBL;0.0396;0.0396;77.3836;0.863;3.0648;0.0342;0;;;
909;04-DAPI-1-40x-402ms.tif;NBL;0.0804;0.0804;24.8947;0.865;2.0016;0.0696;0;;;
1236;06-DAPI-1-40x-402ms.tif;NBL;0.0971;0.0971;23.1799;0.867;2.2511;0.0842;0;;;
1906;09-DAPI-1-40x-402ms.tif;NBL;0.0375;0.0375;73.1618;0.8671;2.7467;0.0326;0;;;
1843;09-DAPI-1-40x-402ms.tif;NBL;0.023;0.023;76.4906;0.8679;1.7595;0.02;0;;;
1918;09-DAPI-1-40x-402ms.tif;NBL;0.041;0.041;46.5132;0.8704;1.9078;0.0357;0;;;
620;03-DAPI-1-40x-402ms.tif;NBL;0.0253;0.0253;46.5665;0.8712;1.1773;0.022;0;;;
392;02-DAPI-1-40x-402ms.tif;NBL;0.0842;0.0842;29.9704;0.8724;2.5235;0.0735;0;;;
1363;06-DAPI-1-40x-402ms.tif;NBL;0.0847;0.0847;21.4763;0.8732;1.82;0.074;0;;;
2329;16-DAPI-1-40x-402ms.tif;NBL;0.0503;0.0503;81.5345;0.875;4.105;0.0441;0;;;
1539;08-DAPI-1-40x-402ms.tif;NBL;0.0245;0.0245;29.2301;0.8761;0.7168;0.0215;0;;;
1844;09-DAPI-1-40x-402ms.tif;NBL;0.0219;0.0219;64.599;0.8762;1.4159;0.0192;0;;;
2163;15-DAPI-1-40x-402ms.tif;NBL;0.0571;0.0571;66.2376;0.8764;3.7805;0.05;0;;;
1073;05-DAPI-1-40x-402ms.tif;NBL;0.0318;0.0318;43.4949;0.8771;1.3828;0.0279;0;;;
2334;16-DAPI-1-40x-402ms.tif;NBL;0.0847;0.0847;64.7682;0.8771;5.4887;0.0743;0;;;
2389;16-DAPI-1-40x-402ms.tif;NBL;0.0532;0.0532;70.2061;0.8776;3.7327;0.0467;0;;;
2134;15-DAPI-1-40x-402ms.tif;NBL;0.0204;0.0204;34.7713;0.8777;0.7093;0.0179;0;;;
1818;09-DAPI-1-40x-402ms.tif;NBL;0.0622;0.0622;75.4939;0.8778;4.6938;0.0546;0;;;
1221;06-DAPI-1-40x-402ms.tif;NBL;0.0802;0.0802;29.9526;0.8782;2.4018;0.0704;0;;;
1127;05-DAPI-1-40x-402ms.tif;NBL;0.0446;0.0446;34.7178;0.8783;1.5483;0.0392;0;;;
965;04-DAPI-1-40x-402ms.tif;NBL;0.0343;0.0343;44.75;0.8797;1.5344;0.0302;0;;;
2328;16-DAPI-1-40x-402ms.tif;NBL;0.0678;0.0678;57.0144;0.88;3.8665;0.0597;0;;;
674;03-DAPI-1-40x-402ms.tif;NBL;0.0336;0.0336;32.8613;0.8806;1.1054;0.0296;0;;;
906;04-DAPI-1-40x-402ms.tif;NBL;0.0527;0.0527;25.6872;0.8807;1.3546;0.0464;0;;;
1367;06-DAPI-1-40x-402ms.tif;NBL;0.0375;0.0375;32.4422;0.8815;1.218;0.0331;0;;;
2292;16-DAPI-1-40x-402ms.tif;NBL;0.078;0.078;82.1516;0.8846;6.4092;0.069;0;;;
1934;09-DAPI-1-40x-402ms.tif;NBL;0.0238;0.0238;54.3653;0.8858;1.2919;0.0211;0;;;
1216;06-DAPI-1-40x-402ms.tif;NBL;0.0252;0.0252;26.9138;0.8879;0.6775;0.0224;0;;;
1829;09-DAPI-1-40x-402ms.tif;NBL;0.042;0.042;71.2532;0.8889;2.9921;0.0373;0;;;
1457;07-DAPI-1-40x-402ms.tif;NBL;0.0601;0.0601;17.0758;0.8899;1.0265;0.0535;0;;;
2414;16-DAPI-1-40x-402ms.tif;NBL;0.0538;0.0538;53.7117;0.8931;2.8907;0.0481;0;;;
1423;07-DAPI-1-40x-402ms.tif;NBL;0.0419;0.0419;22.4404;0.8938;0.9399;0.0374;0;;;
1541;08-DAPI-1-40x-402ms.tif;NBL;0.0215;0.0215;24.0404;0.8939;0.5165;0.0192;0;;;
460;02-DAPI-1-40x-402ms.tif;NBL;0.0246;0.0246;46.2115;0.8943;1.1382;0.022;0;;;
1124;05-DAPI-1-40x-402ms.tif;NBL;0.0422;0.0422;41.4807;0.8946;1.7509;0.0378;0;;;
1609;08-DAPI-1-40x-402ms.tif;NBL;0.0197;0.0197;31.1538;0.8956;0.6152;0.0177;0;;;
1362;06-DAPI-1-40x-402ms.tif;NBL;0.1002;0.1002;15.3326;0.896;1.5356;0.0897;0;;;
1223;06-DAPI-1-40x-402ms.tif;NBL;0.1184;0.1184;25.2878;0.8964;2.9936;0.1061;0;;;
688;03-DAPI-1-40x-402ms.tif;NBL;0.0572;0.0572;28.3947;0.8975;1.6237;0.0513;0;;;
698;03-DAPI-1-40x-402ms.tif;NBL;0.0235;0.0235;40.0968;0.8986;0.9441;0.0212;0;;;
690;03-DAPI-1-40x-402ms.tif;NBL;0.0119;0.0119;56.3455;0.9;0.6725;0.0107;0;;;
1896;09-DAPI-1-40x-402ms.tif;NBL;0.051;0.051;73.8;0.9021;3.7637;0.046;0;;;
1812;09-DAPI-1-40x-402ms.tif;NBL;0.0547;0.0547;84.871;0.9028;4.6414;0.0494;0;;;
545;03-DAPI-1-40x-402ms.tif;NBL;0.0698;0.0698;42.5599;0.9036;2.9694;0.063;0;;;
1368;06-DAPI-1-40x-402ms.tif;NBL;0.0305;0.0305;13.968;0.9039;0.4259;0.0276;0;;;
883;04-DAPI-1-40x-402ms.tif;NBL;0.0817;0.0817;34.9602;0.9044;2.8564;0.0739;0;;;
2303;16-DAPI-1-40x-402ms.tif;NBL;0.0432;0.0432;97.5905;0.9045;4.2145;0.0391;0;;;
1936;09-DAPI-1-40x-402ms.tif;NBL;0.0151;0.0151;60.6187;0.9065;0.9143;0.0137;0;;;
1089;05-DAPI-1-40x-402ms.tif;NBL;0.0369;0.0369;32.2324;0.9088;1.1891;0.0335;0;;;
1881;09-DAPI-1-40x-402ms.tif;NBL;0.0572;0.0572;88.8387;0.9089;5.0801;0.052;0;;;
949;04-DAPI-1-40x-402ms.tif;NBL;0.0469;0.0469;29.1088;0.9097;1.3645;0.0426;0;;;
691;03-DAPI-1-40x-402ms.tif;NBL;0.0232;0.0232;43.014;0.9112;0.9988;0.0212;0;;;
933;04-DAPI-1-40x-402ms.tif;NBL;0.0367;0.0367;32.4882;0.9112;1.1915;0.0334;0;;;
830;04-DAPI-1-40x-402ms.tif;NBL;0.0393;0.0393;40.721;0.9116;1.5995;0.0358;0;;;
1897;09-DAPI-1-40x-402ms.tif;NBL;0.0247;0.0247;78.5219;0.9123;1.9426;0.0226;0;;;
414;02-DAPI-1-40x-402ms.tif;NBL;0.0316;0.0316;53.4433;0.9141;1.6875;0.0289;0;;;
1994;14-DAPI-1-40x-402ms.tif;NBL;0.0342;0.0342;66.8921;0.9143;2.2863;0.0312;0;;;
1910;09-DAPI-1-40x-402ms.tif;NBL;0.0305;0.0305;69.4021;0.9146;2.1161;0.0279;0;;;
1094;05-DAPI-1-40x-402ms.tif;NBL;0.0629;0.0629;39.7;0.9155;2.4985;0.0576;0;;;
1418;07-DAPI-1-40x-402ms.tif;NBL;0.0426;0.0426;24.6005;0.916;1.049;0.0391;0;;;
540;03-DAPI-1-40x-402ms.tif;NBL;0.0547;0.0547;42.627;0.9167;2.3312;0.0501;0;;;
937;04-DAPI-1-40x-402ms.tif;NBL;0.0273;0.0273;35.0317;0.9167;0.9579;0.0251;0;;;
1476;07-DAPI-1-40x-402ms.tif;NBL;0.0525;0.0525;15.9835;0.9174;0.8394;0.0482;0;;;
491;02-DAPI-1-40x-402ms.tif;NBL;0.0382;0.0382;25.8352;0.9176;0.9868;0.035;0;;;
1755;09-DAPI-1-40x-402ms.tif;NBL;0.02;0.02;80.7174;0.9185;1.6115;0.0183;0;;;
2068;14-DAPI-1-40x-402ms.tif;NBL;0.06;0.06;29.5714;0.9186;1.7744;0.0551;0;;;
141;01-DAPI-1-40x-402ms.tif;NBL;0.0703;0.0703;46.7207;0.9198;3.285;0.0647;0;;;
2128;15-DAPI-1-40x-402ms.tif;NBL;0.0344;0.0344;41.1073;0.9211;1.414;0.0317;0;;;
972;04-DAPI-1-40x-402ms.tif;NBL;0.0649;0.0649;39.2676;0.9214;2.548;0.0598;0;;;
1907;09-DAPI-1-40x-402ms.tif;NBL;0.0332;0.0332;63.5719;0.9216;2.1108;0.0306;0;;;
253;02-DAPI-1-40x-402ms.tif;NBL;0.0383;0.0383;53.6941;0.9235;2.0566;0.0354;0;;;
1118;05-DAPI-1-40x-402ms.tif;NBL;0.0854;0.0854;32.4867;0.925;2.7742;0.079;0;;;
1066;05-DAPI-1-40x-402ms.tif;NBL;0.0551;0.0551;26.685;0.9252;1.4709;0.051;0;;;
301;02-DAPI-1-40x-402ms.tif;NBL;0.0278;0.0278;70.793;0.9258;1.9665;0.0257;0;;;
2044;14-DAPI-1-40x-402ms.tif;NBL;0.0761;0.0761;71.0428;0.9258;5.4038;0.0704;0;;;
298;02-DAPI-1-40x-402ms.tif;NBL;0.059;0.059;52.5147;0.9265;3.0998;0.0547;0;;;
874;04-DAPI-1-40x-402ms.tif;NBL;0.0669;0.0669;41.6207;0.9271;2.7865;0.0621;0;;;
357;02-DAPI-1-40x-402ms.tif;NBL;0.0188;0.0188;40.3642;0.9306;0.7577;0.0175;0;;;
2378;16-DAPI-1-40x-402ms.tif;NBL;0.052;0.052;104.8184;0.9311;5.4479;0.0484;0;;;
2468;16-DAPI-1-40x-402ms.tif;NBL;0.0336;0.0336;88.4452;0.9323;2.975;0.0314;0;;;
745;03-DAPI-1-40x-402ms.tif;NBL;0.0331;0.0331;38.1049;0.9344;1.2611;0.0309;0;;;
838;04-DAPI-1-40x-402ms.tif;NBL;0.068;0.068;36.8533;0.9378;2.5073;0.0638;0;;;
292;02-DAPI-1-40x-402ms.tif;NBL;0.0742;0.0742;39.5409;0.9386;2.9347;0.0697;0;;;
1696;08-DAPI-1-40x-402ms.tif;NBL;0.016;0.016;34.5442;0.9388;0.551;0.015;0;;;
1372;07-DAPI-1-40x-402ms.tif;NBL;0.0553;0.0553;22.7686;0.9392;1.26;0.052;0;;;
628;03-DAPI-1-40x-402ms.tif;NBL;0.0815;0.0815;33.1278;0.9401;2.6995;0.0766;0;;;
631;03-DAPI-1-40x-402ms.tif;NBL;0.0167;0.0167;46.6494;0.9416;0.7795;0.0157;0;;;
1369;06-DAPI-1-40x-402ms.tif;NBL;0.0224;0.0224;28.7136;0.9417;0.6418;0.0211;0;;;
1103;05-DAPI-1-40x-402ms.tif;NBL;0.0188;0.0188;36.8439;0.9422;0.6916;0.0177;0;;;
1513;07-DAPI-1-40x-402ms.tif;NBL;0.0266;0.0266;30.3714;0.9429;0.8074;0.0251;0;;;
1968;14-DAPI-1-40x-402ms.tif;NBL;0.0363;0.0363;68.8388;0.9433;2.5023;0.0343;0;;;
1122;05-DAPI-1-40x-402ms.tif;NBL;0.0585;0.0585;38.3599;0.9443;2.2435;0.0552;0;;;
1046;05-DAPI-1-40x-402ms.tif;NBL;0.0406;0.0406;29.5053;0.9465;1.1974;0.0384;0;;;
1226;06-DAPI-1-40x-402ms.tif;NBL;0.0933;0.0933;21.107;0.9465;1.9696;0.0883;0;;;
190;01-DAPI-1-40x-402ms.tif;NBL;0.0327;0.0327;42.7176;0.9468;1.3952;0.0309;0;;;
445;02-DAPI-1-40x-402ms.tif;NBL;0.0286;0.0286;67.4545;0.947;1.9323;0.0271;0;;;
2084;14-DAPI-1-40x-402ms.tif;NBL;0.0585;0.0585;49.9481;0.9499;2.9212;0.0556;0;;;
1149;05-DAPI-1-40x-402ms.tif;NBL;0.0304;0.0304;39.2821;0.95;1.1935;0.0289;0;;;
1360;06-DAPI-1-40x-402ms.tif;NBL;0.0444;0.0444;19.5232;0.9535;0.8664;0.0423;0;;;
1883;09-DAPI-1-40x-402ms.tif;NBL;0.026;0.026;91.2625;0.9542;2.3766;0.0248;0;;;
1991;14-DAPI-1-40x-402ms.tif;NBL;0.0285;0.0285;61.924;0.9544;1.7671;0.0272;0;;;
711;03-DAPI-1-40x-402ms.tif;NBL;0.0167;0.0167;39.7143;0.9545;0.6636;0.016;0;;;
1364;06-DAPI-1-40x-402ms.tif;NBL;0.0623;0.0623;19.3397;0.9547;1.2045;0.0595;0;;;
715;03-DAPI-1-40x-402ms.tif;NBL;0.0295;0.0295;45.2132;0.9559;1.3344;0.0282;0;;;
393;02-DAPI-1-40x-402ms.tif;NBL;0.0698;0.0698;39.3966;0.9565;2.7487;0.0667;0;;;
633;03-DAPI-1-40x-402ms.tif;NBL;0.0251;0.0251;50.9177;0.9567;1.2763;0.024;0;;;
1159;05-DAPI-1-40x-402ms.tif;NBL;0.0562;0.0562;35.6911;0.9575;2.0061;0.0538;0;;;
1767;09-DAPI-1-40x-402ms.tif;NBL;0.054;0.054;90.1486;0.9578;4.8713;0.0518;0;;;
686;03-DAPI-1-40x-402ms.tif;NBL;0.0416;0.0416;45.295;0.9582;1.8824;0.0398;0;;;
1093;05-DAPI-1-40x-402ms.tif;NBL;0.0551;0.0551;33.6102;0.9587;1.8526;0.0528;0;;;
2108;15-DAPI-1-40x-402ms.tif;NBL;0.0423;0.0423;46.9641;0.959;1.9874;0.0406;0;;;
1905;09-DAPI-1-40x-402ms.tif;NBL;0.041;0.041;78.2407;0.9603;3.2091;0.0394;0;;;
928;04-DAPI-1-40x-402ms.tif;NBL;0.0318;0.0318;36.7645;0.9625;1.1688;0.0306;0;;;
71;01-DAPI-1-40x-402ms.tif;NBL;0.0481;0.0481;45.763;0.9639;2.1998;0.0463;0;;;
2291;16-DAPI-1-40x-402ms.tif;NBL;0.0481;0.0481;70.2709;0.9639;3.3778;0.0463;0;;;
502;02-DAPI-1-40x-402ms.tif;NBL;0.0131;0.0131;37.6281;0.9669;0.494;0.0127;0;;;
1821;09-DAPI-1-40x-402ms.tif;NBL;0.0328;0.0328;74.6854;0.9669;2.4474;0.0317;0;;;
400;02-DAPI-1-40x-402ms.tif;NBL;0.0254;0.0254;50.4658;0.9701;1.2814;0.0246;0;;;
1977;14-DAPI-1-40x-402ms.tif;NBL;0.0436;0.0436;77.7139;0.9701;3.3899;0.0423;0;;;
738;03-DAPI-1-40x-402ms.tif;NBL;0.0526;0.0526;30.9897;0.9732;1.6309;0.0512;0;;;
580;03-DAPI-1-40x-402ms.tif;NBL;0.0499;0.0499;47.9739;0.9739;2.3945;0.0486;0;;;
659;03-DAPI-1-40x-402ms.tif;NBL;0.0378;0.0378;47.2615;0.9741;1.7846;0.0368;0;;;
1601;08-DAPI-1-40x-402ms.tif;NBL;0.037;0.037;30.4897;0.9765;1.1281;0.0361;0;;;
475;02-DAPI-1-40x-402ms.tif;NBL;0.0282;0.0282;36.7846;0.9769;1.0378;0.0276;0;;;
1529;07-DAPI-1-40x-402ms.tif;NBL;0.1045;0.1045;16.3915;0.9782;1.7128;0.1022;0;;;
828;04-DAPI-1-40x-402ms.tif;NBL;0.0401;0.0401;39.2892;0.9784;1.5774;0.0393;0;;;
1514;07-DAPI-1-40x-402ms.tif;NBL;0.0269;0.0269;19.3831;0.9798;0.5216;0.0264;0;;;
1603;08-DAPI-1-40x-402ms.tif;NBL;0.0219;0.0219;39.1287;0.9802;0.8576;0.0215;0;;;
2306;16-DAPI-1-40x-402ms.tif;NBL;0.0842;0.0842;75.5026;0.9807;6.3574;0.0826;0;;;
1675;08-DAPI-1-40x-402ms.tif;NBL;0.0233;0.0233;28.4837;0.9814;0.6645;0.0229;0;;;
1437;07-DAPI-1-40x-402ms.tif;NBL;0.0456;0.0456;21.2548;0.9833;0.9686;0.0448;0;;;
1707;08-DAPI-1-40x-402ms.tif;NBL;0.0262;0.0262;28.0996;0.9834;0.7348;0.0257;0;;;
284;02-DAPI-1-40x-402ms.tif;NBL;0.0279;0.0279;55.2646;0.9844;1.5411;0.0275;0;;;
1238;06-DAPI-1-40x-402ms.tif;NBL;0.0696;0.0696;22.7738;0.9844;1.584;0.0685;0;;;
167;01-DAPI-1-40x-402ms.tif;NBL;0.0349;0.0349;36.7236;0.9845;1.2831;0.0344;0;;;
2413;16-DAPI-1-40x-402ms.tif;NBL;0.0638;0.0638;67.0102;0.9847;4.2754;0.0628;0;;;
182;01-DAPI-1-40x-402ms.tif;NBL;0.0503;0.0503;38.2371;0.9849;1.9251;0.0496;0;;;
2094;14-DAPI-1-40x-402ms.tif;NBL;0.0434;0.0434;59.825;0.985;2.5966;0.0428;0;;;
455;02-DAPI-1-40x-402ms.tif;NBL;0.0401;0.0401;58.0622;0.9865;2.3311;0.0396;0;;;
209;02-DAPI-1-40x-402ms.tif;NBL;0.0275;0.0275;48.3202;0.9881;1.3265;0.0271;0;;;
542;03-DAPI-1-40x-402ms.tif;NBL;0.0646;0.0646;41.1429;0.9882;2.6562;0.0638;0;;;
2064;14-DAPI-1-40x-402ms.tif;NBL;0.0276;0.0276;53.4134;0.9882;1.4721;0.0272;0;;;
252;02-DAPI-1-40x-402ms.tif;NBL;0.0199;0.0199;48.4645;0.9891;0.9623;0.0196;0;;;
1145;05-DAPI-1-40x-402ms.tif;NBL;0.0328;0.0328;27.543;0.9901;0.9026;0.0324;0;;;
1984;14-DAPI-1-40x-402ms.tif;NBL;0.0557;0.0557;62.0838;0.9903;3.4558;0.0551;0;;;
539;03-DAPI-1-40x-402ms.tif;NBL;0.0468;0.0468;37.8399;0.9907;1.7696;0.0463;0;;;
1428;07-DAPI-1-40x-402ms.tif;NBL;0.0305;0.0305;27.3559;0.9929;0.8341;0.0303;0;;;
2386;16-DAPI-1-40x-402ms.tif;NBL;0.0458;0.0458;76.8318;0.9929;3.5181;0.0455;0;;;
1344;06-DAPI-1-40x-402ms.tif;NBL;0.0794;0.0794;22.3798;0.9945;1.7776;0.079;0;;;
596;03-DAPI-1-40x-402ms.tif;NBL;0.038;0.038;45.3657;1;1.7229;0.038;0;;;
1091;05-DAPI-1-40x-402ms.tif;NBL;0.0441;0.0441;33.3424;1;1.4689;0.0441;0;;;
1119;05-DAPI-1-40x-402ms.tif;NBL;0.0441;0.0441;40.4039;1;1.7799;0.0441;0;;;
1350;06-DAPI-1-40x-402ms.tif;NBL;0.0711;0.0711;22.8992;1;1.6275;0.0711;0;;;
1374;07-DAPI-1-40x-402ms.tif;NBL;0.017;0.017;24.9745;1;0.4255;0.017;0;;;
1499;07-DAPI-1-40x-402ms.tif;NBL;0.0216;0.0216;31.6683;1;0.6838;0.0216;0;;;
2290;16-DAPI-1-40x-402ms.tif;NBL;0.0533;0.0533;86;1.002;4.5818;0.0534;0;;;
2204;15-DAPI-1-40x-402ms.tif;NBL;0.0551;0.0551;80.1772;1.0059;4.4195;0.0554;0;;;
1611;08-DAPI-1-40x-402ms.tif;NBL;0.0152;0.0152;31.5786;1.0071;0.4797;0.0153;0;;;
1358;06-DAPI-1-40x-402ms.tif;NBL;0.015;0.015;24.2681;1.0072;0.3634;0.0151;0;;;
1075;05-DAPI-1-40x-402ms.tif;NBL;0.0433;0.0433;42.5815;1.01;1.8435;0.0437;0;;;
1446;07-DAPI-1-40x-402ms.tif;NBL;0.0711;0.0711;15.6305;1.0137;1.1109;0.072;0;;;
1352;06-DAPI-1-40x-402ms.tif;NBL;0.086;0.086;23.2169;1.0151;1.9977;0.0873;0;;;
1810;09-DAPI-1-40x-402ms.tif;NBL;0.0672;0.0672;56.9273;1.0162;3.8236;0.0683;0;;;
2097;14-DAPI-1-40x-402ms.tif;NBL;0.0316;0.0316;52.5017;1.0172;1.6578;0.0321;0;;;
2411;16-DAPI-1-40x-402ms.tif;NBL;0.0305;0.0305;83.7295;1.0178;2.553;0.031;0;;;
385;02-DAPI-1-40x-402ms.tif;NBL;0.0652;0.0652;41.8885;1.0183;2.7317;0.0664;0;;;
305;02-DAPI-1-40x-402ms.tif;NBL;0.0802;0.0802;44.9296;1.0189;3.6028;0.0817;0;;;
2390;16-DAPI-1-40x-402ms.tif;NBL;0.074;0.074;56.4003;1.0191;4.1737;0.0754;0;;;
1792;09-DAPI-1-40x-402ms.tif;NBL;0.0501;0.0501;85.0649;1.0195;4.2643;0.0511;0;;;
1422;07-DAPI-1-40x-402ms.tif;NBL;0.0658;0.0658;21.9026;1.0198;1.4402;0.0671;0;;;
479;02-DAPI-1-40x-402ms.tif;NBL;0.0215;0.0215;54.1263;1.0202;1.1629;0.0219;0;;;
1572;08-DAPI-1-40x-402ms.tif;NBL;0.0205;0.0205;36.1429;1.0212;0.7412;0.0209;0;;;
122;01-DAPI-1-40x-402ms.tif;NBL;0.0357;0.0357;56.0182;1.0213;1.9998;0.0365;0;;;
930;04-DAPI-1-40x-402ms.tif;NBL;0.1007;0.1007;28.1659;1.0216;2.8362;0.1029;0;;;
1912;09-DAPI-1-40x-402ms.tif;NBL;0.0199;0.0199;56.5574;1.0219;1.123;0.0203;0;;;
1421;07-DAPI-1-40x-402ms.tif;NBL;0.0525;0.0525;22.25;1.0227;1.1685;0.0537;0;;;
644;03-DAPI-1-40x-402ms.tif;NBL;0.0324;0.0324;40.4548;1.0234;1.3125;0.0332;0;;;
384;02-DAPI-1-40x-402ms.tif;NBL;0.0868;0.0868;33.63;1.0238;2.9193;0.0889;0;;;
1721;08-DAPI-1-40x-402ms.tif;NBL;0.0182;0.0182;21.3571;1.0238;0.3893;0.0187;0;;;
2199;15-DAPI-1-40x-402ms.tif;NBL;0.0267;0.0267;67.8374;1.0244;1.8108;0.0273;0;;;
1538;08-DAPI-1-40x-402ms.tif;NBL;0.0433;0.0433;20.787;1.0251;0.9;0.0444;0;;;
1916;09-DAPI-1-40x-402ms.tif;NBL;0.0445;0.0445;87.6829;1.0268;3.9008;0.0457;0;;;
1143;05-DAPI-1-40x-402ms.tif;NBL;0.0299;0.0299;29.9964;1.029;0.8983;0.0308;0;;;
2026;14-DAPI-1-40x-402ms.tif;NBL;0.0707;0.0707;56.4755;1.0291;3.9954;0.0728;0;;;
615;03-DAPI-1-40x-402ms.tif;NBL;0.0483;0.0483;43.2517;1.0292;2.0884;0.0497;0;;;
630;03-DAPI-1-40x-402ms.tif;NBL;0.0582;0.0582;22.6772;1.0299;1.3189;0.0599;0;;;
2410;16-DAPI-1-40x-402ms.tif;NBL;0.0144;0.0144;45.812;1.0301;0.6611;0.0149;0;;;
1597;08-DAPI-1-40x-402ms.tif;NBL;0.0388;0.0388;19.9302;1.0307;0.7742;0.04;0;;;
1868;09-DAPI-1-40x-402ms.tif;NBL;0.0722;0.0722;61.4;1.0316;4.4304;0.0744;0;;;
702;03-DAPI-1-40x-402ms.tif;NBL;0.017;0.017;44.7134;1.0318;0.7617;0.0176;0;;;
873;04-DAPI-1-40x-402ms.tif;NBL;0.0396;0.0396;43.263;1.0329;1.7134;0.0409;0;;;
1769;09-DAPI-1-40x-402ms.tif;NBL;0.0382;0.0382;85.0369;1.0341;3.2479;0.0395;0;;;
2324;16-DAPI-1-40x-402ms.tif;NBL;0.0502;0.0502;78.1382;1.0346;3.9256;0.052;0;;;
1237;06-DAPI-1-40x-402ms.tif;NBL;0.0369;0.0369;17.8206;1.0353;0.6574;0.0382;0;;;
1616;08-DAPI-1-40x-402ms.tif;NBL;0.0295;0.0295;23.1029;1.0368;0.6819;0.0306;0;;;
1497;07-DAPI-1-40x-402ms.tif;NBL;0.0559;0.0559;22.2816;1.0388;1.2451;0.0581;0;;;
1620;08-DAPI-1-40x-402ms.tif;NBL;0.0279;0.0279;30.5953;1.0389;0.8532;0.029;0;;;
2273;15-DAPI-1-40x-402ms.tif;NBL;0.0246;0.0246;80.4581;1.0396;1.9818;0.0256;0;;;
399;02-DAPI-1-40x-402ms.tif;NBL;0.0524;0.0524;48.1925;1.0414;2.5257;0.0546;0;;;
404;02-DAPI-1-40x-402ms.tif;NBL;0.0419;0.0419;48.6632;1.0415;2.0382;0.0436;0;;;
1739;09-DAPI-1-40x-402ms.tif;NBL;0.0416;0.0416;72.8773;1.0418;3.0286;0.0433;0;;;
1505;07-DAPI-1-40x-402ms.tif;NBL;0.0349;0.0349;22.0683;1.0435;0.7711;0.0365;0;;;
2047;14-DAPI-1-40x-402ms.tif;NBL;0.0786;0.0786;45.1202;1.0456;3.5446;0.0821;0;;;
1347;06-DAPI-1-40x-402ms.tif;NBL;0.0734;0.0734;24.7012;1.0459;1.8118;0.0767;0;;;
2197;15-DAPI-1-40x-402ms.tif;NBL;0.04;0.04;58.9621;1.0461;2.3608;0.0419;0;;;
1790;09-DAPI-1-40x-402ms.tif;NBL;0.0349;0.0349;77.3323;1.0466;2.7019;0.0366;0;;;
1931;09-DAPI-1-40x-402ms.tif;NBL;0.0321;0.0321;70.2703;1.0473;2.2569;0.0336;0;;;
629;03-DAPI-1-40x-402ms.tif;NBL;0.0174;0.0174;55.5625;1.05;0.9646;0.0182;0;;;
1944;09-DAPI-1-40x-402ms.tif;NBL;0.0192;0.0192;79.8023;1.0508;1.5327;0.0202;0;;;
1370;06-DAPI-1-40x-402ms.tif;NBL;0.0213;0.0213;20.1429;1.051;0.4284;0.0224;0;;;
2372;16-DAPI-1-40x-402ms.tif;NBL;0.0552;0.0552;49.888;1.0511;2.7553;0.0581;0;;;
1348;06-DAPI-1-40x-402ms.tif;NBL;0.0717;0.0717;24.1452;1.0514;1.7318;0.0754;0;;;
925;04-DAPI-1-40x-402ms.tif;NBL;0.0503;0.0503;34.0862;1.0517;1.7161;0.053;0;;;
1985;14-DAPI-1-40x-402ms.tif;NBL;0.0473;0.0473;54.5;1.0528;2.5783;0.0498;0;;;
611;03-DAPI-1-40x-402ms.tif;NBL;0.0378;0.0378;53.3448;1.0546;2.0143;0.0398;0;;;
1886;09-DAPI-1-40x-402ms.tif;NBL;0.0256;0.0256;94.0381;1.0551;2.4081;0.027;0;;;
2010;14-DAPI-1-40x-402ms.tif;NBL;0.0489;0.0489;52.031;1.0554;2.5462;0.0516;0;;;
2177;15-DAPI-1-40x-402ms.tif;NBL;0.0184;0.0184;72.0412;1.0588;1.3289;0.0195;0;;;
1356;06-DAPI-1-40x-402ms.tif;NBL;0.0331;0.0331;30.4393;1.059;1.0074;0.035;0;;;
709;03-DAPI-1-40x-402ms.tif;NBL;0.05;0.05;32.8764;1.0607;1.6445;0.0531;0;;;
2075;14-DAPI-1-40x-402ms.tif;NBL;0.0599;0.0599;55.2319;1.0616;3.3082;0.0636;0;;;
1415;07-DAPI-1-40x-402ms.tif;NBL;0.0722;0.0722;16.3489;1.0632;1.1797;0.0767;0;;;
1346;06-DAPI-1-40x-402ms.tif;NBL;0.1179;0.1179;17.7902;1.0635;2.0983;0.1254;0;;;
1389;07-DAPI-1-40x-402ms.tif;NBL;0.0437;0.0437;23.1836;1.0645;1.0138;0.0465;0;;;
1612;08-DAPI-1-40x-402ms.tif;NBL;0.0329;0.0329;28.736;1.066;0.9448;0.035;0;;;
2180;15-DAPI-1-40x-402ms.tif;NBL;0.0469;0.0469;55.2963;1.0671;2.592;0.05;0;;;
473;02-DAPI-1-40x-402ms.tif;NBL;0.0432;0.0432;42.5126;1.0678;1.8359;0.0461;0;;;
514;02-DAPI-1-40x-402ms.tif;NBL;0.0315;0.0315;37.8;1.069;1.1895;0.0336;0;;;
1531;07-DAPI-1-40x-402ms.tif;NBL;0.0322;0.0322;15.7946;1.0707;0.509;0.0345;0;;;
1904;09-DAPI-1-40x-402ms.tif;NBL;0.0258;0.0258;87.4118;1.0714;2.2574;0.0277;0;;;
2190;15-DAPI-1-40x-402ms.tif;NBL;0.0304;0.0304;66.2143;1.0714;2.0117;0.0326;0;;;
1864;09-DAPI-1-40x-402ms.tif;NBL;0.0393;0.0393;58.2624;1.0718;2.2885;0.0421;0;;;
1039;05-DAPI-1-40x-402ms.tif;NBL;0.0526;0.0526;39.3031;1.0722;2.0684;0.0564;0;;;
1107;05-DAPI-1-40x-402ms.tif;NBL;0.0255;0.0255;34.3277;1.0723;0.8753;0.0273;0;;;
2196;15-DAPI-1-40x-402ms.tif;NBL;0.036;0.036;83.1175;1.0723;2.9942;0.0386;0;;;
2339;16-DAPI-1-40x-402ms.tif;NBL;0.018;0.018;71.3554;1.0723;1.2853;0.0193;0;;;
2179;15-DAPI-1-40x-402ms.tif;NBL;0.0512;0.0512;56.6314;1.0742;2.9004;0.055;0;;;
101;01-DAPI-1-40x-402ms.tif;NBL;0.0394;0.0394;55.4242;1.0744;2.1831;0.0423;0;;;
1970;14-DAPI-1-40x-402ms.tif;NBL;0.0393;0.0393;67.0166;1.0746;2.6324;0.0422;0;;;
321;02-DAPI-1-40x-402ms.tif;NBL;0.0346;0.0346;47.6238;1.0752;1.6484;0.0372;0;;;
1996;14-DAPI-1-40x-402ms.tif;NBL;0.049;0.049;59.0022;1.0752;2.8938;0.0527;0;;;
941;04-DAPI-1-40x-402ms.tif;NBL;0.0271;0.0271;47.08;1.076;1.2771;0.0292;0;;;
2219;15-DAPI-1-40x-402ms.tif;NBL;0.0781;0.0781;68.4042;1.0792;5.3441;0.0843;0;;;
2477;16-DAPI-1-40x-402ms.tif;NBL;0.0668;0.0668;76.8766;1.0795;5.1385;0.0722;0;;;
1419;07-DAPI-1-40x-402ms.tif;NBL;0.0272;0.0272;29.1514;1.0797;0.7939;0.0294;0;;;
1860;09-DAPI-1-40x-402ms.tif;NBL;0.0485;0.0485;65.0604;1.0805;3.1556;0.0524;0;;;
1092;05-DAPI-1-40x-402ms.tif;NBL;0.024;0.024;33.1991;1.0814;0.7961;0.0259;0;;;
708;03-DAPI-1-40x-402ms.tif;NBL;0.0716;0.0716;41.0864;1.0818;2.9424;0.0775;0;;;
2271;15-DAPI-1-40x-402ms.tif;NBL;0.0164;0.0164;66.2185;1.0861;1.085;0.0178;0;;;
478;02-DAPI-1-40x-402ms.tif;NBL;0.0314;0.0314;24.5052;1.0865;0.7684;0.0341;0;;;
401;02-DAPI-1-40x-402ms.tif;NBL;0.0488;0.0488;46.6889;1.0867;2.2797;0.0531;0;;;
226;02-DAPI-1-40x-402ms.tif;NBL;0.0238;0.0238;49.2694;1.0868;1.1708;0.0258;0;;;
1901;09-DAPI-1-40x-402ms.tif;NBL;0.0382;0.0382;77.5057;1.0881;2.9603;0.0416;0;;;
2308;16-DAPI-1-40x-402ms.tif;NBL;0.06;0.06;84.9367;1.0886;5.0966;0.0653;0;;;
370;02-DAPI-1-40x-402ms.tif;NBL;0.0654;0.0654;32.2653;1.0896;2.1111;0.0713;0;;;
1914;09-DAPI-1-40x-402ms.tif;NBL;0.0567;0.0567;81.6616;1.0899;4.6342;0.0618;0;;;
618;03-DAPI-1-40x-402ms.tif;NBL;0.072;0.072;44.256;1.0904;3.1886;0.0786;0;;;
1233;06-DAPI-1-40x-402ms.tif;NBL;0.0523;0.0523;25.7967;1.0913;1.3492;0.0571;0;;;
322;02-DAPI-1-40x-402ms.tif;NBL;0.039;0.039;51.3175;1.0919;1.999;0.0425;0;;;
1155;05-DAPI-1-40x-402ms.tif;NBL;0.06;0.06;20.1971;1.0922;1.2119;0.0655;0;;;
1801;09-DAPI-1-40x-402ms.tif;NBL;0.0575;0.0575;99.3396;1.0925;5.7129;0.0628;0;;;
68;01-DAPI-1-40x-402ms.tif;NBL;0.0488;0.0488;43.7978;1.0933;2.1386;0.0534;0;;;
70;01-DAPI-1-40x-402ms.tif;NBL;0.0279;0.0279;33.8132;1.0934;0.9429;0.0305;0;;;
597;03-DAPI-1-40x-402ms.tif;NBL;0.0393;0.0393;52.7403;1.0939;2.0716;0.043;0;;;
332;02-DAPI-1-40x-402ms.tif;NBL;0.0318;0.0318;54.2116;1.0956;1.7235;0.0348;0;;;
1571;08-DAPI-1-40x-402ms.tif;NBL;0.0408;0.0408;29.242;1.0957;1.193;0.0447;0;;;
885;04-DAPI-1-40x-402ms.tif;NBL;0.046;0.046;45.7476;1.0967;2.1047;0.0505;0;;;
1614;08-DAPI-1-40x-402ms.tif;NBL;0.0569;0.0569;22.6966;1.0973;1.2905;0.0624;0;;;
1142;05-DAPI-1-40x-402ms.tif;NBL;0.0267;0.0267;38.878;1.0976;1.0378;0.0293;0;;;
1077;05-DAPI-1-40x-402ms.tif;NBL;0.0752;0.0752;27.5411;1.0981;2.071;0.0826;0;;;
386;02-DAPI-1-40x-402ms.tif;NBL;0.0479;0.0479;47.5805;1.0998;2.2768;0.0526;0;;;
1823;09-DAPI-1-40x-402ms.tif;NBL;0.04;0.04;68.206;1.1003;2.7309;0.0441;0;;;
2192;15-DAPI-1-40x-402ms.tif;NBL;0.0334;0.0334;56.724;1.1006;1.8957;0.0368;0;;;
2096;14-DAPI-1-40x-402ms.tif;NBL;0.0204;0.0204;61.4255;1.1011;1.253;0.0225;0;;;
1150;05-DAPI-1-40x-402ms.tif;NBL;0.0365;0.0365;22.9018;1.1012;0.835;0.0401;0;;;
2066;14-DAPI-1-40x-402ms.tif;NBL;0.0182;0.0182;35.119;1.1012;0.6402;0.0201;0;;;
902;04-DAPI-1-40x-402ms.tif;NBL;0.0457;0.0457;41.1639;1.1021;1.8804;0.0503;0;;;
2270;15-DAPI-1-40x-402ms.tif;NBL;0.0499;0.0499;64.8478;1.1022;3.2368;0.055;0;;;
1516;07-DAPI-1-40x-402ms.tif;NBL;0.0272;0.0272;29.1235;1.1036;0.7932;0.0301;0;;;
2412;16-DAPI-1-40x-402ms.tif;NBL;0.0262;0.0262;82.4315;1.1037;2.1556;0.0289;0;;;
1136;05-DAPI-1-40x-402ms.tif;NBL;0.0645;0.0645;41.1886;1.1044;2.6547;0.0712;0;;;
1720;08-DAPI-1-40x-402ms.tif;NBL;0.0259;0.0259;25.0921;1.1046;0.6507;0.0286;0;;;
1035;05-DAPI-1-40x-402ms.tif;NBL;0.0527;0.0527;38.9444;1.1049;2.0537;0.0583;0;;;
953;04-DAPI-1-40x-402ms.tif;NBL;0.0195;0.0195;43.4;1.1056;0.8477;0.0216;0;;;
1537;08-DAPI-1-40x-402ms.tif;NBL;0.0339;0.0339;27.1026;1.1058;0.9175;0.0374;0;;;
2052;14-DAPI-1-40x-402ms.tif;NBL;0.0451;0.0451;46.7404;1.1082;2.1098;0.05;0;;;
1503;07-DAPI-1-40x-402ms.tif;NBL;0.0636;0.0636;18;1.1092;1.1445;0.0705;0;;;
1816;09-DAPI-1-40x-402ms.tif;NBL;0.0297;0.0297;60.4124;1.1095;1.7961;0.033;0;;;
642;03-DAPI-1-40x-402ms.tif;NBL;0.0327;0.0327;40.0498;1.1096;1.3081;0.0362;0;;;
1504;07-DAPI-1-40x-402ms.tif;NBL;0.0475;0.0475;23.3607;1.1096;1.1102;0.0527;0;;;
2377;16-DAPI-1-40x-402ms.tif;NBL;0.0625;0.0625;54.1111;1.1111;3.3819;0.0694;0;;;
810;04-DAPI-1-40x-402ms.tif;NBL;0.0447;0.0447;39.6456;1.1117;1.7724;0.0497;0;;;
866;04-DAPI-1-40x-402ms.tif;NBL;0.0434;0.0434;43.9825;1.1125;1.909;0.0483;0;;;
391;02-DAPI-1-40x-402ms.tif;NBL;0.0336;0.0336;61.6387;1.1129;2.0734;0.0374;0;;;
1366;06-DAPI-1-40x-402ms.tif;NBL;0.0586;0.0586;21.1519;1.113;1.2394;0.0652;0;;;
2107;15-DAPI-1-40x-402ms.tif;NBL;0.0641;0.0641;50.8765;1.1134;3.2626;0.0714;0;;;
676;03-DAPI-1-40x-402ms.tif;NBL;0.0353;0.0353;34.9446;1.1138;1.2323;0.0393;0;;;
917;04-DAPI-1-40x-402ms.tif;NBL;0.0162;0.0162;62.0805;1.1141;1.0037;0.018;0;;;
395;02-DAPI-1-40x-402ms.tif;NBL;0.0503;0.0503;38.8082;1.1142;1.9539;0.0561;0;;;
1240;06-DAPI-1-40x-402ms.tif;NBL;0.0499;0.0499;26.437;1.1152;1.3196;0.0557;0;;;
2000;14-DAPI-1-40x-402ms.tif;NBL;0.0262;0.0262;60.5726;1.1162;1.584;0.0292;0;;;
1152;05-DAPI-1-40x-402ms.tif;NBL;0.0603;0.0603;23.4874;1.1169;1.417;0.0674;0;;;
782;04-DAPI-1-40x-402ms.tif;NBL;0.0636;0.0636;47.5068;1.1195;3.0207;0.0712;0;;;
1993;14-DAPI-1-40x-402ms.tif;NBL;0.0668;0.0668;63.6445;1.1201;4.254;0.0749;0;;;
645;03-DAPI-1-40x-402ms.tif;NBL;0.027;0.027;56.008;1.1205;1.5132;0.0303;0;;;
1600;08-DAPI-1-40x-402ms.tif;NBL;0.0233;0.0233;35.2698;1.1209;0.8228;0.0262;0;;;
1999;14-DAPI-1-40x-402ms.tif;NBL;0.032;0.032;69.0373;1.122;2.2099;0.0359;0;;;
2046;14-DAPI-1-40x-402ms.tif;NBL;0.0194;0.0194;97.2793;1.1229;1.8894;0.0218;0;;;
1866;09-DAPI-1-40x-402ms.tif;NBL;0.0551;0.0551;73.7717;1.124;4.0664;0.062;0;;;
2475;16-DAPI-1-40x-402ms.tif;NBL;0.028;0.028;84.5155;1.124;2.366;0.0315;0;;;
1900;09-DAPI-1-40x-402ms.tif;NBL;0.0183;0.0183;91.5858;1.1243;1.6795;0.0206;0;;;
527;03-DAPI-1-40x-402ms.tif;NBL;0.026;0.026;45.65;1.125;1.1888;0.0293;0;;;
2175;15-DAPI-1-40x-402ms.tif;NBL;0.0292;0.0292;68.4647;1.1264;1.9984;0.0329;0;;;
855;04-DAPI-1-40x-402ms.tif;NBL;0.0659;0.0659;44.2372;1.1269;2.9136;0.0742;0;;;
1794;09-DAPI-1-40x-402ms.tif;NBL;0.0435;0.0435;80.9975;1.1272;3.5243;0.049;0;;;
1789;09-DAPI-1-40x-402ms.tif;NBL;0.068;0.068;73.2536;1.1276;4.9837;0.0767;0;;;
1496;07-DAPI-1-40x-402ms.tif;NBL;0.0493;0.0493;15.7753;1.1278;0.7771;0.0556;0;;;
2276;15-DAPI-1-40x-402ms.tif;NBL;0.0371;0.0371;56.4035;1.1287;2.0931;0.0419;0;;;
588;03-DAPI-1-40x-402ms.tif;NBL;0.046;0.046;48.0189;1.1297;2.2092;0.052;0;;;
1579;08-DAPI-1-40x-402ms.tif;NBL;0.0282;0.0282;30.5615;1.1308;0.8622;0.0319;0;;;
1398;07-DAPI-1-40x-402ms.tif;NBL;0.0322;0.0322;29.8316;1.1313;0.9614;0.0365;0;;;
1104;05-DAPI-1-40x-402ms.tif;NBL;0.019;0.019;49.7486;1.1314;0.9447;0.0215;0;;;
1456;07-DAPI-1-40x-402ms.tif;NBL;0.0889;0.0889;18.5641;1.1319;1.6497;0.1006;0;;;
2330;16-DAPI-1-40x-402ms.tif;NBL;0.0342;0.0342;77.2508;1.1333;2.6404;0.0387;0;;;
1932;09-DAPI-1-40x-402ms.tif;NBL;0.0291;0.0291;85.153;1.1343;2.4762;0.033;0;;;
1742;09-DAPI-1-40x-402ms.tif;NBL;0.0778;0.0778;84.5021;1.1353;6.5742;0.0883;0;;;
1947;14-DAPI-1-40x-402ms.tif;NBL;0.0409;0.0409;83.4403;1.1379;3.4133;0.0465;0;;;
1121;05-DAPI-1-40x-402ms.tif;NBL;0.0367;0.0367;45.4467;1.1391;1.6668;0.0418;0;;;
387;02-DAPI-1-40x-402ms.tif;NBL;0.0318;0.0318;41.6689;1.1399;1.3248;0.0362;0;;;
1146;05-DAPI-1-40x-402ms.tif;NBL;0.0262;0.0262;29.7718;1.1411;0.7785;0.0298;0;;;
1976;14-DAPI-1-40x-402ms.tif;NBL;0.0615;0.0615;62.1358;1.1411;3.8228;0.0702;0;;;
210;02-DAPI-1-40x-402ms.tif;NBL;0.0199;0.0199;49.224;1.1421;0.9774;0.0227;0;;;
97;01-DAPI-1-40x-402ms.tif;NBL;0.045;0.045;58.1542;1.1422;2.6187;0.0514;0;;;
673;03-DAPI-1-40x-402ms.tif;NBL;0.0297;0.0297;42.4088;1.1423;1.2609;0.034;0;;;
1610;08-DAPI-1-40x-402ms.tif;NBL;0.028;0.028;24.1938;1.1434;0.6773;0.032;0;;;
914;04-DAPI-1-40x-402ms.tif;NBL;0.0514;0.0514;20.2447;1.1435;1.0412;0.0588;0;;;
2059;14-DAPI-1-40x-402ms.tif;NBL;0.0397;0.0397;33.6503;1.1448;1.3364;0.0455;0;;;
1748;09-DAPI-1-40x-402ms.tif;NBL;0.0374;0.0374;78.5362;1.1449;2.94;0.0429;0;;;
1872;09-DAPI-1-40x-402ms.tif;NBL;0.0486;0.0486;69.721;1.1451;3.3892;0.0557;0;;;
685;03-DAPI-1-40x-402ms.tif;NBL;0.0419;0.0419;43.4456;1.1477;1.8197;0.0481;0;;;
1148;05-DAPI-1-40x-402ms.tif;NBL;0.0263;0.0263;39.0124;1.1488;1.0244;0.0302;0;;;
1397;07-DAPI-1-40x-402ms.tif;NBL;0.0551;0.0551;22.3484;1.1496;1.2319;0.0634;0;;;
614;03-DAPI-1-40x-402ms.tif;NBL;0.0318;0.0318;45.884;1.1502;1.4588;0.0366;0;;;
2088;14-DAPI-1-40x-402ms.tif;NBL;0.0144;0.0144;61.5113;1.1504;0.8877;0.0166;0;;;
1387;07-DAPI-1-40x-402ms.tif;NBL;0.0511;0.0511;15.6263;1.1507;0.7986;0.0588;0;;;
1455;07-DAPI-1-40x-402ms.tif;NBL;0.0416;0.0416;16.235;1.1514;0.6747;0.0479;0;;;
637;03-DAPI-1-40x-402ms.tif;NBL;0.0496;0.0496;37.8315;1.1532;1.876;0.0572;0;;;
2474;16-DAPI-1-40x-402ms.tif;NBL;0.0485;0.0485;71.4385;1.1544;3.465;0.056;0;;;
154;01-DAPI-1-40x-402ms.tif;NBL;0.04;0.04;29.0298;1.1545;1.1623;0.0462;0;;;
1396;07-DAPI-1-40x-402ms.tif;NBL;0.0575;0.0575;22.3925;1.1547;1.2878;0.0664;0;;;
218;02-DAPI-1-40x-402ms.tif;NBL;0.0342;0.0342;50.0444;1.1556;1.7105;0.0395;0;;;
1105;05-DAPI-1-40x-402ms.tif;NBL;0.0314;0.0314;40.0381;1.1557;1.2555;0.0362;0;;;
669;03-DAPI-1-40x-402ms.tif;NBL;0.0919;0.0919;45.4451;1.1558;4.1766;0.1062;0;;;
647;03-DAPI-1-40x-402ms.tif;NBL;0.0457;0.0457;56.5226;1.1568;2.582;0.0528;0;;;
1085;05-DAPI-1-40x-402ms.tif;NBL;0.0283;0.0283;39.8697;1.1571;1.1291;0.0328;0;;;
1262;06-DAPI-1-40x-402ms.tif;NBL;0.042;0.042;27.5271;1.1576;1.1559;0.0486;0;;;
1399;07-DAPI-1-40x-402ms.tif;NBL;0.0583;0.0583;20.2439;1.1583;1.1796;0.0675;0;;;
735;03-DAPI-1-40x-402ms.tif;NBL;0.05;0.05;45.3189;1.1584;2.2669;0.0579;0;;;
2023;14-DAPI-1-40x-402ms.tif;NBL;0.1067;0.1067;58.3042;1.1587;6.2189;0.1236;0;;;
382;02-DAPI-1-40x-402ms.tif;NBL;0.0818;0.0818;40.4178;1.1592;3.3067;0.0948;0;;;
356;02-DAPI-1-40x-402ms.tif;NBL;0.015;0.015;37.7319;1.1594;0.565;0.0174;0;;;
1575;08-DAPI-1-40x-402ms.tif;NBL;0.0406;0.0406;27.0027;1.1604;1.0958;0.0471;0;;;
1615;08-DAPI-1-40x-402ms.tif;NBL;0.0348;0.0348;25.9938;1.162;0.9054;0.0405;0;;;
2089;14-DAPI-1-40x-402ms.tif;NBL;0.026;0.026;68.1417;1.1625;1.7745;0.0303;0;;;
1158;05-DAPI-1-40x-402ms.tif;NBL;0.0297;0.0297;37.3723;1.1642;1.1111;0.0346;0;;;
1899;09-DAPI-1-40x-402ms.tif;NBL;0.0297;0.0297;68.427;1.1642;2.0344;0.0346;0;;;
1081;05-DAPI-1-40x-402ms.tif;NBL;0.0152;0.0152;43.5357;1.1643;0.6613;0.0177;0;;;
2203;15-DAPI-1-40x-402ms.tif;NBL;0.0686;0.0686;80.6361;1.1646;5.5297;0.0799;0;;;
1365;06-DAPI-1-40x-402ms.tif;NBL;0.0725;0.0725;21.5614;1.1647;1.5628;0.0844;0;;;
2417;16-DAPI-1-40x-402ms.tif;NBL;0.0546;0.0546;91.5447;1.165;4.9964;0.0636;0;;;
532;03-DAPI-1-40x-402ms.tif;NBL;0.0538;0.0538;47.2077;1.1653;2.5407;0.0627;0;;;
1255;06-DAPI-1-40x-402ms.tif;NBL;0.0694;0.0694;17.4719;1.1656;1.2133;0.0809;0;;;
2237;15-DAPI-1-40x-402ms.tif;NBL;0.0747;0.0747;86.9113;1.1657;6.4882;0.087;0;;;
826;04-DAPI-1-40x-402ms.tif;NBL;0.0312;0.0312;42.184;1.1667;1.3183;0.0365;0;;;
1373;07-DAPI-1-40x-402ms.tif;NBL;0.0599;0.0599;21.1196;1.1667;1.265;0.0699;0;;;
1542;08-DAPI-1-40x-402ms.tif;NBL;0.0111;0.0111;29.2255;1.1667;0.3235;0.0129;0;;;
1992;14-DAPI-1-40x-402ms.tif;NBL;0.0352;0.0352;54.463;1.1667;1.9147;0.041;0;;;
1909;09-DAPI-1-40x-402ms.tif;NBL;0.0648;0.0648;50.8191;1.1675;3.292;0.0756;0;;;
2243;15-DAPI-1-40x-402ms.tif;NBL;0.0361;0.0361;82.2613;1.1682;2.9723;0.0422;0;;;
423;02-DAPI-1-40x-402ms.tif;NBL;0.0506;0.0506;53.2361;1.1695;2.6918;0.0591;0;;;
1662;08-DAPI-1-40x-402ms.tif;NBL;0.025;0.025;28.3957;1.1696;0.7087;0.0292;0;;;
2409;16-DAPI-1-40x-402ms.tif;NBL;0.0371;0.0371;86.7895;1.1696;3.2207;0.0434;0;;;
1040;05-DAPI-1-40x-402ms.tif;NBL;0.0509;0.0509;38.3006;1.1706;1.9491;0.0596;0;;;
2319;16-DAPI-1-40x-402ms.tif;NBL;0.0526;0.0526;96.9093;1.1711;5.0999;0.0616;0;;;
286;02-DAPI-1-40x-402ms.tif;NBL;0.0723;0.0723;47.1201;1.1712;3.4052;0.0846;0;;;
2101;14-DAPI-1-40x-402ms.tif;NBL;0.0375;0.0375;47.2543;1.1734;1.7741;0.0441;0;;;
1353;06-DAPI-1-40x-402ms.tif;NBL;0.0876;0.0876;21.1871;1.1735;1.8553;0.1028;0;;;
121;01-DAPI-1-40x-402ms.tif;NBL;0.0442;0.0442;36.887;1.1744;1.629;0.0519;0;;;
1971;14-DAPI-1-40x-402ms.tif;NBL;0.0451;0.0451;82.524;1.1755;3.725;0.0531;0;;;
585;03-DAPI-1-40x-402ms.tif;NBL;0.0788;0.0788;40.7011;1.1763;3.2063;0.0927;0;;;
1191;05-DAPI-1-40x-402ms.tif;NBL;0.024;0.024;40.638;1.1765;0.9745;0.0282;0;;;
875;04-DAPI-1-40x-402ms.tif;NBL;0.0564;0.0564;44.6692;1.1769;2.5204;0.0664;0;;;
2164;15-DAPI-1-40x-402ms.tif;NBL;0.0312;0.0312;86.5938;1.1771;2.7061;0.0368;0;;;
543;03-DAPI-1-40x-402ms.tif;NBL;0.0813;0.0813;40.8999;1.1776;3.324;0.0957;0;;;
1990;14-DAPI-1-40x-402ms.tif;NBL;0.0335;0.0335;76.0259;1.178;2.549;0.0395;0;;;
413;02-DAPI-1-40x-402ms.tif;NBL;0.0426;0.0426;58.7557;1.1781;2.5055;0.0502;0;;;
375;02-DAPI-1-40x-402ms.tif;NBL;0.037;0.037;36.1261;1.1789;1.3367;0.0436;0;;;
1946;09-DAPI-1-40x-402ms.tif;NBL;0.0267;0.0267;49.5813;1.1789;1.3235;0.0315;0;;;
856;04-DAPI-1-40x-402ms.tif;NBL;0.0604;0.0604;43.6535;1.1795;2.6383;0.0713;0;;;
1480;07-DAPI-1-40x-402ms.tif;NBL;0.0524;0.0524;21.8986;1.1801;1.1477;0.0618;0;;;
2230;15-DAPI-1-40x-402ms.tif;NBL;0.0283;0.0283;80.9847;1.1801;2.2935;0.0334;0;;;
927;04-DAPI-1-40x-402ms.tif;NBL;0.0858;0.0858;33.5651;1.1808;2.8809;0.1013;0;;;
1730;09-DAPI-1-40x-402ms.tif;NBL;0.0306;0.0306;94.6206;1.1809;2.8953;0.0361;0;;;
741;03-DAPI-1-40x-402ms.tif;NBL;0.0227;0.0227;52.134;1.1818;1.1823;0.0268;0;;;
1388;07-DAPI-1-40x-402ms.tif;NBL;0.0464;0.0464;23.764;1.1822;1.1036;0.0549;0;;;
233;02-DAPI-1-40x-402ms.tif;NBL;0.0381;0.0381;45.0171;1.1823;1.7145;0.045;0;;;
497;02-DAPI-1-40x-402ms.tif;NBL;0.041;0.041;48.3677;1.1825;1.9838;0.0485;0;;;
643;03-DAPI-1-40x-402ms.tif;NBL;0.0449;0.0449;44.4324;1.1836;1.996;0.0532;0;;;
852;04-DAPI-1-40x-402ms.tif;NBL;0.0254;0.0254;39.5256;1.1838;1.0036;0.0301;0;;;
2208;15-DAPI-1-40x-402ms.tif;NBL;0.0728;0.0728;66.6855;1.1848;4.8553;0.0863;0;;;
1140;05-DAPI-1-40x-402ms.tif;NBL;0.0316;0.0316;36.0344;1.1856;1.1378;0.0374;0;;;
1930;09-DAPI-1-40x-402ms.tif;NBL;0.0456;0.0456;64.2595;1.1857;2.9285;0.054;0;;;
1613;08-DAPI-1-40x-402ms.tif;NBL;0.022;0.022;25.2365;1.1872;0.5559;0.0262;0;;;
73;01-DAPI-1-40x-402ms.tif;NBL;0.0515;0.0515;50.8505;1.1874;2.6209;0.0612;0;;;
468;02-DAPI-1-40x-402ms.tif;NBL;0.0422;0.0422;41.0334;1.1877;1.732;0.0501;0;;;
2239;15-DAPI-1-40x-402ms.tif;NBL;0.0398;0.0398;74.9428;1.188;2.9844;0.0473;0;;;
1710;08-DAPI-1-40x-402ms.tif;NBL;0.0224;0.0224;29.0291;1.1893;0.6489;0.0266;0;;;
1154;05-DAPI-1-40x-402ms.tif;NBL;0.0206;0.0206;32.7053;1.1895;0.6743;0.0245;0;;;
703;03-DAPI-1-40x-402ms.tif;NBL;0.0263;0.0263;33.4215;1.1901;0.8776;0.0312;0;;;
1351;06-DAPI-1-40x-402ms.tif;NBL;0.0957;0.0957;21.2018;1.1905;2.0291;0.1139;0;;;
1072;05-DAPI-1-40x-402ms.tif;NBL;0.0643;0.0643;28.0017;1.1906;1.8018;0.0766;0;;;
1702;08-DAPI-1-40x-402ms.tif;NBL;0.0449;0.0449;17.843;1.1908;0.8015;0.0535;0;;;
547;03-DAPI-1-40x-402ms.tif;NBL;0.0477;0.0477;48.1409;1.1909;2.2984;0.0569;0;;;
1865;09-DAPI-1-40x-402ms.tif;NBL;0.0483;0.0483;68.8067;1.191;3.3224;0.0575;0;;;
1924;09-DAPI-1-40x-402ms.tif;NBL;0.0323;0.0323;83.6577;1.1913;2.7051;0.0385;0;;;
2062;14-DAPI-1-40x-402ms.tif;NBL;0.0698;0.0698;40.6392;1.1913;2.8354;0.0831;0;;;
712;03-DAPI-1-40x-402ms.tif;NBL;0.0225;0.0225;57.4251;1.1932;1.2898;0.0268;0;;;
2129;15-DAPI-1-40x-402ms.tif;NBL;0.0354;0.0354;57.2209;1.1933;2.0241;0.0422;0;;;
349;02-DAPI-1-40x-402ms.tif;NBL;0.0303;0.0303;53.8674;1.1935;1.6308;0.0361;0;;;
2029;14-DAPI-1-40x-402ms.tif;NBL;0.0645;0.0645;48.4832;1.1936;3.1249;0.0769;0;;;
172;01-DAPI-1-40x-402ms.tif;NBL;0.0285;0.0285;45.0304;1.1939;1.285;0.0341;0;;;
706;03-DAPI-1-40x-402ms.tif;NBL;0.0618;0.0618;34.7351;1.1947;2.1483;0.0739;0;;;
1969;14-DAPI-1-40x-402ms.tif;NBL;0.0251;0.0251;60.342;1.1948;1.5125;0.0299;0;;;
1001;05-DAPI-1-40x-402ms.tif;NBL;0.0306;0.0306;48.0674;1.195;1.4708;0.0366;0;;;
2265;15-DAPI-1-40x-402ms.tif;NBL;0.0671;0.0671;74.0955;1.1958;4.9686;0.0802;0;;;
1047;05-DAPI-1-40x-402ms.tif;NBL;0.0227;0.0227;47.3636;1.1962;1.0741;0.0271;0;;;
2040;14-DAPI-1-40x-402ms.tif;NBL;0.0323;0.0323;74.3826;1.198;2.4052;0.0387;0;;;
2053;14-DAPI-1-40x-402ms.tif;NBL;0.0893;0.0893;55.3256;1.1981;4.9406;0.107;0;;;
548;03-DAPI-1-40x-402ms.tif;NBL;0.0601;0.0601;41.7292;1.1986;2.5085;0.072;0;;;
591;03-DAPI-1-40x-402ms.tif;NBL;0.0463;0.0463;41.9742;1.1991;1.9448;0.0556;0;;;
616;03-DAPI-1-40x-402ms.tif;NBL;0.0283;0.0283;40.2146;1.1992;1.1389;0.034;0;;;
1788;09-DAPI-1-40x-402ms.tif;NBL;0.068;0.068;81.9362;1.1994;5.5744;0.0816;0;;;
1438;07-DAPI-1-40x-402ms.tif;NBL;0.0403;0.0403;21.7008;1.1995;0.8736;0.0483;0;;;
1448;07-DAPI-1-40x-402ms.tif;NBL;0.1043;0.1043;17.334;1.1998;1.8075;0.1251;0;;;
619;03-DAPI-1-40x-402ms.tif;NBL;0.0951;0.0951;47.992;1.2009;4.5617;0.1141;0;;;
775;04-DAPI-1-40x-402ms.tif;NBL;0.0756;0.0756;45.1406;1.2009;3.414;0.0908;0;;;
2419;16-DAPI-1-40x-402ms.tif;NBL;0.0656;0.0656;73.0397;1.2017;4.7948;0.0789;0;;;
75;01-DAPI-1-40x-402ms.tif;NBL;0.0587;0.0587;37.3715;1.2052;2.1938;0.0707;0;;;
369;02-DAPI-1-40x-402ms.tif;NBL;0.0391;0.0391;32.6972;1.2056;1.2772;0.0471;0;;;
1749;09-DAPI-1-40x-402ms.tif;NBL;0.0126;0.0126;65.0172;1.2069;0.8184;0.0152;0;;;
1377;07-DAPI-1-40x-402ms.tif;NBL;0.0758;0.0758;19.7024;1.2074;1.4944;0.0916;0;;;
678;03-DAPI-1-40x-402ms.tif;NBL;0.0319;0.0319;39.8163;1.2075;1.2702;0.0385;0;;;
1064;05-DAPI-1-40x-402ms.tif;NBL;0.0392;0.0392;42.1551;1.2078;1.6513;0.0473;0;;;
1808;09-DAPI-1-40x-402ms.tif;NBL;0.0219;0.0219;77.0644;1.2079;1.6891;0.0265;0;;;
341;02-DAPI-1-40x-402ms.tif;NBL;0.0297;0.0297;47.8978;1.208;1.424;0.0359;0;;;
2061;14-DAPI-1-40x-402ms.tif;NBL;0.0397;0.0397;71.9317;1.2104;2.8567;0.0481;0;;;
271;02-DAPI-1-40x-402ms.tif;NBL;0.0634;0.0634;43.4692;1.2106;2.7546;0.0767;0;;;
1447;07-DAPI-1-40x-402ms.tif;NBL;0.1046;0.1046;16.5975;1.2106;1.7361;0.1266;0;;;
205;02-DAPI-1-40x-402ms.tif;NBL;0.0906;0.0906;45.8503;1.2108;4.1542;0.1097;0;;;
507;02-DAPI-1-40x-402ms.tif;NBL;0.0256;0.0256;41.5212;1.2119;1.0633;0.031;0;;;
2337;16-DAPI-1-40x-402ms.tif;NBL;0.0235;0.0235;123.7926;1.212;2.9148;0.0285;0;;;
1117;05-DAPI-1-40x-402ms.tif;NBL;0.0358;0.0358;42.9364;1.2121;1.5374;0.0434;0;;;
1511;07-DAPI-1-40x-402ms.tif;NBL;0.0358;0.0358;20.697;1.2121;0.7411;0.0434;0;;;
334;02-DAPI-1-40x-402ms.tif;NBL;0.0266;0.0266;54.5347;1.2122;1.4498;0.0322;0;;;
935;04-DAPI-1-40x-402ms.tif;NBL;0.0327;0.0327;47.4684;1.2126;1.5503;0.0396;0;;;
689;03-DAPI-1-40x-402ms.tif;NBL;0.0204;0.0204;56.9734;1.2128;1.1622;0.0247;0;;;
1980;14-DAPI-1-40x-402ms.tif;NBL;0.0489;0.0489;68.8071;1.2129;3.3672;0.0594;0;;;
470;02-DAPI-1-40x-402ms.tif;NBL;0.0367;0.0367;40.2249;1.213;1.4753;0.0445;0;;;
89;01-DAPI-1-40x-402ms.tif;NBL;0.032;0.032;37.5729;1.2136;1.2027;0.0388;0;;;
1898;09-DAPI-1-40x-402ms.tif;NBL;0.0366;0.0366;81;1.2136;2.9619;0.0444;0;;;
931;04-DAPI-1-40x-402ms.tif;NBL;0.0309;0.0309;31.2351;1.214;0.9659;0.0375;0;;;
1781;09-DAPI-1-40x-402ms.tif;NBL;0.0279;0.0279;89.8872;1.214;2.5066;0.0339;0;;;
924;04-DAPI-1-40x-402ms.tif;NBL;0.038;0.038;35.6457;1.2143;1.3537;0.0461;0;;;
166;01-DAPI-1-40x-402ms.tif;NBL;0.0506;0.0506;55.5773;1.2146;2.8102;0.0614;0;;;
1863;09-DAPI-1-40x-402ms.tif;NBL;0.0283;0.0283;97.4751;1.2146;2.7605;0.0344;0;;;
1259;06-DAPI-1-40x-402ms.tif;NBL;0.0362;0.0362;20.2425;1.2156;0.7336;0.0441;0;;;
287;02-DAPI-1-40x-402ms.tif;NBL;0.0428;0.0428;55.6726;1.2157;2.3801;0.052;0;;;
1595;08-DAPI-1-40x-402ms.tif;NBL;0.0286;0.0286;25.6932;1.2159;0.736;0.0348;0;;;
1393;07-DAPI-1-40x-402ms.tif;NBL;0.04;0.04;24.3279;1.2168;0.9741;0.0487;0;;;
1400;07-DAPI-1-40x-402ms.tif;NBL;0.0893;0.0893;19.5261;1.2175;1.7437;0.1087;0;;;
2272;15-DAPI-1-40x-402ms.tif;NBL;0.0154;0.0154;57.4577;1.2183;0.8853;0.0188;0;;;
1294;06-DAPI-1-40x-402ms.tif;NBL;0.0422;0.0422;22;1.2185;0.9286;0.0514;0;;;
967;04-DAPI-1-40x-402ms.tif;NBL;0.0341;0.0341;42.4968;1.2197;1.4479;0.0416;0;;;
163;01-DAPI-1-40x-402ms.tif;NBL;0.0789;0.0789;30.8061;1.2215;2.4301;0.0964;0;;;
566;03-DAPI-1-40x-402ms.tif;NBL;0.0738;0.0738;42.8632;1.2221;3.1627;0.0902;0;;;
1786;09-DAPI-1-40x-402ms.tif;NBL;0.043;0.043;82.8384;1.2222;3.5595;0.0525;0;;;
1798;09-DAPI-1-40x-402ms.tif;NBL;0.102;0.102;62.1894;1.2223;6.3431;0.1247;0;;;
2467;16-DAPI-1-40x-402ms.tif;NBL;0.0428;0.0428;112.2665;1.2234;4.7996;0.0523;0;;;
1676;08-DAPI-1-40x-402ms.tif;NBL;0.0175;0.0175;28.1988;1.2236;0.4926;0.0214;0;;;
2173;15-DAPI-1-40x-402ms.tif;NBL;0.0271;0.0271;81.44;1.224;2.2092;0.0332;0;;;
2195;15-DAPI-1-40x-402ms.tif;NBL;0.0566;0.0566;60.1437;1.2241;3.4066;0.0693;0;;;
1770;09-DAPI-1-40x-402ms.tif;NBL;0.0445;0.0445;95.5415;1.2244;4.2504;0.0545;0;;;
535;03-DAPI-1-40x-402ms.tif;NBL;0.0361;0.0361;45.1682;1.2252;1.6321;0.0443;0;;;
1414;07-DAPI-1-40x-402ms.tif;NBL;0.06;0.06;20.2369;1.226;1.2143;0.0736;0;;;
2429;16-DAPI-1-40x-402ms.tif;NBL;0.0707;0.0707;51.9479;1.227;3.6751;0.0868;0;;;
1532;07-DAPI-1-40x-402ms.tif;NBL;0.0487;0.0487;16.2405;1.2272;0.7912;0.0598;0;;;
1867;09-DAPI-1-40x-402ms.tif;NBL;0.0646;0.0646;67.395;1.2286;4.3511;0.0793;0;;;
694;03-DAPI-1-40x-402ms.tif;NBL;0.0294;0.0294;37.9299;1.2288;1.1153;0.0361;0;;;
1390;07-DAPI-1-40x-402ms.tif;NBL;0.0284;0.0284;28.2405;1.229;0.8028;0.0349;0;;;
1000;05-DAPI-1-40x-402ms.tif;NBL;0.0441;0.0441;30.0468;1.2291;1.3237;0.0541;0;;;
1753;09-DAPI-1-40x-402ms.tif;NBL;0.0146;0.0146;91.3111;1.2296;1.3376;0.018;0;;;
2178;15-DAPI-1-40x-402ms.tif;NBL;0.0462;0.0462;92.284;1.23;4.2657;0.0569;0;;;
1157;05-DAPI-1-40x-402ms.tif;NBL;0.0245;0.0245;29.031;1.2301;0.7119;0.0302;0;;;
744;03-DAPI-1-40x-402ms.tif;NBL;0.0358;0.0358;35.2273;1.2303;1.2614;0.0441;0;;;
314;02-DAPI-1-40x-402ms.tif;NBL;0.0556;0.0556;36.8301;1.2305;2.0461;0.0684;0;;;
2017;14-DAPI-1-40x-402ms.tif;NBL;0.0626;0.0626;63.1872;1.2305;3.9561;0.077;0;;;
1386;07-DAPI-1-40x-402ms.tif;NBL;0.0754;0.0754;19.7813;1.2317;1.4918;0.0929;0;;;
858;04-DAPI-1-40x-402ms.tif;NBL;0.0449;0.0449;48.8478;1.2319;2.1943;0.0553;0;;;
1688;08-DAPI-1-40x-402ms.tif;NBL;0.0257;0.0257;22.2954;1.2321;0.5734;0.0317;0;;;
155;01-DAPI-1-40x-402ms.tif;NBL;0.0677;0.0677;27.8109;1.2324;1.883;0.0834;0;;;
1566;08-DAPI-1-40x-402ms.tif;NBL;0.0387;0.0387;26.4118;1.2325;1.0231;0.0477;0;;;
1379;07-DAPI-1-40x-402ms.tif;NBL;0.0578;0.0578;24.4728;1.2326;1.4154;0.0713;0;;;
1709;08-DAPI-1-40x-402ms.tif;NBL;0.0187;0.0187;27.6105;1.2326;0.5153;0.023;0;;;
670;03-DAPI-1-40x-402ms.tif;NBL;0.0583;0.0583;46.1415;1.2328;2.6886;0.0718;0;;;
1459;07-DAPI-1-40x-402ms.tif;NBL;0.0477;0.0477;23.9182;1.2341;1.1419;0.0589;0;;;
1413;07-DAPI-1-40x-402ms.tif;NBL;0.0505;0.0505;18.8667;1.2344;0.9519;0.0623;0;;;
2406;16-DAPI-1-40x-402ms.tif;NBL;0.0841;0.0841;67.6968;1.2348;5.6928;0.1038;0;;;
181;01-DAPI-1-40x-402ms.tif;NBL;0.0471;0.0471;35.8525;1.235;1.6884;0.0582;0;;;
871;04-DAPI-1-40x-402ms.tif;NBL;0.0776;0.0776;34.9273;1.235;2.7097;0.0958;0;;;
1536;08-DAPI-1-40x-402ms.tif;NBL;0.0235;0.0235;34.1705;1.235;0.8046;0.0291;0;;;
1465;07-DAPI-1-40x-402ms.tif;NBL;0.065;0.065;20.6394;1.2354;1.3415;0.0803;0;;;
1796;09-DAPI-1-40x-402ms.tif;NBL;0.0456;0.0456;85.5643;1.2357;3.8994;0.0563;0;;;
1037;05-DAPI-1-40x-402ms.tif;NBL;0.0331;0.0331;40.5541;1.2361;1.3421;0.0409;0;;;
1247;06-DAPI-1-40x-402ms.tif;NBL;0.1131;0.1131;25.31;1.2361;2.8617;0.1398;0;;;
2310;16-DAPI-1-40x-402ms.tif;NBL;0.0344;0.0344;94.5142;1.2366;3.251;0.0425;0;;;
1913;09-DAPI-1-40x-402ms.tif;NBL;0.0206;0.0206;79.6263;1.2368;1.6416;0.0255;0;;;
1661;08-DAPI-1-40x-402ms.tif;NBL;0.0306;0.0306;29.9716;1.2376;0.9171;0.0379;0;;;
2013;14-DAPI-1-40x-402ms.tif;NBL;0.0177;0.0177;85.4294;1.2393;1.511;0.0219;0;;;
758;04-DAPI-1-40x-402ms.tif;NBL;0.0675;0.0675;46.701;1.2395;3.1519;0.0837;0;;;
763;04-DAPI-1-40x-402ms.tif;NBL;0.0544;0.0544;48.5589;1.2395;2.6398;0.0674;0;;;
336;02-DAPI-1-40x-402ms.tif;NBL;0.0163;0.0163;60.44;1.24;0.9837;0.0202;0;;;
1943;09-DAPI-1-40x-402ms.tif;NBL;0.019;0.019;48.5714;1.24;0.9223;0.0235;0;;;
2018;14-DAPI-1-40x-402ms.tif;NBL;0.0605;0.0605;79.5591;1.2401;4.8171;0.0751;0;;;
2186;15-DAPI-1-40x-402ms.tif;NBL;0.0253;0.0253;60.7124;1.2403;1.5349;0.0314;0;;;
1141;05-DAPI-1-40x-402ms.tif;NBL;0.0226;0.0226;45.649;1.2404;1.0303;0.028;0;;;
1779;09-DAPI-1-40x-402ms.tif;NBL;0.0374;0.0374;82.0464;1.2406;3.0714;0.0464;0;;;
232;02-DAPI-1-40x-402ms.tif;NBL;0.0327;0.0327;49.2292;1.2425;1.6079;0.0406;0;;;
1671;08-DAPI-1-40x-402ms.tif;NBL;0.0277;0.0277;24.3569;1.2431;0.6739;0.0344;0;;;
171;01-DAPI-1-40x-402ms.tif;NBL;0.0165;0.0165;54.2434;1.2434;0.8946;0.0205;0;;;
926;04-DAPI-1-40x-402ms.tif;NBL;0.0646;0.0646;30.2824;1.2437;1.9551;0.0803;0;;;
1326;06-DAPI-1-40x-402ms.tif;NBL;0.0551;0.0551;21.5945;1.2441;1.1903;0.0686;0;;;
613;03-DAPI-1-40x-402ms.tif;NBL;0.0546;0.0546;41.2744;1.2445;2.2527;0.0679;0;;;
1809;09-DAPI-1-40x-402ms.tif;NBL;0.0336;0.0336;67.3581;1.2452;2.2657;0.0419;0;;;
1327;06-DAPI-1-40x-402ms.tif;NBL;0.0607;0.0607;21.5313;1.2469;1.306;0.0756;0;;;
1492;07-DAPI-1-40x-402ms.tif;NBL;0.0545;0.0545;13.3765;1.247;0.7286;0.0679;0;;;
864;04-DAPI-1-40x-402ms.tif;NBL;0.0839;0.0839;37.8383;1.2471;3.1737;0.1046;0;;;
359;02-DAPI-1-40x-402ms.tif;NBL;0.0131;0.0131;53.3967;1.2479;0.7011;0.0164;0;;;
1565;08-DAPI-1-40x-402ms.tif;NBL;0.0411;0.0411;26.3087;1.248;1.0819;0.0513;0;;;
1780;09-DAPI-1-40x-402ms.tif;NBL;0.027;0.027;78.1566;1.249;2.1117;0.0337;0;;;
1265;06-DAPI-1-40x-402ms.tif;NBL;0.0461;0.0461;22.1953;1.2494;1.0235;0.0576;0;;;
1754;09-DAPI-1-40x-402ms.tif;NBL;0.033;0.033;82.1875;1.25;2.711;0.0412;0;;;
756;04-DAPI-1-40x-402ms.tif;NBL;0.0607;0.0607;47.8372;1.2504;2.9016;0.0758;0;;;
2191;15-DAPI-1-40x-402ms.tif;NBL;0.0514;0.0514;61.8439;1.2511;3.1808;0.0643;0;;;
634;03-DAPI-1-40x-402ms.tif;NBL;0.1115;0.1115;43.1683;1.2529;4.8152;0.1398;0;;;
1261;06-DAPI-1-40x-402ms.tif;NBL;0.0392;0.0392;23.4654;1.2548;0.9192;0.0492;0;;;
1489;07-DAPI-1-40x-402ms.tif;NBL;0.055;0.055;17.9329;1.2564;0.9865;0.0691;0;;;
1695;08-DAPI-1-40x-402ms.tif;NBL;0.0292;0.0292;37.0112;1.2565;1.0803;0.0367;0;;;
1057;05-DAPI-1-40x-402ms.tif;NBL;0.0553;0.0553;40.998;1.2569;2.2688;0.0696;0;;;
2461;16-DAPI-1-40x-402ms.tif;NBL;0.0469;0.0469;98.6435;1.2569;4.6239;0.0589;0;;;
1543;08-DAPI-1-40x-402ms.tif;NBL;0.0295;0.0295;25.0919;1.2574;0.7406;0.0371;0;;;
1376;07-DAPI-1-40x-402ms.tif;NBL;0.0953;0.0953;20.1811;1.2585;1.9226;0.1199;0;;;
2317;16-DAPI-1-40x-402ms.tif;NBL;0.0449;0.0449;73.0918;1.2585;3.2834;0.0565;0;;;
1626;08-DAPI-1-40x-402ms.tif;NBL;0.0337;0.0337;25.5531;1.2605;0.8623;0.0425;0;;;
1328;06-DAPI-1-40x-402ms.tif;NBL;0.0816;0.0816;17.0452;1.2606;1.3908;0.1029;0;;;
1634;08-DAPI-1-40x-402ms.tif;NBL;0.0275;0.0275;29.6324;1.2609;0.8135;0.0346;0;;;
1070;05-DAPI-1-40x-402ms.tif;NBL;0.1247;0.1247;26.8172;1.2611;3.3434;0.1572;0;;;
740;03-DAPI-1-40x-402ms.tif;NBL;0.0298;0.0298;50.4764;1.2618;1.5062;0.0377;0;;;
544;03-DAPI-1-40x-402ms.tif;NBL;0.0319;0.0319;41.3367;1.2619;1.3187;0.0403;0;;;
569;03-DAPI-1-40x-402ms.tif;NBL;0.0617;0.0617;49.0193;1.2619;3.0265;0.0779;0;;;
1110;05-DAPI-1-40x-402ms.tif;NBL;0.0248;0.0248;47.1572;1.262;1.1718;0.0314;0;;;
536;03-DAPI-1-40x-402ms.tif;NBL;0.0329;0.0329;67.4785;1.264;2.2185;0.0416;0;;;
1151;05-DAPI-1-40x-402ms.tif;NBL;0.0559;0.0559;23.2505;1.2641;1.2993;0.0706;0;;;
1570;08-DAPI-1-40x-402ms.tif;NBL;0.0209;0.0209;32.1865;1.2642;0.674;0.0265;0;;;
1982;14-DAPI-1-40x-402ms.tif;NBL;0.0717;0.0717;74.9546;1.2648;5.376;0.0907;0;;;
109;01-DAPI-1-40x-402ms.tif;NBL;0.0438;0.0438;58.2698;1.2649;2.5544;0.0554;0;;;
1067;05-DAPI-1-40x-402ms.tif;NBL;0.0388;0.0388;36.4385;1.2654;1.4155;0.0492;0;;;
346;02-DAPI-1-40x-402ms.tif;NBL;0.0188;0.0188;41.5434;1.2659;0.7798;0.0238;0;;;
1567;08-DAPI-1-40x-402ms.tif;NBL;0.0383;0.0383;26.0198;1.2663;0.9966;0.0485;0;;;
1972;14-DAPI-1-40x-402ms.tif;NBL;0.0716;0.0716;75.5909;1.2667;5.4134;0.0907;0;;;
1116;05-DAPI-1-40x-402ms.tif;NBL;0.1028;0.1028;32.3189;1.2672;3.321;0.1302;0;;;
1378;07-DAPI-1-40x-402ms.tif;NBL;0.0585;0.0585;24.7254;1.2672;1.4461;0.0741;0;;;
1059;05-DAPI-1-40x-402ms.tif;NBL;0.0714;0.0714;36.2979;1.269;2.5916;0.0906;0;;;
2236;15-DAPI-1-40x-402ms.tif;NBL;0.0621;0.0621;79.0612;1.2692;4.907;0.0788;0;;;
959;04-DAPI-1-40x-402ms.tif;NBL;0.0437;0.0437;37.7122;1.2705;1.6491;0.0556;0;;;
1874;09-DAPI-1-40x-402ms.tif;NBL;0.0618;0.0618;65.1228;1.2719;4.0278;0.0787;0;;;
839;04-DAPI-1-40x-402ms.tif;NBL;0.0362;0.0362;45.7695;1.2725;1.6587;0.0461;0;;;
774;04-DAPI-1-40x-402ms.tif;NBL;0.0433;0.0433;49.4436;1.2732;2.1406;0.0551;0;;;
2252;15-DAPI-1-40x-402ms.tif;NBL;0.0393;0.0393;74.1105;1.2735;2.911;0.05;0;;;
1228;06-DAPI-1-40x-402ms.tif;NBL;0.0939;0.0939;21.7283;1.274;2.0394;0.1196;0;;;
2289;16-DAPI-1-40x-402ms.tif;NBL;0.0455;0.0455;110.3341;1.2745;5.0163;0.0579;0;;;
932;04-DAPI-1-40x-402ms.tif;NBL;0.0486;0.0486;25.6719;1.2746;1.2479;0.062;0;;;
522;03-DAPI-1-40x-402ms.tif;NBL;0.0618;0.0618;47.3;1.2754;2.9255;0.0789;0;;;
2391;16-DAPI-1-40x-402ms.tif;NBL;0.0239;0.0239;103.4;1.2773;2.4683;0.0305;0;;;
88;01-DAPI-1-40x-402ms.tif;NBL;0.025;0.025;55.0522;1.2783;1.3739;0.0319;0;;;
803;04-DAPI-1-40x-402ms.tif;NBL;0.0537;0.0537;40.4081;1.2788;2.1704;0.0687;0;;;
1717;08-DAPI-1-40x-402ms.tif;NBL;0.0226;0.0226;21.3462;1.2788;0.4818;0.0289;0;;;
1245;06-DAPI-1-40x-402ms.tif;NBL;0.0315;0.0315;16.9207;1.2793;0.5324;0.0403;0;;;
2055;14-DAPI-1-40x-402ms.tif;NBL;0.0416;0.0416;64.812;1.2794;2.6935;0.0532;0;;;
187;01-DAPI-1-40x-402ms.tif;NBL;0.033;0.033;58.5132;1.2796;1.9301;0.0422;0;;;
768;04-DAPI-1-40x-402ms.tif;NBL;0.0767;0.0767;42.942;1.2801;3.2943;0.0982;0;;;
2185;15-DAPI-1-40x-402ms.tif;NBL;0.0422;0.0422;69.3008;1.2802;2.9251;0.054;0;;;
833;04-DAPI-1-40x-402ms.tif;NBL;0.0232;0.0232;34.6776;1.2804;0.8052;0.0297;0;;;
1569;08-DAPI-1-40x-402ms.tif;NBL;0.022;0.022;22.8571;1.2808;0.5035;0.0282;0;;;
1395;07-DAPI-1-40x-402ms.tif;NBL;0.0331;0.0331;26.5803;1.282;0.8797;0.0424;0;;;
2050;14-DAPI-1-40x-402ms.tif;NBL;0.0184;0.0184;52.3706;1.2824;0.966;0.0237;0;;;
1797;09-DAPI-1-40x-402ms.tif;NBL;0.0334;0.0334;88.789;1.2825;2.9673;0.0429;0;;;
2198;15-DAPI-1-40x-402ms.tif;NBL;0.0357;0.0357;67.4863;1.2827;2.4092;0.0458;0;;;
1192;05-DAPI-1-40x-402ms.tif;NBL;0.0321;0.0321;32.6351;1.2838;1.0482;0.0412;0;;;
1782;09-DAPI-1-40x-402ms.tif;NBL;0.0493;0.0493;81.1696;1.2841;3.9986;0.0633;0;;;
1771;09-DAPI-1-40x-402ms.tif;NBL;0.045;0.045;77.2747;1.2843;3.4797;0.0578;0;;;
1242;06-DAPI-1-40x-402ms.tif;NBL;0.0312;0.0312;21.9306;1.2847;0.6853;0.0401;0;;;
517;03-DAPI-1-40x-402ms.tif;NBL;0.0575;0.0575;44.8868;1.2849;2.5814;0.0739;0;;;
1291;06-DAPI-1-40x-402ms.tif;NBL;0.0753;0.0753;17.8156;1.2853;1.3416;0.0968;0;;;
2045;14-DAPI-1-40x-402ms.tif;NBL;0.0641;0.0641;79.5516;1.286;5.1015;0.0825;0;;;
964;04-DAPI-1-40x-402ms.tif;NBL;0.0174;0.0174;46.6438;1.2875;0.8098;0.0224;0;;;
2238;15-DAPI-1-40x-402ms.tif;NBL;0.0222;0.0222;77.3659;1.2878;1.7209;0.0286;0;;;
1086;05-DAPI-1-40x-402ms.tif;NBL;0.0413;0.0413;30.5827;1.2887;1.2643;0.0533;0;;;
2031;14-DAPI-1-40x-402ms.tif;NBL;0.0496;0.0496;79.3589;1.2888;3.9352;0.0639;0;;;
728;03-DAPI-1-40x-402ms.tif;NBL;0.0806;0.0806;35.3378;1.2894;2.849;0.1039;0;;;
304;02-DAPI-1-40x-402ms.tif;NBL;0.0298;0.0298;52.48;1.2909;1.566;0.0385;0;;;
1342;06-DAPI-1-40x-402ms.tif;NBL;0.069;0.069;20.4167;1.2909;1.409;0.0891;0;;;
2228;15-DAPI-1-40x-402ms.tif;NBL;0.0488;0.0488;50.8156;1.2911;2.4812;0.063;0;;;
1978;14-DAPI-1-40x-402ms.tif;NBL;0.066;0.066;65.5789;1.2928;4.3264;0.0853;0;;;
1926;09-DAPI-1-40x-402ms.tif;NBL;0.0266;0.0266;100.3306;1.2939;2.6672;0.0344;0;;;
1056;05-DAPI-1-40x-402ms.tif;NBL;0.079;0.079;37.0907;1.294;2.9299;0.1022;0;;;
123;01-DAPI-1-40x-402ms.tif;NBL;0.0361;0.0361;56.958;1.2943;2.0581;0.0468;0;;;
476;02-DAPI-1-40x-402ms.tif;NBL;0.0317;0.0317;33.1712;1.2945;1.051;0.041;0;;;
161;01-DAPI-1-40x-402ms.tif;NBL;0.0416;0.0416;43.5953;1.295;1.8117;0.0538;0;;;
1025;05-DAPI-1-40x-402ms.tif;NBL;0.043;0.043;52.2778;1.2955;2.2463;0.0557;0;;;
1873;09-DAPI-1-40x-402ms.tif;NBL;0.0668;0.0668;68.0536;1.2955;4.5487;0.0866;0;;;
1034;05-DAPI-1-40x-402ms.tif;NBL;0.0572;0.0572;39.4839;1.296;2.2578;0.0741;0;;;
1248;06-DAPI-1-40x-402ms.tif;NBL;0.0645;0.0645;27.2205;1.2963;1.7544;0.0836;0;;;
595;03-DAPI-1-40x-402ms.tif;NBL;0.0241;0.0241;48.4775;1.2973;1.1678;0.0312;0;;;
1230;06-DAPI-1-40x-402ms.tif;NBL;0.0554;0.0554;21.319;1.2975;1.1821;0.0719;0;;;
1088;05-DAPI-1-40x-402ms.tif;NBL;0.0558;0.0558;22.2082;1.2977;1.2386;0.0724;0;;;
1120;05-DAPI-1-40x-402ms.tif;NBL;0.0323;0.0323;56.7315;1.2987;1.8344;0.042;0;;;
2162;15-DAPI-1-40x-402ms.tif;NBL;0.0423;0.0423;54.0795;1.3;2.2885;0.055;0;;;
2056;14-DAPI-1-40x-402ms.tif;NBL;0.0405;0.0405;67.9759;1.3003;2.7512;0.0526;0;;;
2135;15-DAPI-1-40x-402ms.tif;NBL;0.0723;0.0723;66.8138;1.3003;4.8283;0.094;0;;;
1703;08-DAPI-1-40x-402ms.tif;NBL;0.0101;0.0101;38.6129;1.3011;0.3896;0.0131;0;;;
1876;09-DAPI-1-40x-402ms.tif;NBL;0.0446;0.0446;61.2238;1.3017;2.7304;0.0581;0;;;
53;01-DAPI-1-40x-402ms.tif;NBL;0.0308;0.0308;39.6092;1.3028;1.2206;0.0401;0;;;
1062;05-DAPI-1-40x-402ms.tif;NBL;0.0476;0.0476;38.1048;1.303;1.8151;0.0621;0;;;
732;03-DAPI-1-40x-402ms.tif;NBL;0.0182;0.0182;57.4167;1.3036;1.0467;0.0238;0;;;
1791;09-DAPI-1-40x-402ms.tif;NBL;0.0282;0.0282;85.1385;1.3038;2.4019;0.0368;0;;;
1406;07-DAPI-1-40x-402ms.tif;NBL;0.0443;0.0443;29.0515;1.3039;1.2861;0.0577;0;;;
1036;05-DAPI-1-40x-402ms.tif;NBL;0.0175;0.0175;45.0248;1.3043;0.7866;0.0228;0;;;
2385;16-DAPI-1-40x-402ms.tif;NBL;0.0506;0.0506;72.2618;1.3047;3.6539;0.066;0;;;
996;05-DAPI-1-40x-402ms.tif;NBL;0.0743;0.0743;23.9051;1.3051;1.7768;0.097;0;;;
2028;14-DAPI-1-40x-402ms.tif;NBL;0.071;0.071;69.4251;1.3058;4.9266;0.0927;0;;;
705;03-DAPI-1-40x-402ms.tif;NBL;0.0521;0.0521;43.6417;1.3062;2.273;0.068;0;;;
1807;09-DAPI-1-40x-402ms.tif;NBL;0.0297;0.0297;80.7153;1.3066;2.3997;0.0388;0;;;
2038;14-DAPI-1-40x-402ms.tif;NBL;0.0731;0.0731;60.1869;1.3086;4.4017;0.0957;0;;;
1068;05-DAPI-1-40x-402ms.tif;NBL;0.0488;0.0488;31.1556;1.3089;1.5213;0.0639;0;;;
1380;07-DAPI-1-40x-402ms.tif;NBL;0.0744;0.0744;20.3338;1.309;1.5136;0.0974;0;;;
878;04-DAPI-1-40x-402ms.tif;NBL;0.0421;0.0421;43.3041;1.3093;1.8231;0.0551;0;;;
518;03-DAPI-1-40x-402ms.tif;NBL;0.0649;0.0649;48.8428;1.3094;3.1693;0.085;0;;;
1381;07-DAPI-1-40x-402ms.tif;NBL;0.1168;0.1168;15.3606;1.3095;1.7934;0.1529;0;;;
51;01-DAPI-1-40x-402ms.tif;NBL;0.0445;0.0445;60.6073;1.3098;2.6963;0.0583;0;;;
1747;09-DAPI-1-40x-402ms.tif;NBL;0.0616;0.0616;71.5669;1.3099;4.4108;0.0807;0;;;
2033;14-DAPI-1-40x-402ms.tif;NBL;0.0541;0.0541;63.3006;1.3106;3.4274;0.071;0;;;
573;03-DAPI-1-40x-402ms.tif;NBL;0.0506;0.0506;40.5172;1.3112;2.0487;0.0663;0;;;
1974;14-DAPI-1-40x-402ms.tif;NBL;0.1133;0.1133;57.523;1.3113;6.5163;0.1485;0;;;
235;02-DAPI-1-40x-402ms.tif;NBL;0.0271;0.0271;54.56;1.312;1.48;0.0356;0;;;
876;04-DAPI-1-40x-402ms.tif;NBL;0.0424;0.0424;49.7724;1.312;2.1117;0.0557;0;;;
804;04-DAPI-1-40x-402ms.tif;NBL;0.0426;0.0426;50.7226;1.313;2.163;0.056;0;;;
1249;06-DAPI-1-40x-402ms.tif;NBL;0.0627;0.0627;20.3806;1.3131;1.2782;0.0824;0;;;
2427;16-DAPI-1-40x-402ms.tif;NBL;0.0615;0.0615;64.1869;1.3139;3.949;0.0808;0;;;
320;02-DAPI-1-40x-402ms.tif;NBL;0.0546;0.0546;45.4314;1.3141;2.4796;0.0717;0;;;
1354;06-DAPI-1-40x-402ms.tif;NBL;0.0524;0.0524;13.5362;1.3147;0.7094;0.0689;0;;;
726;03-DAPI-1-40x-402ms.tif;NBL;0.0789;0.0789;26.2146;1.315;2.0679;0.1037;0;;;
1198;05-DAPI-1-40x-402ms.tif;NBL;0.0375;0.0375;28.5087;1.315;1.0703;0.0494;0;;;
344;02-DAPI-1-40x-402ms.tif;NBL;0.0317;0.0317;53.1096;1.3151;1.6827;0.0417;0;;;
1231;06-DAPI-1-40x-402ms.tif;NBL;0.0699;0.0699;25.5528;1.3152;1.7856;0.0919;0;;;
761;04-DAPI-1-40x-402ms.tif;NBL;0.0482;0.0482;45.8311;1.3153;2.208;0.0634;0;;;
1382;07-DAPI-1-40x-402ms.tif;NBL;0.0564;0.0564;22.3673;1.3154;1.262;0.0742;0;;;
2373;16-DAPI-1-40x-402ms.tif;NBL;0.0443;0.0443;94.3284;1.3162;4.176;0.0583;0;;;
960;04-DAPI-1-40x-402ms.tif;NBL;0.047;0.047;34.5058;1.3164;1.6212;0.0618;0;;;
162;01-DAPI-1-40x-402ms.tif;NBL;0.0348;0.0348;47.919;1.3178;1.6691;0.0459;0;;;
1795;09-DAPI-1-40x-402ms.tif;NBL;0.0245;0.0245;91.9027;1.3186;2.2537;0.0323;0;;;
2181;15-DAPI-1-40x-402ms.tif;NBL;0.0688;0.0688;75.6625;1.3186;5.2051;0.0907;0;;;
1243;06-DAPI-1-40x-402ms.tif;NBL;0.0633;0.0633;28.1818;1.319;1.7828;0.0834;0;;;
537;03-DAPI-1-40x-402ms.tif;NBL;0.0669;0.0669;52.5365;1.3193;3.5173;0.0883;0;;;
1076;05-DAPI-1-40x-402ms.tif;NBL;0.0778;0.0778;33.8996;1.3194;2.6374;0.1026;0;;;
1343;06-DAPI-1-40x-402ms.tif;NBL;0.0854;0.0854;24.3113;1.3202;2.0761;0.1127;0;;;
1683;08-DAPI-1-40x-402ms.tif;NBL;0.0112;0.0112;29.8641;1.3204;0.3338;0.0148;0;;;
837;04-DAPI-1-40x-402ms.tif;NBL;0.0571;0.0571;36.7452;1.3213;2.0972;0.0754;0;;;
608;03-DAPI-1-40x-402ms.tif;NBL;0.057;0.057;46.299;1.3219;2.6375;0.0753;0;;;
1061;05-DAPI-1-40x-402ms.tif;NBL;0.0414;0.0414;34.0393;1.322;1.4109;0.0548;0;;;
2036;14-DAPI-1-40x-402ms.tif;NBL;0.0845;0.0845;57.1463;1.3222;4.8304;0.1118;0;;;
586;03-DAPI-1-40x-402ms.tif;NBL;0.0751;0.0751;45.4017;1.3223;3.4091;0.0993;0;;;
1087;05-DAPI-1-40x-402ms.tif;NBL;0.0284;0.0284;47.2595;1.3244;1.3435;0.0377;0;;;
1404;07-DAPI-1-40x-402ms.tif;NBL;0.0832;0.0832;18.9179;1.3246;1.5744;0.1102;0;;;
2049;14-DAPI-1-40x-402ms.tif;NBL;0.0582;0.0582;54.8414;1.3246;3.1896;0.077;0;;;
343;02-DAPI-1-40x-402ms.tif;NBL;0.031;0.031;49.6049;1.3252;1.5394;0.0411;0;;;
2476;16-DAPI-1-40x-402ms.tif;NBL;0.0187;0.0187;120.5291;1.3256;2.2495;0.0247;0;;;
2158;15-DAPI-1-40x-402ms.tif;NBL;0.0839;0.0839;54.0673;1.326;4.5349;0.1112;0;;;
1599;08-DAPI-1-40x-402ms.tif;NBL;0.0306;0.0306;35.1915;1.3262;1.0768;0.0406;0;;;
695;03-DAPI-1-40x-402ms.tif;NBL;0.0163;0.0163;44.6;1.3267;0.7259;0.0216;0;;;
1405;07-DAPI-1-40x-402ms.tif;NBL;0.0518;0.0518;24.3774;1.327;1.2617;0.0687;0;;;
170;01-DAPI-1-40x-402ms.tif;NBL;0.0358;0.0358;52.3788;1.3273;1.8755;0.0475;0;;;
879;04-DAPI-1-40x-402ms.tif;NBL;0.0368;0.0368;47.2212;1.3274;1.737;0.0488;0;;;
2268;15-DAPI-1-40x-402ms.tif;NBL;0.0297;0.0297;65.6095;1.3285;1.9506;0.0395;0;;;
1239;06-DAPI-1-40x-402ms.tif;NBL;0.0544;0.0544;25.9222;1.3293;1.4092;0.0723;0;;;
601;03-DAPI-1-40x-402ms.tif;NBL;0.0224;0.0224;44.6408;1.3301;0.9978;0.0297;0;;;
1592;08-DAPI-1-40x-402ms.tif;NBL;0.0384;0.0384;24.8079;1.3305;0.9529;0.0511;0;;;
1246;06-DAPI-1-40x-402ms.tif;NBL;0.0528;0.0528;31.3573;1.3306;1.657;0.0703;0;;;
934;04-DAPI-1-40x-402ms.tif;NBL;0.0699;0.0699;25.8804;1.3307;1.8085;0.093;0;;;
1402;07-DAPI-1-40x-402ms.tif;NBL;0.0676;0.0676;17.1429;1.3307;1.1589;0.09;0;;;
1407;07-DAPI-1-40x-402ms.tif;NBL;0.054;0.054;26.4558;1.3313;1.4296;0.0719;0;;;
722;03-DAPI-1-40x-402ms.tif;NBL;0.038;0.038;36.88;1.3314;1.4006;0.0506;0;;;
594;03-DAPI-1-40x-402ms.tif;NBL;0.0777;0.0777;39.926;1.3324;3.1019;0.1035;0;;;
342;02-DAPI-1-40x-402ms.tif;NBL;0.027;0.027;52.2088;1.3333;1.4106;0.036;0;;;
1244;06-DAPI-1-40x-402ms.tif;NBL;0.0306;0.0306;26.5319;1.3333;0.8118;0.0408;0;;;
1981;14-DAPI-1-40x-402ms.tif;NBL;0.084;0.084;73.0724;1.3333;6.1369;0.112;0;;;
2375;16-DAPI-1-40x-402ms.tif;NBL;0.0608;0.0608;93.0232;1.3339;5.6525;0.0811;0;;;
1186;05-DAPI-1-40x-402ms.tif;NBL;0.0168;0.0168;35.2581;1.3355;0.593;0.0225;0;;;
355;02-DAPI-1-40x-402ms.tif;NBL;0.0291;0.0291;38.4328;1.3358;1.1176;0.0388;0;;;
2109;15-DAPI-1-40x-402ms.tif;NBL;0.04;0.04;74.3604;1.336;2.9773;0.0535;0;;;
606;03-DAPI-1-40x-402ms.tif;NBL;0.0907;0.0907;52.116;1.3361;4.7275;0.1212;0;;;
1451;07-DAPI-1-40x-402ms.tif;NBL;0.0616;0.0616;25.9049;1.3363;1.5966;0.0824;0;;;
1995;14-DAPI-1-40x-402ms.tif;NBL;0.0615;0.0615;42.3298;1.3369;2.6043;0.0822;0;;;
559;03-DAPI-1-40x-402ms.tif;NBL;0.0592;0.0592;47.7436;1.337;2.8286;0.0792;0;;;
677;03-DAPI-1-40x-402ms.tif;NBL;0.036;0.036;35.6867;1.3373;1.2856;0.0482;0;;;
1232;06-DAPI-1-40x-402ms.tif;NBL;0.072;0.072;25.872;1.3373;1.864;0.0964;0;;;
2025;14-DAPI-1-40x-402ms.tif;NBL;0.0778;0.0778;76.749;1.3375;5.971;0.1041;0;;;
1314;06-DAPI-1-40x-402ms.tif;NBL;0.0394;0.0394;27.0964;1.3388;1.0673;0.0527;0;;;
1573;08-DAPI-1-40x-402ms.tif;NBL;0.0352;0.0352;31.4012;1.3395;1.1039;0.0471;0;;;
612;03-DAPI-1-40x-402ms.tif;NBL;0.0492;0.0492;39.6291;1.34;1.9479;0.0659;0;;;
764;04-DAPI-1-40x-402ms.tif;NBL;0.0641;0.0641;41.7631;1.3401;2.6782;0.0859;0;;;
1345;06-DAPI-1-40x-402ms.tif;NBL;0.0638;0.0638;21.1241;1.3401;1.3478;0.0855;0;;;
584;03-DAPI-1-40x-402ms.tif;NBL;0.0869;0.0869;39.593;1.3408;3.4412;0.1165;0;;;
1293;06-DAPI-1-40x-402ms.tif;NBL;0.0341;0.0341;24.3121;1.3408;0.8283;0.0457;0;;;
609;03-DAPI-1-40x-402ms.tif;NBL;0.0563;0.0563;43.817;1.341;2.4676;0.0755;0;;;
469;02-DAPI-1-40x-402ms.tif;NBL;0.0178;0.0178;54.8476;1.3415;0.976;0.0239;0;;;
2227;15-DAPI-1-40x-402ms.tif;NBL;0.04;0.04;68.7263;1.3415;2.7517;0.0537;0;;;
2369;16-DAPI-1-40x-402ms.tif;NBL;0.0259;0.0259;69.8494;1.3431;1.8114;0.0348;0;;;
145;01-DAPI-1-40x-402ms.tif;NBL;0.0369;0.0369;29.0118;1.3441;1.0703;0.0496;0;;;
1493;07-DAPI-1-40x-402ms.tif;NBL;0.0545;0.0545;17.9761;1.3446;0.9792;0.0732;0;;;
1774;09-DAPI-1-40x-402ms.tif;NBL;0.05;0.05;83.679;1.3449;4.1858;0.0673;0;;;
636;03-DAPI-1-40x-402ms.tif;NBL;0.0273;0.0273;57.2659;1.3452;1.5659;0.0368;0;;;
1309;06-DAPI-1-40x-402ms.tif;NBL;0.0817;0.0817;15.668;1.3453;1.2802;0.1099;0;;;
736;03-DAPI-1-40x-402ms.tif;NBL;0.0204;0.0204;43.4255;1.3457;0.8859;0.0275;0;;;
2222;15-DAPI-1-40x-402ms.tif;NBL;0.0436;0.0436;57.6095;1.3458;2.5129;0.0587;0;;;
315;02-DAPI-1-40x-402ms.tif;NBL;0.0241;0.0241;52.7883;1.3468;1.2716;0.0324;0;;;
836;04-DAPI-1-40x-402ms.tif;NBL;0.0563;0.0563;44.3969;1.3487;2.5002;0.076;0;;;
1478;07-DAPI-1-40x-402ms.tif;NBL;0.0634;0.0634;19.5959;1.3493;1.2418;0.0855;0;;;
1574;08-DAPI-1-40x-402ms.tif;NBL;0.0292;0.0292;35.5019;1.3494;1.0362;0.0394;0;;;
1078;05-DAPI-1-40x-402ms.tif;NBL;0.0314;0.0314;35.0692;1.3495;1.0997;0.0423;0;;;
1635;08-DAPI-1-40x-402ms.tif;NBL;0.0291;0.0291;22.5709;1.3507;0.6564;0.0393;0;;;
1332;06-DAPI-1-40x-402ms.tif;NBL;0.0889;0.0889;19.7411;1.3516;1.7543;0.1201;0;;;
1408;07-DAPI-1-40x-402ms.tif;NBL;0.0654;0.0654;17.5323;1.3516;1.1471;0.0884;0;;;
635;03-DAPI-1-40x-402ms.tif;NBL;0.0327;0.0327;60.2392;1.3522;1.9674;0.0442;0;;;
390;02-DAPI-1-40x-402ms.tif;NBL;0.0323;0.0323;61.4295;1.3523;1.9863;0.0437;0;;;
1100;05-DAPI-1-40x-402ms.tif;NBL;0.0286;0.0286;54.2841;1.3523;1.555;0.0387;0;;;
1420;07-DAPI-1-40x-402ms.tif;NBL;0.0597;0.0597;20.8909;1.3527;1.2467;0.0807;0;;;
1784;09-DAPI-1-40x-402ms.tif;NBL;0.0326;0.0326;105.6267;1.3533;3.4384;0.0441;0;;;
723;03-DAPI-1-40x-402ms.tif;NBL;0.0215;0.0215;41.8485;1.3535;0.8991;0.0291;0;;;
371;02-DAPI-1-40x-402ms.tif;NBL;0.0586;0.0586;44.4611;1.3537;2.6051;0.0793;0;;;
530;03-DAPI-1-40x-402ms.tif;NBL;0.0651;0.0651;43.695;1.355;2.8447;0.0882;0;;;
1163;05-DAPI-1-40x-402ms.tif;NBL;0.0217;0.0217;27.995;1.355;0.6075;0.0294;0;;;
815;04-DAPI-1-40x-402ms.tif;NBL;0.0446;0.0446;52.4039;1.3552;2.337;0.0604;0;;;
2387;16-DAPI-1-40x-402ms.tif;NBL;0.0558;0.0558;77.1751;1.356;4.3043;0.0756;0;;;
546;03-DAPI-1-40x-402ms.tif;NBL;0.0326;0.0326;46.3833;1.3567;1.5099;0.0442;0;;;
291;02-DAPI-1-40x-402ms.tif;NBL;0.0322;0.0322;37.67;1.3569;1.214;0.0437;0;;;
1673;08-DAPI-1-40x-402ms.tif;NBL;0.0368;0.0368;24.9233;1.3569;0.9168;0.0499;0;;;
2376;16-DAPI-1-40x-402ms.tif;NBL;0.0197;0.0197;115.2198;1.3571;2.2754;0.0268;0;;;
2002;14-DAPI-1-40x-402ms.tif;NBL;0.0225;0.0225;51.0483;1.3575;1.1466;0.0305;0;;;
793;04-DAPI-1-40x-402ms.tif;NBL;0.0519;0.0519;42.4833;1.3577;2.2035;0.0704;0;;;
1392;07-DAPI-1-40x-402ms.tif;NBL;0.0431;0.0431;25.8741;1.3577;1.1146;0.0585;0;;;
2034;14-DAPI-1-40x-402ms.tif;NBL;0.0563;0.0563;64.3584;1.3584;3.6243;0.0765;0;;;
1581;08-DAPI-1-40x-402ms.tif;NBL;0.043;0.043;28.3965;1.3586;1.2202;0.0584;0;;;
1740;09-DAPI-1-40x-402ms.tif;NBL;0.051;0.051;63.0553;1.3596;3.2157;0.0693;0;;;
1111;05-DAPI-1-40x-402ms.tif;NBL;0.0232;0.0232;42.3131;1.3598;0.9825;0.0316;0;;;
1477;07-DAPI-1-40x-402ms.tif;NBL;0.0844;0.0844;21.4692;1.3599;1.8124;0.1148;0;;;
520;03-DAPI-1-40x-402ms.tif;NBL;0.0298;0.0298;48.0291;1.36;1.4332;0.0406;0;;;
915;04-DAPI-1-40x-402ms.tif;NBL;0.0458;0.0458;32.6754;1.3602;1.4962;0.0623;0;;;
1049;05-DAPI-1-40x-402ms.tif;NBL;0.0343;0.0343;41.9494;1.3608;1.4384;0.0467;0;;;
1135;05-DAPI-1-40x-402ms.tif;NBL;0.0426;0.0426;31.9949;1.3613;1.3644;0.0581;0;;;
554;03-DAPI-1-40x-402ms.tif;NBL;0.0693;0.0693;44.507;1.3615;3.0859;0.0944;0;;;
1323;06-DAPI-1-40x-402ms.tif;NBL;0.0732;0.0732;27.6741;1.3615;2.0269;0.0997;0;;;
531;03-DAPI-1-40x-402ms.tif;NBL;0.0594;0.0594;41.4954;1.362;2.4629;0.0808;0;;;
1101;05-DAPI-1-40x-402ms.tif;NBL;0.0201;0.0201;50.9838;1.3622;1.0234;0.0273;0;;;
725;03-DAPI-1-40x-402ms.tif;NBL;0.0458;0.0458;40.0735;1.3626;1.835;0.0624;0;;;
26;01-DAPI-1-40x-402ms.tif;NBL;0.0316;0.0316;46.2096;1.3643;1.4591;0.0431;0;;;
1263;06-DAPI-1-40x-402ms.tif;NBL;0.0744;0.0744;26.0335;1.3644;1.9378;0.1016;0;;;
1752;09-DAPI-1-40x-402ms.tif;NBL;0.0336;0.0336;90.8645;1.3645;3.0564;0.0459;0;;;
150;01-DAPI-1-40x-402ms.tif;NBL;0.0196;0.0196;29.7293;1.3646;0.5839;0.0268;0;;;
901;04-DAPI-1-40x-402ms.tif;NBL;0.0417;0.0417;36.7682;1.3646;1.532;0.0569;0;;;
1296;06-DAPI-1-40x-402ms.tif;NBL;0.0461;0.0461;22.8188;1.3647;1.0523;0.0629;0;;;
587;03-DAPI-1-40x-402ms.tif;NBL;0.0814;0.0814;42.6293;1.3653;3.4692;0.1111;0;;;
2395;16-DAPI-1-40x-402ms.tif;NBL;0.0142;0.0142;102.4275;1.3664;1.4559;0.0194;0;;;
2321;16-DAPI-1-40x-402ms.tif;NBL;0.0545;0.0545;67.5219;1.3665;3.678;0.0744;0;;;
560;03-DAPI-1-40x-402ms.tif;NBL;0.084;0.084;43.8269;1.3669;3.6808;0.1148;0;;;
376;02-DAPI-1-40x-402ms.tif;NBL;0.033;0.033;38.1743;1.3684;1.2592;0.0451;0;;;
1394;07-DAPI-1-40x-402ms.tif;NBL;0.0444;0.0444;26.3007;1.3692;1.1672;0.0608;0;;;
1045;05-DAPI-1-40x-402ms.tif;NBL;0.0179;0.0179;41.8848;1.3697;0.7499;0.0245;0;;;
2168;15-DAPI-1-40x-402ms.tif;NBL;0.0158;0.0158;57.1096;1.3699;0.9047;0.0217;0;;;
2266;15-DAPI-1-40x-402ms.tif;NBL;0.1155;0.1155;73.1692;1.3703;8.4475;0.1582;0;;;
1722;08-DAPI-1-40x-402ms.tif;NBL;0.0105;0.0105;25.3505;1.3711;0.2668;0.0144;0;;;
2254;15-DAPI-1-40x-402ms.tif;NBL;0.0392;0.0392;61.8864;1.3712;2.4242;0.0537;0;;;
1160;05-DAPI-1-40x-402ms.tif;NBL;0.0321;0.0321;38.2061;1.3716;1.2271;0.0441;0;;;
108;01-DAPI-1-40x-402ms.tif;NBL;0.0344;0.0344;46.6593;1.3722;1.6049;0.0472;0;;;
1877;09-DAPI-1-40x-402ms.tif;NBL;0.0434;0.0434;74.9875;1.3725;3.2547;0.0596;0;;;
335;02-DAPI-1-40x-402ms.tif;NBL;0.0413;0.0413;59.4541;1.3727;2.4579;0.0567;0;;;
152;01-DAPI-1-40x-402ms.tif;NBL;0.0303;0.0303;53.6738;1.3728;1.6249;0.0416;0;;;
1058;05-DAPI-1-40x-402ms.tif;NBL;0.0765;0.0765;35.0794;1.373;2.6835;0.105;0;;;
1618;08-DAPI-1-40x-402ms.tif;NBL;0.0163;0.0163;37.1467;1.3733;0.6046;0.0224;0;;;
1875;09-DAPI-1-40x-402ms.tif;NBL;0.0506;0.0506;72.0515;1.3734;3.6432;0.0694;0;;;
2274;15-DAPI-1-40x-402ms.tif;NBL;0.0253;0.0253;83.4378;1.3734;2.1095;0.0347;0;;;
1113;05-DAPI-1-40x-402ms.tif;NBL;0.0336;0.0336;30.6806;1.3742;1.032;0.0462;0;;;
2004;14-DAPI-1-40x-402ms.tif;NBL;0.0321;0.0321;51.875;1.375;1.6661;0.0442;0;;;
1443;07-DAPI-1-40x-402ms.tif;NBL;0.0613;0.0613;27.2584;1.3752;1.6711;0.0843;0;;;
153;01-DAPI-1-40x-402ms.tif;NBL;0.0465;0.0465;43.9044;1.3753;2.0437;0.064;0;;;
352;02-DAPI-1-40x-402ms.tif;NBL;0.0266;0.0266;38.751;1.3755;1.0302;0.0366;0;;;
127;01-DAPI-1-40x-402ms.tif;NBL;0.024;0.024;59.4661;1.3756;1.426;0.033;0;;;
1724;09-DAPI-1-40x-402ms.tif;NBL;0.0548;0.0548;109.9228;1.3762;6.0233;0.0754;0;;;
1114;05-DAPI-1-40x-402ms.tif;NBL;0.0343;0.0343;35.0633;1.3766;1.2023;0.0472;0;;;
2241;15-DAPI-1-40x-402ms.tif;NBL;0.0354;0.0354;56.0951;1.3773;1.9843;0.0487;0;;;
74;01-DAPI-1-40x-402ms.tif;NBL;0.072;0.072;37.3328;1.378;2.6898;0.0993;0;;;
2086;14-DAPI-1-40x-402ms.tif;NBL;0.0183;0.0183;38.5858;1.3787;0.7076;0.0253;0;;;
920;04-DAPI-1-40x-402ms.tif;NBL;0.0358;0.0358;43.0303;1.3788;1.5408;0.0494;0;;;
1321;06-DAPI-1-40x-402ms.tif;NBL;0.0865;0.0865;22.2823;1.3789;1.927;0.1192;0;;;
125;01-DAPI-1-40x-402ms.tif;NBL;0.0341;0.0341;48.535;1.379;1.6536;0.047;0;;;
667;03-DAPI-1-40x-402ms.tif;NBL;0.0612;0.0612;48.8635;1.3794;2.9903;0.0844;0;;;
1743;09-DAPI-1-40x-402ms.tif;NBL;0.0186;0.0186;55.8187;1.3801;1.0357;0.0256;0;;;
2166;15-DAPI-1-40x-402ms.tif;NBL;0.0362;0.0362;78.015;1.3802;2.8274;0.05;0;;;
139;01-DAPI-1-40x-402ms.tif;NBL;0.0422;0.0422;47.0411;1.3805;1.9856;0.0583;0;;;
2001;14-DAPI-1-40x-402ms.tif;NBL;0.0168;0.0168;48.2774;1.3806;0.812;0.0232;0;;;
1401;07-DAPI-1-40x-402ms.tif;NBL;0.0729;0.0729;20.1994;1.381;1.4729;0.1007;0;;;
1741;09-DAPI-1-40x-402ms.tif;NBL;0.027;0.027;77.2048;1.3815;2.0859;0.0373;0;;;
1164;05-DAPI-1-40x-402ms.tif;NBL;0.052;0.052;19.8267;1.382;1.0305;0.0718;0;;;
1385;07-DAPI-1-40x-402ms.tif;NBL;0.0787;0.0787;21.5738;1.3821;1.6972;0.1087;0;;;
2210;15-DAPI-1-40x-402ms.tif;NBL;0.0786;0.0786;64.6851;1.3826;5.0816;0.1086;0;;;
1032;05-DAPI-1-40x-402ms.tif;NBL;0.0725;0.0725;45.1257;1.3832;3.2708;0.1003;0;;;
509;02-DAPI-1-40x-402ms.tif;NBL;0.0229;0.0229;62.7299;1.3839;1.4362;0.0317;0;;;
1776;09-DAPI-1-40x-402ms.tif;NBL;0.0534;0.0534;90.7033;1.3841;4.8422;0.0739;0;;;
1403;07-DAPI-1-40x-402ms.tif;NBL;0.0745;0.0745;21.0626;1.3843;1.5701;0.1032;0;;;
194;01-DAPI-1-40x-402ms.tif;NBL;0.0347;0.0347;42.3969;1.3844;1.4721;0.0481;0;;;
2460;16-DAPI-1-40x-402ms.tif;NBL;0.0432;0.0432;102.5879;1.3844;4.4303;0.0598;0;;;
1598;08-DAPI-1-40x-402ms.tif;NBL;0.0226;0.0226;30.0433;1.3846;0.6781;0.0312;0;;;
2170;15-DAPI-1-40x-402ms.tif;NBL;0.0226;0.0226;89.9135;1.3846;2.0293;0.0312;0;;;
258;02-DAPI-1-40x-402ms.tif;NBL;0.0414;0.0414;64.3508;1.3848;2.6673;0.0574;0;;;
1672;08-DAPI-1-40x-402ms.tif;NBL;0.0392;0.0392;35.5706;1.385;1.3933;0.0543;0;;;
1544;08-DAPI-1-40x-402ms.tif;NBL;0.0237;0.0237;30.6697;1.3853;0.7255;0.0328;0;;;
524;03-DAPI-1-40x-402ms.tif;NBL;0.0352;0.0352;47.6296;1.3858;1.6745;0.0487;0;;;
2352;16-DAPI-1-40x-402ms.tif;NBL;0.0428;0.0428;75.203;1.3858;3.2151;0.0592;0;;;
1038;05-DAPI-1-40x-402ms.tif;NBL;0.0452;0.0452;38.8729;1.3861;1.7589;0.0627;0;;;
2361;16-DAPI-1-40x-402ms.tif;NBL;0.0458;0.0458;98.7938;1.3863;4.5238;0.0635;0;;;
265;02-DAPI-1-40x-402ms.tif;NBL;0.0488;0.0488;54.2978;1.3867;2.6513;0.0677;0;;;
2218;15-DAPI-1-40x-402ms.tif;NBL;0.023;0.023;68.9387;1.3868;1.5858;0.0319;0;;;
590;03-DAPI-1-40x-402ms.tif;NBL;0.0577;0.0577;44.3816;1.3872;2.562;0.0801;0;;;
2358;16-DAPI-1-40x-402ms.tif;NBL;0.0328;0.0328;100.9338;1.3874;3.3075;0.0455;0;;;
1359;06-DAPI-1-40x-402ms.tif;NBL;0.0675;0.0675;22.6013;1.3875;1.5254;0.0936;0;;;
571;03-DAPI-1-40x-402ms.tif;NBL;0.0484;0.0484;50.6928;1.3879;2.4532;0.0672;0;;;
578;03-DAPI-1-40x-402ms.tif;NBL;0.0484;0.0484;34.6457;1.3879;1.6766;0.0672;0;;;
816;04-DAPI-1-40x-402ms.tif;NBL;0.0678;0.0678;49.456;1.3888;3.3539;0.0942;0;;;
1305;06-DAPI-1-40x-402ms.tif;NBL;0.0371;0.0371;20.5936;1.3889;0.7642;0.0515;0;;;
1684;08-DAPI-1-40x-402ms.tif;NBL;0.0117;0.0117;41.2593;1.3889;0.4835;0.0163;0;;;
354;02-DAPI-1-40x-402ms.tif;NBL;0.0242;0.0242;42.9731;1.3901;1.0398;0.0336;0;;;
368;02-DAPI-1-40x-402ms.tif;NBL;0.045;0.045;53.612;1.3904;2.4142;0.0626;0;;;
1250;06-DAPI-1-40x-402ms.tif;NBL;0.0792;0.0792;26.0205;1.3904;2.0611;0.1101;0;;;
2215;15-DAPI-1-40x-402ms.tif;NBL;0.0616;0.0616;69.3187;1.3908;4.2722;0.0857;0;;;
1444;07-DAPI-1-40x-402ms.tif;NBL;0.0433;0.0433;24.1053;1.391;1.0436;0.0602;0;;;
1458;07-DAPI-1-40x-402ms.tif;NBL;0.0219;0.0219;27.4356;1.3911;0.6013;0.0305;0;;;
963;04-DAPI-1-40x-402ms.tif;NBL;0.0385;0.0385;48.0789;1.3915;1.852;0.0536;0;;;
592;03-DAPI-1-40x-402ms.tif;NBL;0.0626;0.0626;43.182;1.3917;2.7036;0.0871;0;;;
1267;06-DAPI-1-40x-402ms.tif;NBL;0.0676;0.0676;31.4831;1.3917;2.1283;0.0941;0;;;
743;03-DAPI-1-40x-402ms.tif;NBL;0.0482;0.0482;45.5586;1.3919;2.1949;0.0671;0;;;
1109;05-DAPI-1-40x-402ms.tif;NBL;0.0382;0.0382;51.4943;1.392;1.9668;0.0532;0;;;
997;05-DAPI-1-40x-402ms.tif;NBL;0.0332;0.0332;53.8464;1.3922;1.7879;0.0462;0;;;
1510;07-DAPI-1-40x-402ms.tif;NBL;0.0736;0.0736;21.1608;1.3923;1.5567;0.1024;0;;;
2261;15-DAPI-1-40x-402ms.tif;NBL;0.0679;0.0679;57.7125;1.393;3.9201;0.0946;0;;;
2087;14-DAPI-1-40x-402ms.tif;NBL;0.0193;0.0193;54.9719;1.3933;1.0617;0.0269;0;;;
2024;14-DAPI-1-40x-402ms.tif;NBL;0.0632;0.0632;74.012;1.3935;4.6739;0.088;0;;;
456;02-DAPI-1-40x-402ms.tif;NBL;0.0342;0.0342;56.1524;1.3937;1.9193;0.0476;0;;;
567;03-DAPI-1-40x-402ms.tif;NBL;0.0419;0.0419;50.1736;1.3938;2.1015;0.0584;0;;;
383;02-DAPI-1-40x-402ms.tif;NBL;0.0399;0.0399;53.6658;1.394;2.1429;0.0557;0;;;
1288;06-DAPI-1-40x-402ms.tif;NBL;0.0683;0.0683;27.8887;1.3943;1.9034;0.0952;0;;;
2039;14-DAPI-1-40x-402ms.tif;NBL;0.0668;0.0668;66.4026;1.3945;4.4384;0.0932;0;;;
231;02-DAPI-1-40x-402ms.tif;NBL;0.0541;0.0541;48.479;1.3948;2.6249;0.0755;0;;;
607;03-DAPI-1-40x-402ms.tif;NBL;0.0832;0.0832;42.2386;1.395;3.5153;0.1161;0;;;
1042;05-DAPI-1-40x-402ms.tif;NBL;0.0516;0.0516;38.1387;1.395;1.9698;0.072;0;;;
2275;15-DAPI-1-40x-402ms.tif;NBL;0.0151;0.0151;48.3094;1.3957;0.7286;0.0211;0;;;
2037;14-DAPI-1-40x-402ms.tif;NBL;0.0438;0.0438;48.4059;1.396;2.122;0.0612;0;;;
1138;05-DAPI-1-40x-402ms.tif;NBL;0.0345;0.0345;45.5755;1.3962;1.5726;0.0482;0;;;
2172;15-DAPI-1-40x-402ms.tif;NBL;0.032;0.032;98.3322;1.3966;3.1476;0.0447;0;;;
2030;14-DAPI-1-40x-402ms.tif;NBL;0.072;0.072;61.5075;1.3976;4.4315;0.1007;0;;;
1564;08-DAPI-1-40x-402ms.tif;NBL;0.0286;0.0286;30.2576;1.3977;0.8668;0.04;0;;;
1295;06-DAPI-1-40x-402ms.tif;NBL;0.0404;0.0404;26.3253;1.3978;1.0626;0.0564;0;;;
319;02-DAPI-1-40x-402ms.tif;NBL;0.0436;0.0436;53.0597;1.398;2.3145;0.061;0;;;
1787;09-DAPI-1-40x-402ms.tif;NBL;0.0474;0.0474;68.9794;1.3982;3.2708;0.0663;0;;;
85;01-DAPI-1-40x-402ms.tif;NBL;0.0417;0.0417;58.1927;1.3984;2.4247;0.0583;0;;;
946;04-DAPI-1-40x-402ms.tif;NBL;0.0283;0.0283;33.5517;1.3985;0.9502;0.0396;0;;;
505;02-DAPI-1-40x-402ms.tif;NBL;0.0171;0.0171;45.1582;1.3987;0.7742;0.024;0;;;
2340;16-DAPI-1-40x-402ms.tif;NBL;0.0375;0.0375;83.0289;1.3988;3.1172;0.0525;0;;;
1312;06-DAPI-1-40x-402ms.tif;NBL;0.0731;0.0731;25.2062;1.3991;1.8434;0.1023;0;;;
1409;07-DAPI-1-40x-402ms.tif;NBL;0.0431;0.0431;24.1385;1.4005;1.0398;0.0603;0;;;
461;02-DAPI-1-40x-402ms.tif;NBL;0.0493;0.0493;63.0396;1.4009;3.1055;0.069;0;;;
1979;14-DAPI-1-40x-402ms.tif;NBL;0.0411;0.0411;49.9763;1.4011;2.0552;0.0576;0;;;
2370;16-DAPI-1-40x-402ms.tif;NBL;0.0357;0.0357;54.4316;1.4012;1.9431;0.05;0;;;
1495;07-DAPI-1-40x-402ms.tif;NBL;0.0319;0.0319;21.898;1.4014;0.6986;0.0447;0;;;
1063;05-DAPI-1-40x-402ms.tif;NBL;0.0403;0.0403;48.9245;1.4016;1.9695;0.0564;0;;;
1773;09-DAPI-1-40x-402ms.tif;NBL;0.0437;0.0437;85.6427;1.402;3.745;0.0613;0;;;
1229;06-DAPI-1-40x-402ms.tif;NBL;0.0521;0.0521;21.3125;1.4021;1.11;0.073;0;;;
1989;14-DAPI-1-40x-402ms.tif;NBL;0.0577;0.0577;65.8064;1.4023;3.7987;0.0809;0;;;
994;05-DAPI-1-40x-402ms.tif;NBL;0.0404;0.0404;31.0995;1.4032;1.2553;0.0566;0;;;
1193;05-DAPI-1-40x-402ms.tif;NBL;0.0202;0.0202;35.6237;1.4032;0.719;0.0283;0;;;
824;04-DAPI-1-40x-402ms.tif;NBL;0.0613;0.0613;45.0212;1.4035;2.7601;0.086;0;;;
1903;09-DAPI-1-40x-402ms.tif;NBL;0.0366;0.0366;74.0475;1.4036;2.7077;0.0513;0;;;
589;03-DAPI-1-40x-402ms.tif;NBL;0.0594;0.0594;42.713;1.404;2.5352;0.0833;0;;;
1719;08-DAPI-1-40x-402ms.tif;NBL;0.0107;0.0107;32.2424;1.404;0.3464;0.0151;0;;;
2220;15-DAPI-1-40x-402ms.tif;NBL;0.0537;0.0537;72.0626;1.404;3.8706;0.0754;0;;;
380;02-DAPI-1-40x-402ms.tif;NBL;0.0725;0.0725;44.1916;1.4042;3.2031;0.1018;0;;;
561;03-DAPI-1-40x-402ms.tif;NBL;0.0447;0.0447;43.7451;1.4053;1.9556;0.0628;0;;;
1490;07-DAPI-1-40x-402ms.tif;NBL;0.0557;0.0557;23.6257;1.4055;1.3151;0.0782;0;;;
1445;07-DAPI-1-40x-402ms.tif;NBL;0.0519;0.0519;23.5335;1.4059;1.2206;0.0729;0;;;
1324;06-DAPI-1-40x-402ms.tif;NBL;0.0469;0.0469;21.2685;1.4074;0.997;0.066;0;;;
2020;14-DAPI-1-40x-402ms.tif;NBL;0.1075;0.1075;58.7992;1.4077;6.3227;0.1514;0;;;
980;05-DAPI-1-40x-402ms.tif;NBL;0.0407;0.0407;44.344;1.408;1.8044;0.0573;0;;;
2322;16-DAPI-1-40x-402ms.tif;NBL;0.0295;0.0295;127.4559;1.4081;3.7617;0.0416;0;;;
1325;06-DAPI-1-40x-402ms.tif;NBL;0.0653;0.0653;27.4884;1.4086;1.7956;0.092;0;;;
195;01-DAPI-1-40x-402ms.tif;NBL;0.0451;0.0451;50.4928;1.4087;2.2792;0.0636;0;;;
1330;06-DAPI-1-40x-402ms.tif;NBL;0.1296;0.1296;19.3643;1.4087;2.5088;0.1825;0;;;
1714;08-DAPI-1-40x-402ms.tif;NBL;0.0233;0.0233;21.4279;1.4093;0.4999;0.0329;0;;;
1929;09-DAPI-1-40x-402ms.tif;NBL;0.0186;0.0186;111.7719;1.4094;2.0739;0.0262;0;;;
372;02-DAPI-1-40x-402ms.tif;NBL;0.045;0.045;36.8265;1.4096;1.6583;0.0635;0;;;
1316;06-DAPI-1-40x-402ms.tif;NBL;0.0326;0.0326;24.8733;1.41;0.8097;0.0459;0;;;
1494;07-DAPI-1-40x-402ms.tif;NBL;0.0579;0.0579;20.9363;1.4101;1.2131;0.0817;0;;;
1777;09-DAPI-1-40x-402ms.tif;NBL;0.0901;0.0901;82.2578;1.4108;7.4082;0.1271;0;;;
2309;16-DAPI-1-40x-402ms.tif;NBL;0.0322;0.0322;96.2997;1.4108;3.1034;0.0455;0;;;
577;03-DAPI-1-40x-402ms.tif;NBL;0.0496;0.0496;41.4573;1.4114;2.0558;0.07;0;;;
684;03-DAPI-1-40x-402ms.tif;NBL;0.0913;0.0913;44.1367;1.4114;4.0277;0.1288;0;;;
2462;16-DAPI-1-40x-402ms.tif;NBL;0.0778;0.0778;99.212;1.4114;7.7186;0.1098;0;;;
1167;05-DAPI-1-40x-402ms.tif;NBL;0.0301;0.0301;34.0181;1.4116;1.0225;0.0424;0;;;
1257;06-DAPI-1-40x-402ms.tif;NBL;0.0756;0.0756;27.7231;1.4118;2.0967;0.1068;0;;;
734;03-DAPI-1-40x-402ms.tif;NBL;0.0437;0.0437;51.2432;1.4119;2.2408;0.0617;0;;;
1241;06-DAPI-1-40x-402ms.tif;NBL;0.0592;0.0592;29.8718;1.4121;1.7697;0.0837;0;;;
2463;16-DAPI-1-40x-402ms.tif;NBL;0.0694;0.0694;88.4594;1.4125;6.143;0.0981;0;;;
2248;15-DAPI-1-40x-402ms.tif;NBL;0.0628;0.0628;53.6753;1.4128;3.3722;0.0888;0;;;
138;01-DAPI-1-40x-402ms.tif;NBL;0.0346;0.0346;43.5423;1.4138;1.5072;0.0489;0;;;
1594;08-DAPI-1-40x-402ms.tif;NBL;0.0309;0.0309;24.7474;1.414;0.7653;0.0437;0;;;
1096;05-DAPI-1-40x-402ms.tif;NBL;0.06;0.06;39.7432;1.4141;2.3848;0.0849;0;;;
1785;09-DAPI-1-40x-402ms.tif;NBL;0.0607;0.0607;94.2701;1.415;5.718;0.0858;0;;;
1523;07-DAPI-1-40x-402ms.tif;NBL;0.062;0.062;15.3292;1.4151;0.9498;0.0877;0;;;
2354;16-DAPI-1-40x-402ms.tif;NBL;0.0614;0.0614;66.7986;1.4152;4.1024;0.0869;0;;;
562;03-DAPI-1-40x-402ms.tif;NBL;0.0347;0.0347;48.4375;1.4156;1.6819;0.0492;0;;;
808;04-DAPI-1-40x-402ms.tif;NBL;0.029;0.029;46.8015;1.4157;1.3559;0.041;0;;;
1426;07-DAPI-1-40x-402ms.tif;NBL;0.047;0.047;23.7298;1.4157;1.1149;0.0665;0;;;
219;02-DAPI-1-40x-402ms.tif;NBL;0.0381;0.0381;50.9573;1.416;1.9408;0.0539;0;;;
156;01-DAPI-1-40x-402ms.tif;NBL;0.0621;0.0621;37.7115;1.4161;2.3406;0.0879;0;;;
2200;15-DAPI-1-40x-402ms.tif;NBL;0.0357;0.0357;57.386;1.4164;2.0486;0.0506;0;;;
95;01-DAPI-1-40x-402ms.tif;NBL;0.0742;0.0742;44.7281;1.4167;3.3197;0.1051;0;;;
381;02-DAPI-1-40x-402ms.tif;NBL;0.0973;0.0973;32.3489;1.4169;3.1485;0.1379;0;;;
1029;05-DAPI-1-40x-402ms.tif;NBL;0.0463;0.0463;37.4754;1.4169;1.7363;0.0656;0;;;
1030;05-DAPI-1-40x-402ms.tif;NBL;0.04;0.04;33.8943;1.4173;1.3571;0.0567;0;;;
2041;14-DAPI-1-40x-402ms.tif;NBL;0.0643;0.0643;65.3592;1.4182;4.2055;0.0913;0;;;
126;01-DAPI-1-40x-402ms.tif;NBL;0.0532;0.0532;50.2653;1.4184;2.6725;0.0754;0;;;
1467;07-DAPI-1-40x-402ms.tif;NBL;0.0235;0.0235;29.1106;1.4194;0.6854;0.0334;0;;;
2279;15-DAPI-1-40x-402ms.tif;NBL;0.0357;0.0357;59.6626;1.4195;2.1299;0.0507;0;;;
277;02-DAPI-1-40x-402ms.tif;NBL;0.0607;0.0607;56.5653;1.4222;3.431;0.0863;0;;;
558;03-DAPI-1-40x-402ms.tif;NBL;0.0434;0.0434;51.365;1.4225;2.2294;0.0617;0;;;
1442;07-DAPI-1-40x-402ms.tif;NBL;0.0575;0.0575;24.0019;1.4226;1.3803;0.0818;0;;;
727;03-DAPI-1-40x-402ms.tif;NBL;0.0583;0.0583;43.1695;1.4227;2.5154;0.0829;0;;;
593;03-DAPI-1-40x-402ms.tif;NBL;0.0387;0.0387;43.4202;1.423;1.682;0.0551;0;;;
1737;09-DAPI-1-40x-402ms.tif;NBL;0.0585;0.0585;97.8071;1.423;5.7203;0.0832;0;;;
2398;16-DAPI-1-40x-402ms.tif;NBL;0.0613;0.0613;73.8779;1.423;4.5292;0.0872;0;;;
1165;05-DAPI-1-40x-402ms.tif;NBL;0.0205;0.0205;32.746;1.4233;0.6715;0.0292;0;;;
1391;07-DAPI-1-40x-402ms.tif;NBL;0.0363;0.0363;27.6985;1.4239;1.0068;0.0518;0;;;
1317;06-DAPI-1-40x-402ms.tif;NBL;0.0379;0.0379;29.3696;1.4241;1.1122;0.0539;0;;;
2021;14-DAPI-1-40x-402ms.tif;NBL;0.1067;0.1067;58.9349;1.4242;6.2861;0.1519;0;;;
812;04-DAPI-1-40x-402ms.tif;NBL;0.0541;0.0541;40.9559;1.4248;2.2176;0.0771;0;;;
2399;16-DAPI-1-40x-402ms.tif;NBL;0.0674;0.0674;66.3575;1.4251;4.4714;0.096;0;;;
1289;06-DAPI-1-40x-402ms.tif;NBL;0.0681;0.0681;28.1513;1.4252;1.9183;0.0971;0;;;
1320;06-DAPI-1-40x-402ms.tif;NBL;0.0459;0.0459;27.7707;1.4255;1.2746;0.0654;0;;;
707;03-DAPI-1-40x-402ms.tif;NBL;0.0161;0.0161;52.9189;1.4257;0.8498;0.0229;0;;;
1115;05-DAPI-1-40x-402ms.tif;NBL;0.0293;0.0293;52.2148;1.4259;1.5297;0.0418;0;;;
1254;06-DAPI-1-40x-402ms.tif;NBL;0.0445;0.0445;26.5;1.4268;1.1789;0.0635;0;;;
1102;05-DAPI-1-40x-402ms.tif;NBL;0.0201;0.0201;50.5568;1.427;1.0149;0.0286;0;;;
420;02-DAPI-1-40x-402ms.tif;NBL;0.0216;0.0216;50.9799;1.4271;1.1008;0.0308;0;;;
1196;05-DAPI-1-40x-402ms.tif;NBL;0.0284;0.0284;47.9046;1.4275;1.3619;0.0406;0;;;
1424;07-DAPI-1-40x-402ms.tif;NBL;0.0431;0.0431;27.0856;1.4282;1.1668;0.0615;0;;;
1664;08-DAPI-1-40x-402ms.tif;NBL;0.0296;0.0296;25.1502;1.4286;0.745;0.0423;0;;;
2035;14-DAPI-1-40x-402ms.tif;NBL;0.0847;0.0847;58.5851;1.4289;4.9647;0.1211;0;;;
1425;07-DAPI-1-40x-402ms.tif;NBL;0.0359;0.0359;29.8912;1.429;1.0736;0.0513;0;;;
1253;06-DAPI-1-40x-402ms.tif;NBL;0.0748;0.0748;27.643;1.4296;2.0666;0.1069;0;;;
1383;07-DAPI-1-40x-402ms.tif;NBL;0.0455;0.0455;22.7351;1.4296;1.0336;0.065;0;;;
1051;05-DAPI-1-40x-402ms.tif;NBL;0.024;0.024;33.9593;1.4299;0.8143;0.0343;0;;;
521;03-DAPI-1-40x-402ms.tif;NBL;0.1017;0.1017;47.381;1.4301;4.8173;0.1454;0;;;
2315;16-DAPI-1-40x-402ms.tif;NBL;0.059;0.059;88.5551;1.4301;5.2272;0.0844;0;;;
533;03-DAPI-1-40x-402ms.tif;NBL;0.0482;0.0482;52.527;1.4302;2.5306;0.0689;0;;;
2366;16-DAPI-1-40x-402ms.tif;NBL;0.0688;0.0688;81.041;1.4306;5.5751;0.0984;0;;;
529;03-DAPI-1-40x-402ms.tif;NBL;0.074;0.074;43.1276;1.4311;3.1915;0.1059;0;;;
1048;05-DAPI-1-40x-402ms.tif;NBL;0.0279;0.0279;37.3969;1.4319;1.0429;0.0399;0;;;
1674;08-DAPI-1-40x-402ms.tif;NBL;0.0183;0.0183;28.9112;1.432;0.5302;0.0263;0;;;
1069;05-DAPI-1-40x-402ms.tif;NBL;0.1074;0.1074;33.7475;1.4323;3.6252;0.1539;0;;;
1185;05-DAPI-1-40x-402ms.tif;NBL;0.0186;0.0186;34.1111;1.4327;0.6329;0.0266;0;;;
207;02-DAPI-1-40x-402ms.tif;NBL;0.0178;0.0178;56.2866;1.4329;1.0016;0.0255;0;;;
168;01-DAPI-1-40x-402ms.tif;NBL;0.0138;0.0138;66.748;1.4331;0.9198;0.0197;0;;;
860;04-DAPI-1-40x-402ms.tif;NBL;0.0596;0.0596;44.1512;1.4335;2.6301;0.0854;0;;;
177;01-DAPI-1-40x-402ms.tif;NBL;0.0523;0.0523;51.3154;1.4336;2.6838;0.075;0;;;
2396;16-DAPI-1-40x-402ms.tif;NBL;0.0483;0.0483;79.6472;1.4337;3.8458;0.0692;0;;;
1925;09-DAPI-1-40x-402ms.tif;NBL;0.0238;0.0238;79.6438;1.4338;1.8926;0.0341;0;;;
279;02-DAPI-1-40x-402ms.tif;NBL;0.0435;0.0435;53.6559;1.4339;2.3346;0.0624;0;;;
2015;14-DAPI-1-40x-402ms.tif;NBL;0.0604;0.0604;67.3142;1.4345;4.0684;0.0867;0;;;
985;05-DAPI-1-40x-402ms.tif;NBL;0.0549;0.0549;47.2747;1.4348;2.5956;0.0788;0;;;
104;01-DAPI-1-40x-402ms.tif;NBL;0.0409;0.0409;51.5995;1.435;2.1108;0.0587;0;;;
818;04-DAPI-1-40x-402ms.tif;NBL;0.0459;0.0459;46.1986;1.435;2.1204;0.0659;0;;;
2137;15-DAPI-1-40x-402ms.tif;NBL;0.0544;0.0544;58.1517;1.4351;3.1612;0.078;0;;;
134;01-DAPI-1-40x-402ms.tif;NBL;0.0545;0.0545;43.6514;1.4363;2.3777;0.0782;0;;;
1080;05-DAPI-1-40x-402ms.tif;NBL;0.0316;0.0316;32.5567;1.4364;1.028;0.0454;0;;;
1162;05-DAPI-1-40x-402ms.tif;NBL;0.0477;0.0477;16.1;1.4364;0.7687;0.0686;0;;;
1256;06-DAPI-1-40x-402ms.tif;NBL;0.0632;0.0632;30.3419;1.4364;1.9161;0.0907;0;;;
282;02-DAPI-1-40x-402ms.tif;NBL;0.0711;0.0711;37.3145;1.4366;2.652;0.1021;0;;;
525;03-DAPI-1-40x-402ms.tif;NBL;0.0462;0.0462;52.3685;1.4366;2.4207;0.0664;0;;;
1772;09-DAPI-1-40x-402ms.tif;NBL;0.0318;0.0318;80.3003;1.4369;2.553;0.0457;0;;;
1290;06-DAPI-1-40x-402ms.tif;NBL;0.0471;0.0471;19.5069;1.4378;0.9186;0.0677;0;;;
1630;08-DAPI-1-40x-402ms.tif;NBL;0.0498;0.0498;23.8083;1.4379;1.1858;0.0716;0;;;
1340;06-DAPI-1-40x-402ms.tif;NBL;0.0297;0.0297;25.4051;1.438;0.7553;0.0428;0;;;
2255;15-DAPI-1-40x-402ms.tif;NBL;0.0938;0.0938;65.5405;1.4387;6.1444;0.1349;0;;;
2187;15-DAPI-1-40x-402ms.tif;NBL;0.0133;0.0133;56.6992;1.439;0.7567;0.0192;0;;;
2365;16-DAPI-1-40x-402ms.tif;NBL;0.0116;0.0116;54.5047;1.4393;0.6328;0.0167;0;;;
443;02-DAPI-1-40x-402ms.tif;NBL;0.0286;0.0286;54.8523;1.4394;1.5713;0.0412;0;;;
1561;08-DAPI-1-40x-402ms.tif;NBL;0.0414;0.0414;37.1571;1.4398;1.5401;0.0597;0;;;
523;03-DAPI-1-40x-402ms.tif;NBL;0.0481;0.0481;47.2325;1.4402;2.2704;0.0692;0;;;
598;03-DAPI-1-40x-402ms.tif;NBL;0.0391;0.0391;55.75;1.4417;2.1777;0.0563;0;;;
1090;05-DAPI-1-40x-402ms.tif;NBL;0.0226;0.0226;50.3654;1.4423;1.1367;0.0326;0;;;
1983;14-DAPI-1-40x-402ms.tif;NBL;0.0557;0.0557;59.2203;1.4425;3.2964;0.0803;0;;;
2360;16-DAPI-1-40x-402ms.tif;NBL;0.0572;0.0572;92.1651;1.444;5.2703;0.0826;0;;;
1307;06-DAPI-1-40x-402ms.tif;NBL;0.0608;0.0608;24.4464;1.4446;1.4855;0.0878;0;;;
534;03-DAPI-1-40x-402ms.tif;NBL;0.0412;0.0412;50.8316;1.4447;2.0959;0.0596;0;;;
1168;05-DAPI-1-40x-402ms.tif;NBL;0.0256;0.0256;32.3432;1.4449;0.8282;0.037;0;;;
1313;06-DAPI-1-40x-402ms.tif;NBL;0.0237;0.0237;37.6193;1.445;0.8899;0.0342;0;;;
1329;06-DAPI-1-40x-402ms.tif;NBL;0.0673;0.0673;27.6629;1.4452;1.861;0.0972;0;;;
962;04-DAPI-1-40x-402ms.tif;NBL;0.0626;0.0626;33.6256;1.4454;2.1053;0.0905;0;;;
2012;14-DAPI-1-40x-402ms.tif;NBL;0.0358;0.0358;75.5091;1.4455;2.7038;0.0518;0;;;
1879;09-DAPI-1-40x-402ms.tif;NBL;0.02;0.02;78.788;1.4457;1.573;0.0289;0;;;
2019;14-DAPI-1-40x-402ms.tif;NBL;0.0525;0.0525;59.0992;1.4463;3.1037;0.076;0;;;
1582;08-DAPI-1-40x-402ms.tif;NBL;0.0345;0.0345;18.7642;1.4465;0.6475;0.0499;0;;;
977;05-DAPI-1-40x-402ms.tif;NBL;0.0447;0.0447;33.9854;1.4466;1.5193;0.0647;0;;;
1074;05-DAPI-1-40x-402ms.tif;NBL;0.0306;0.0306;30.0567;1.4468;0.9197;0.0443;0;;;
1331;06-DAPI-1-40x-402ms.tif;NBL;0.0565;0.0565;23.501;1.4472;1.3286;0.0818;0;;;
1005;05-DAPI-1-40x-402ms.tif;NBL;0.0465;0.0465;39.0862;1.4476;1.8194;0.0674;0;;;
1139;05-DAPI-1-40x-402ms.tif;NBL;0.0157;0.0157;42.9103;1.4483;0.6751;0.0228;0;;;
2225;15-DAPI-1-40x-402ms.tif;NBL;0.0378;0.0378;69.8621;1.4483;2.638;0.0547;0;;;
555;03-DAPI-1-40x-402ms.tif;NBL;0.0551;0.0551;42.6319;1.4488;2.3499;0.0799;0;;;
660;03-DAPI-1-40x-402ms.tif;NBL;0.0266;0.0266;63.0898;1.449;1.6772;0.0385;0;;;
1553;08-DAPI-1-40x-402ms.tif;NBL;0.0597;0.0597;28.7218;1.4491;1.7141;0.0865;0;;;
944;04-DAPI-1-40x-402ms.tif;NBL;0.0473;0.0473;28.9817;1.4495;1.3711;0.0686;0;;;
610;03-DAPI-1-40x-402ms.tif;NBL;0.0248;0.0248;38.2227;1.4498;0.9498;0.036;0;;;
351;02-DAPI-1-40x-402ms.tif;NBL;0.0239;0.0239;60.0727;1.45;1.434;0.0346;0;;;
2394;16-DAPI-1-40x-402ms.tif;NBL;0.0239;0.0239;82.9591;1.45;1.9804;0.0346;0;;;
331;02-DAPI-1-40x-402ms.tif;NBL;0.0221;0.0221;41.4608;1.451;0.9178;0.0321;0;;;
1880;09-DAPI-1-40x-402ms.tif;NBL;0.0411;0.0411;85.0633;1.4512;3.4982;0.0597;0;;;
1973;14-DAPI-1-40x-402ms.tif;NBL;0.076;0.076;74.6314;1.4514;5.6686;0.1102;0;;;
792;04-DAPI-1-40x-402ms.tif;NBL;0.0384;0.0384;36.0819;1.452;1.386;0.0558;0;;;
2032;14-DAPI-1-40x-402ms.tif;NBL;0.0408;0.0408;70.8059;1.4521;2.8888;0.0592;0;;;
2490;16-DAPI-1-40x-402ms.tif;NBL;0.0658;0.0658;101.3185;1.4521;6.6622;0.0955;0;;;
918;04-DAPI-1-40x-402ms.tif;NBL;0.0341;0.0341;40.949;1.4522;1.3952;0.0495;0;;;
1975;14-DAPI-1-40x-402ms.tif;NBL;0.0749;0.0749;74.6406;1.4522;5.5883;0.1087;0;;;
225;02-DAPI-1-40x-402ms.tif;NBL;0.0262;0.0262;38.1701;1.4523;0.9982;0.038;0;;;
2368;16-DAPI-1-40x-402ms.tif;NBL;0.0394;0.0394;72.8375;1.4545;2.8689;0.0573;0;;;
136;01-DAPI-1-40x-402ms.tif;NBL;0.0385;0.0385;41.6113;1.4563;1.6029;0.0561;0;;;
2382;16-DAPI-1-40x-402ms.tif;NBL;0.0492;0.0492;108.426;1.457;5.3295;0.0716;0;;;
1292;06-DAPI-1-40x-402ms.tif;NBL;0.0408;0.0408;28.6011;1.4574;1.1669;0.0595;0;;;
1718;08-DAPI-1-40x-402ms.tif;NBL;0.0166;0.0166;33.8889;1.4575;0.5626;0.0242;0;;;
757;04-DAPI-1-40x-402ms.tif;NBL;0.0685;0.0685;49.317;1.458;3.3766;0.0998;0;;;
374;02-DAPI-1-40x-402ms.tif;NBL;0.0551;0.0551;39.628;1.4587;2.1844;0.0804;0;;;
958;04-DAPI-1-40x-402ms.tif;NBL;0.0664;0.0664;43.152;1.4592;2.8656;0.0969;0;;;
450;02-DAPI-1-40x-402ms.tif;NBL;0.0335;0.0335;47.5178;1.4595;1.5932;0.0489;0;;;
2287;15-DAPI-1-40x-402ms.tif;NBL;0.0323;0.0323;45.1409;1.4597;1.4596;0.0472;0;;;
1799;09-DAPI-1-40x-402ms.tif;NBL;0.0575;0.0575;82.4434;1.4604;4.7412;0.084;0;;;
2027;14-DAPI-1-40x-402ms.tif;NBL;0.0302;0.0302;48.3309;1.4604;1.4579;0.0441;0;;;
2384;16-DAPI-1-40x-402ms.tif;NBL;0.033;0.033;96.4046;1.4605;3.18;0.0482;0;;;
1715;08-DAPI-1-40x-402ms.tif;NBL;0.0179;0.0179;22.9455;1.4606;0.4108;0.0262;0;;;
1449;07-DAPI-1-40x-402ms.tif;NBL;0.0678;0.0678;22.2896;1.4608;1.5116;0.0991;0;;;
2184;15-DAPI-1-40x-402ms.tif;NBL;0.0339;0.0339;67.1538;1.4615;2.2734;0.0495;0;;;
984;05-DAPI-1-40x-402ms.tif;NBL;0.05;0.05;46.5662;1.462;2.3293;0.0731;0;;;
483;02-DAPI-1-40x-402ms.tif;NBL;0.023;0.023;48.0991;1.4623;1.1064;0.0336;0;;;
1651;08-DAPI-1-40x-402ms.tif;NBL;0.0422;0.0422;24.9974;1.4627;1.0551;0.0617;0;;;
672;03-DAPI-1-40x-402ms.tif;NBL;0.0237;0.0237;59.2569;1.4633;1.4017;0.0346;0;;;
995;05-DAPI-1-40x-402ms.tif;NBL;0.0613;0.0613;31.1416;1.4637;1.9092;0.0897;0;;;
2392;16-DAPI-1-40x-402ms.tif;NBL;0.0882;0.0882;83.9828;1.4637;7.4086;0.1291;0;;;
103;01-DAPI-1-40x-402ms.tif;NBL;0.0456;0.0456;50.2357;1.4643;2.2894;0.0667;0;;;
1054;05-DAPI-1-40x-402ms.tif;NBL;0.0577;0.0577;38.7143;1.4643;2.2348;0.0845;0;;;
1112;05-DAPI-1-40x-402ms.tif;NBL;0.043;0.043;40.4646;1.4646;1.7387;0.0629;0;;;
911;04-DAPI-1-40x-402ms.tif;NBL;0.0614;0.0614;24.6343;1.4647;1.5129;0.09;0;;;
1098;05-DAPI-1-40x-402ms.tif;NBL;0.0231;0.0231;47.5822;1.4648;1.0997;0.0339;0;;;
317;02-DAPI-1-40x-402ms.tif;NBL;0.0264;0.0264;57.0617;1.465;1.5046;0.0386;0;;;
1021;05-DAPI-1-40x-402ms.tif;NBL;0.0558;0.0558;36.8969;1.465;2.0578;0.0817;0;;;
1319;06-DAPI-1-40x-402ms.tif;NBL;0.0774;0.0774;25.8317;1.4656;1.9985;0.1134;0;;;
377;02-DAPI-1-40x-402ms.tif;NBL;0.0638;0.0638;42.119;1.466;2.6873;0.0935;0;;;
6;01-DAPI-1-40x-402ms.tif;NBL;0.0618;0.0618;47.9211;1.4667;2.9639;0.0907;0;;;
1002;05-DAPI-1-40x-402ms.tif;NBL;0.0764;0.0764;40.5838;1.4673;3.1002;0.1121;0;;;
1744;09-DAPI-1-40x-402ms.tif;NBL;0.0367;0.0367;103.3314;1.4675;3.7897;0.0538;0;;;
299;02-DAPI-1-40x-402ms.tif;NBL;0.0747;0.0747;31.6076;1.468;2.3596;0.1096;0;;;
583;03-DAPI-1-40x-402ms.tif;NBL;0.0829;0.0829;43.0668;1.4686;3.5702;0.1217;0;;;
2201;15-DAPI-1-40x-402ms.tif;NBL;0.0905;0.0905;48.2602;1.4688;4.3673;0.1329;0;;;
1578;08-DAPI-1-40x-402ms.tif;NBL;0.0597;0.0597;34.4964;1.4691;2.0587;0.0877;0;;;
1750;09-DAPI-1-40x-402ms.tif;NBL;0.0554;0.0554;102.3483;1.4697;5.6749;0.0815;0;;;
367;02-DAPI-1-40x-402ms.tif;NBL;0.0399;0.0399;56.038;1.4701;2.2376;0.0587;0;;;
2142;15-DAPI-1-40x-402ms.tif;NBL;0.0498;0.0498;62.5686;1.4706;3.1162;0.0732;0;;;
2363;16-DAPI-1-40x-402ms.tif;NBL;0.048;0.048;75.9253;1.4706;3.6414;0.0705;0;;;
1012;05-DAPI-1-40x-402ms.tif;NBL;0.0521;0.0521;40.225;1.4708;2.0951;0.0766;0;;;
1272;06-DAPI-1-40x-402ms.tif;NBL;0.065;0.065;30.3973;1.4708;1.9757;0.0956;0;;;
982;05-DAPI-1-40x-402ms.tif;NBL;0.0465;0.0465;45.2168;1.4709;2.1048;0.0685;0;;;
2224;15-DAPI-1-40x-402ms.tif;NBL;0.0645;0.0645;72.6852;1.4714;4.6848;0.0948;0;;;
999;05-DAPI-1-40x-402ms.tif;NBL;0.0248;0.0248;38.6419;1.4716;0.9602;0.0366;0;;;
2136;15-DAPI-1-40x-402ms.tif;NBL;0.0594;0.0594;76.2066;1.4717;4.5231;0.0873;0;;;
31;01-DAPI-1-40x-402ms.tif;NBL;0.0395;0.0395;55.3571;1.4725;2.1864;0.0582;0;;;
1134;05-DAPI-1-40x-402ms.tif;NBL;0.0317;0.0317;29.9486;1.4726;0.9489;0.0467;0;;;
1303;06-DAPI-1-40x-402ms.tif;NBL;0.0998;0.0998;19.5109;1.4728;1.9477;0.147;0;;;
1194;05-DAPI-1-40x-402ms.tif;NBL;0.0484;0.0484;44.0179;1.4731;2.1302;0.0713;0;;;
345;02-DAPI-1-40x-402ms.tif;NBL;0.0163;0.0163;60.1933;1.4733;0.9797;0.024;0;;;
169;01-DAPI-1-40x-402ms.tif;NBL;0.0225;0.0225;50.9662;1.4734;1.1447;0.0331;0;;;
1441;07-DAPI-1-40x-402ms.tif;NBL;0.1029;0.1029;18.4451;1.4736;1.8974;0.1516;0;;;
1745;09-DAPI-1-40x-402ms.tif;NBL;0.0435;0.0435;91.7781;1.4738;3.9934;0.0641;0;;;
2323;16-DAPI-1-40x-402ms.tif;NBL;0.084;0.084;89.8101;1.4742;7.5426;0.1238;0;;;
1783;09-DAPI-1-40x-402ms.tif;NBL;0.0696;0.0696;94.1404;1.4743;6.5477;0.1025;0;;;
2264;15-DAPI-1-40x-402ms.tif;NBL;0.0494;0.0494;80.4769;1.4747;3.9732;0.0728;0;;;
2341;16-DAPI-1-40x-402ms.tif;NBL;0.043;0.043;77.7626;1.4747;3.3414;0.0634;0;;;
1412;07-DAPI-1-40x-402ms.tif;NBL;0.0783;0.0783;21.6025;1.4751;1.6924;0.1156;0;;;
1453;07-DAPI-1-40x-402ms.tif;NBL;0.0974;0.0974;19.3486;1.4755;1.8853;0.1438;0;;;
519;03-DAPI-1-40x-402ms.tif;NBL;0.035;0.035;54.8235;1.4768;1.9214;0.0518;0;;;
330;02-DAPI-1-40x-402ms.tif;NBL;0.0259;0.0259;45.1925;1.477;1.172;0.0383;0;;;
273;02-DAPI-1-40x-402ms.tif;NBL;0.0857;0.0857;40.3025;1.4772;3.4548;0.1266;0;;;
515;02-DAPI-1-40x-402ms.tif;NBL;0.0311;0.0311;51.1289;1.4774;1.5922;0.046;0;;;
1530;07-DAPI-1-40x-402ms.tif;NBL;0.0507;0.0507;15.0385;1.4775;0.762;0.0749;0;;;
2307;16-DAPI-1-40x-402ms.tif;NBL;0.032;0.032;104.5797;1.478;3.3475;0.0473;0;;;
1310;06-DAPI-1-40x-402ms.tif;NBL;0.0472;0.0472;29.1172;1.4782;1.3743;0.0698;0;;;
2283;15-DAPI-1-40x-402ms.tif;NBL;0.0458;0.0458;69.4573;1.4787;3.1804;0.0677;0;;;
1274;06-DAPI-1-40x-402ms.tif;NBL;0.0469;0.0469;31.3912;1.4792;1.4715;0.0693;0;;;
337;02-DAPI-1-40x-402ms.tif;NBL;0.0215;0.0215;64.9646;1.4798;1.3957;0.0318;0;;;
498;02-DAPI-1-40x-402ms.tif;NBL;0.0405;0.0405;56.0241;1.4799;2.2675;0.0599;0;;;
137;01-DAPI-1-40x-402ms.tif;NBL;0.0895;0.0895;43.2315;1.48;3.87;0.1325;0;;;
1693;08-DAPI-1-40x-402ms.tif;NBL;0.0407;0.0407;23.056;1.48;0.9382;0.0602;0;;;
1468;07-DAPI-1-40x-402ms.tif;NBL;0.0735;0.0735;23.2496;1.4801;1.7079;0.1087;0;;;
1190;05-DAPI-1-40x-402ms.tif;NBL;0.033;0.033;43.2533;1.4803;1.4268;0.0488;0;;;
1166;05-DAPI-1-40x-402ms.tif;NBL;0.0194;0.0194;31.7877;1.4804;0.6174;0.0288;0;;;
1667;08-DAPI-1-40x-402ms.tif;NBL;0.0341;0.0341;21.3885;1.4809;0.7287;0.0505;0;;;
2009;14-DAPI-1-40x-402ms.tif;NBL;0.0115;0.0115;88.2925;1.4811;1.0155;0.017;0;;;
183;01-DAPI-1-40x-402ms.tif;NBL;0.0322;0.0322;56.8754;1.4815;1.8329;0.0477;0;;;
802;04-DAPI-1-40x-402ms.tif;NBL;0.0385;0.0385;44.4789;1.4817;1.7133;0.0571;0;;;
143;01-DAPI-1-40x-402ms.tif;NBL;0.0365;0.0365;48.3512;1.4821;1.7628;0.054;0;;;
175;01-DAPI-1-40x-402ms.tif;NBL;0.0518;0.0518;65.3396;1.4822;3.3818;0.0767;0;;;
1153;05-DAPI-1-40x-402ms.tif;NBL;0.0275;0.0275;23.7115;1.4822;0.6509;0.0407;0;;;
978;05-DAPI-1-40x-402ms.tif;NBL;0.0776;0.0776;37.6727;1.4825;2.9227;0.115;0;;;
1015;05-DAPI-1-40x-402ms.tif;NBL;0.0416;0.0416;37.0574;1.483;1.54;0.0616;0;;;
731;03-DAPI-1-40x-402ms.tif;NBL;0.0418;0.0418;54.2545;1.4831;2.2665;0.062;0;;;
1341;06-DAPI-1-40x-402ms.tif;NBL;0.0314;0.0314;30.0311;1.4844;0.9417;0.0465;0;;;
1304;06-DAPI-1-40x-402ms.tif;NBL;0.0322;0.0322;33.4411;1.4848;1.0777;0.0479;0;;;
1680;08-DAPI-1-40x-402ms.tif;NBL;0.0463;0.0463;20.9532;1.4848;0.9708;0.0688;0;;;
704;03-DAPI-1-40x-402ms.tif;NBL;0.0617;0.0617;31.7715;1.4851;1.9616;0.0917;0;;;
1528;07-DAPI-1-40x-402ms.tif;NBL;0.04;0.04;14.626;1.4851;0.5856;0.0595;0;;;
2473;16-DAPI-1-40x-402ms.tif;NBL;0.0255;0.0255;91.9191;1.4851;2.3439;0.0379;0;;;
1283;06-DAPI-1-40x-402ms.tif;NBL;0.0938;0.0938;22.8819;1.4861;2.1452;0.1393;0;;;
444;02-DAPI-1-40x-402ms.tif;NBL;0.0275;0.0275;76.6996;1.4862;2.1056;0.0408;0;;;
1568;08-DAPI-1-40x-402ms.tif;NBL;0.0366;0.0366;28.9436;1.4866;1.0584;0.0544;0;;;
538;03-DAPI-1-40x-402ms.tif;NBL;0.0457;0.0457;55.2019;1.4869;2.5217;0.0679;0;;;
1584;08-DAPI-1-40x-402ms.tif;NBL;0.025;0.025;19.7;1.487;0.4916;0.0371;0;;;
2022;14-DAPI-1-40x-402ms.tif;NBL;0.0882;0.0882;65.8216;1.4871;5.8065;0.1312;0;;;
397;02-DAPI-1-40x-402ms.tif;NBL;0.0521;0.0521;38.9521;1.4875;2.0288;0.0775;0;;;
552;03-DAPI-1-40x-402ms.tif;NBL;0.0883;0.0883;44.1155;1.4877;3.8965;0.1314;0;;;
2160;15-DAPI-1-40x-402ms.tif;NBL;0.0589;0.0589;73.1013;1.488;4.3071;0.0877;0;;;
1802;09-DAPI-1-40x-402ms.tif;NBL;0.0184;0.0184;119.1765;1.4882;2.1984;0.0275;0;;;
1716;08-DAPI-1-40x-402ms.tif;NBL;0.0282;0.0282;19.0269;1.4885;0.5368;0.042;0;;;
1306;06-DAPI-1-40x-402ms.tif;NBL;0.0458;0.0458;24.1943;1.4905;1.1079;0.0683;0;;;
1591;08-DAPI-1-40x-402ms.tif;NBL;0.0345;0.0345;27.1447;1.4906;0.9366;0.0514;0;;;
2347;16-DAPI-1-40x-402ms.tif;NBL;0.0292;0.0292;46.4684;1.4907;1.3563;0.0435;0;;;
1596;08-DAPI-1-40x-402ms.tif;NBL;0.0124;0.0124;32.1316;1.4912;0.3975;0.0184;0;;;
501;02-DAPI-1-40x-402ms.tif;NBL;0.0126;0.0126;36.3966;1.4914;0.4581;0.0188;0;;;
2232;15-DAPI-1-40x-402ms.tif;NBL;0.0452;0.0452;95.7818;1.4916;4.3339;0.0675;0;;;
861;04-DAPI-1-40x-402ms.tif;NBL;0.0463;0.0463;36.1241;1.4918;1.6737;0.0691;0;;;
338;02-DAPI-1-40x-402ms.tif;NBL;0.0135;0.0135;52.6532;1.4919;0.7084;0.0201;0;;;
1657;08-DAPI-1-40x-402ms.tif;NBL;0.0214;0.0214;29.3604;1.4924;0.6276;0.0319;0;;;
2174;15-DAPI-1-40x-402ms.tif;NBL;0.0357;0.0357;86.7599;1.4924;3.0972;0.0533;0;;;
2193;15-DAPI-1-40x-402ms.tif;NBL;0.0623;0.0623;67.3449;1.493;4.1944;0.093;0;;;
333;02-DAPI-1-40x-402ms.tif;NBL;0.0187;0.0187;59.6105;1.4942;1.1125;0.0279;0;;;
340;02-DAPI-1-40x-402ms.tif;NBL;0.0285;0.0285;60.4144;1.4943;1.7241;0.0426;0;;;
511;02-DAPI-1-40x-402ms.tif;NBL;0.0206;0.0206;56.7737;1.4947;1.1705;0.0308;0;;;
1736;09-DAPI-1-40x-402ms.tif;NBL;0.0331;0.0331;104.1705;1.4951;3.4475;0.0495;0;;;
318;02-DAPI-1-40x-402ms.tif;NBL;0.0416;0.0416;57.1358;1.4961;2.3745;0.0622;0;;;
2267;15-DAPI-1-40x-402ms.tif;NBL;0.0289;0.0289;62.5301;1.4962;1.8048;0.0432;0;;;
2153;15-DAPI-1-40x-402ms.tif;NBL;0.0599;0.0599;70.1721;1.4964;4.203;0.0896;0;;;
1617;08-DAPI-1-40x-402ms.tif;NBL;0.0317;0.0317;27.4281;1.4966;0.869;0.0474;0;;;
553;03-DAPI-1-40x-402ms.tif;NBL;0.0651;0.0651;40.6867;1.4967;2.6489;0.0974;0;;;
1199;05-DAPI-1-40x-402ms.tif;NBL;0.0367;0.0367;42.6509;1.497;1.5642;0.0549;0;;;
512;02-DAPI-1-40x-402ms.tif;NBL;0.0557;0.0557;18.6413;1.4971;1.0377;0.0833;0;;;
785;04-DAPI-1-40x-402ms.tif;NBL;0.0836;0.0836;42.3701;1.4974;3.54;0.1251;0;;;
1083;05-DAPI-1-40x-402ms.tif;NBL;0.024;0.024;42.4887;1.4977;1.0189;0.0359;0;;;
165;01-DAPI-1-40x-402ms.tif;NBL;0.0244;0.0244;63.0444;1.4978;1.5392;0.0366;0;;;
500;02-DAPI-1-40x-402ms.tif;NBL;0.0298;0.0298;39.9091;1.4982;1.1909;0.0447;0;;;
1302;06-DAPI-1-40x-402ms.tif;NBL;0.0662;0.0662;27.6213;1.4984;1.8282;0.0992;0;;;
2116;15-DAPI-1-40x-402ms.tif;NBL;0.0333;0.0333;59.6482;1.4984;1.987;0.0499;0;;;
96;01-DAPI-1-40x-402ms.tif;NBL;0.0424;0.0424;50.2634;1.4987;2.1325;0.0636;0;;;
1007;05-DAPI-1-40x-402ms.tif;NBL;0.1028;0.1028;39.5671;1.4995;4.0658;0.1541;0;;;
2159;15-DAPI-1-40x-402ms.tif;NBL;0.1101;0.1101;70.0749;1.4995;7.7177;0.1651;0;;;
132;01-DAPI-1-40x-402ms.tif;NBL;0.0224;0.0224;64.8447;1.5;1.4494;0.0335;0;;;
1357;06-DAPI-1-40x-402ms.tif;NBL;0.0187;0.0187;23.7093;1.5;0.4425;0.028;0;;;
1450;07-DAPI-1-40x-402ms.tif;NBL;0.056;0.056;27.8527;1.5;1.5595;0.084;0;;;
1642;08-DAPI-1-40x-402ms.tif;NBL;0.0393;0.0393;30.1961;1.5;1.1861;0.0589;0;;;
2491;16-DAPI-1-40x-402ms.tif;NBL;0.0423;0.0423;99.1538;1.5;4.196;0.0635;0;;;
130;01-DAPI-1-40x-402ms.tif;NBL;0.0383;0.0383;50.4731;1.5014;1.9333;0.0575;0;;;
549;03-DAPI-1-40x-402ms.tif;NBL;0.0601;0.0601;46.1282;1.5018;2.7729;0.0903;0;;;
2110;15-DAPI-1-40x-402ms.tif;NBL;0.0484;0.0484;74.8722;1.5022;3.6234;0.0727;0;;;
119;01-DAPI-1-40x-402ms.tif;NBL;0.0696;0.0696;43.0936;1.5023;2.9973;0.1045;0;;;
2114;15-DAPI-1-40x-402ms.tif;NBL;0.0932;0.0932;55.0733;1.5029;5.1332;0.1401;0;;;
363;02-DAPI-1-40x-402ms.tif;NBL;0.0544;0.0544;47.7884;1.503;2.5979;0.0817;0;;;
1266;06-DAPI-1-40x-402ms.tif;NBL;0.0885;0.0885;24.3787;1.5037;2.1585;0.1331;0;;;
516;03-DAPI-1-40x-402ms.tif;NBL;0.0407;0.0407;55.576;1.504;2.2614;0.0612;0;;;
565;03-DAPI-1-40x-402ms.tif;NBL;0.0858;0.0858;43.5322;1.5044;3.7363;0.1291;0;;;
2380;16-DAPI-1-40x-402ms.tif;NBL;0.0469;0.0469;94.5648;1.5046;4.4327;0.0705;0;;;
1013;05-DAPI-1-40x-402ms.tif;NBL;0.0318;0.0318;42.1638;1.5051;1.3405;0.0479;0;;;
661;03-DAPI-1-40x-402ms.tif;NBL;0.0511;0.0511;36.569;1.5053;1.8689;0.0769;0;;;
1540;08-DAPI-1-40x-402ms.tif;NBL;0.0382;0.0382;30.8608;1.5057;1.1787;0.0575;0;;;
474;02-DAPI-1-40x-402ms.tif;NBL;0.0452;0.0452;29.7602;1.506;1.3466;0.0681;0;;;
1589;08-DAPI-1-40x-402ms.tif;NBL;0.0493;0.0493;24.63;1.5066;1.2133;0.0742;0;;;
1705;08-DAPI-1-40x-402ms.tif;NBL;0.0156;0.0156;22.1389;1.5069;0.3459;0.0235;0;;;
1928;09-DAPI-1-40x-402ms.tif;NBL;0.0233;0.0233;72.6884;1.507;1.6957;0.0352;0;;;
1287;06-DAPI-1-40x-402ms.tif;NBL;0.0817;0.0817;22.5883;1.5073;1.8456;0.1232;0;;;
1546;08-DAPI-1-40x-402ms.tif;NBL;0.0291;0.0291;24.5037;1.5075;0.7126;0.0438;0;;;
869;04-DAPI-1-40x-402ms.tif;NBL;0.0506;0.0506;39.9335;1.5086;2.0192;0.0763;0;;;
378;02-DAPI-1-40x-402ms.tif;NBL;0.1094;0.1094;35.6518;1.5089;3.8994;0.165;0;;;
881;04-DAPI-1-40x-402ms.tif;NBL;0.0298;0.0298;34.9673;1.5091;1.0434;0.045;0;;;
563;03-DAPI-1-40x-402ms.tif;NBL;0.0882;0.0882;42.6433;1.5092;3.7618;0.1331;0;;;
713;03-DAPI-1-40x-402ms.tif;NBL;0.0226;0.0226;58.6442;1.5096;1.3236;0.0341;0;;;
2250;15-DAPI-1-40x-402ms.tif;NBL;0.039;0.039;50.5599;1.5097;1.9695;0.0588;0;;;
35;01-DAPI-1-40x-402ms.tif;NBL;0.0221;0.0221;50.6373;1.5098;1.1209;0.0334;0;;;
1201;05-DAPI-1-40x-402ms.tif;NBL;0.0166;0.0166;34.5752;1.5098;0.574;0.0251;0;;;
2234;15-DAPI-1-40x-402ms.tif;NBL;0.0941;0.0941;70.7359;1.5098;6.6545;0.142;0;;;
1052;05-DAPI-1-40x-402ms.tif;NBL;0.0323;0.0323;52.1409;1.5101;1.686;0.0488;0;;;
2277;15-DAPI-1-40x-402ms.tif;NBL;0.0264;0.0264;74.465;1.5103;1.9634;0.0398;0;;;
576;03-DAPI-1-40x-402ms.tif;NBL;0.0412;0.0412;44.8079;1.5105;1.8475;0.0623;0;;;
2388;16-DAPI-1-40x-402ms.tif;NBL;0.0344;0.0344;92.9842;1.511;3.1984;0.052;0;;;
83;01-DAPI-1-40x-402ms.tif;NBL;0.0331;0.0331;59.4393;1.5115;1.9671;0.05;0;;;
2212;15-DAPI-1-40x-402ms.tif;NBL;0.0309;0.0309;71.1684;1.5123;2.2008;0.0468;0;;;
2051;14-DAPI-1-40x-402ms.tif;NBL;0.0345;0.0345;34.4151;1.5126;1.1875;0.0522;0;;;
919;04-DAPI-1-40x-402ms.tif;NBL;0.0503;0.0503;41.6897;1.5129;2.099;0.0762;0;;;
1454;07-DAPI-1-40x-402ms.tif;NBL;0.0334;0.0334;27.1916;1.513;0.9087;0.0506;0;;;
2165;15-DAPI-1-40x-402ms.tif;NBL;0.0245;0.0245;72.4646;1.5133;1.777;0.0371;0;;;
2364;16-DAPI-1-40x-402ms.tif;NBL;0.0526;0.0526;71.5691;1.5134;3.7664;0.0796;0;;;
1550;08-DAPI-1-40x-402ms.tif;NBL;0.0355;0.0355;29.0153;1.5138;1.0295;0.0537;0;;;
1682;08-DAPI-1-40x-402ms.tif;NBL;0.0426;0.0426;21.1527;1.514;0.902;0.0646;0;;;
257;02-DAPI-1-40x-402ms.tif;NBL;0.0192;0.0192;49.7175;1.5141;0.9549;0.0291;0;;;
1475;07-DAPI-1-40x-402ms.tif;NBL;0.0498;0.0498;22.4161;1.5142;1.1164;0.0754;0;;;
324;02-DAPI-1-40x-402ms.tif;NBL;0.0152;0.0152;45.75;1.5143;0.695;0.023;0;;;
2098;14-DAPI-1-40x-402ms.tif;NBL;0.0371;0.0371;68.9094;1.5146;2.5572;0.0562;0;;;
185;01-DAPI-1-40x-402ms.tif;NBL;0.0145;0.0145;49.403;1.5149;0.7183;0.022;0;;;
129;01-DAPI-1-40x-402ms.tif;NBL;0.0392;0.0392;44.4238;1.5152;1.7401;0.0594;0;;;
1023;05-DAPI-1-40x-402ms.tif;NBL;0.0358;0.0358;40.0788;1.5152;1.4351;0.0543;0;;;
2169;15-DAPI-1-40x-402ms.tif;NBL;0.0246;0.0246;63.533;1.5154;1.5649;0.0373;0;;;
2247;15-DAPI-1-40x-402ms.tif;NBL;0.0841;0.0841;64.8865;1.5161;5.4565;0.1275;0;;;
99;01-DAPI-1-40x-402ms.tif;NBL;0.0607;0.0607;45.1181;1.517;2.7367;0.092;0;;;
1628;08-DAPI-1-40x-402ms.tif;NBL;0.0348;0.0348;29.3333;1.5171;1.0217;0.0528;0;;;
1805;09-DAPI-1-40x-402ms.tif;NBL;0.0252;0.0252;75.6681;1.5172;1.9048;0.0382;0;;;
2155;15-DAPI-1-40x-402ms.tif;NBL;0.1011;0.1011;64.0365;1.5172;6.4759;0.1534;0;;;
1060;05-DAPI-1-40x-402ms.tif;NBL;0.0457;0.0457;40.4964;1.5178;1.8499;0.0693;0;;;
259;02-DAPI-1-40x-402ms.tif;NBL;0.0452;0.0452;53.3549;1.518;2.4142;0.0687;0;;;
923;04-DAPI-1-40x-402ms.tif;NBL;0.028;0.028;47.9302;1.5194;1.3418;0.0425;0;;;
228;02-DAPI-1-40x-402ms.tif;NBL;0.0111;0.0111;54.7059;1.5196;0.6055;0.0168;0;;;
128;01-DAPI-1-40x-402ms.tif;NBL;0.033;0.033;60.3553;1.5197;1.9909;0.0501;0;;;
1084;05-DAPI-1-40x-402ms.tif;NBL;0.0407;0.0407;32.048;1.52;1.304;0.0618;0;;;
2249;15-DAPI-1-40x-402ms.tif;NBL;0.0407;0.0407;44.5013;1.52;1.8108;0.0618;0;;;
2048;14-DAPI-1-40x-402ms.tif;NBL;0.0625;0.0625;47.599;1.5208;2.9749;0.0951;0;;;
2393;16-DAPI-1-40x-402ms.tif;NBL;0.0541;0.0541;94.6172;1.521;5.123;0.0824;0;;;
2231;15-DAPI-1-40x-402ms.tif;NBL;0.0637;0.0637;63.2896;1.5213;4.0311;0.0969;0;;;
1097;05-DAPI-1-40x-402ms.tif;NBL;0.0399;0.0399;45.2772;1.5217;1.8079;0.0608;0;;;
794;04-DAPI-1-40x-402ms.tif;NBL;0.0871;0.0871;47.9191;1.5218;4.1752;0.1326;0;;;
2042;14-DAPI-1-40x-402ms.tif;NBL;0.0941;0.0941;62.8754;1.5225;5.915;0.1432;0;;;
151;01-DAPI-1-40x-402ms.tif;NBL;0.0232;0.0232;36.9673;1.5234;0.8584;0.0354;0;;;
124;01-DAPI-1-40x-402ms.tif;NBL;0.0485;0.0485;51.7562;1.5235;2.5103;0.0739;0;;;
2141;15-DAPI-1-40x-402ms.tif;NBL;0.0462;0.0462;61.223;1.5235;2.83;0.0704;0;;;
1277;06-DAPI-1-40x-402ms.tif;NBL;0.1262;0.1262;17.4815;1.5236;2.2061;0.1923;0;;;
261;02-DAPI-1-40x-402ms.tif;NBL;0.0387;0.0387;45.7367;1.5238;1.7717;0.059;0;;;
1384;07-DAPI-1-40x-402ms.tif;NBL;0.057;0.057;21.6171;1.5238;1.2314;0.0868;0;;;
131;01-DAPI-1-40x-402ms.tif;NBL;0.0431;0.0431;47.6146;1.5239;2.0511;0.0656;0;;;
118;01-DAPI-1-40x-402ms.tif;NBL;0.0703;0.0703;45.2793;1.5247;3.1837;0.1072;0;;;
1800;09-DAPI-1-40x-402ms.tif;NBL;0.0322;0.0322;105.0505;1.5253;3.3854;0.0492;0;;;
2229;15-DAPI-1-40x-402ms.tif;NBL;0.0556;0.0556;52.457;1.5254;2.9143;0.0847;0;;;
1735;09-DAPI-1-40x-402ms.tif;NBL;0.076;0.076;105.08;1.5257;7.9813;0.1159;0;;;
142;01-DAPI-1-40x-402ms.tif;NBL;0.0293;0.0293;45.4;1.5259;1.3301;0.0447;0;;;
2284;15-DAPI-1-40x-402ms.tif;NBL;0.0866;0.0866;62.1541;1.5263;5.3818;0.1322;0;;;
806;04-DAPI-1-40x-402ms.tif;NBL;0.0513;0.0513;54.0402;1.5264;2.7735;0.0783;0;;;
1251;06-DAPI-1-40x-402ms.tif;NBL;0.0812;0.0812;26.512;1.5267;2.1518;0.1239;0;;;
1299;06-DAPI-1-40x-402ms.tif;NBL;0.0879;0.0879;21.0321;1.5272;1.8485;0.1342;0;;;
281;02-DAPI-1-40x-402ms.tif;NBL;0.0713;0.0713;47.8478;1.5282;3.411;0.1089;0;;;
1065;05-DAPI-1-40x-402ms.tif;NBL;0.0548;0.0548;34.0495;1.5287;1.8658;0.0838;0;;;
120;01-DAPI-1-40x-402ms.tif;NBL;0.0224;0.0224;35.6117;1.5291;0.796;0.0342;0;;;
2235;15-DAPI-1-40x-402ms.tif;NBL;0.0666;0.0666;62.9283;1.5293;4.1925;0.1019;0;;;
1009;05-DAPI-1-40x-402ms.tif;NBL;0.0535;0.0535;35.5659;1.5294;1.9026;0.0818;0;;;
1655;08-DAPI-1-40x-402ms.tif;NBL;0.033;0.033;24.8618;1.5296;0.8201;0.0505;0;;;
1280;06-DAPI-1-40x-402ms.tif;NBL;0.1126;0.1126;17.6985;1.5299;1.9934;0.1723;0;;;
2207;15-DAPI-1-40x-402ms.tif;NBL;0.088;0.088;69.2589;1.5302;6.0947;0.1347;0;;;
755;04-DAPI-1-40x-402ms.tif;NBL;0.055;0.055;46.7968;1.5306;2.5744;0.0842;0;;;
1555;08-DAPI-1-40x-402ms.tif;NBL;0.0792;0.0792;27.1562;1.5315;2.151;0.1213;0;;;
280;02-DAPI-1-40x-402ms.tif;NBL;0.0394;0.0394;54.8457;1.5317;2.1603;0.0603;0;;;
992;05-DAPI-1-40x-402ms.tif;NBL;0.0204;0.0204;38.1809;1.5319;0.7789;0.0312;0;;;
1590;08-DAPI-1-40x-402ms.tif;NBL;0.0418;0.0418;24.0857;1.5325;1.0062;0.064;0;;;
2171;15-DAPI-1-40x-402ms.tif;NBL;0.023;0.023;69.1321;1.533;1.5903;0.0353;0;;;
868;04-DAPI-1-40x-402ms.tif;NBL;0.0293;0.0293;65.3296;1.5333;1.914;0.0449;0;;;
1452;07-DAPI-1-40x-402ms.tif;NBL;0.1202;0.1202;17.3321;1.5334;2.0838;0.1844;0;;;
1778;09-DAPI-1-40x-402ms.tif;NBL;0.0335;0.0335;78.6699;1.534;2.6377;0.0514;0;;;
364;02-DAPI-1-40x-402ms.tif;NBL;0.0508;0.0508;35.5299;1.5342;1.8043;0.0779;0;;;
94;01-DAPI-1-40x-402ms.tif;NBL;0.0592;0.0592;51.3352;1.5348;3.0413;0.0909;0;;;
2211;15-DAPI-1-40x-402ms.tif;NBL;0.0833;0.0833;63.556;1.5352;5.2963;0.1279;0;;;
2344;16-DAPI-1-40x-402ms.tif;NBL;0.0262;0.0262;78.112;1.5353;2.0426;0.0401;0;;;
945;04-DAPI-1-40x-402ms.tif;NBL;0.0152;0.0152;34.8286;1.5357;0.5291;0.0233;0;;;
248;02-DAPI-1-40x-402ms.tif;NBL;0.0412;0.0412;61.5947;1.5368;2.5397;0.0634;0;;;
564;03-DAPI-1-40x-402ms.tif;NBL;0.0921;0.0921;41.0283;1.5371;3.7796;0.1416;0;;;
350;02-DAPI-1-40x-402ms.tif;NBL;0.0321;0.0321;50.1351;1.5372;1.6102;0.0494;0;;;
528;03-DAPI-1-40x-402ms.tif;NBL;0.0523;0.0523;48.6494;1.5373;2.5444;0.0804;0;;;
2149;15-DAPI-1-40x-402ms.tif;NBL;0.0341;0.0341;63.1752;1.5382;2.1525;0.0524;0;;;
373;02-DAPI-1-40x-402ms.tif;NBL;0.0706;0.0706;46.0614;1.5392;3.2537;0.1087;0;;;
692;03-DAPI-1-40x-402ms.tif;NBL;0.0146;0.0146;60.7778;1.5407;0.8903;0.0226;0;;;
1560;08-DAPI-1-40x-402ms.tif;NBL;0.0385;0.0385;30.569;1.5408;1.1775;0.0594;0;;;
1473;07-DAPI-1-40x-402ms.tif;NBL;0.0558;0.0558;24.3891;1.5409;1.3602;0.0859;0;;;
1008;05-DAPI-1-40x-402ms.tif;NBL;0.0726;0.0726;32.997;1.5411;2.3953;0.1119;0;;;
1806;09-DAPI-1-40x-402ms.tif;NBL;0.0343;0.0343;80.2405;1.5411;2.7513;0.0528;0;;;
296;02-DAPI-1-40x-402ms.tif;NBL;0.0946;0.0946;44.3578;1.5413;4.197;0.1458;0;;;
1041;05-DAPI-1-40x-402ms.tif;NBL;0.0658;0.0658;39.3647;1.5413;2.5884;0.1013;0;;;
1322;06-DAPI-1-40x-402ms.tif;NBL;0.0327;0.0327;30.4983;1.5415;0.9961;0.0503;0;;;
276;02-DAPI-1-40x-402ms.tif;NBL;0.0322;0.0322;48.229;1.5421;1.5543;0.0497;0;;;
293;02-DAPI-1-40x-402ms.tif;NBL;0.0567;0.0567;34.3021;1.543;1.9466;0.0876;0;;;
186;01-DAPI-1-40x-402ms.tif;NBL;0.0407;0.0407;46.5333;1.544;1.8934;0.0628;0;;;
1079;05-DAPI-1-40x-402ms.tif;NBL;0.0558;0.0558;42.1926;1.5447;2.3532;0.0862;0;;;
1563;08-DAPI-1-40x-402ms.tif;NBL;0.029;0.029;23.2172;1.5468;0.6726;0.0448;0;;;
880;04-DAPI-1-40x-402ms.tif;NBL;0.0288;0.0288;37.1698;1.5472;1.0688;0.0445;0;;;
1704;08-DAPI-1-40x-402ms.tif;NBL;0.0103;0.0103;32.8211;1.5474;0.3383;0.016;0;;;
2350;16-DAPI-1-40x-402ms.tif;NBL;0.0446;0.0446;90.618;1.5474;4.0412;0.069;0;;;
749;04-DAPI-1-40x-402ms.tif;NBL;0.0667;0.0667;35.7512;1.548;2.3857;0.1033;0;;;
2188;15-DAPI-1-40x-402ms.tif;NBL;0.0663;0.0663;70.1277;1.5483;4.6493;0.1026;0;;;
49;01-DAPI-1-40x-402ms.tif;NBL;0.0202;0.0202;33.8763;1.5484;0.6837;0.0312;0;;;
1768;09-DAPI-1-40x-402ms.tif;NBL;0.0637;0.0637;95.9165;1.5486;6.1093;0.0986;0;;;
1775;09-DAPI-1-40x-402ms.tif;NBL;0.0373;0.0373;84.4302;1.5494;3.1515;0.0578;0;;;
1315;06-DAPI-1-40x-402ms.tif;NBL;0.048;0.048;33.9887;1.5498;1.6301;0.0743;0;;;
239;02-DAPI-1-40x-402ms.tif;NBL;0.0403;0.0403;56.442;1.5499;2.2721;0.0624;0;;;
998;05-DAPI-1-40x-402ms.tif;NBL;0.0468;0.0468;49.29;1.5499;2.3051;0.0725;0;;;
1562;08-DAPI-1-40x-402ms.tif;NBL;0.0422;0.0422;24.2571;1.5501;1.0239;0.0654;0;;;
2381;16-DAPI-1-40x-402ms.tif;NBL;0.0367;0.0367;78.1982;1.5503;2.8679;0.0569;0;;;
510;02-DAPI-1-40x-402ms.tif;NBL;0.0299;0.0299;46.8768;1.5507;1.4039;0.0464;0;;;
2251;15-DAPI-1-40x-402ms.tif;NBL;0.0515;0.0515;66.8632;1.5516;3.4462;0.08;0;;;
1986;14-DAPI-1-40x-402ms.tif;NBL;0.0472;0.0472;66.8437;1.5517;3.1551;0.0732;0;;;
297;02-DAPI-1-40x-402ms.tif;NBL;0.0985;0.0985;42.8965;1.5518;4.2263;0.1529;0;;;
135;01-DAPI-1-40x-402ms.tif;NBL;0.0492;0.0492;46.7174;1.5519;2.2963;0.0763;0;;;
1043;05-DAPI-1-40x-402ms.tif;NBL;0.0208;0.0208;48.5573;1.5521;1.0116;0.0323;0;;;
1746;09-DAPI-1-40x-402ms.tif;NBL;0.0717;0.0717;50.4977;1.5522;3.6219;0.1113;0;;;
147;01-DAPI-1-40x-402ms.tif;NBL;0.0228;0.0228;46.4048;1.5524;1.0574;0.0354;0;;;
2471;16-DAPI-1-40x-402ms.tif;NBL;0.0298;0.0298;95.52;1.5527;2.8503;0.0463;0;;;
1765;09-DAPI-1-40x-402ms.tif;NBL;0.0318;0.0318;109.0102;1.5529;3.4657;0.0494;0;;;
2209;15-DAPI-1-40x-402ms.tif;NBL;0.0744;0.0744;72.7289;1.5539;5.4136;0.1157;0;;;
1988;14-DAPI-1-40x-402ms.tif;NBL;0.0738;0.0738;74.4882;1.5544;5.4961;0.1147;0;;;
311;02-DAPI-1-40x-402ms.tif;NBL;0.0551;0.0551;55.5925;1.5551;3.0643;0.0857;0;;;
572;03-DAPI-1-40x-402ms.tif;NBL;0.0551;0.0551;50.937;1.5551;2.8077;0.0857;0;;;
2156;15-DAPI-1-40x-402ms.tif;NBL;0.0383;0.0383;52.0255;1.5552;1.9927;0.0596;0;;;
2400;16-DAPI-1-40x-402ms.tif;NBL;0.0332;0.0332;110.5915;1.5556;3.672;0.0516;0;;;
1301;06-DAPI-1-40x-402ms.tif;NBL;0.0603;0.0603;29.7428;1.5558;1.7944;0.0939;0;;;
2014;14-DAPI-1-40x-402ms.tif;NBL;0.0379;0.0379;72.7335;1.5559;2.7543;0.0589;0;;;
2244;15-DAPI-1-40x-402ms.tif;NBL;0.0765;0.0765;56.6553;1.556;4.334;0.119;0;;;
176;01-DAPI-1-40x-402ms.tif;NBL;0.0636;0.0636;53.0648;1.5563;3.3741;0.099;0;;;
988;05-DAPI-1-40x-402ms.tif;NBL;0.0392;0.0392;45.0582;1.5568;1.765;0.061;0;;;
513;02-DAPI-1-40x-402ms.tif;NBL;0.0255;0.0255;32.4128;1.5574;0.8265;0.0397;0;;;
993;05-DAPI-1-40x-402ms.tif;NBL;0.0397;0.0397;38.4617;1.5574;1.5275;0.0618;0;;;
747;03-DAPI-1-40x-402ms.tif;NBL;0.0774;0.0774;20.6522;1.5582;1.5978;0.1206;0;;;
302;02-DAPI-1-40x-402ms.tif;NBL;0.0391;0.0391;50.9667;1.5583;1.9909;0.0609;0;;;
1804;09-DAPI-1-40x-402ms.tif;NBL;0.0278;0.0278;87.332;1.5586;2.4259;0.0433;0;;;
1549;08-DAPI-1-40x-402ms.tif;NBL;0.0656;0.0656;29.9603;1.5587;1.9668;0.1023;0;;;
1252;06-DAPI-1-40x-402ms.tif;NBL;0.0729;0.0729;24.3497;1.5595;1.7755;0.1137;0;;;
2416;16-DAPI-1-40x-402ms.tif;NBL;0.0237;0.0237;118.0229;1.5596;2.7918;0.0369;0;;;
493;02-DAPI-1-40x-402ms.tif;NBL;0.0136;0.0136;49.904;1.56;0.6769;0.0212;0;;;
2430;16-DAPI-1-40x-402ms.tif;NBL;0.0326;0.0326;62.57;1.56;2.0368;0.0508;0;;;
1619;08-DAPI-1-40x-402ms.tif;NBL;0.0126;0.0126;28.0862;1.5603;0.3535;0.0196;0;;;
989;05-DAPI-1-40x-402ms.tif;NBL;0.0623;0.0623;40.4408;1.561;2.5188;0.0972;0;;;
425;02-DAPI-1-40x-402ms.tif;NBL;0.0487;0.0487;50.1982;1.5612;2.4456;0.0761;0;;;
759;04-DAPI-1-40x-402ms.tif;NBL;0.0552;0.0552;46.6031;1.5619;2.5739;0.0863;0;;;
1701;08-DAPI-1-40x-402ms.tif;NBL;0.0295;0.0295;25.1581;1.5625;0.7425;0.0461;0;;;
2167;15-DAPI-1-40x-402ms.tif;NBL;0.0122;0.0122;58.4911;1.5625;0.7108;0.019;0;;;
2182;15-DAPI-1-40x-402ms.tif;NBL;0.033;0.033;74;1.5625;2.441;0.0515;0;;;
1410;07-DAPI-1-40x-402ms.tif;NBL;0.0953;0.0953;18.5205;1.5626;1.7644;0.1489;0;;;
2057;14-DAPI-1-40x-402ms.tif;NBL;0.0212;0.0212;72.7179;1.5641;1.5386;0.0331;0;;;
1666;08-DAPI-1-40x-402ms.tif;NBL;0.0329;0.0329;28.5182;1.5644;0.9376;0.0514;0;;;
954;04-DAPI-1-40x-402ms.tif;NBL;0.0175;0.0175;41.4783;1.5652;0.7246;0.0273;0;;;
1349;06-DAPI-1-40x-402ms.tif;NBL;0.0275;0.0275;33.0158;1.5652;0.9064;0.043;0;;;
2258;15-DAPI-1-40x-402ms.tif;NBL;0.0716;0.0716;64.7348;1.5652;4.636;0.1121;0;;;
556;03-DAPI-1-40x-402ms.tif;NBL;0.1161;0.1161;57.0215;1.5664;6.6203;0.1819;0;;;
1234;06-DAPI-1-40x-402ms.tif;NBL;0.0285;0.0285;34.616;1.5665;0.9878;0.0447;0;;;
1411;07-DAPI-1-40x-402ms.tif;NBL;0.1076;0.1076;17.6845;1.5665;1.9035;0.1686;0;;;
92;01-DAPI-1-40x-402ms.tif;NBL;0.0896;0.0896;40.8608;1.5666;3.6622;0.1404;0;;;
1756;09-DAPI-1-40x-402ms.tif;NBL;0.0413;0.0413;86.5696;1.5669;3.5789;0.0648;0;;;
477;02-DAPI-1-40x-402ms.tif;NBL;0.0339;0.0339;29.3878;1.5673;0.9949;0.0531;0;;;
274;02-DAPI-1-40x-402ms.tif;NBL;0.0547;0.0547;42.8254;1.5675;2.342;0.0857;0;;;
916;04-DAPI-1-40x-402ms.tif;NBL;0.0409;0.0409;42.3501;1.5676;1.7324;0.0641;0;;;
1558;08-DAPI-1-40x-402ms.tif;NBL;0.0489;0.0489;32.6319;1.5676;1.5969;0.0767;0;;;
939;04-DAPI-1-40x-402ms.tif;NBL;0.0334;0.0334;45.4708;1.5682;1.5196;0.0524;0;;;
106;01-DAPI-1-40x-402ms.tif;NBL;0.0309;0.0309;66.6;1.5684;2.0596;0.0485;0;;;
2314;16-DAPI-1-40x-402ms.tif;NBL;0.0468;0.0468;104.0371;1.5684;4.8655;0.0734;0;;;
1258;06-DAPI-1-40x-402ms.tif;NBL;0.0428;0.0428;36.3426;1.5685;1.5537;0.0671;0;;;
526;03-DAPI-1-40x-402ms.tif;NBL;0.0393;0.0393;58.0276;1.5691;2.2793;0.0616;0;;;
396;02-DAPI-1-40x-402ms.tif;NBL;0.0509;0.0509;46.0768;1.5693;2.3448;0.0799;0;;;
1656;08-DAPI-1-40x-402ms.tif;NBL;0.029;0.029;34.015;1.5693;0.9855;0.0455;0;;;
146;01-DAPI-1-40x-402ms.tif;NBL;0.0232;0.0232;43.7056;1.5701;1.0149;0.0365;0;;;
1622;08-DAPI-1-40x-402ms.tif;NBL;0.0293;0.0293;36.8296;1.5704;1.079;0.046;0;;;
264;02-DAPI-1-40x-402ms.tif;NBL;0.0169;0.0169;60.7179;1.5705;1.0278;0.0266;0;;;
2362;16-DAPI-1-40x-402ms.tif;NBL;0.0339;0.0339;92.1859;1.5705;3.1209;0.0532;0;;;
1282;06-DAPI-1-40x-402ms.tif;NBL;0.0675;0.0675;26.8585;1.5707;1.8127;0.106;0;;;
2112;15-DAPI-1-40x-402ms.tif;NBL;0.0281;0.0281;71.5676;1.5714;2.0113;0.0442;0;;;
34;01-DAPI-1-40x-402ms.tif;NBL;0.0438;0.0438;53.4901;1.5718;2.3448;0.0689;0;;;
339;02-DAPI-1-40x-402ms.tif;NBL;0.0226;0.0226;70.6827;1.5721;1.5953;0.0355;0;;;
1311;06-DAPI-1-40x-402ms.tif;NBL;0.0662;0.0662;29.7082;1.5721;1.9664;0.1041;0;;;
4;01-DAPI-1-40x-402ms.tif;NBL;0.0328;0.0328;59.9172;1.5728;1.9634;0.0515;0;;;
93;01-DAPI-1-40x-402ms.tif;NBL;0.0468;0.0468;37.6288;1.5731;1.7598;0.0736;0;;;
1197;05-DAPI-1-40x-402ms.tif;NBL;0.0318;0.0318;47.8703;1.5734;1.5219;0.05;0;;;
797;04-DAPI-1-40x-402ms.tif;NBL;0.068;0.068;45.7161;1.5742;3.1102;0.1071;0;;;
316;02-DAPI-1-40x-402ms.tif;NBL;0.0219;0.0219;53.3663;1.5743;1.1697;0.0345;0;;;
229;02-DAPI-1-40x-402ms.tif;NBL;0.0327;0.0327;57.5017;1.5748;1.878;0.0514;0;;;
2256;15-DAPI-1-40x-402ms.tif;NBL;0.1153;0.1153;66.1373;1.5748;7.6285;0.1816;0;;;
184;01-DAPI-1-40x-402ms.tif;NBL;0.0268;0.0268;57.6559;1.5749;1.5452;0.0422;0;;;
1284;06-DAPI-1-40x-402ms.tif;NBL;0.0659;0.0659;22.598;1.575;1.4884;0.1037;0;;;
1552;08-DAPI-1-40x-402ms.tif;NBL;0.0687;0.0687;29.5656;1.575;2.0307;0.1082;0;;;
834;04-DAPI-1-40x-402ms.tif;NBL;0.0245;0.0245;68.5708;1.5752;1.6815;0.0386;0;;;
877;04-DAPI-1-40x-402ms.tif;NBL;0.0289;0.0289;58.5414;1.5752;1.6897;0.0455;0;;;
1200;05-DAPI-1-40x-402ms.tif;NBL;0.0202;0.0202;33.5591;1.5753;0.6773;0.0318;0;;;
196;01-DAPI-1-40x-402ms.tif;NBL;0.022;0.022;38.67;1.5764;0.8518;0.0347;0;;;
2245;15-DAPI-1-40x-402ms.tif;NBL;0.0438;0.0438;58.3738;1.5767;2.5589;0.0691;0;;;
472;02-DAPI-1-40x-402ms.tif;NBL;0.0387;0.0387;27.986;1.577;1.0841;0.0611;0;;;
1028;05-DAPI-1-40x-402ms.tif;NBL;0.0422;0.0422;42.3239;1.5784;1.7865;0.0666;0;;;
1297;06-DAPI-1-40x-402ms.tif;NBL;0.0653;0.0653;28.1063;1.5797;1.8359;0.1032;0;;;
1286;06-DAPI-1-40x-402ms.tif;NBL;0.0437;0.0437;28.6005;1.5806;1.2507;0.0691;0;;;
2263;15-DAPI-1-40x-402ms.tif;NBL;0.0626;0.0626;81.1075;1.5806;5.078;0.099;0;;;
312;02-DAPI-1-40x-402ms.tif;NBL;0.0409;0.0409;62.8488;1.5809;2.571;0.0647;0;;;
458;02-DAPI-1-40x-402ms.tif;NBL;0.0554;0.0554;51.3483;1.5812;2.8471;0.0877;0;;;
63;01-DAPI-1-40x-402ms.tif;NBL;0.0457;0.0457;42.905;1.5819;1.96;0.0723;0;;;
2472;16-DAPI-1-40x-402ms.tif;NBL;0.0382;0.0382;113.3324;1.5824;4.3287;0.0604;0;;;
2397;16-DAPI-1-40x-402ms.tif;NBL;0.0622;0.0622;91.3595;1.5829;5.6802;0.0984;0;;;
1427;07-DAPI-1-40x-402ms.tif;NBL;0.0411;0.0411;25.7493;1.5831;1.0589;0.0651;0;;;
1474;07-DAPI-1-40x-402ms.tif;NBL;0.0461;0.0461;20.4447;1.5835;0.9428;0.073;0;;;
2470;16-DAPI-1-40x-402ms.tif;NBL;0.0266;0.0266;78.5347;1.5837;2.0878;0.0421;0;;;
1017;05-DAPI-1-40x-402ms.tif;NBL;0.0358;0.0358;39.1152;1.5848;1.4006;0.0567;0;;;
2426;16-DAPI-1-40x-402ms.tif;NBL;0.0207;0.0207;107.6649;1.5864;2.2313;0.0329;0;;;
800;04-DAPI-1-40x-402ms.tif;NBL;0.0738;0.0738;43.3794;1.5868;3.2007;0.1171;0;;;
733;03-DAPI-1-40x-402ms.tif;NBL;0.0229;0.0229;56.872;1.5877;1.3021;0.0363;0;;;
2355;16-DAPI-1-40x-402ms.tif;NBL;0.0332;0.0332;110.8758;1.5882;3.6814;0.0527;0;;;
2140;15-DAPI-1-40x-402ms.tif;NBL;0.0878;0.0878;62.9456;1.5884;5.5255;0.1394;0;;;
203;02-DAPI-1-40x-402ms.tif;NBL;0.0171;0.0171;62.0127;1.5886;1.0632;0.0272;0;;;
921;04-DAPI-1-40x-402ms.tif;NBL;0.0464;0.0464;35.1121;1.5888;1.6306;0.0738;0;;;
1055;05-DAPI-1-40x-402ms.tif;NBL;0.0499;0.0499;45.1217;1.5891;2.2522;0.0793;0;;;
1355;06-DAPI-1-40x-402ms.tif;NBL;0.0196;0.0196;29.6022;1.5912;0.5814;0.0312;0;;;
1285;06-DAPI-1-40x-402ms.tif;NBL;0.0699;0.0699;26.9224;1.5916;1.8813;0.1112;0;;;
551;03-DAPI-1-40x-402ms.tif;NBL;0.0449;0.0449;47.9034;1.5918;2.1519;0.0715;0;;;
550;03-DAPI-1-40x-402ms.tif;NBL;0.0322;0.0322;51.3367;1.5926;1.6544;0.0513;0;;;
986;05-DAPI-1-40x-402ms.tif;NBL;0.041;0.041;55.7354;1.5926;2.286;0.0653;0;;;
2374;16-DAPI-1-40x-402ms.tif;NBL;0.0291;0.0291;109.6045;1.5933;3.1873;0.0463;0;;;
2221;15-DAPI-1-40x-402ms.tif;NBL;0.072;0.072;75.9488;1.5934;5.472;0.1148;0;;;
1556;08-DAPI-1-40x-402ms.tif;NBL;0.0678;0.0678;25.7728;1.5936;1.7478;0.1081;0;;;
1766;09-DAPI-1-40x-402ms.tif;NBL;0.0208;0.0208;117.6094;1.5938;2.4502;0.0332;0;;;
2161;15-DAPI-1-40x-402ms.tif;NBL;0.0104;0.0104;60.3438;1.5938;0.6286;0.0166;0;;;
981;05-DAPI-1-40x-402ms.tif;NBL;0.0566;0.0566;46.1533;1.5939;2.6141;0.0903;0;;;
2278;15-DAPI-1-40x-402ms.tif;NBL;0.0235;0.0235;63.0553;1.5945;1.4847;0.0375;0;;;
1908;09-DAPI-1-40x-402ms.tif;NBL;0.0297;0.0297;57.5912;1.5949;1.7122;0.0474;0;;;
787;04-DAPI-1-40x-402ms.tif;NBL;0.0532;0.0532;42.4061;1.5959;2.2547;0.0849;0;;;
2189;15-DAPI-1-40x-402ms.tif;NBL;0.022;0.022;80.5567;1.5961;1.7744;0.0352;0;;;
795;04-DAPI-1-40x-402ms.tif;NBL;0.0557;0.0557;48.5283;1.5965;2.7013;0.0889;0;;;
2113;15-DAPI-1-40x-402ms.tif;NBL;0.0853;0.0853;59.1005;1.5967;5.0405;0.1362;0;;;
2043;14-DAPI-1-40x-402ms.tif;NBL;0.0873;0.0873;59.072;1.5975;5.1598;0.1395;0;;;
857;04-DAPI-1-40x-402ms.tif;NBL;0.0399;0.0399;58.288;1.5978;2.3275;0.0638;0;;;
854;04-DAPI-1-40x-402ms.tif;NBL;0.0337;0.0337;48.0418;1.5981;1.6212;0.0539;0;;;
2139;15-DAPI-1-40x-402ms.tif;NBL;0.0484;0.0484;42.6592;1.5987;2.0645;0.0774;0;;;
1195;05-DAPI-1-40x-402ms.tif;NBL;0.0514;0.0514;36.9768;1.5992;1.9018;0.0822;0;;;
1006;05-DAPI-1-40x-402ms.tif;NBL;0.0393;0.0393;57.8481;1.5994;2.2722;0.0628;0;;;
2115;15-DAPI-1-40x-402ms.tif;NBL;0.084;0.084;70.0284;1.5995;5.8813;0.1343;0;;;
798;04-DAPI-1-40x-402ms.tif;NBL;0.0523;0.0523;45.8299;1.5996;2.3969;0.0837;0;;;
238;02-DAPI-1-40x-402ms.tif;NBL;0.0521;0.0521;46.0208;1.6;2.3969;0.0833;0;;;
2418;16-DAPI-1-40x-402ms.tif;NBL;0.041;0.041;110.5741;1.6005;4.5353;0.0656;0;;;
671;03-DAPI-1-40x-402ms.tif;NBL;0.035;0.035;35.1548;1.6006;1.2321;0.0561;0;;;
2194;15-DAPI-1-40x-402ms.tif;NBL;0.056;0.056;74.8527;1.6008;4.191;0.0896;0;;;
1011;05-DAPI-1-40x-402ms.tif;NBL;0.0669;0.0669;38.7407;1.6013;2.5936;0.1072;0;;;
987;05-DAPI-1-40x-402ms.tif;NBL;0.0722;0.0722;40.8962;1.6015;2.951;0.1156;0;;;
850;04-DAPI-1-40x-402ms.tif;NBL;0.039;0.039;41.3565;1.6017;1.611;0.0624;0;;;
19;01-DAPI-1-40x-402ms.tif;NBL;0.0224;0.0224;54.0874;1.6019;1.209;0.0358;0;;;
2493;16-DAPI-1-40x-402ms.tif;NBL;0.0207;0.0207;104.466;1.6021;2.165;0.0332;0;;;
1670;08-DAPI-1-40x-402ms.tif;NBL;0.0297;0.0297;30.4489;1.6022;0.9053;0.0476;0;;;
2131;15-DAPI-1-40x-402ms.tif;NBL;0.0852;0.0852;70.2561;1.6025;5.9843;0.1365;0;;;
398;02-DAPI-1-40x-402ms.tif;NBL;0.0423;0.0423;72.2231;1.6026;3.0563;0.0678;0;;;
2260;15-DAPI-1-40x-402ms.tif;NBL;0.0589;0.0589;60.0055;1.6041;3.5355;0.0945;0;;;
254;02-DAPI-1-40x-402ms.tif;NBL;0.0337;0.0337;58.5273;1.6045;1.975;0.0541;0;;;
796;04-DAPI-1-40x-402ms.tif;NBL;0.0377;0.0377;40.513;1.6052;1.5254;0.0604;0;;;
1554;08-DAPI-1-40x-402ms.tif;NBL;0.0561;0.0561;28.5029;1.6054;1.599;0.0901;0;;;
1300;06-DAPI-1-40x-402ms.tif;NBL;0.0355;0.0355;21.0703;1.6055;0.7476;0.057;0;;;
2003;14-DAPI-1-40x-402ms.tif;NBL;0.0154;0.0154;62.8099;1.6056;0.9678;0.0247;0;;;
1692;08-DAPI-1-40x-402ms.tif;NBL;0.0328;0.0328;23.6821;1.606;0.776;0.0526;0;;;
1273;06-DAPI-1-40x-402ms.tif;NBL;0.0645;0.0645;23.3872;1.6061;1.5074;0.1035;0;;;
2351;16-DAPI-1-40x-402ms.tif;NBL;0.0562;0.0562;84.4247;1.6062;4.7452;0.0903;0;;;
825;04-DAPI-1-40x-402ms.tif;NBL;0.035;0.035;56.4149;1.6068;1.9772;0.0563;0;;;
266;02-DAPI-1-40x-402ms.tif;NBL;0.0238;0.0238;57.7443;1.6073;1.3722;0.0382;0;;;
50;01-DAPI-1-40x-402ms.tif;NBL;0.0321;0.0321;69.8007;1.6081;2.2419;0.0516;0;;;
574;03-DAPI-1-40x-402ms.tif;NBL;0.0476;0.0476;49.2665;1.6082;2.3468;0.0766;0;;;
867;04-DAPI-1-40x-402ms.tif;NBL;0.038;0.038;48.8486;1.6086;1.8551;0.0611;0;;;
2148;15-DAPI-1-40x-402ms.tif;NBL;0.0463;0.0463;80.4848;1.6089;3.7291;0.0745;0;;;
424;02-DAPI-1-40x-402ms.tif;NBL;0.0422;0.0422;51.4653;1.6093;2.1723;0.0679;0;;;
863;04-DAPI-1-40x-402ms.tif;NBL;0.0425;0.0425;45.9005;1.6097;1.9524;0.0685;0;;;
991;05-DAPI-1-40x-402ms.tif;NBL;0.034;0.034;37.1629;1.6102;1.2622;0.0547;0;;;
1281;06-DAPI-1-40x-402ms.tif;NBL;0.0686;0.0686;24.9383;1.6108;1.7102;0.1105;0;;;
2246;15-DAPI-1-40x-402ms.tif;NBL;0.0678;0.0678;66.2608;1.6112;4.4936;0.1093;0;;;
366;02-DAPI-1-40x-402ms.tif;NBL;0.0573;0.0573;53.1534;1.6117;3.0452;0.0923;0;;;
1632;08-DAPI-1-40x-402ms.tif;NBL;0.0257;0.0257;33.7806;1.6118;0.8687;0.0414;0;;;
751;04-DAPI-1-40x-402ms.tif;NBL;0.0266;0.0266;38.4286;1.6122;1.0216;0.0429;0;;;
668;03-DAPI-1-40x-402ms.tif;NBL;0.0299;0.0299;42.558;1.6123;1.2745;0.0483;0;;;
2150;15-DAPI-1-40x-402ms.tif;NBL;0.0546;0.0546;68.5109;1.6123;3.7393;0.088;0;;;
48;01-DAPI-1-40x-402ms.tif;NBL;0.0155;0.0155;45.5874;1.6154;0.7074;0.0251;0;;;
323;02-DAPI-1-40x-402ms.tif;NBL;0.0268;0.0268;53.2024;1.6154;1.4259;0.0433;0;;;
1268;06-DAPI-1-40x-402ms.tif;NBL;0.1134;0.1134;20.6545;1.6163;2.342;0.1833;0;;;
922;04-DAPI-1-40x-402ms.tif;NBL;0.0716;0.0716;41.5136;1.6167;2.973;0.1158;0;;;
234;02-DAPI-1-40x-402ms.tif;NBL;0.0595;0.0595;50.7226;1.6168;3.0161;0.0961;0;;;
570;03-DAPI-1-40x-402ms.tif;NBL;0.064;0.064;46.9542;1.6169;3.006;0.1035;0;;;
1469;07-DAPI-1-40x-402ms.tif;NBL;0.1058;0.1058;14.9333;1.6174;1.5799;0.1711;0;;;
159;01-DAPI-1-40x-402ms.tif;NBL;0.0506;0.0506;55.4485;1.618;2.8037;0.0818;0;;;
255;02-DAPI-1-40x-402ms.tif;NBL;0.043;0.043;46.2071;1.6187;1.9855;0.0696;0;;;
365;02-DAPI-1-40x-402ms.tif;NBL;0.0524;0.0524;40.3437;1.619;2.1144;0.0849;0;;;
956;04-DAPI-1-40x-402ms.tif;NBL;0.038;0.038;44.2229;1.62;1.6795;0.0615;0;;;
417;02-DAPI-1-40x-402ms.tif;NBL;0.0506;0.0506;41.2275;1.6202;2.0846;0.0819;0;;;
2311;16-DAPI-1-40x-402ms.tif;NBL;0.0315;0.0315;83.2897;1.6207;2.6209;0.051;0;;;
1022;05-DAPI-1-40x-402ms.tif;NBL;0.0238;0.0238;33.0548;1.621;0.7855;0.0385;0;;;
2242;15-DAPI-1-40x-402ms.tif;NBL;0.0267;0.0267;56.9472;1.622;1.5201;0.0433;0;;;
1997;14-DAPI-1-40x-402ms.tif;NBL;0.0265;0.0265;50.1721;1.623;1.3283;0.043;0;;;
283;02-DAPI-1-40x-402ms.tif;NBL;0.0672;0.0672;54.6139;1.6236;3.6682;0.109;0;;;
801;04-DAPI-1-40x-402ms.tif;NBL;0.0355;0.0355;49.8685;1.6239;1.7694;0.0576;0;;;
765;04-DAPI-1-40x-402ms.tif;NBL;0.0791;0.0791;46.9355;1.6241;3.7127;0.1285;0;;;
256;02-DAPI-1-40x-402ms.tif;NBL;0.0208;0.0208;54.5781;1.625;1.137;0.0339;0;;;
2356;16-DAPI-1-40x-402ms.tif;NBL;0.0378;0.0378;118.6034;1.6264;4.4785;0.0614;0;;;
2217;15-DAPI-1-40x-402ms.tif;NBL;0.0343;0.0343;53.4114;1.6266;1.8314;0.0558;0;;;
72;01-DAPI-1-40x-402ms.tif;NBL;0.0384;0.0384;57.8616;1.6271;2.2225;0.0625;0;;;
1133;05-DAPI-1-40x-402ms.tif;NBL;0.0591;0.0591;49.3908;1.6275;2.9208;0.0962;0;;;
2151;15-DAPI-1-40x-402ms.tif;NBL;0.0379;0.0379;71.6074;1.6275;2.7117;0.0616;0;;;
568;03-DAPI-1-40x-402ms.tif;NBL;0.0425;0.0425;56.7347;1.6276;2.4132;0.0692;0;;;
729;03-DAPI-1-40x-402ms.tif;NBL;0.0157;0.0157;52.6138;1.6276;0.8278;0.0256;0;;;
766;04-DAPI-1-40x-402ms.tif;NBL;0.0595;0.0595;51.062;1.6277;3.0362;0.0968;0;;;
1004;05-DAPI-1-40x-402ms.tif;NBL;0.0373;0.0373;43.8924;1.6279;1.6383;0.0608;0;;;
180;01-DAPI-1-40x-402ms.tif;NBL;0.0225;0.0225;49.8261;1.628;1.1191;0.0366;0;;;
790;04-DAPI-1-40x-402ms.tif;NBL;0.0543;0.0543;41.668;1.628;2.2606;0.0883;0;;;
418;02-DAPI-1-40x-402ms.tif;NBL;0.0652;0.0652;29.8935;1.629;1.9494;0.1062;0;;;
360;02-DAPI-1-40x-402ms.tif;NBL;0.0546;0.0546;51.7714;1.6302;2.8256;0.089;0;;;
328;02-DAPI-1-40x-402ms.tif;NBL;0.0253;0.0253;59.9914;1.6309;1.5167;0.0412;0;;;
421;02-DAPI-1-40x-402ms.tif;NBL;0.0323;0.0323;58.698;1.6309;1.898;0.0527;0;;;
1082;05-DAPI-1-40x-402ms.tif;NBL;0.0153;0.0153;46.8085;1.6312;0.7161;0.025;0;;;
724;03-DAPI-1-40x-402ms.tif;NBL;0.0358;0.0358;56.4242;1.6333;2.0204;0.0585;0;;;
1014;05-DAPI-1-40x-402ms.tif;NBL;0.0519;0.0519;39.8326;1.6339;2.066;0.0847;0;;;
1588;08-DAPI-1-40x-402ms.tif;NBL;0.0465;0.0465;27.7249;1.634;1.2906;0.0761;0;;;
1663;08-DAPI-1-40x-402ms.tif;NBL;0.0255;0.0255;29.0426;1.634;0.7406;0.0417;0;;;
983;05-DAPI-1-40x-402ms.tif;NBL;0.0294;0.0294;58.5387;1.6347;1.7214;0.0481;0;;;
1764;09-DAPI-1-40x-402ms.tif;NBL;0.0205;0.0205;123.3386;1.6349;2.5294;0.0335;0;;;
754;04-DAPI-1-40x-402ms.tif;NBL;0.0369;0.0369;61.1912;1.6353;2.2575;0.0603;0;;;
300;02-DAPI-1-40x-402ms.tif;NBL;0.0581;0.0581;57.1215;1.6355;3.316;0.0949;0;;;
1027;05-DAPI-1-40x-402ms.tif;NBL;0.0394;0.0394;44.5289;1.6364;1.7539;0.0645;0;;;
783;04-DAPI-1-40x-402ms.tif;NBL;0.0627;0.0627;51.3287;1.6367;3.2192;0.1026;0;;;
1471;07-DAPI-1-40x-402ms.tif;NBL;0.1013;0.1013;19.7227;1.637;1.9988;0.1659;0;;;
1026;05-DAPI-1-40x-402ms.tif;NBL;0.0284;0.0284;48.7824;1.6374;1.3868;0.0465;0;;;
2214;15-DAPI-1-40x-402ms.tif;NBL;0.0817;0.0817;68.664;1.6375;5.6102;0.1338;0;;;
133;01-DAPI-1-40x-402ms.tif;NBL;0.0273;0.0273;45.5794;1.6389;1.2463;0.0448;0;;;
1106;05-DAPI-1-40x-402ms.tif;NBL;0.0163;0.0163;49.42;1.64;0.8044;0.0267;0;;;
2138;15-DAPI-1-40x-402ms.tif;NBL;0.0356;0.0356;63.5549;1.6402;2.2619;0.0584;0;;;
1723;08-DAPI-1-40x-402ms.tif;NBL;0.0272;0.0272;20.3347;1.6414;0.5538;0.0447;0;;;
1576;08-DAPI-1-40x-402ms.tif;NBL;0.0431;0.0431;23.8992;1.6423;1.0295;0.0707;0;;;
1803;09-DAPI-1-40x-402ms.tif;NBL;0.0228;0.0228;106.7762;1.6429;2.4331;0.0374;0;;;
2342;16-DAPI-1-40x-402ms.tif;NBL;0.066;0.066;59.6842;1.6431;3.9375;0.1084;0;;;
784;04-DAPI-1-40x-402ms.tif;NBL;0.0381;0.0381;46.0712;1.6439;1.7547;0.0626;0;;;
1583;08-DAPI-1-40x-402ms.tif;NBL;0.0318;0.0318;28.3481;1.6451;0.9013;0.0523;0;;;
2320;16-DAPI-1-40x-402ms.tif;NBL;0.0433;0.0433;62.7243;1.6466;2.7156;0.0713;0;;;
230;02-DAPI-1-40x-402ms.tif;NBL;0.0129;0.0129;48.2269;1.6471;0.6227;0.0213;0;;;
976;05-DAPI-1-40x-402ms.tif;NBL;0.0618;0.0618;43.5491;1.6474;2.6935;0.1019;0;;;
243;02-DAPI-1-40x-402ms.tif;NBL;0.0286;0.0286;45.053;1.6477;1.2906;0.0472;0;;;
2157;15-DAPI-1-40x-402ms.tif;NBL;0.0567;0.0567;59.1453;1.6482;3.3564;0.0935;0;;;
1099;05-DAPI-1-40x-402ms.tif;NBL;0.0229;0.0229;46.8957;1.6493;1.0737;0.0378;0;;;
799;04-DAPI-1-40x-402ms.tif;NBL;0.0608;0.0608;41.6446;1.65;2.5305;0.1003;0;;;
2345;16-DAPI-1-40x-402ms.tif;NBL;0.0397;0.0397;103.8962;1.6503;4.1261;0.0655;0;;;
2379;16-DAPI-1-40x-402ms.tif;NBL;0.0255;0.0255;98.7064;1.6511;2.5169;0.0421;0;;;
1545;08-DAPI-1-40x-402ms.tif;NBL;0.0305;0.0305;31.2847;1.6512;0.9539;0.0503;0;;;
60;01-DAPI-1-40x-402ms.tif;NBL;0.0426;0.0426;59.0076;1.6514;2.5163;0.0704;0;;;
791;04-DAPI-1-40x-402ms.tif;NBL;0.0393;0.0393;51.7514;1.6519;2.0328;0.0649;0;;;
2253;15-DAPI-1-40x-402ms.tif;NBL;0.0471;0.0471;70.1475;1.6521;3.3034;0.0778;0;;;
1033;05-DAPI-1-40x-402ms.tif;NBL;0.0324;0.0324;49.6187;1.6522;1.6098;0.0536;0;;;
1725;09-DAPI-1-40x-402ms.tif;NBL;0.0366;0.0366;119.3828;1.6528;4.3655;0.0604;0;;;
213;02-DAPI-1-40x-402ms.tif;NBL;0.0404;0.0404;60.0403;1.6532;2.4235;0.0667;0;;;
361;02-DAPI-1-40x-402ms.tif;NBL;0.0608;0.0608;52.1482;1.6536;3.1687;0.1005;0;;;
2286;15-DAPI-1-40x-402ms.tif;NBL;0.0436;0.0436;53.1567;1.6542;2.3187;0.0722;0;;;
2008;14-DAPI-1-40x-402ms.tif;NBL;0.0148;0.0148;57.9632;1.6544;0.8554;0.0244;0;;;
1751;09-DAPI-1-40x-402ms.tif;NBL;0.0267;0.0267;114.2114;1.6545;3.0486;0.0442;0;;;
2465;16-DAPI-1-40x-402ms.tif;NBL;0.0217;0.0217;80.685;1.655;1.751;0.0359;0;;;
1018;05-DAPI-1-40x-402ms.tif;NBL;0.0469;0.0469;35.7986;1.6551;1.6781;0.0776;0;;;
730;03-DAPI-1-40x-402ms.tif;NBL;0.0164;0.0164;71.8609;1.6556;1.1774;0.0271;0;;;
1318;06-DAPI-1-40x-402ms.tif;NBL;0.0471;0.0471;32.7673;1.659;1.5431;0.0781;0;;;
1298;06-DAPI-1-40x-402ms.tif;NBL;0.0392;0.0392;28.1884;1.6593;1.1042;0.065;0;;;
326;02-DAPI-1-40x-402ms.tif;NBL;0.0268;0.0268;60.0283;1.6599;1.6088;0.0445;0;;;
1334;06-DAPI-1-40x-402ms.tif;NBL;0.0501;0.0501;25.9091;1.6602;1.2988;0.0832;0;;;
1577;08-DAPI-1-40x-402ms.tif;NBL;0.062;0.062;28.8634;1.6602;1.7883;0.1029;0;;;
278;02-DAPI-1-40x-402ms.tif;NBL;0.0433;0.0433;42.3083;1.6617;1.8317;0.0719;0;;;
2216;15-DAPI-1-40x-402ms.tif;NBL;0.0337;0.0337;56.7781;1.6624;1.916;0.0561;0;;;
1264;06-DAPI-1-40x-402ms.tif;NBL;0.0457;0.0457;33.209;1.6627;1.517;0.076;0;;;
1137;05-DAPI-1-40x-402ms.tif;NBL;0.0126;0.0126;50.8534;1.6638;0.6401;0.0209;0;;;
1016;05-DAPI-1-40x-402ms.tif;NBL;0.0611;0.0611;34.0337;1.6643;2.0791;0.1017;0;;;
379;02-DAPI-1-40x-402ms.tif;NBL;0.0941;0.0941;39.91;1.6644;3.7546;0.1566;0;;;
2202;15-DAPI-1-40x-402ms.tif;NBL;0.0388;0.0388;60.419;1.6648;2.347;0.0647;0;;;
807;04-DAPI-1-40x-402ms.tif;NBL;0.047;0.047;31.3002;1.6651;1.4706;0.0782;0;;;
178;01-DAPI-1-40x-402ms.tif;NBL;0.0481;0.0481;58.2709;1.6659;2.801;0.0801;0;;;
244;02-DAPI-1-40x-402ms.tif;NBL;0.0215;0.0215;68.9293;1.6667;1.4809;0.0358;0;;;
948;04-DAPI-1-40x-402ms.tif;NBL;0.0231;0.0231;34.554;1.6667;0.7986;0.0385;0;;;
2111;15-DAPI-1-40x-402ms.tif;NBL;0.0417;0.0417;84.8281;1.6667;3.5345;0.0694;0;;;
1689;08-DAPI-1-40x-402ms.tif;NBL;0.0275;0.0275;24.1225;1.668;0.6622;0.0458;0;;;
2405;16-DAPI-1-40x-402ms.tif;NBL;0.0355;0.0355;116.7829;1.6697;4.1437;0.0592;0;;;
1625;08-DAPI-1-40x-402ms.tif;NBL;0.0534;0.0534;24.5366;1.6707;1.3099;0.0892;0;;;
1631;08-DAPI-1-40x-402ms.tif;NBL;0.0336;0.0336;29.7065;1.671;0.9992;0.0562;0;;;
1053;05-DAPI-1-40x-402ms.tif;NBL;0.042;0.042;47.0207;1.6718;1.9745;0.0702;0;;;
206;02-DAPI-1-40x-402ms.tif;NBL;0.0153;0.0153;65.6241;1.6738;1.004;0.0256;0;;;
1260;06-DAPI-1-40x-402ms.tif;NBL;0.0214;0.0214;37.2081;1.6751;0.7954;0.0358;0;;;
84;01-DAPI-1-40x-402ms.tif;NBL;0.0449;0.0449;60.1957;1.6763;2.7041;0.0753;0;;;
2464;16-DAPI-1-40x-402ms.tif;NBL;0.0208;0.0208;58.5521;1.6771;1.2198;0.0349;0;;;
1;01-DAPI-1-40x-402ms.tif;NBL;0.0447;0.0447;66.1092;1.6772;2.9554;0.075;0;;;
295;02-DAPI-1-40x-402ms.tif;NBL;0.0527;0.0527;48.2222;1.679;2.543;0.0885;0;;;
1440;07-DAPI-1-40x-402ms.tif;NBL;0.068;0.068;23.3907;1.6794;1.5914;0.1143;0;;;
2226;15-DAPI-1-40x-402ms.tif;NBL;0.0254;0.0254;53.5256;1.6795;1.359;0.0426;0;;;
2016;14-DAPI-1-40x-402ms.tif;NBL;0.057;0.057;73.2724;1.68;4.174;0.0957;0;;;
2259;15-DAPI-1-40x-402ms.tif;NBL;0.0408;0.0408;65.9043;1.6809;2.6888;0.0686;0;;;
2446;16-DAPI-1-40x-402ms.tif;NBL;0.0426;0.0426;99;1.6819;4.2217;0.0717;0;;;
2357;16-DAPI-1-40x-402ms.tif;NBL;0.0328;0.0328;104.5331;1.6821;3.4255;0.0551;0;;;
2415;16-DAPI-1-40x-402ms.tif;NBL;0.0188;0.0188;115.8266;1.6821;2.1743;0.0316;0;;;
2383;16-DAPI-1-40x-402ms.tif;NBL;0.0493;0.0493;111.1938;1.6828;5.4776;0.0829;0;;;
224;02-DAPI-1-40x-402ms.tif;NBL;0.0133;0.0133;39.5447;1.6829;0.5278;0.0225;0;;;
1276;06-DAPI-1-40x-402ms.tif;NBL;0.1006;0.1006;22.8188;1.685;2.2952;0.1695;0;;;
600;03-DAPI-1-40x-402ms.tif;NBL;0.0207;0.0207;75.5602;1.6859;1.566;0.0349;0;;;
140;01-DAPI-1-40x-402ms.tif;NBL;0.0256;0.0256;62.0085;1.6864;1.5879;0.0432;0;;;
912;04-DAPI-1-40x-402ms.tif;NBL;0.0344;0.0344;29.5584;1.6877;1.0167;0.0581;0;;;
2144;15-DAPI-1-40x-402ms.tif;NBL;0.0959;0.0959;91.6968;1.6878;8.7956;0.1619;0;;;
91;01-DAPI-1-40x-402ms.tif;NBL;0.0467;0.0467;51.2465;1.6884;2.3911;0.0788;0;;;
936;04-DAPI-1-40x-402ms.tif;NBL;0.0518;0.0518;27.1111;1.6897;1.4032;0.0875;0;;;
1658;08-DAPI-1-40x-402ms.tif;NBL;0.0497;0.0497;24.5131;1.69;1.2182;0.084;0;;;
208;02-DAPI-1-40x-402ms.tif;NBL;0.0331;0.0331;65.8951;1.6918;2.1808;0.056;0;;;
329;02-DAPI-1-40x-402ms.tif;NBL;0.0155;0.0155;58.3007;1.6923;0.9046;0.0263;0;;;
30;01-DAPI-1-40x-402ms.tif;NBL;0.0502;0.0502;52.4989;1.6933;2.6375;0.0851;0;;;
805;04-DAPI-1-40x-402ms.tif;NBL;0.0475;0.0475;48.879;1.6941;2.323;0.0805;0;;;
1551;08-DAPI-1-40x-402ms.tif;NBL;0.0316;0.0316;36.9141;1.6942;1.1656;0.0535;0;;;
975;05-DAPI-1-40x-402ms.tif;NBL;0.0547;0.0547;45.1944;1.6944;2.4716;0.0927;0;;;
913;04-DAPI-1-40x-402ms.tif;NBL;0.0335;0.0335;30.7605;1.6958;1.0314;0.0569;0;;;
2459;16-DAPI-1-40x-402ms.tif;NBL;0.048;0.048;117.3484;1.6968;5.628;0.0814;0;;;
1690;08-DAPI-1-40x-402ms.tif;NBL;0.0548;0.0548;15.8396;1.697;0.8679;0.093;0;;;
212;02-DAPI-1-40x-402ms.tif;NBL;0.0498;0.0498;51.756;1.6972;2.5777;0.0845;0;;;
2282;15-DAPI-1-40x-402ms.tif;NBL;0.0566;0.0566;68.7088;1.6973;3.8917;0.0961;0;;;
62;01-DAPI-1-40x-402ms.tif;NBL;0.0431;0.0431;55.1008;1.6977;2.3736;0.0731;0;;;
947;04-DAPI-1-40x-402ms.tif;NBL;0.0187;0.0187;46.4128;1.6977;0.8662;0.0317;0;;;
835;04-DAPI-1-40x-402ms.tif;NBL;0.0191;0.0191;43.5;1.6989;0.8307;0.0324;0;;;
1998;14-DAPI-1-40x-402ms.tif;NBL;0.0177;0.0177;79.3558;1.6994;1.4035;0.0301;0;;;
13;01-DAPI-1-40x-402ms.tif;NBL;0.0676;0.0676;52.7191;1.6998;3.5638;0.1149;0;;;
2316;16-DAPI-1-40x-402ms.tif;NBL;0.0634;0.0634;100.6884;1.7003;6.3804;0.1077;0;;;
1470;07-DAPI-1-40x-402ms.tif;NBL;0.0898;0.0898;21.0507;1.7005;1.8913;0.1528;0;;;
1308;06-DAPI-1-40x-402ms.tif;NBL;0.0398;0.0398;23.6676;1.703;0.9425;0.0678;0;;;
1878;09-DAPI-1-40x-402ms.tif;NBL;0.011;0.011;75.9604;1.703;0.8325;0.0187;0;;;
2371;16-DAPI-1-40x-402ms.tif;NBL;0.0487;0.0487;99.3318;1.7038;4.8394;0.083;0;;;
325;02-DAPI-1-40x-402ms.tif;NBL;0.0213;0.0213;54.3929;1.7041;1.1568;0.0362;0;;;
1624;08-DAPI-1-40x-402ms.tif;NBL;0.055;0.055;24.497;1.7041;1.3477;0.0938;0;;;
107;01-DAPI-1-40x-402ms.tif;NBL;0.0291;0.0291;66.5821;1.7052;1.9362;0.0496;0;;;
575;03-DAPI-1-40x-402ms.tif;NBL;0.036;0.036;52.762;1.7078;1.9007;0.0615;0;;;
900;04-DAPI-1-40x-402ms.tif;NBL;0.0283;0.0283;31.2874;1.7088;0.8861;0.0484;0;;;
781;04-DAPI-1-40x-402ms.tif;NBL;0.0536;0.0536;48.6802;1.7105;2.6094;0.0917;0;;;
2280;15-DAPI-1-40x-402ms.tif;NBL;0.0443;0.0443;55.6176;1.7108;2.4622;0.0757;0;;;
310;02-DAPI-1-40x-402ms.tif;NBL;0.0253;0.0253;76.6738;1.7124;1.9385;0.0433;0;;;
693;03-DAPI-1-40x-402ms.tif;NBL;0.011;0.011;43.3267;1.7129;0.4748;0.0188;0;;;
1044;05-DAPI-1-40x-402ms.tif;NBL;0.0632;0.0632;39.7148;1.7131;2.508;0.1082;0;;;
223;02-DAPI-1-40x-402ms.tif;NBL;0.0208;0.0208;54.7917;1.7135;1.1415;0.0357;0;;;
1557;08-DAPI-1-40x-402ms.tif;NBL;0.0391;0.0391;35.5056;1.7139;1.3869;0.0669;0;;;
1580;08-DAPI-1-40x-402ms.tif;NBL;0.0281;0.0281;31.8224;1.7143;0.8943;0.0482;0;;;
1629;08-DAPI-1-40x-402ms.tif;NBL;0.0237;0.0237;26.656;1.7156;0.6305;0.0406;0;;;
36;01-DAPI-1-40x-402ms.tif;NBL;0.0191;0.0191;45.75;1.7159;0.8737;0.0328;0;;;
599;03-DAPI-1-40x-402ms.tif;NBL;0.0398;0.0398;65.5613;1.7166;2.6108;0.0684;0;;;
2233;15-DAPI-1-40x-402ms.tif;NBL;0.0833;0.0833;56.0703;1.7174;4.6725;0.1431;0;;;
290;02-DAPI-1-40x-402ms.tif;NBL;0.0551;0.0551;37.3819;1.7185;2.0605;0.0947;0;;;
2213;15-DAPI-1-40x-402ms.tif;NBL;0.0836;0.0836;73.3506;1.7195;6.1285;0.1437;0;;;
1586;08-DAPI-1-40x-402ms.tif;NBL;0.042;0.042;27.5039;1.7209;1.1549;0.0723;0;;;
767;04-DAPI-1-40x-402ms.tif;NBL;0.0533;0.0533;53.6415;1.721;2.8579;0.0917;0;;;
2456;16-DAPI-1-40x-402ms.tif;NBL;0.0528;0.0528;109.4394;1.7228;5.7831;0.091;0;;;
1003;05-DAPI-1-40x-402ms.tif;NBL;0.0381;0.0381;51.6382;1.7236;1.9667;0.0656;0;;;
1677;08-DAPI-1-40x-402ms.tif;NBL;0.0264;0.0264;28.9012;1.7243;0.762;0.0455;0;;;
1987;14-DAPI-1-40x-402ms.tif;NBL;0.0474;0.0474;60.1808;1.7254;2.8536;0.0818;0;;;
778;04-DAPI-1-40x-402ms.tif;NBL;0.0866;0.0866;41.4549;1.7256;3.5895;0.1494;0;;;
272;02-DAPI-1-40x-402ms.tif;NBL;0.0487;0.0487;37.5546;1.7261;1.8296;0.0841;0;;;
294;02-DAPI-1-40x-402ms.tif;NBL;0.0525;0.0525;38.2645;1.7273;2.0095;0.0907;0;;;
1031;05-DAPI-1-40x-402ms.tif;NBL;0.0386;0.0386;49.5562;1.7275;1.9143;0.0667;0;;;
870;04-DAPI-1-40x-402ms.tif;NBL;0.0212;0.0212;43.1846;1.7282;0.9137;0.0366;0;;;
1665;08-DAPI-1-40x-402ms.tif;NBL;0.0288;0.0288;28.8868;1.7283;0.8306;0.0497;0;;;
1275;06-DAPI-1-40x-402ms.tif;NBL;0.0262;0.0262;32.9585;1.7303;0.8619;0.0452;0;;;
275;02-DAPI-1-40x-402ms.tif;NBL;0.0291;0.0291;55.0784;1.7313;1.6017;0.0503;0;;;
15;01-DAPI-1-40x-402ms.tif;NBL;0.0194;0.0194;46.6592;1.7318;0.9062;0.0336;0;;;
557;03-DAPI-1-40x-402ms.tif;NBL;0.0523;0.0523;59.0041;1.7324;3.0859;0.0906;0;;;
2492;16-DAPI-1-40x-402ms.tif;NBL;0.048;0.048;86.4615;1.7353;4.1467;0.0832;0;;;
820;04-DAPI-1-40x-402ms.tif;NBL;0.0173;0.0173;52.5723;1.7358;0.907;0.0299;0;;;
1279;06-DAPI-1-40x-402ms.tif;NBL;0.1057;0.1057;23.3932;1.7361;2.4723;0.1835;0;;;
2223;15-DAPI-1-40x-402ms.tif;NBL;0.0463;0.0463;58.623;1.74;2.7161;0.0806;0;;;
57;01-DAPI-1-40x-402ms.tif;NBL;0.0493;0.0493;60.1542;1.7401;2.9633;0.0857;0;;;
111;01-DAPI-1-40x-402ms.tif;NBL;0.0334;0.0334;60.737;1.7403;2.0298;0.0582;0;;;
2432;16-DAPI-1-40x-402ms.tif;NBL;0.0473;0.0473;107.461;1.7408;5.0839;0.0824;0;;;
2403;16-DAPI-1-40x-402ms.tif;NBL;0.0654;0.0654;82.4527;1.7413;5.3949;0.1139;0;;;
1336;06-DAPI-1-40x-402ms.tif;NBL;0.0525;0.0525;29.5145;1.7417;1.55;0.0915;0;;;
236;02-DAPI-1-40x-402ms.tif;NBL;0.047;0.047;48.8614;1.7436;2.2957;0.0819;0;;;
2146;15-DAPI-1-40x-402ms.tif;NBL;0.0339;0.0339;78.2692;1.7436;2.6497;0.059;0;;;
1278;06-DAPI-1-40x-402ms.tif;NBL;0.0964;0.0964;24.2849;1.7444;2.34;0.1681;0;;;
788;04-DAPI-1-40x-402ms.tif;NBL;0.0705;0.0705;43.4262;1.7446;3.0628;0.123;0;;;
313;02-DAPI-1-40x-402ms.tif;NBL;0.0592;0.0592;55.6264;1.7454;3.2956;0.1034;0;;;
957;04-DAPI-1-40x-402ms.tif;NBL;0.0368;0.0368;52.3953;1.7463;1.9273;0.0642;0;;;
1691;08-DAPI-1-40x-402ms.tif;NBL;0.0241;0.0241;18.7342;1.7477;0.4513;0.0421;0;;;
809;04-DAPI-1-40x-402ms.tif;NBL;0.0263;0.0263;54.4504;1.7479;1.4298;0.0459;0;;;
242;02-DAPI-1-40x-402ms.tif;NBL;0.0535;0.0535;48.4219;1.7485;2.5903;0.0935;0;;;
2450;16-DAPI-1-40x-402ms.tif;NBL;0.0229;0.0229;88.5498;1.7488;2.0273;0.04;0;;;
24;01-DAPI-1-40x-402ms.tif;NBL;0.0373;0.0373;65.1308;1.75;2.4311;0.0653;0;;;
221;02-DAPI-1-40x-402ms.tif;NBL;0.0352;0.0352;51.0525;1.75;1.7948;0.0615;0;;;
1010;05-DAPI-1-40x-402ms.tif;NBL;0.0279;0.0279;39.0545;1.751;1.0891;0.0488;0;;;
459;02-DAPI-1-40x-402ms.tif;NBL;0.0319;0.0319;47.7755;1.7517;1.5241;0.0559;0;;;
5;01-DAPI-1-40x-402ms.tif;NBL;0.0348;0.0348;62.838;1.7539;2.1887;0.0611;0;;;
2349;16-DAPI-1-40x-402ms.tif;NBL;0.0781;0.0781;82.6097;1.7542;6.4539;0.137;0;;;
2404;16-DAPI-1-40x-402ms.tif;NBL;0.049;0.049;115.8031;1.7544;5.6796;0.086;0;;;
2453;16-DAPI-1-40x-402ms.tif;NBL;0.0513;0.0513;101.0782;1.7548;5.1877;0.0901;0;;;
211;02-DAPI-1-40x-402ms.tif;NBL;0.0161;0.0161;56.9392;1.7568;0.9144;0.0282;0;;;
823;04-DAPI-1-40x-402ms.tif;NBL;0.0432;0.0432;52.4774;1.7588;2.2663;0.076;0;;;
10;01-DAPI-1-40x-402ms.tif;NBL;0.0339;0.0339;55.0865;1.7596;1.8649;0.0596;0;;;
2285;15-DAPI-1-40x-402ms.tif;NBL;0.0574;0.0574;53.7429;1.7599;3.0849;0.101;0;;;
2433;16-DAPI-1-40x-402ms.tif;NBL;0.0326;0.0326;112.42;1.76;3.6595;0.0573;0;;;
179;01-DAPI-1-40x-402ms.tif;NBL;0.0246;0.0246;67.3656;1.7621;1.6593;0.0434;0;;;
403;02-DAPI-1-40x-402ms.tif;NBL;0.0352;0.0352;56.3765;1.7623;1.982;0.062;0;;;
1095;05-DAPI-1-40x-402ms.tif;NBL;0.0161;0.0161;67;1.7635;1.076;0.0283;0;;;
1643;08-DAPI-1-40x-402ms.tif;NBL;0.0257;0.0257;34.7004;1.7637;0.8924;0.0454;0;;;
188;01-DAPI-1-40x-402ms.tif;NBL;0.0308;0.0308;63.2042;1.7641;1.9477;0.0544;0;;;
86;01-DAPI-1-40x-402ms.tif;NBL;0.0208;0.0208;59.6562;1.7656;1.2428;0.0368;0;;;
198;01-DAPI-1-40x-402ms.tif;NBL;0.0139;0.0139;55.8672;1.7656;0.7759;0.0245;0;;;
1466;07-DAPI-1-40x-402ms.tif;NBL;0.0334;0.0334;26.8019;1.7662;0.8957;0.059;0;;;
1547;08-DAPI-1-40x-402ms.tif;NBL;0.0187;0.0187;31.7965;1.7674;0.5934;0.033;0;;;
2206;15-DAPI-1-40x-402ms.tif;NBL;0.075;0.075;63.5137;1.7685;4.7622;0.1326;0;;;
214;02-DAPI-1-40x-402ms.tif;NBL;0.0194;0.0194;63.9665;1.7709;1.2424;0.0344;0;;;
43;01-DAPI-1-40x-402ms.tif;NBL;0.0288;0.0288;46.8642;1.7736;1.3475;0.051;0;;;
786;04-DAPI-1-40x-402ms.tif;NBL;0.0454;0.0454;43.6483;1.7751;1.9797;0.0805;0;;;
2313;16-DAPI-1-40x-402ms.tif;NBL;0.0333;0.0333;88.5537;1.7752;2.9499;0.0591;0;;;
2454;16-DAPI-1-40x-402ms.tif;NBL;0.0329;0.0329;86.4818;1.7756;2.8433;0.0584;0;;;
817;04-DAPI-1-40x-402ms.tif;NBL;0.0666;0.0666;46.7573;1.7769;3.1151;0.1184;0;;;
77;01-DAPI-1-40x-402ms.tif;NBL;0.0726;0.0726;49.4978;1.7773;3.5931;0.129;0;;;
2346;16-DAPI-1-40x-402ms.tif;NBL;0.0361;0.0361;71.3964;1.7778;2.5798;0.0642;0;;;
1587;08-DAPI-1-40x-402ms.tif;NBL;0.026;0.026;35;1.7792;0.9115;0.0463;0;;;
2006;14-DAPI-1-40x-402ms.tif;NBL;0.0227;0.0227;81.5694;1.7799;1.8498;0.0404;0;;;
2425;16-DAPI-1-40x-402ms.tif;NBL;0.0311;0.0311;99.9477;1.7805;3.1125;0.0554;0;;;
353;02-DAPI-1-40x-402ms.tif;NBL;0.0383;0.0383;45.3144;1.7819;1.7357;0.0683;0;;;
1650;08-DAPI-1-40x-402ms.tif;NBL;0.0254;0.0254;31.8462;1.7821;0.8086;0.0452;0;;;
347;02-DAPI-1-40x-402ms.tif;NBL;0.0276;0.0276;53.2205;1.7874;1.4668;0.0493;0;;;
8;01-DAPI-1-40x-402ms.tif;NBL;0.0311;0.0311;62.7038;1.7909;1.9527;0.0558;0;;;
117;01-DAPI-1-40x-402ms.tif;NBL;0.0203;0.0203;65.3316;1.7914;1.3256;0.0363;0;;;
2438;16-DAPI-1-40x-402ms.tif;NBL;0.0418;0.0418;111.213;1.7922;4.6459;0.0749;0;;;
1339;06-DAPI-1-40x-402ms.tif;NBL;0.0381;0.0381;28.9744;1.7949;1.1035;0.0684;0;;;
979;05-DAPI-1-40x-402ms.tif;NBL;0.0356;0.0356;52.7043;1.7957;1.8758;0.0639;0;;;
466;02-DAPI-1-40x-402ms.tif;NBL;0.0352;0.0352;56.7438;1.7963;1.9949;0.0632;0;;;
193;01-DAPI-1-40x-402ms.tif;NBL;0.055;0.055;33.6548;1.7968;1.8515;0.0988;0;;;
2269;15-DAPI-1-40x-402ms.tif;NBL;0.0556;0.0556;68.3379;1.7988;3.7965;0.0999;0;;;
1669;08-DAPI-1-40x-402ms.tif;NBL;0.0702;0.0702;32.2875;1.8006;2.2667;0.1264;0;;;
416;02-DAPI-1-40x-402ms.tif;NBL;0.0246;0.0246;49.0881;1.8018;1.2091;0.0444;0;;;
268;02-DAPI-1-40x-402ms.tif;NBL;0.0637;0.0637;40.5264;1.8041;2.5813;0.1149;0;;;
148;01-DAPI-1-40x-402ms.tif;NBL;0.0317;0.0317;33.3973;1.8048;1.0582;0.0572;0;;;
769;04-DAPI-1-40x-402ms.tif;NBL;0.083;0.083;45.5791;1.8052;3.7834;0.1498;0;;;
2343;16-DAPI-1-40x-402ms.tif;NBL;0.0273;0.0273;59.6587;1.8056;1.6313;0.0494;0;;;
303;02-DAPI-1-40x-402ms.tif;NBL;0.0489;0.0489;50.5388;1.8071;2.4732;0.0884;0;;;
789;04-DAPI-1-40x-402ms.tif;NBL;0.0668;0.0668;47.5795;1.8084;3.1802;0.1209;0;;;
2448;16-DAPI-1-40x-402ms.tif;NBL;0.0416;0.0416;112.658;1.8094;4.6819;0.0752;0;;;
2147;15-DAPI-1-40x-402ms.tif;NBL;0.0537;0.0537;71.0869;1.8162;3.8181;0.0975;0;;;
811;04-DAPI-1-40x-402ms.tif;NBL;0.0271;0.0271;51.576;1.82;1.3991;0.0494;0;;;
1585;08-DAPI-1-40x-402ms.tif;NBL;0.0225;0.0225;31.8841;1.8213;0.7161;0.0409;0;;;
222;02-DAPI-1-40x-402ms.tif;NBL;0.0146;0.0146;55.7926;1.8222;0.8173;0.0267;0;;;
237;02-DAPI-1-40x-402ms.tif;NBL;0.0393;0.0393;60.3646;1.826;2.3711;0.0717;0;;;
1623;08-DAPI-1-40x-402ms.tif;NBL;0.0207;0.0207;27.2251;1.8272;0.5642;0.0379;0;;;
69;01-DAPI-1-40x-402ms.tif;NBL;0.054;0.054;52.2048;1.8273;2.821;0.0987;0;;;
2451;16-DAPI-1-40x-402ms.tif;NBL;0.0221;0.0221;93.8235;1.8284;2.0768;0.0405;0;;;
100;01-DAPI-1-40x-402ms.tif;NBL;0.0985;0.0985;42.7797;1.8304;4.2148;0.1803;0;;;
12;01-DAPI-1-40x-402ms.tif;NBL;0.0686;0.0686;54.8101;1.8307;3.7587;0.1255;0;;;
269;02-DAPI-1-40x-402ms.tif;NBL;0.043;0.043;56.7626;1.8308;2.439;0.0787;0;;;
1050;05-DAPI-1-40x-402ms.tif;NBL;0.0382;0.0382;52.4347;1.8352;2.0027;0.0701;0;;;
752;04-DAPI-1-40x-402ms.tif;NBL;0.0409;0.0409;43.1671;1.8355;1.7658;0.0751;0;;;
47;01-DAPI-1-40x-402ms.tif;NBL;0.0683;0.0683;55.6439;1.8362;3.7977;0.1253;0;;;
780;04-DAPI-1-40x-402ms.tif;NBL;0.0329;0.0329;56.3597;1.8383;1.853;0.0604;0;;;
1593;08-DAPI-1-40x-402ms.tif;NBL;0.024;0.024;32.0814;1.8416;0.7693;0.0442;0;;;
174;01-DAPI-1-40x-402ms.tif;NBL;0.0227;0.0227;47.2871;1.8421;1.0724;0.0418;0;;;
990;05-DAPI-1-40x-402ms.tif;NBL;0.0577;0.0577;44.6729;1.8421;2.5788;0.1063;0;;;
1712;08-DAPI-1-40x-402ms.tif;NBL;0.0103;0.0103;28.4421;1.8421;0.2932;0.019;0;;;
753;04-DAPI-1-40x-402ms.tif;NBL;0.0372;0.0372;43.4636;1.8426;1.6176;0.0686;0;;;
67;01-DAPI-1-40x-402ms.tif;NBL;0.0458;0.0458;65.4739;1.8436;2.998;0.0844;0;;;
2143;15-DAPI-1-40x-402ms.tif;NBL;0.0361;0.0361;62.5255;1.8438;2.2592;0.0666;0;;;
289;02-DAPI-1-40x-402ms.tif;NBL;0.0362;0.0362;50.4281;1.8443;1.8276;0.0668;0;;;
2455;16-DAPI-1-40x-402ms.tif;NBL;0.0443;0.0443;71.8554;1.8456;3.1811;0.0817;0;;;
1270;06-DAPI-1-40x-402ms.tif;NBL;0.1026;0.1026;23.3996;1.8457;2.4019;0.1895;0;;;
65;01-DAPI-1-40x-402ms.tif;NBL;0.0305;0.0305;61.548;1.847;1.8766;0.0563;0;;;
2486;16-DAPI-1-40x-402ms.tif;NBL;0.079;0.079;111.2912;1.8475;8.7912;0.1459;0;;;
105;01-DAPI-1-40x-402ms.tif;NBL;0.047;0.047;57.0439;1.8499;2.6801;0.0869;0;;;
2183;15-DAPI-1-40x-402ms.tif;NBL;0.0311;0.0311;95.216;1.8502;2.9652;0.0576;0;;;
2152;15-DAPI-1-40x-402ms.tif;NBL;0.037;0.037;59.8387;1.8504;2.2141;0.0685;0;;;
2262;15-DAPI-1-40x-402ms.tif;NBL;0.066;0.066;69.8898;1.852;4.6108;0.1222;0;;;
859;04-DAPI-1-40x-402ms.tif;NBL;0.028;0.028;55.7326;1.8527;1.5602;0.0519;0;;;
821;04-DAPI-1-40x-402ms.tif;NBL;0.0437;0.0437;48.4913;1.8536;2.1204;0.0811;0;;;
306;02-DAPI-1-40x-402ms.tif;NBL;0.0403;0.0403;66.2749;1.8571;2.668;0.0748;0;;;
247;02-DAPI-1-40x-402ms.tif;NBL;0.0366;0.0366;57.7656;1.8576;2.1123;0.0679;0;;;
23;01-DAPI-1-40x-402ms.tif;NBL;0.017;0.017;42.1529;1.8599;0.7181;0.0317;0;;;
2435;16-DAPI-1-40x-402ms.tif;NBL;0.0319;0.0319;100.0646;1.8605;3.1922;0.0594;0;;;
251;02-DAPI-1-40x-402ms.tif;NBL;0.0204;0.0204;49.8723;1.8617;1.0174;0.038;0;;;
955;04-DAPI-1-40x-402ms.tif;NBL;0.0386;0.0386;50.1039;1.8624;1.9354;0.0719;0;;;
2154;15-DAPI-1-40x-402ms.tif;NBL;0.0841;0.0841;60.3213;1.8658;5.0726;0.1569;0;;;
2445;16-DAPI-1-40x-402ms.tif;NBL;0.053;0.053;107.7029;1.8668;5.703;0.0988;0;;;
2421;16-DAPI-1-40x-402ms.tif;NBL;0.033;0.033;109.8553;1.8684;3.6237;0.0616;0;;;
2488;16-DAPI-1-40x-402ms.tif;NBL;0.0332;0.0332;113.3431;1.8693;3.7633;0.0621;0;;;
362;02-DAPI-1-40x-402ms.tif;NBL;0.0302;0.0302;67.554;1.8705;2.0378;0.0564;0;;;
144;01-DAPI-1-40x-402ms.tif;NBL;0.0271;0.0271;65.568;1.872;1.7786;0.0508;0;;;
241;02-DAPI-1-40x-402ms.tif;NBL;0.0204;0.0204;58.5;1.8723;1.1934;0.0382;0;;;
7;01-DAPI-1-40x-402ms.tif;NBL;0.0816;0.0816;57.3497;1.8737;4.6796;0.1529;0;;;
813;04-DAPI-1-40x-402ms.tif;NBL;0.0302;0.0302;62.6331;1.8741;1.8893;0.0565;0;;;
1641;08-DAPI-1-40x-402ms.tif;NBL;0.0409;0.0409;23.13;1.8753;0.9462;0.0767;0;;;
2281;15-DAPI-1-40x-402ms.tif;NBL;0.0262;0.0262;58.6888;1.8755;1.5347;0.049;0;;;
2359;16-DAPI-1-40x-402ms.tif;NBL;0.0244;0.0244;117.1956;1.8756;2.8612;0.0458;0;;;
777;04-DAPI-1-40x-402ms.tif;NBL;0.043;0.043;59.3712;1.8763;2.5511;0.0806;0;;;
2005;14-DAPI-1-40x-402ms.tif;NBL;0.018;0.018;66.006;1.8795;1.1889;0.0339;0;;;
90;01-DAPI-1-40x-402ms.tif;NBL;0.0298;0.0298;51.8218;1.8836;1.5463;0.0562;0;;;
457;02-DAPI-1-40x-402ms.tif;NBL;0.0178;0.0178;65.7744;1.8902;1.1705;0.0336;0;;;
2407;16-DAPI-1-40x-402ms.tif;NBL;0.0188;0.0188;118.7572;1.8902;2.2293;0.0355;0;;;
197;01-DAPI-1-40x-402ms.tif;NBL;0.0242;0.0242;40.6996;1.8924;0.9848;0.0458;0;;;
81;01-DAPI-1-40x-402ms.tif;NBL;0.0459;0.0459;64.0307;1.896;2.9389;0.087;0;;;
1729;09-DAPI-1-40x-402ms.tif;NBL;0.0178;0.0178;85.378;1.8963;1.5193;0.0337;0;;;
2353;16-DAPI-1-40x-402ms.tif;NBL;0.0687;0.0687;98.3555;1.8973;6.7555;0.1303;0;;;
1708;08-DAPI-1-40x-402ms.tif;NBL;0.0186;0.0186;35.2924;1.9006;0.6548;0.0353;0;;;
87;01-DAPI-1-40x-402ms.tif;NBL;0.022;0.022;44.3448;1.9015;0.9768;0.0419;0;;;
76;01-DAPI-1-40x-402ms.tif;NBL;0.0321;0.0321;65.0101;1.902;2.088;0.0611;0;;;
462;02-DAPI-1-40x-402ms.tif;NBL;0.0524;0.0524;40.6584;1.9027;2.1309;0.0997;0;;;
54;01-DAPI-1-40x-402ms.tif;NBL;0.0387;0.0387;71.2241;1.9076;2.759;0.0739;0;;;
1933;09-DAPI-1-40x-402ms.tif;NBL;0.0448;0.0448;64.6707;1.908;2.8981;0.0855;0;;;
1627;08-DAPI-1-40x-402ms.tif;NBL;0.0382;0.0382;28.9432;1.9091;1.1055;0.0729;0;;;
1679;08-DAPI-1-40x-402ms.tif;NBL;0.0207;0.0207;32.644;1.911;0.6765;0.0396;0;;;
496;02-DAPI-1-40x-402ms.tif;NBL;0.0135;0.0135;58.621;1.9113;0.7887;0.0257;0;;;
3;01-DAPI-1-40x-402ms.tif;NBL;0.0226;0.0226;53.9231;1.9183;1.217;0.0433;0;;;
499;02-DAPI-1-40x-402ms.tif;NBL;0.0214;0.0214;43.066;1.9188;0.9206;0.041;0;;;
20;01-DAPI-1-40x-402ms.tif;NBL;0.0215;0.0215;62.4899;1.9192;1.3426;0.0412;0;;;
79;01-DAPI-1-40x-402ms.tif;NBL;0.0591;0.0591;51.9064;1.9229;3.0696;0.1137;0;;;
227;02-DAPI-1-40x-402ms.tif;NBL;0.0288;0.0288;45.9019;1.9245;1.3199;0.0553;0;;;
2458;16-DAPI-1-40x-402ms.tif;NBL;0.0489;0.0489;115.4967;1.9268;5.652;0.0943;0;;;
2469;16-DAPI-1-40x-402ms.tif;NBL;0.0238;0.0238;138.0776;1.9269;3.2811;0.0458;0;;;
2434;16-DAPI-1-40x-402ms.tif;NBL;0.0559;0.0559;112.6369;1.9282;6.2943;0.1077;0;;;
270;02-DAPI-1-40x-402ms.tif;NBL;0.0316;0.0316;51.8797;1.9313;1.6381;0.061;0;;;
1653;08-DAPI-1-40x-402ms.tif;NBL;0.037;0.037;26.4252;1.9326;0.9778;0.0715;0;;;
950;04-DAPI-1-40x-402ms.tif;NBL;0.0337;0.0337;49.7331;1.9357;1.6783;0.0653;0;;;
2457;16-DAPI-1-40x-402ms.tif;NBL;0.0438;0.0438;108.5545;1.9381;4.7587;0.085;0;;;
204;02-DAPI-1-40x-402ms.tif;NBL;0.0409;0.0409;59.8727;1.939;2.4492;0.0793;0;;;
2205;15-DAPI-1-40x-402ms.tif;NBL;0.026;0.026;62.7792;1.9417;1.6349;0.0506;0;;;
1548;08-DAPI-1-40x-402ms.tif;NBL;0.0193;0.0193;34.5337;1.9438;0.667;0.0375;0;;;
9;01-DAPI-1-40x-402ms.tif;NBL;0.0201;0.0201;52;1.9459;1.0438;0.0391;0;;;
27;01-DAPI-1-40x-402ms.tif;NBL;0.0451;0.0451;53.7067;1.9471;2.4243;0.0879;0;;;
2257;15-DAPI-1-40x-402ms.tif;NBL;0.0341;0.0341;103.9809;1.949;3.5428;0.0664;0;;;
246;02-DAPI-1-40x-402ms.tif;NBL;0.0217;0.0217;53.815;1.95;1.1679;0.0423;0;;;
1271;06-DAPI-1-40x-402ms.tif;NBL;0.0575;0.0575;35.5698;1.9509;2.0456;0.1122;0;;;
1269;06-DAPI-1-40x-402ms.tif;NBL;0.0838;0.0838;22.6697;1.9521;1.899;0.1635;0;;;
116;01-DAPI-1-40x-402ms.tif;NBL;0.0237;0.0237;48.2202;1.9541;1.1406;0.0462;0;;;
52;01-DAPI-1-40x-402ms.tif;NBL;0.0383;0.0383;49.6657;1.9547;1.9023;0.0749;0;;;
1711;08-DAPI-1-40x-402ms.tif;NBL;0.0298;0.0298;31.7236;1.9564;0.9466;0.0584;0;;;
2367;16-DAPI-1-40x-402ms.tif;NBL;0.0385;0.0385;113.9606;1.9577;4.3898;0.0754;0;;;
288;02-DAPI-1-40x-402ms.tif;NBL;0.0157;0.0157;74.3241;1.9586;1.1694;0.0308;0;;;
1659;08-DAPI-1-40x-402ms.tif;NBL;0.0477;0.0477;20.0955;1.9591;0.9594;0.0935;0;;;
426;02-DAPI-1-40x-402ms.tif;NBL;0.0254;0.0254;69.1068;1.9615;1.7547;0.0498;0;;;
1335;06-DAPI-1-40x-402ms.tif;NBL;0.0575;0.0575;26.7472;1.9623;1.5382;0.1128;0;;;
348;02-DAPI-1-40x-402ms.tif;NBL;0.0099;0.0099;56.2308;1.967;0.5552;0.0194;0;;;
2338;16-DAPI-1-40x-402ms.tif;NBL;0.0197;0.0197;132.4396;1.967;2.6155;0.0388;0;;;
1338;06-DAPI-1-40x-402ms.tif;NBL;0.0204;0.0204;31.234;1.9681;0.6372;0.0401;0;;;
814;04-DAPI-1-40x-402ms.tif;NBL;0.0448;0.0448;48.6102;1.9782;2.1784;0.0887;0;;;
750;04-DAPI-1-40x-402ms.tif;NBL;0.0476;0.0476;53.0114;1.9795;2.5252;0.0943;0;;;
415;02-DAPI-1-40x-402ms.tif;NBL;0.0267;0.0267;62.4553;1.9797;1.6671;0.0528;0;;;
78;01-DAPI-1-40x-402ms.tif;NBL;0.0232;0.0232;70.4206;1.9813;1.6352;0.046;0;;;
1491;07-DAPI-1-40x-402ms.tif;NBL;0.0248;0.0248;31.0175;1.9825;0.7707;0.0493;0;;;
419;02-DAPI-1-40x-402ms.tif;NBL;0.0246;0.0246;64.5771;1.9868;1.5906;0.0489;0;;;
285;02-DAPI-1-40x-402ms.tif;NBL;0.049;0.049;59.1305;1.9889;2.9001;0.0975;0;;;
58;01-DAPI-1-40x-402ms.tif;NBL;0.041;0.041;70.2513;1.9921;2.8814;0.0817;0;;;
760;04-DAPI-1-40x-402ms.tif;NBL;0.0452;0.0452;54.8729;1.9928;2.4829;0.0902;0;;;
862;04-DAPI-1-40x-402ms.tif;NBL;0.0331;0.0331;53.059;1.9934;1.756;0.066;0;;;
2348;16-DAPI-1-40x-402ms.tif;NBL;0.0331;0.0331;107.5016;1.9967;3.5577;0.0661;0;;;
2145;15-DAPI-1-40x-402ms.tif;NBL;0.0569;0.0569;98.2901;1.9981;5.5885;0.1136;0;;;
2437;16-DAPI-1-40x-402ms.tif;NBL;0.0224;0.0224;110.7816;2.0049;2.4762;0.0448;0;;;
158;01-DAPI-1-40x-402ms.tif;NBL;0.0618;0.0618;42.5895;2.0053;2.6341;0.124;0;;;
240;02-DAPI-1-40x-402ms.tif;NBL;0.0203;0.0203;56.3155;2.0053;1.1427;0.0407;0;;;
102;01-DAPI-1-40x-402ms.tif;NBL;0.034;0.034;59.6134;2.0128;2.0246;0.0684;0;;;
37;01-DAPI-1-40x-402ms.tif;NBL;0.0422;0.0422;56.3162;2.018;2.3771;0.0852;0;;;
1527;07-DAPI-1-40x-402ms.tif;NBL;0.0288;0.0288;34.3962;2.0189;0.989;0.0581;0;;;
45;01-DAPI-1-40x-402ms.tif;NBL;0.0365;0.0365;51.1458;2.0208;1.8647;0.0737;0;;;
22;01-DAPI-1-40x-402ms.tif;NBL;0.0133;0.0133;55.4715;2.0244;0.7403;0.027;0;;;
191;01-DAPI-1-40x-402ms.tif;NBL;0.0608;0.0608;36.0196;2.025;2.1887;0.123;0;;;
1019;05-DAPI-1-40x-402ms.tif;NBL;0.0375;0.0375;55.0116;2.026;2.0653;0.0761;0;;;
579;03-DAPI-1-40x-402ms.tif;NBL;0.0365;0.0365;61.2173;2.0268;2.2319;0.0739;0;;;
215;02-DAPI-1-40x-402ms.tif;NBL;0.016;0.016;64.3197;2.0272;1.0259;0.0323;0;;;
250;02-DAPI-1-40x-402ms.tif;NBL;0.0158;0.0158;56.5753;2.0274;0.8963;0.0321;0;;;
217;02-DAPI-1-40x-402ms.tif;NBL;0.0235;0.0235;48.3456;2.0276;1.1383;0.0477;0;;;
2449;16-DAPI-1-40x-402ms.tif;NBL;0.0426;0.0426;120.7684;2.0305;5.15;0.0866;0;;;
18;01-DAPI-1-40x-402ms.tif;NBL;0.0475;0.0475;61.7237;2.0342;2.9335;0.0967;0;;;
201;02-DAPI-1-40x-402ms.tif;NBL;0.0275;0.0275;54.5494;2.0356;1.4975;0.0559;0;;;
192;01-DAPI-1-40x-402ms.tif;NBL;0.0869;0.0869;35.7453;2.0375;3.1068;0.1771;0;;;
463;02-DAPI-1-40x-402ms.tif;NBL;0.0429;0.0429;42.7696;2.038;1.8331;0.0873;0;;;
773;04-DAPI-1-40x-402ms.tif;NBL;0.0492;0.0492;54.4636;2.0397;2.6771;0.1003;0;;;
865;04-DAPI-1-40x-402ms.tif;NBL;0.0442;0.0442;49.172;2.0418;2.1715;0.0902;0;;;
1559;08-DAPI-1-40x-402ms.tif;NBL;0.039;0.039;38.8329;2.0446;1.5127;0.0796;0;;;
1648;08-DAPI-1-40x-402ms.tif;NBL;0.0318;0.0318;30.4096;2.0478;0.9668;0.0651;0;;;
16;01-DAPI-1-40x-402ms.tif;NBL;0.0247;0.0247;64.4956;2.0482;1.5956;0.0507;0;;;
28;01-DAPI-1-40x-402ms.tif;NBL;0.1184;0.1184;46.0816;2.0522;5.4552;0.2429;0;;;
762;04-DAPI-1-40x-402ms.tif;NBL;0.0496;0.0496;55.116;2.0525;2.7331;0.1018;0;;;
2;01-DAPI-1-40x-402ms.tif;NBL;0.0304;0.0304;77.4714;2.0536;2.3537;0.0624;0;;;
2487;16-DAPI-1-40x-402ms.tif;NBL;0.0425;0.0425;113.8138;2.0561;4.841;0.0875;0;;;
742;03-DAPI-1-40x-402ms.tif;NBL;0.0774;0.0774;44.0842;2.0575;3.4106;0.1592;0;;;
2485;16-DAPI-1-40x-402ms.tif;NBL;0.0329;0.0329;114.5809;2.0594;3.7671;0.0677;0;;;
110;01-DAPI-1-40x-402ms.tif;NBL;0.0252;0.0252;68.5905;2.0603;1.7267;0.0519;0;;;
2443;16-DAPI-1-40x-402ms.tif;NBL;0.0339;0.0339;99.3429;2.0641;3.3632;0.0699;0;;;
112;01-DAPI-1-40x-402ms.tif;NBL;0.0483;0.0483;36.6966;2.0674;1.7719;0.0998;0;;;
44;01-DAPI-1-40x-402ms.tif;NBL;0.0481;0.0481;64.3973;2.0677;3.0955;0.0994;0;;;
899;04-DAPI-1-40x-402ms.tif;NBL;0.025;0.025;43.4348;2.0739;1.084;0.0518;0;;;
220;02-DAPI-1-40x-402ms.tif;NBL;0.0179;0.0179;44.6485;2.0788;0.7994;0.0372;0;;;
2420;16-DAPI-1-40x-402ms.tif;NBL;0.0314;0.0314;120.2595;2.0796;3.7712;0.0652;0;;;
2447;16-DAPI-1-40x-402ms.tif;NBL;0.0291;0.0291;118.0746;2.0821;3.4336;0.0605;0;;;
2130;15-DAPI-1-40x-402ms.tif;NBL;0.0433;0.0433;73.8095;2.0852;3.1955;0.0903;0;;;
39;01-DAPI-1-40x-402ms.tif;NBL;0.0375;0.0375;42.9306;2.0867;1.6118;0.0783;0;;;
1472;07-DAPI-1-40x-402ms.tif;NBL;0.0447;0.0447;28.7718;2.0922;1.2862;0.0935;0;;;
202;02-DAPI-1-40x-402ms.tif;NBL;0.014;0.014;57.4341;2.1008;0.8039;0.0294;0;;;
327;02-DAPI-1-40x-402ms.tif;NBL;0.0262;0.0262;58.9087;2.1037;1.5405;0.055;0;;;
113;01-DAPI-1-40x-402ms.tif;NBL;0.0485;0.0485;61.9083;2.1119;3.0027;0.1024;0;;;
2436;16-DAPI-1-40x-402ms.tif;NBL;0.0273;0.0273;114.627;2.1151;3.1343;0.0578;0;;;
779;04-DAPI-1-40x-402ms.tif;NBL;0.0326;0.0326;66.5767;2.1167;2.1672;0.0689;0;;;
771;04-DAPI-1-40x-402ms.tif;NBL;0.0565;0.0565;48.1593;2.1171;2.7225;0.1197;0;;;
38;01-DAPI-1-40x-402ms.tif;NBL;0.0369;0.0369;47.0588;2.1176;1.7361;0.0781;0;;;
114;01-DAPI-1-40x-402ms.tif;NBL;0.0256;0.0256;68.2966;2.1229;1.7489;0.0544;0;;;
819;04-DAPI-1-40x-402ms.tif;NBL;0.0281;0.0281;58.6988;2.1274;1.6496;0.0598;0;;;
822;04-DAPI-1-40x-402ms.tif;NBL;0.0214;0.0214;57.6853;2.132;1.2331;0.0456;0;;;
1713;08-DAPI-1-40x-402ms.tif;NBL;0.018;0.018;28.5301;2.1325;0.5139;0.0384;0;;;
1654;08-DAPI-1-40x-402ms.tif;NBL;0.0188;0.0188;35.3179;2.1329;0.663;0.04;0;;;
189;01-DAPI-1-40x-402ms.tif;NBL;0.0165;0.0165;37.5263;2.1382;0.6189;0.0353;0;;;
82;01-DAPI-1-40x-402ms.tif;NBL;0.0526;0.0526;60.901;2.1423;3.205;0.1127;0;;;
17;01-DAPI-1-40x-402ms.tif;NBL;0.0242;0.0242;61.3318;2.1435;1.484;0.0519;0;;;
1333;06-DAPI-1-40x-402ms.tif;NBL;0.0437;0.0437;36.3449;2.1464;1.5893;0.0939;0;;;
452;02-DAPI-1-40x-402ms.tif;NBL;0.0446;0.0446;51.8029;2.1655;2.3102;0.0966;0;;;
1621;08-DAPI-1-40x-402ms.tif;NBL;0.0242;0.0242;36.0897;2.1659;0.8733;0.0524;0;;;
249;02-DAPI-1-40x-402ms.tif;NBL;0.0201;0.0201;59.6378;2.1676;1.1972;0.0435;0;;;
1681;08-DAPI-1-40x-402ms.tif;NBL;0.0128;0.0128;38.3644;2.1695;0.4912;0.0278;0;;;
25;01-DAPI-1-40x-402ms.tif;NBL;0.0324;0.0324;50.2809;2.2007;1.6313;0.0714;0;;;
508;02-DAPI-1-40x-402ms.tif;NBL;0.0199;0.0199;52.7814;2.2022;1.0481;0.0437;0;;;
2431;16-DAPI-1-40x-402ms.tif;NBL;0.0399;0.0399;106.7446;2.2065;4.2624;0.0881;0;;;
216;02-DAPI-1-40x-402ms.tif;NBL;0.0282;0.0282;54.2462;2.2077;1.5304;0.0623;0;;;
772;04-DAPI-1-40x-402ms.tif;NBL;0.0419;0.0419;47.0259;2.2098;1.9696;0.0926;0;;;
940;04-DAPI-1-40x-402ms.tif;NBL;0.0426;0.0426;46.2723;2.2137;1.9732;0.0944;0;;;
14;01-DAPI-1-40x-402ms.tif;NBL;0.0573;0.0573;63.5417;2.2159;3.6404;0.127;0;;;
245;02-DAPI-1-40x-402ms.tif;NBL;0.0271;0.0271;67.748;2.216;1.8378;0.0601;0;;;
160;01-DAPI-1-40x-402ms.tif;NBL;0.0252;0.0252;81.056;2.2241;2.0405;0.056;0;;;
21;01-DAPI-1-40x-402ms.tif;NBL;0.0233;0.0233;49.1116;2.2279;1.1457;0.052;0;;;
422;02-DAPI-1-40x-402ms.tif;NBL;0.0346;0.0346;49.0533;2.2414;1.6979;0.0776;0;;;
961;04-DAPI-1-40x-402ms.tif;NBL;0.0393;0.0393;61.5221;2.2431;2.4166;0.0881;0;;;
1660;08-DAPI-1-40x-402ms.tif;NBL;0.0204;0.0204;38.8564;2.2447;0.7926;0.0458;0;;;
32;01-DAPI-1-40x-402ms.tif;NBL;0.0348;0.0348;44.324;2.2461;1.5438;0.0782;0;;;
29;01-DAPI-1-40x-402ms.tif;NBL;0.0303;0.0303;70.853;2.2473;2.145;0.068;0;;;
2423;16-DAPI-1-40x-402ms.tif;NBL;0.07;0.07;118.5178;2.2512;8.2947;0.1576;0;;;
56;01-DAPI-1-40x-402ms.tif;NBL;0.0378;0.0378;62.1063;2.2615;2.3452;0.0854;0;;;
260;02-DAPI-1-40x-402ms.tif;NBL;0.0173;0.0173;66.2327;2.2642;1.1427;0.0391;0;;;
80;01-DAPI-1-40x-402ms.tif;NBL;0.0431;0.0431;65.4534;2.2645;2.8196;0.0975;0;;;
262;02-DAPI-1-40x-402ms.tif;NBL;0.0486;0.0486;55.4442;2.2656;2.6952;0.1101;0;;;
66;01-DAPI-1-40x-402ms.tif;NBL;0.032;0.032;62.7695;2.2678;2.0092;0.0726;0;;;
1763;09-DAPI-1-40x-402ms.tif;NBL;0.0383;0.0383;100.0567;2.2691;3.8325;0.0869;0;;;
1761;09-DAPI-1-40x-402ms.tif;NBL;0.0499;0.0499;86.4174;2.2739;4.3134;0.1135;0;;;
1649;08-DAPI-1-40x-402ms.tif;NBL;0.014;0.014;44.4186;2.2791;0.6217;0.0319;0;;;
55;01-DAPI-1-40x-402ms.tif;NBL;0.033;0.033;72.7961;2.2862;2.4013;0.0754;0;;;
1337;06-DAPI-1-40x-402ms.tif;NBL;0.0462;0.0462;32.1362;2.2958;1.4855;0.1061;0;;;
1687;08-DAPI-1-40x-402ms.tif;NBL;0.0088;0.0088;39.5679;2.2963;0.3478;0.0202;0;;;
776;04-DAPI-1-40x-402ms.tif;NBL;0.0525;0.0525;55.8905;2.3058;2.9352;0.1211;0;;;
2495;16-DAPI-1-40x-402ms.tif;NBL;0.0375;0.0375;107.5723;2.3179;4.0386;0.087;0;;;
59;01-DAPI-1-40x-402ms.tif;NBL;0.0297;0.0297;60.719;2.3358;1.8052;0.0694;0;;;
2402;16-DAPI-1-40x-402ms.tif;NBL;0.0187;0.0187;98.657;2.3372;1.8413;0.0436;0;;;
2439;16-DAPI-1-40x-402ms.tif;NBL;0.0291;0.0291;129.4701;2.3545;3.765;0.0685;0;;;
2312;16-DAPI-1-40x-402ms.tif;NBL;0.0384;0.0384;101.1384;2.3588;3.8849;0.0906;0;;;
33;01-DAPI-1-40x-402ms.tif;NBL;0.0561;0.0561;60.3424;2.3675;3.3851;0.1328;0;;;
1762;09-DAPI-1-40x-402ms.tif;NBL;0.0241;0.0241;112.3784;2.3694;2.707;0.0571;0;;;
770;04-DAPI-1-40x-402ms.tif;NBL;0.0428;0.0428;69.6954;2.3731;2.9796;0.1015;0;;;
1728;09-DAPI-1-40x-402ms.tif;NBL;0.0167;0.0167;82.2013;2.3766;1.3736;0.0397;0;;;
64;01-DAPI-1-40x-402ms.tif;NBL;0.0344;0.0344;68.1136;2.388;2.3429;0.0821;0;;;
2428;16-DAPI-1-40x-402ms.tif;NBL;0.0218;0.0218;116.9801;2.3881;2.5513;0.0521;0;;;
402;02-DAPI-1-40x-402ms.tif;NBL;0.048;0.048;59.8824;2.3937;2.872;0.1148;0;;;
1647;08-DAPI-1-40x-402ms.tif;NBL;0.037;0.037;23.1232;2.4018;0.8556;0.0889;0;;;
46;01-DAPI-1-40x-402ms.tif;NBL;0.046;0.046;45.4269;2.4057;2.09;0.1107;0;;;
199;02-DAPI-1-40x-402ms.tif;NBL;0.0253;0.0253;73.8755;2.4335;1.8677;0.0615;0;;;
42;01-DAPI-1-40x-402ms.tif;NBL;0.0304;0.0304;43.6;2.4357;1.3247;0.074;0;;;
1678;08-DAPI-1-40x-402ms.tif;NBL;0.0161;0.0161;42.1216;2.4392;0.6764;0.0392;0;;;
465;02-DAPI-1-40x-402ms.tif;NBL;0.0344;0.0344;61.9148;2.4448;2.1297;0.0841;0;;;
2422;16-DAPI-1-40x-402ms.tif;NBL;0.0305;0.0305;119.1637;2.4448;3.6334;0.0745;0;;;
488;02-DAPI-1-40x-402ms.tif;NBL;0.0323;0.0323;34.849;2.4564;1.1268;0.0794;0;;;
40;01-DAPI-1-40x-402ms.tif;NBL;0.0324;0.0324;73.4749;2.4582;2.3838;0.0798;0;;;
2401;16-DAPI-1-40x-402ms.tif;NBL;0.0352;0.0352;118.8302;2.4753;4.1776;0.087;0;;;
61;01-DAPI-1-40x-402ms.tif;NBL;0.0283;0.0283;56.8506;2.4943;1.61;0.0706;0;;;
1706;08-DAPI-1-40x-402ms.tif;NBL;0.0189;0.0189;38.3391;2.4943;0.7238;0.0471;0;;;
2489;16-DAPI-1-40x-402ms.tif;NBL;0.0129;0.0129;111.7563;2.5126;1.443;0.0324;0;;;
1758;09-DAPI-1-40x-402ms.tif;NBL;0.0065;0.0065;113.0167;2.55;0.7358;0.0166;0;;;
853;04-DAPI-1-40x-402ms.tif;NBL;0.0242;0.0242;84.861;2.5561;2.0534;0.0618;0;;;
484;02-DAPI-1-40x-402ms.tif;NBL;0.0513;0.0513;37.6089;2.5624;1.9302;0.1315;0;;;
1686;08-DAPI-1-40x-402ms.tif;NBL;0.0167;0.0167;33.3442;2.5649;0.5572;0.0429;0;;;
427;02-DAPI-1-40x-402ms.tif;NBL;0.0258;0.0258;67.7647;2.5672;1.75;0.0663;0;;;
11;01-DAPI-1-40x-402ms.tif;NBL;0.0321;0.0321;74.9291;2.5946;2.4066;0.0833;0;;;
1633;08-DAPI-1-40x-402ms.tif;NBL;0.018;0.018;39.4458;2.5964;0.7105;0.0468;0;;;
495;02-DAPI-1-40x-402ms.tif;NBL;0.0597;0.0597;48.4164;2.6;2.8894;0.1552;0;;;
2444;16-DAPI-1-40x-402ms.tif;NBL;0.063;0.063;117.031;2.6059;7.3779;0.1643;0;;;
1108;05-DAPI-1-40x-402ms.tif;NBL;0.0175;0.0175;75.8509;2.6273;1.3251;0.0459;0;;;
434;02-DAPI-1-40x-402ms.tif;NBL;0.0196;0.0196;65.9669;2.6298;1.2956;0.0516;0;;;
1024;05-DAPI-1-40x-402ms.tif;NBL;0.0272;0.0272;64.5578;2.6375;1.7582;0.0718;0;;;
487;02-DAPI-1-40x-402ms.tif;NBL;0.0354;0.0354;48.1595;2.638;1.7036;0.0933;0;;;
1757;09-DAPI-1-40x-402ms.tif;NBL;0.0202;0.0202;94.2581;2.6398;1.9023;0.0533;0;;;
1668;08-DAPI-1-40x-402ms.tif;NBL;0.0186;0.0186;33.0175;2.6725;0.6126;0.0496;0;;;
2452;16-DAPI-1-40x-402ms.tif;NBL;0.0296;0.0296;119.0147;2.6886;3.5255;0.0796;0;;;
1644;08-DAPI-1-40x-402ms.tif;NBL;0.0206;0.0206;26.9105;2.7;0.5548;0.0557;0;;;
263;02-DAPI-1-40x-402ms.tif;NBL;0.037;0.037;63.0616;2.7097;2.3333;0.1003;0;;;
1726;09-DAPI-1-40x-402ms.tif;NBL;0.0454;0.0454;115.6388;2.7392;5.2449;0.1242;0;;;
41;01-DAPI-1-40x-402ms.tif;NBL;0.0281;0.0281;65.0154;2.7645;1.8271;0.0777;0;;;
173;01-DAPI-1-40x-402ms.tif;NBL;0.0322;0.0322;45.3737;2.7879;1.4622;0.0898;0;;;
309;02-DAPI-1-40x-402ms.tif;NBL;0.0246;0.0246;82.8678;2.8106;2.0411;0.0692;0;;;
115;01-DAPI-1-40x-402ms.tif;NBL;0.0165;0.0165;106.25;2.8158;1.7524;0.0464;0;;;
1759;09-DAPI-1-40x-402ms.tif;NBL;0.0303;0.0303;116.448;2.8351;3.5253;0.0858;0;;;
1652;08-DAPI-1-40x-402ms.tif;NBL;0.0101;0.0101;36.6237;2.8387;0.3696;0.0286;0;;;
480;02-DAPI-1-40x-402ms.tif;NBL;0.0302;0.0302;62.0863;2.8561;1.8728;0.0862;0;;;
428;02-DAPI-1-40x-402ms.tif;NBL;0.0184;0.0184;74.0529;2.9;1.366;0.0535;0;;;
1731;09-DAPI-1-40x-402ms.tif;NBL;0.0232;0.0232;119.3551;2.9065;2.7715;0.0675;0;;;
494;02-DAPI-1-40x-402ms.tif;NBL;0.0215;0.0215;50.8232;2.9091;1.0919;0.0625;0;;;
1020;05-DAPI-1-40x-402ms.tif;NBL;0.0268;0.0268;65.2389;2.9271;1.7485;0.0785;0;;;
1738;09-DAPI-1-40x-402ms.tif;NBL;0.0269;0.0269;126.3508;2.9355;3.4001;0.079;0;;;
486;02-DAPI-1-40x-402ms.tif;NBL;0.0279;0.0279;41.9533;2.9377;1.1699;0.0819;0;;;
405;02-DAPI-1-40x-402ms.tif;NBL;0.0228;0.0228;66.3048;2.9476;1.5109;0.0672;0;;;
442;02-DAPI-1-40x-402ms.tif;NBL;0.0523;0.0523;53.7635;2.9668;2.8118;0.1552;0;;;
485;02-DAPI-1-40x-402ms.tif;NBL;0.0288;0.0288;54.4302;2.9736;1.5651;0.0855;0;;;
449;02-DAPI-1-40x-402ms.tif;NBL;0.0182;0.0182;72.7262;2.9821;1.3257;0.0544;0;;;
440;02-DAPI-1-40x-402ms.tif;NBL;0.0399;0.0399;44;2.9946;1.7569;0.1196;0;;;
157;01-DAPI-1-40x-402ms.tif;NBL;0.0239;0.0239;66.8682;3.0182;1.5962;0.072;0;;;
482;02-DAPI-1-40x-402ms.tif;NBL;0.0158;0.0158;50.4452;3.0274;0.7992;0.048;0;;;
1760;09-DAPI-1-40x-402ms.tif;NBL;0.0221;0.0221;108.1029;3.0392;2.3929;0.0673;0;;;
438;02-DAPI-1-40x-402ms.tif;NBL;0.0224;0.0224;51.7476;3.0437;1.1567;0.068;0;;;
2424;16-DAPI-1-40x-402ms.tif;NBL;0.0201;0.0201;126.1784;3.0541;2.5329;0.0613;0;;;
308;02-DAPI-1-40x-402ms.tif;NBL;0.0246;0.0246;75.022;3.0749;1.8479;0.0757;0;;;
1727;09-DAPI-1-40x-402ms.tif;NBL;0.0356;0.0356;112.6311;3.1098;4.0086;0.1107;0;;;
506;02-DAPI-1-40x-402ms.tif;NBL;0.0176;0.0176;64.9198;3.1852;1.1412;0.056;0;;;
441;02-DAPI-1-40x-402ms.tif;NBL;0.0293;0.0293;57.7889;3.2222;1.693;0.0944;0;;;
431;02-DAPI-1-40x-402ms.tif;NBL;0.0404;0.0404;66.2097;3.2823;2.6725;0.1325;0;;;
439;02-DAPI-1-40x-402ms.tif;NBL;0.0233;0.0233;57.9349;3.2884;1.3516;0.0767;0;;;
1733;09-DAPI-1-40x-402ms.tif;NBL;0.0167;0.0167;131.7338;3.3831;2.2013;0.0565;0;;;
446;02-DAPI-1-40x-402ms.tif;NBL;0.0311;0.0311;64.77;3.5157;2.017;0.1095;0;;;
98;01-DAPI-1-40x-402ms.tif;NBL;0.0206;0.0206;80.8789;3.5263;1.6674;0.0727;0;;;
2494;16-DAPI-1-40x-402ms.tif;NBL;0.0349;0.0349;120.7019;3.6056;4.2172;0.126;0;;;
453;02-DAPI-1-40x-402ms.tif;NBL;0.0345;0.0345;69.0094;3.6352;2.3812;0.1254;0;;;
481;02-DAPI-1-40x-402ms.tif;NBL;0.02;0.02;64.8098;3.8098;1.2939;0.0761;0;;;
1685;08-DAPI-1-40x-402ms.tif;NBL;0.025;0.025;39.6783;3.8478;0.9902;0.096;0;;;
430;02-DAPI-1-40x-402ms.tif;NBL;0.069;0.069;93.7327;3.8978;6.4685;0.269;0;;;
1732;09-DAPI-1-40x-402ms.tif;NBL;0.0169;0.0169;116.1667;3.9487;1.9664;0.0668;0;;;
1734;09-DAPI-1-40x-402ms.tif;NBL;0.0407;0.0407;127.7467;3.952;5.198;0.1608;0;;;
436;02-DAPI-1-40x-402ms.tif;NBL;0.0273;0.0273;70.7262;4.0278;1.9339;0.1101;0;;;
451;02-DAPI-1-40x-402ms.tif;NBL;0.0255;0.0255;71.6468;4.0936;1.8269;0.1044;0;;;
447;02-DAPI-1-40x-402ms.tif;NBL;0.0239;0.0239;61;4.1182;1.4562;0.0983;0;;;
467;02-DAPI-1-40x-402ms.tif;NBL;0.0168;0.0168;71.2323;4.3097;1.198;0.0725;0;;;
429;02-DAPI-1-40x-402ms.tif;NBL;0.0169;0.0169;80.891;4.3654;1.3692;0.0739;0;;;
307;02-DAPI-1-40x-402ms.tif;NBL;0.0266;0.0266;71.1633;4.4204;1.8918;0.1175;0;;;
1919;09-DAPI-1-40x-402ms.tif;NBL;0.0213;0.0213;68.4643;4.4439;1.4561;0.0945;0;;;
435;02-DAPI-1-40x-402ms.tif;NBL;0.0217;0.0217;79.54;4.635;1.7261;0.1006;0;;;
1646;08-DAPI-1-40x-402ms.tif;NBL;0.026;0.026;36.9333;4.7;0.9618;0.1224;0;;;
464;02-DAPI-1-40x-402ms.tif;NBL;0.0162;0.0162;99.349;4.9396;1.6062;0.0799;1;;;
504;02-DAPI-1-40x-402ms.tif;NBL;0.015;0.015;82.058;4.942;1.2287;0.074;1;;;
454;02-DAPI-1-40x-402ms.tif;NBL;0.0541;0.0541;42.8377;4.9539;2.3194;0.2682;1;;;
406;02-DAPI-1-40x-402ms.tif;NBL;0.04;0.04;49.8293;4.9621;1.9951;0.1987;1;;;
471;02-DAPI-1-40x-402ms.tif;NBL;0.0333;0.0333;62.6059;5.0456;2.0855;0.1681;1;;;
437;02-DAPI-1-40x-402ms.tif;NBL;0.0276;0.0276;71.4843;5.0591;1.9702;0.1394;1;;;
432;02-DAPI-1-40x-402ms.tif;NBL;0.0349;0.0349;72.5807;5.1335;2.5359;0.1794;1;;;
200;02-DAPI-1-40x-402ms.tif;NBL;0.0169;0.0169;65;5.5128;1.1003;0.0933;1;;;
1645;08-DAPI-1-40x-402ms.tif;NBL;0.0213;0.0213;36.1122;5.8265;0.768;0.1239;1;;;
503;02-DAPI-1-40x-402ms.tif;NBL;0.0394;0.0394;30.7163;5.9477;1.2099;0.2343;1;;;
433;02-DAPI-1-40x-402ms.tif;NBL;0.035;0.035;61.7121;6.2693;2.1629;0.2197;1;;;
448;02-DAPI-1-40x-402ms.tif;NBL;0.0179;0.0179;69.8909;6.6;1.2513;0.1182;1;;;
489;02-DAPI-1-40x-402ms.tif;NBL;0.019;0.019;59.0457;9.8857;1.1212;0.1877;1;;;
267;02-DAPI-1-40x-402ms.tif;NBL;0.0315;0.0315;53.5724;17.931;1.6858;0.5642;1;;;
;;;;;;;;;;;;
;;;;;;;;;mean positiv;;Positiv >=;
;;Mean;0.044542445;0.044542445;50.52952244;1.379227695;2.162168297;0.058993908;6.643485714;1.379227695;4.918553045;14xpositiv
;;Stabw.N();0.021117644;0.021117644;22.99367559;0.70786507;1.336415074;0.035117762;;0.70786507;;
;;Var.P();0.000445955;0.000445955;528.709117;0.501072958;1.786005249;0.001233257;;;;
;;1.3789;;;;;;;;;;
