 ;Image;Region;Area-B;Area-G;Mean-B;Mean-G;IntDen-B;IntDen-G
1;01-DAPI-1-40x-760ms.tif;NBL;0.0611;0.0611;118.8757;0.7229;7.262;0.0442
2;01-DAPI-1-40x-760ms.tif;NBL;0.0428;0.0428;114.7563;0.6066;4.906;0.0259
3;01-DAPI-1-40x-760ms.tif;NBL;0.0387;0.0387;119.2185;0.8796;4.6182;0.0341
4;01-DAPI-1-40x-760ms.tif;NBL;0.0314;0.0314;132.3183;1.4118;4.1493;0.0443
5;01-DAPI-1-40x-760ms.tif;NBL;0.0665;0.0665;119.8418;0.8532;7.9712;0.0567
6;01-DAPI-1-40x-760ms.tif;NBL;0.0501;0.0501;119.6082;1.2922;5.996;0.0648
7;01-DAPI-1-40x-760ms.tif;NBL;0.0315;0.0315;115.3103;1.0655;3.6285;0.0335
8;02-DAPI-1-40x-760ms.tif;NBL;0.0374;0.0374;106.0464;0.3449;3.9698;0.0129
9;02-DAPI-1-40x-760ms.tif;NBL;0.045;0.045;114.6843;0.5687;5.1643;0.0256
10;02-DAPI-1-40x-760ms.tif;NBL;0.027;0.027;109.6586;0.6707;2.9628;0.0181
11;02-DAPI-1-40x-760ms.tif;NBL;0.0307;0.0307;110.6926;0.6502;3.3991;0.02
12;02-DAPI-1-40x-760ms.tif;NBL;0.0393;0.0393;120.1492;1.4282;4.7194;0.0561
13;02-DAPI-1-40x-760ms.tif;NBL;0.054;0.054;114.4056;0.7349;6.1821;0.0397
14;02-DAPI-1-40x-760ms.tif;NBL;0.0374;0.0374;108.7681;0.6435;4.0717;0.0241
15;02-DAPI-1-40x-760ms.tif;NBL;0.0355;0.0355;104.4343;0.6208;3.7055;0.022
16;02-DAPI-1-40x-760ms.tif;NBL;0.0562;0.0562;113.3205;0.9054;6.3694;0.0509
17;02-DAPI-1-40x-760ms.tif;NBL;0.0414;0.0414;103.7592;0.7042;4.3008;0.0292
18;02-DAPI-1-40x-760ms.tif;NBL;0.0444;0.0444;106.6577;0.9046;4.7334;0.0401
19;02-DAPI-1-40x-760ms.tif;NBL;0.0438;0.0438;103.5718;0.7698;4.5403;0.0337
20;02-DAPI-1-40x-760ms.tif;NBL;0.0277;0.0277;106.4824;0.6157;2.9463;0.017
21;02-DAPI-1-40x-760ms.tif;NBL;0.024;0.024;107.4706;0.7059;2.5771;0.0169
22;02-DAPI-1-40x-760ms.tif;NBL;0.0291;0.0291;98.347;0.8433;2.8599;0.0245
23;02-DAPI-1-40x-760ms.tif;NBL;0.0129;0.0129;97.7983;0.9496;1.2628;0.0123
24;02-DAPI-1-40x-760ms.tif;NBL;0.0362;0.0362;105.5419;1.1497;3.825;0.0417
25;02-DAPI-1-40x-760ms.tif;NBL;0.0437;0.0437;101.4392;1.1067;4.4358;0.0484
26;02-DAPI-1-40x-760ms.tif;NBL;0.0414;0.0414;106.5681;1.4319;4.4172;0.0594
27;02-DAPI-1-40x-760ms.tif;NBL;0.0269;0.0269;102.3468;1.4234;2.7541;0.0383
28;02-DAPI-1-40x-760ms.tif;NBL;0.0612;0.0612;107.7447;1.0266;6.5938;0.0628
29;02-DAPI-1-40x-760ms.tif;NBL;0.0538;0.0538;111.1976;1.1028;5.9846;0.0594
30;02-DAPI-1-40x-760ms.tif;NBL;0.0314;0.0314;107.3772;0.8789;3.3672;0.0276
31;02-DAPI-1-40x-760ms.tif;NBL;0.0375;0.0375;106.7254;1.1185;4.0068;0.042
32;02-DAPI-1-40x-760ms.tif;NBL;0.0357;0.0357;110.2584;1.1216;3.9361;0.04
33;02-DAPI-1-40x-760ms.tif;NBL;0.0247;0.0247;115.5307;0.7632;2.8582;0.0189
34;02-DAPI-1-40x-760ms.tif;NBL;0.0306;0.0306;117.7199;0.6773;3.6021;0.0207
35;02-DAPI-1-40x-760ms.tif;NBL;0.0152;0.0152;112.55;0.7357;1.7097;0.0112
36;02-DAPI-1-40x-760ms.tif;NBL;0.0476;0.0476;116.2096;1.1526;5.5356;0.0549
37;02-DAPI-1-40x-760ms.tif;NBL;0.0408;0.0408;114.9202;1.0452;4.6886;0.0426
38;02-DAPI-1-40x-760ms.tif;NBL;0.0311;0.0311;116.3066;1.4111;3.622;0.0439
39;02-DAPI-1-40x-760ms.tif;NBL;0.0589;0.0589;111.4309;1.3297;6.5654;0.0783
40;02-DAPI-1-40x-760ms.tif;NBL;0.0454;0.0454;112.1148;1.0742;5.0851;0.0487
41;02-DAPI-1-40x-760ms.tif;NBL;0.0327;0.0327;119.01;1.3123;3.8869;0.0429
42;02-DAPI-1-40x-760ms.tif;NBL;0.0441;0.0441;112.6429;1.6823;4.9623;0.0741
43;02-DAPI-1-40x-760ms.tif;NBL;0.0416;0.0416;105.8251;1.6893;4.3979;0.0702
44;02-DAPI-1-40x-760ms.tif;NBL;0.0332;0.0332;109.0784;1.3954;3.6217;0.0463
45;02-DAPI-1-40x-760ms.tif;NBL;0.0341;0.0341;110.7834;1.5764;3.7745;0.0537
46;02-DAPI-1-40x-760ms.tif;NBL;0.048;0.048;100.9027;1.2421;4.8393;0.0596
47;02-DAPI-1-40x-760ms.tif;NBL;0.0676;0.0676;113.1605;1.9888;7.6496;0.1344
48;02-DAPI-1-40x-760ms.tif;NBL;0.0785;0.0785;110.5809;1.4578;8.6751;0.1144
49;02-DAPI-1-40x-760ms.tif;NBL;0.057;0.057;110.2857;1.4362;6.2826;0.0818
50;02-DAPI-1-40x-760ms.tif;NBL;0.0394;0.0394;126.8209;2.281;4.9952;0.0898
51;02-DAPI-1-40x-760ms.tif;NBL;0.0471;0.0471;92.1313;1.4309;4.3387;0.0674
52;02-DAPI-1-40x-760ms.tif;NBL;0.0554;0.0554;112.9198;1.3112;6.2611;0.0727
53;02-DAPI-1-40x-760ms.tif;NBL;0.0477;0.0477;117.3977;1.5205;5.6049;0.0726
54;02-DAPI-1-40x-760ms.tif;NBL;0.0375;0.0375;109.0549;0.9306;4.0943;0.0349
55;02-DAPI-1-40x-760ms.tif;NBL;0.0748;0.0748;90.8723;0.8505;6.7937;0.0636
56;02-DAPI-1-40x-760ms.tif;NBL;0.065;0.065;114.2087;1.1018;7.4231;0.0716
57;02-DAPI-1-40x-760ms.tif;NBL;0.0143;0.0143;97.6364;0.7121;1.3984;0.0102
58;02-DAPI-1-40x-760ms.tif;NBL;0.0502;0.0502;117.8207;1.2333;5.9192;0.062
59;02-DAPI-1-40x-760ms.tif;NBL;0.0503;0.0503;114.8513;0.6444;5.7824;0.0324
60;02-DAPI-1-40x-760ms.tif;NBL;0.0499;0.0499;94.2;0.5739;4.7018;0.0286
61;02-DAPI-1-40x-760ms.tif;NBL;0.0199;0.0199;99.3716;0.3607;1.9732;0.0072
62;02-DAPI-1-40x-760ms.tif;NBL;0.1069;0.1069;90.5249;0.5898;9.6752;0.063
63;02-DAPI-1-40x-760ms.tif;NBL;0.0753;0.0753;82.2622;1.3934;6.1947;0.1049
64;02-DAPI-1-40x-760ms.tif;NBL;0.0761;0.0761;73.107;1.6077;5.5608;0.1223
65;02-DAPI-1-40x-760ms.tif;NBL;0.0489;0.0489;102.1907;2.0111;5.0009;0.0984
66;02-DAPI-1-40x-760ms.tif;NBL;0.0431;0.0431;120.8463;1.8388;5.2057;0.0792
67;02-DAPI-1-40x-760ms.tif;NBL;0.0215;0.0215;117.2929;1.2879;2.52;0.0277
68;02-DAPI-1-40x-760ms.tif;NBL;0.0303;0.0303;108.8351;2.2079;3.2948;0.0668
69;02-DAPI-1-40x-760ms.tif;NBL;0.0475;0.0475;112.5776;1.7009;5.3504;0.0808
70;02-DAPI-1-40x-760ms.tif;NBL;0.0449;0.0449;115.4807;2.2246;5.1876;0.0999
71;02-DAPI-1-40x-760ms.tif;NBL;0.0374;0.0374;108.3101;2.4957;4.0546;0.0934
72;02-DAPI-1-40x-760ms.tif;NBL;0.0833;0.0833;107.9701;2.0521;8.9975;0.171
73;02-DAPI-1-40x-760ms.tif;NBL;0.0381;0.0381;109.7208;2.5527;4.1788;0.0972
74;02-DAPI-1-40x-760ms.tif;NBL;0.0569;0.0569;111.8282;2.0267;6.3583;0.1152
75;02-DAPI-1-40x-760ms.tif;NBL;0.0455;0.0455;103.4964;1.7303;4.7054;0.0787
76;02-DAPI-1-40x-760ms.tif;NBL;0.0354;0.0354;114.8129;2.2546;4.0613;0.0798
77;02-DAPI-1-40x-760ms.tif;NBL;0.0408;0.0408;99.0319;2.1676;4.0404;0.0884
78;02-DAPI-1-40x-760ms.tif;NBL;0.0374;0.0374;87.6348;1.7884;3.2806;0.0669
79;02-DAPI-1-40x-760ms.tif;NBL;0.0228;0.0228;110.119;1.219;2.5092;0.0278
80;02-DAPI-1-40x-760ms.tif;NBL;0.0632;0.0632;109.8729;1.3866;6.9386;0.0876
81;02-DAPI-1-40x-760ms.tif;NBL;0.0617;0.0617;107.9104;1.8576;6.6624;0.1147
82;02-DAPI-1-40x-760ms.tif;NBL;0.0509;0.0509;108.0149;1.5373;5.4969;0.0782
83;02-DAPI-1-40x-760ms.tif;NBL;0.0652;0.0652;106.782;1.2795;6.9635;0.0834
84;02-DAPI-1-40x-760ms.tif;NBL;0.0423;0.0423;93.8641;1.9795;3.9721;0.0838
85;02-DAPI-1-40x-760ms.tif;NBL;0.0406;0.0406;104.869;1.9225;4.2558;0.078
86;02-DAPI-1-40x-760ms.tif;NBL;0.0501;0.0501;106.3182;2.197;5.3298;0.1101
87;02-DAPI-1-40x-760ms.tif;NBL;0.0373;0.0373;108.9506;2.5988;4.0667;0.097
88;02-DAPI-1-40x-760ms.tif;NBL;0.0497;0.0497;108.1245;2.4432;5.3734;0.1214
89;02-DAPI-1-40x-760ms.tif;NBL;0.0398;0.0398;106.7711;1.7302;4.2518;0.0689
90;02-DAPI-1-40x-760ms.tif;NBL;0.0294;0.0294;108.6125;1.7491;3.1938;0.0514
91;02-DAPI-1-40x-760ms.tif;NBL;0.0516;0.0516;113.2773;1.9013;5.8507;0.0982
92;02-DAPI-1-40x-760ms.tif;NBL;0.0496;0.0496;84.3676;1.4136;4.1836;0.0701
93;02-DAPI-1-40x-760ms.tif;NBL;0.0473;0.0473;112.6422;1.5986;5.329;0.0756
94;02-DAPI-1-40x-760ms.tif;NBL;0.0344;0.0344;128.2555;2.7855;4.4116;0.0958
95;02-DAPI-1-40x-760ms.tif;NBL;0.042;0.042;75.8372;0.8786;3.1846;0.0369
96;02-DAPI-1-40x-760ms.tif;NBL;0.0256;0.0256;106.4788;1.3136;2.7267;0.0336
97;02-DAPI-1-40x-760ms.tif;NBL;0.0583;0.0583;105.0112;1.7747;6.1188;0.1034
98;02-DAPI-1-40x-760ms.tif;NBL;0.0533;0.0533;103.2668;2.1324;5.5017;0.1136
99;02-DAPI-1-40x-760ms.tif;NBL;0.0448;0.0448;111.2954;2.0145;4.9875;0.0903
100;02-DAPI-1-40x-760ms.tif;NBL;0.0472;0.0472;114.7264;2.469;5.4151;0.1165
101;02-DAPI-1-40x-760ms.tif;NBL;0.0392;0.0392;108.9612;2.4792;4.2681;0.0971
102;02-DAPI-1-40x-760ms.tif;NBL;0.0521;0.0521;105.4896;1.7875;5.4942;0.0931
103;02-DAPI-1-40x-760ms.tif;NBL;0.0327;0.0327;103.8937;2.1927;3.3932;0.0716
104;02-DAPI-1-40x-760ms.tif;NBL;0.0363;0.0363;108.2537;2.0896;3.935;0.076
105;02-DAPI-1-40x-760ms.tif;NBL;0.0516;0.0516;112.0273;1.6113;5.7861;0.0832
106;02-DAPI-1-40x-760ms.tif;NBL;0.0348;0.0348;81.3115;1.704;2.8321;0.0594
107;02-DAPI-1-40x-760ms.tif;NBL;0.0493;0.0493;63.7863;1.152;3.1423;0.0567
108;02-DAPI-1-40x-760ms.tif;NBL;0.0789;0.0789;66.9931;1.022;5.2847;0.0806
109;02-DAPI-1-40x-760ms.tif;NBL;0.0615;0.0615;100.2363;0.8025;6.1669;0.0494
110;02-DAPI-1-40x-760ms.tif;NBL;0.0802;0.0802;81.4114;0.7415;6.5281;0.0595
111;02-DAPI-1-40x-760ms.tif;NBL;0.035;0.035;112.3034;0.9195;3.936;0.0322
112;02-DAPI-1-40x-760ms.tif;NBL;0.0391;0.0391;109.7806;0.9361;4.2883;0.0366
113;02-DAPI-1-40x-760ms.tif;NBL;0.0322;0.0322;108.8418;1.4276;3.5076;0.046
114;02-DAPI-1-40x-760ms.tif;NBL;0.0474;0.0474;107.1304;1.1579;5.0799;0.0549
115;02-DAPI-1-40x-760ms.tif;NBL;0.0508;0.0508;112.2521;0.515;5.7003;0.0262
116;02-DAPI-1-40x-760ms.tif;NBL;0.0337;0.0337;118.5659;0.701;4.0011;0.0237
117;02-DAPI-1-40x-760ms.tif;NBL;0.0328;0.0328;97.5066;0.6391;3.1952;0.0209
118;02-DAPI-1-40x-760ms.tif;NBL;0.0184;0.0184;82.5706;0.4824;1.5231;0.0089
119;02-DAPI-1-40x-760ms.tif;NBL;0.0514;0.0514;75.4451;0.5338;3.8803;0.0275
120;02-DAPI-1-40x-760ms.tif;NBL;0.0436;0.0436;55.2189;0.3881;2.4086;0.0169
121;02-DAPI-1-40x-760ms.tif;NBL;0.0429;0.0429;73.5848;0.6025;3.1539;0.0258
122;02-DAPI-1-40x-760ms.tif;NBL;0.0609;0.0609;65.3155;0.3316;3.9759;0.0202
123;02-DAPI-1-40x-760ms.tif;NBL;0.0294;0.0294;52.6236;0.0959;1.5474;0.0028
124;02-DAPI-1-40x-760ms.tif;NBL;0.0368;0.0368;74.1445;0.1475;2.7273;0.0054
125;02-DAPI-1-40x-760ms.tif;NBL;0.0748;0.0748;67.4775;0.6589;5.0447;0.0493
126;02-DAPI-1-40x-760ms.tif;NBL;0.0399;0.0399;102.6793;1.8995;4.1;0.0758
127;02-DAPI-1-40x-760ms.tif;NBL;0.0298;0.0298;108.3018;1.9018;3.2317;0.0567
128;02-DAPI-1-40x-760ms.tif;NBL;0.0418;0.0418;104.0364;1.5455;4.3461;0.0646
129;02-DAPI-1-40x-760ms.tif;NBL;0.0362;0.0362;101.3234;1.4222;3.6721;0.0515
130;02-DAPI-1-40x-760ms.tif;NBL;0.0206;0.0206;99.9684;1.3737;2.061;0.0283
131;02-DAPI-1-40x-760ms.tif;NBL;0.0208;0.0208;95.5677;1.7552;1.991;0.0366
132;02-DAPI-1-40x-760ms.tif;NBL;0.0614;0.0614;109.3357;1.6873;6.7148;0.1036
133;02-DAPI-1-40x-760ms.tif;NBL;0.025;0.025;104.7913;1.9739;2.6152;0.0493
134;02-DAPI-1-40x-760ms.tif;NBL;0.0252;0.0252;103.0388;1.9784;2.5939;0.0498
135;02-DAPI-1-40x-760ms.tif;NBL;0.041;0.041;114.373;2;4.6911;0.082
136;02-DAPI-1-40x-760ms.tif;NBL;0.0229;0.0229;100.0142;1.4692;2.2898;0.0336
137;02-DAPI-1-40x-760ms.tif;NBL;0.0304;0.0304;99.4857;1.6536;3.0226;0.0502
138;02-DAPI-1-40x-760ms.tif;NBL;0.0293;0.0293;103.3074;1.7704;3.0266;0.0519
139;02-DAPI-1-40x-760ms.tif;NBL;0.0382;0.0382;100.6108;1.375;3.8428;0.0525
140;02-DAPI-1-40x-760ms.tif;NBL;0.0245;0.0245;97.1416;1.7832;2.3822;0.0437
141;02-DAPI-1-40x-760ms.tif;NBL;0.0404;0.0404;95.1344;1.7608;3.8401;0.0711
142;02-DAPI-1-40x-760ms.tif;NBL;0.0423;0.0423;102.7872;1.7385;4.3497;0.0736
143;02-DAPI-1-40x-760ms.tif;NBL;0.028;0.028;99.0659;1.9457;2.7733;0.0545
144;02-DAPI-1-40x-760ms.tif;NBL;0.0386;0.0386;99.5421;2.0843;3.8452;0.0805
145;02-DAPI-1-40x-760ms.tif;NBL;0.0603;0.0603;97.8417;1.973;5.9028;0.119
146;02-DAPI-1-40x-760ms.tif;NBL;0.0502;0.0502;101.4255;2.0475;5.0955;0.1029
147;02-DAPI-1-40x-760ms.tif;NBL;0.025;0.025;100.6783;2.2;2.5126;0.0549
148;02-DAPI-1-40x-760ms.tif;NBL;0.0331;0.0331;106.2754;1.718;3.5171;0.0569
149;02-DAPI-1-40x-760ms.tif;NBL;0.0332;0.0332;97.5621;2.0523;3.2394;0.0681
150;02-DAPI-1-40x-760ms.tif;NBL;0.0357;0.0357;102.5836;1.772;3.6621;0.0633
151;02-DAPI-1-40x-760ms.tif;NBL;0.042;0.042;96.3618;1.8372;4.0464;0.0771
152;02-DAPI-1-40x-760ms.tif;NBL;0.0552;0.0552;102.5285;1.9194;5.6627;0.106
153;02-DAPI-1-40x-760ms.tif;NBL;0.0663;0.0663;105.2079;1.5057;6.975;0.0998
154;02-DAPI-1-40x-760ms.tif;NBL;0.0444;0.0444;108.6699;1.533;4.8227;0.068
155;02-DAPI-1-40x-760ms.tif;NBL;0.0277;0.0277;88.3137;1.3529;2.4436;0.0374
156;02-DAPI-1-40x-760ms.tif;NBL;0.0456;0.0456;106.381;1.3429;4.8481;0.0612
157;02-DAPI-1-40x-760ms.tif;NBL;0.0224;0.0224;109.0583;1.2379;2.4377;0.0277
158;02-DAPI-1-40x-760ms.tif;NBL;0.0422;0.0422;108.8895;1.4884;4.5961;0.0628
159;02-DAPI-1-40x-760ms.tif;NBL;0.0359;0.0359;101.9033;1.7825;3.6599;0.064
160;02-DAPI-1-40x-760ms.tif;NBL;0.0385;0.0385;107.9042;1.5859;4.1565;0.0611
161;02-DAPI-1-40x-760ms.tif;NBL;0.0317;0.0317;98.5753;1.3973;3.1233;0.0443
162;02-DAPI-1-40x-760ms.tif;NBL;0.0299;0.0299;106.6812;1.3732;3.1949;0.0411
163;02-DAPI-1-40x-760ms.tif;NBL;0.0336;0.0336;107.629;1.629;3.6203;0.0548
164;02-DAPI-1-40x-760ms.tif;NBL;0.0314;0.0314;100.8339;1.2664;3.162;0.0397
165;02-DAPI-1-40x-760ms.tif;NBL;0.0276;0.0276;113.1535;1.7677;3.1186;0.0487
166;02-DAPI-1-40x-760ms.tif;NBL;0.0601;0.0601;96.5144;1.9332;5.8018;0.1162
167;02-DAPI-1-40x-760ms.tif;NBL;0.0731;0.0731;103.1766;1.8249;7.5457;0.1335
168;02-DAPI-1-40x-760ms.tif;NBL;0.073;0.073;101.4428;1.526;7.4079;0.1114
169;02-DAPI-1-40x-760ms.tif;NBL;0.0944;0.0944;78.6759;1.7908;7.4271;0.1691
170;02-DAPI-1-40x-760ms.tif;NBL;0.0317;0.0317;112.5651;2.4829;3.5665;0.0787
171;02-DAPI-1-40x-760ms.tif;NBL;0.026;0.026;113.4833;2.3083;2.9553;0.0601
172;02-DAPI-1-40x-760ms.tif;NBL;0.0386;0.0386;111.7051;2.0478;4.315;0.0791
173;02-DAPI-1-40x-760ms.tif;NBL;0.0462;0.0462;89.5704;1.831;4.1403;0.0846
174;02-DAPI-1-40x-760ms.tif;NBL;0.055;0.055;104.7061;1.9329;5.7602;0.1063
175;02-DAPI-1-40x-760ms.tif;NBL;0.0429;0.0429;109.3696;2.2759;4.6876;0.0975
176;02-DAPI-1-40x-760ms.tif;NBL;0.0294;0.0294;103.9373;1.8635;3.0563;0.0548
177;02-DAPI-1-40x-760ms.tif;NBL;0.0499;0.0499;108.9783;2.2152;5.4395;0.1106
178;02-DAPI-1-40x-760ms.tif;NBL;0.0471;0.0471;109.5691;1.6244;5.1598;0.0765
179;02-DAPI-1-40x-760ms.tif;NBL;0.0217;0.0217;94.62;1.6;2.0534;0.0347
180;02-DAPI-1-40x-760ms.tif;NBL;0.0232;0.0232;96.7804;1.6215;2.2473;0.0377
181;02-DAPI-1-40x-760ms.tif;NBL;0.0352;0.0352;104.0833;1.9969;3.6592;0.0702
182;02-DAPI-1-40x-760ms.tif;NBL;0.0518;0.0518;92.2013;1.4801;4.7721;0.0766
183;02-DAPI-1-40x-760ms.tif;NBL;0.0238;0.0238;88.4886;1.7763;2.1028;0.0422
184;02-DAPI-1-40x-760ms.tif;NBL;0.0539;0.0539;90.9115;1.5936;4.9027;0.0859
185;02-DAPI-1-40x-760ms.tif;NBL;0.0319;0.0319;90.5272;1.7755;2.8879;0.0566
186;02-DAPI-1-40x-760ms.tif;NBL;0.0385;0.0385;108.3972;2.0789;4.1755;0.0801
187;02-DAPI-1-40x-760ms.tif;NBL;0.0401;0.0401;97.6405;2.3838;3.92;0.0957
188;02-DAPI-1-40x-760ms.tif;NBL;0.0301;0.0301;109.9856;2.213;3.3058;0.0665
189;02-DAPI-1-40x-760ms.tif;NBL;0.0599;0.0599;114.5036;2.0109;6.8583;0.1204
190;02-DAPI-1-40x-760ms.tif;NBL;0.0471;0.0471;91.0207;1.8387;4.2863;0.0866
191;02-DAPI-1-40x-760ms.tif;NBL;0.0409;0.0409;98.9469;1.3926;4.0476;0.057
192;02-DAPI-1-40x-760ms.tif;NBL;0.0304;0.0304;92.675;1.6571;2.8156;0.0503
193;02-DAPI-1-40x-760ms.tif;NBL;0.0648;0.0648;82.9146;1.4255;5.3711;0.0923
194;02-DAPI-1-40x-760ms.tif;NBL;0.0357;0.0357;88.4286;1.0182;3.1568;0.0363
195;02-DAPI-1-40x-760ms.tif;NBL;0.0317;0.0317;88.661;1.3904;2.8091;0.0441
196;02-DAPI-1-40x-760ms.tif;NBL;0.0336;0.0336;110.6419;1.2613;3.7217;0.0424
197;02-DAPI-1-40x-760ms.tif;NBL;0.0495;0.0495;93.5855;0.9912;4.6305;0.049
198;02-DAPI-1-40x-760ms.tif;NBL;0.0589;0.0589;113.9613;1.6077;6.7145;0.0947
199;02-DAPI-1-40x-760ms.tif;NBL;0.0354;0.0354;113.9202;1.408;4.0297;0.0498
200;02-DAPI-1-40x-760ms.tif;NBL;0.0255;0.0255;106.634;1.1064;2.7191;0.0282
201;02-DAPI-1-40x-760ms.tif;NBL;0.0273;0.0273;116.2103;1.4643;3.1776;0.04
202;02-DAPI-1-40x-760ms.tif;NBL;0.0328;0.0328;104.9603;1.2914;3.4395;0.0423
203;02-DAPI-1-40x-760ms.tif;NBL;0.0298;0.0298;93.0036;0.9164;2.7752;0.0273
204;02-DAPI-1-40x-760ms.tif;NBL;0.0344;0.0344;97.9464;0.694;3.369;0.0239
205;02-DAPI-1-40x-760ms.tif;NBL;0.0118;0.0118;113.5688;0.945;1.3432;0.0112
206;02-DAPI-1-40x-760ms.tif;NBL;0.0285;0.0285;86.7985;1.1369;2.477;0.0324
207;02-DAPI-1-40x-760ms.tif;NBL;0.0396;0.0396;106.9589;1.5068;4.2361;0.0597
208;02-DAPI-1-40x-760ms.tif;NBL;0.0239;0.0239;89.0636;1.7818;2.1261;0.0425
209;02-DAPI-1-40x-760ms.tif;NBL;0.0525;0.0525;105.0041;1.4483;5.5145;0.0761
210;02-DAPI-1-40x-760ms.tif;NBL;0.0177;0.0177;94.2086;1.4908;1.6662;0.0264
211;02-DAPI-1-40x-760ms.tif;NBL;0.0369;0.0369;105.8294;1.7;3.9043;0.0627
212;02-DAPI-1-40x-760ms.tif;NBL;0.0111;0.0111;104.7745;2.3235;1.1596;0.0257
213;02-DAPI-1-40x-760ms.tif;NBL;0.0372;0.0372;97.0087;1.9592;3.6105;0.0729
214;02-DAPI-1-40x-760ms.tif;NBL;0.0597;0.0597;82.0927;1.8636;4.8992;0.1112
215;02-DAPI-1-40x-760ms.tif;NBL;0.0324;0.0324;106.1204;2.3043;3.4429;0.0748
216;02-DAPI-1-40x-760ms.tif;NBL;0.0494;0.0494;76.3802;1.6462;3.7709;0.0813
217;02-DAPI-1-40x-760ms.tif;NBL;0.0353;0.0353;103.1015;1.3169;3.6359;0.0464
218;02-DAPI-1-40x-760ms.tif;NBL;0.0372;0.0372;103.137;1.6093;3.8385;0.0599
219;02-DAPI-1-40x-760ms.tif;NBL;0.0476;0.0476;112.4055;1.3052;5.3544;0.0622
220;02-DAPI-1-40x-760ms.tif;NBL;0.0366;0.0366;114.0475;1.3264;4.1704;0.0485
221;02-DAPI-1-40x-760ms.tif;NBL;0.0519;0.0519;105.5607;2.387;5.475;0.1238
222;02-DAPI-1-40x-760ms.tif;NBL;0.0398;0.0398;111.0681;0.9292;4.423;0.037
223;02-DAPI-1-40x-760ms.tif;NBL;0.0328;0.0328;68.4702;0.649;2.2437;0.0213
224;02-DAPI-1-40x-760ms.tif;NBL;0.043;0.043;74.2222;0.6894;3.1892;0.0296
225;02-DAPI-1-40x-760ms.tif;NBL;0.0703;0.0703;105.5525;0.5864;7.4217;0.0412
226;02-DAPI-1-40x-760ms.tif;NBL;0.0347;0.0347;96.7156;0.6062;3.3582;0.0211
227;02-DAPI-1-40x-760ms.tif;NBL;0.042;0.042;73.2558;0.5194;3.0762;0.0218
228;02-DAPI-1-40x-760ms.tif;NBL;0.0642;0.0642;92.103;0.3243;5.9163;0.0208
229;02-DAPI-1-40x-760ms.tif;NBL;0.0495;0.0495;112.0504;0.6996;5.5442;0.0346
230;02-DAPI-1-40x-760ms.tif;NBL;0.0521;0.0521;111.6146;1.1646;5.8133;0.0607
231;02-DAPI-1-40x-760ms.tif;NBL;0.0381;0.0381;70.9003;0.906;2.7003;0.0345
232;02-DAPI-1-40x-760ms.tif;NBL;0.0237;0.0237;90.3853;0.7431;2.138;0.0176
233;02-DAPI-1-40x-760ms.tif;NBL;0.0363;0.0363;105.9731;1.3313;3.8521;0.0484
234;02-DAPI-1-40x-760ms.tif;NBL;0.0284;0.0284;107.2595;1.2176;3.0493;0.0346
235;02-DAPI-1-40x-760ms.tif;NBL;0.0239;0.0239;86.3545;0.7045;2.0614;0.0168
236;02-DAPI-1-40x-760ms.tif;NBL;0.0394;0.0394;96.022;1.0386;3.7821;0.0409
237;02-DAPI-1-40x-760ms.tif;NBL;0.0581;0.0581;75.9682;1.4654;4.41;0.0851
238;02-DAPI-1-40x-760ms.tif;NBL;0.0584;0.0584;104.6022;1.329;6.1063;0.0776
239;02-DAPI-1-40x-760ms.tif;NBL;0.0259;0.0259;98.0167;1.1757;2.5419;0.0305
240;02-DAPI-1-40x-760ms.tif;NBL;0.0503;0.0503;116.1099;1.7888;5.8458;0.0901
241;02-DAPI-1-40x-760ms.tif;NBL;0.0294;0.0294;86.8118;1.0849;2.5527;0.0319
242;02-DAPI-1-40x-760ms.tif;NBL;0.019;0.019;81.3657;2.08;1.545;0.0395
243;02-DAPI-1-40x-760ms.tif;NBL;0.0271;0.0271;64.184;1.272;1.7411;0.0345
244;02-DAPI-1-40x-760ms.tif;NBL;0.0767;0.0767;42.2447;2.1655;3.2408;0.1661
245;02-DAPI-1-40x-760ms.tif;NBL;0.0709;0.0709;64.0184;0.9219;4.536;0.0653
246;02-DAPI-1-40x-760ms.tif;NBL;0.0295;0.0295;108.511;1.5551;3.2026;0.0459
247;02-DAPI-1-40x-760ms.tif;NBL;0.0586;0.0586;59.387;1.1593;3.4797;0.0679
248;02-DAPI-1-40x-760ms.tif;NBL;0.0709;0.0709;47.3369;2.1761;3.3541;0.1542
249;02-DAPI-1-40x-760ms.tif;NBL;0.0443;0.0443;66.6422;2.3725;2.9503;0.105
250;02-DAPI-1-40x-760ms.tif;NBL;0.0349;0.0349;104.2888;1.9006;3.6438;0.0664
251;02-DAPI-1-40x-760ms.tif;NBL;0.0307;0.0307;109.4629;2.5583;3.3613;0.0786
252;02-DAPI-1-40x-760ms.tif;NBL;0.0319;0.0319;112.6633;1.7653;3.5941;0.0563
253;02-DAPI-1-40x-760ms.tif;NBL;0.0683;0.0683;103.9157;1.0525;7.0923;0.0718
254;02-DAPI-1-40x-760ms.tif;NBL;0.0707;0.0707;91.684;0.7776;6.4863;0.055
255;02-DAPI-1-40x-760ms.tif;NBL;0.0423;0.0423;43.4821;0.6923;1.8401;0.0293
256;02-DAPI-1-40x-760ms.tif;NBL;0.0853;0.0853;55.4288;0.4567;4.7273;0.039
257;02-DAPI-1-40x-760ms.tif;NBL;0.0646;0.0646;80.9092;0.795;5.2236;0.0513
258;02-DAPI-1-40x-760ms.tif;NBL;0.0445;0.0445;92.1244;2.1976;4.0984;0.0978
259;02-DAPI-1-40x-760ms.tif;NBL;0.0266;0.0266;70.9265;1.4612;1.8855;0.0388
260;02-DAPI-1-40x-760ms.tif;NBL;0.0634;0.0634;82.5394;1.9212;5.2304;0.1217
261;02-DAPI-1-40x-760ms.tif;NBL;0.0725;0.0725;55.0973;1.5494;3.9936;0.1123
262;02-DAPI-1-40x-760ms.tif;NBL;0.0727;0.0727;106.5701;2.1791;7.7476;0.1584
263;02-DAPI-1-40x-760ms.tif;NBL;0.0131;0.0131;95.9174;1.7438;1.2593;0.0229
264;02-DAPI-1-40x-760ms.tif;NBL;0.0267;0.0267;100.9634;1.9146;2.695;0.0511
265;02-DAPI-1-40x-760ms.tif;NBL;0.053;0.053;102.9139;1.7828;5.4494;0.0944
266;02-DAPI-1-40x-760ms.tif;NBL;0.0286;0.0286;101.125;1.5455;2.8968;0.0443
267;02-DAPI-1-40x-760ms.tif;NBL;0.0328;0.0328;97.745;0.9404;3.203;0.0308
268;02-DAPI-1-40x-760ms.tif;NBL;0.0945;0.0945;106.9392;1.6797;10.1068;0.1587
269;02-DAPI-1-40x-760ms.tif;NBL;0.0316;0.0316;96.6254;1.268;3.051;0.04
270;02-DAPI-1-40x-760ms.tif;NBL;0.0706;0.0706;109.5791;1.7373;7.7405;0.1227
271;02-DAPI-1-40x-760ms.tif;NBL;0.0515;0.0515;95.3074;1.4484;4.9122;0.0747
272;02-DAPI-1-40x-760ms.tif;NBL;0.0334;0.0334;119.4416;2.2532;3.9918;0.0753
273;02-DAPI-1-40x-760ms.tif;NBL;0.0295;0.0295;100.6029;1.114;2.9692;0.0329
274;02-DAPI-1-40x-760ms.tif;NBL;0.0182;0.0182;119.7262;2.3988;2.1825;0.0437
275;02-DAPI-1-40x-760ms.tif;NBL;0.0238;0.0238;111.4977;2.5799;2.6495;0.0613
276;02-DAPI-1-40x-760ms.tif;NBL;0.047;0.047;101.9192;2.0046;4.7885;0.0942
277;02-DAPI-1-40x-760ms.tif;NBL;0.0366;0.0366;99.7092;1.6588;3.6461;0.0607
278;02-DAPI-1-40x-760ms.tif;NBL;0.0471;0.0471;104.5806;1.3986;4.9249;0.0659
279;02-DAPI-1-40x-760ms.tif;NBL;0.0358;0.0358;101.403;1.4121;3.631;0.0506
280;02-DAPI-1-40x-760ms.tif;NBL;0.045;0.045;103.3783;1.0867;4.6552;0.0489
281;02-DAPI-1-40x-760ms.tif;NBL;0.0681;0.0681;108.2118;1.8392;7.3738;0.1253
282;02-DAPI-1-40x-760ms.tif;NBL;0.0436;0.0436;86.0149;1.5075;3.752;0.0658
283;02-DAPI-1-40x-760ms.tif;NBL;0.0487;0.0487;106.3697;1.951;5.1823;0.0951
284;02-DAPI-1-40x-760ms.tif;NBL;0.0394;0.0394;88.4435;1.6556;3.4836;0.0652
285;02-DAPI-1-40x-760ms.tif;NBL;0.0394;0.0394;101.6419;1.6336;4.0035;0.0643
286;02-DAPI-1-40x-760ms.tif;NBL;0.0462;0.0462;96.6362;1.7042;4.4669;0.0788
287;02-DAPI-1-40x-760ms.tif;NBL;0.0341;0.0341;98.4936;1.5892;3.3558;0.0541
288;02-DAPI-1-40x-760ms.tif;NBL;0.0577;0.0577;104.3891;1.2237;6.0259;0.0706
289;03-DAPI-1-40x-760ms.tif;NBL;0.0368;0.0368;98.4867;0.0826;3.6227;0.003
290;03-DAPI-1-40x-760ms.tif;NBL;0.031;0.031;101.0315;0.5455;3.1353;0.0169
291;03-DAPI-1-40x-760ms.tif;NBL;0.0353;0.0353;78.4154;0.2369;2.7653;0.0084
292;03-DAPI-1-40x-760ms.tif;NBL;0.0587;0.0587;106.5305;0.6026;6.2536;0.0354
293;03-DAPI-1-40x-760ms.tif;NBL;0.0372;0.0372;103.7755;0.5073;3.8623;0.0189
294;03-DAPI-1-40x-760ms.tif;NBL;0.0537;0.0537;85.4222;0.5495;4.5881;0.0295
295;03-DAPI-1-40x-760ms.tif;NBL;0.032;0.032;108.8712;0.5525;3.4849;0.0177
296;03-DAPI-1-40x-760ms.tif;NBL;0.0295;0.0295;85.9191;0.5074;2.5358;0.015
297;03-DAPI-1-40x-760ms.tif;NBL;0.0378;0.0378;103.3506;0.5977;3.9026;0.0226
298;03-DAPI-1-40x-760ms.tif;NBL;0.0455;0.0455;74.2148;0.0955;3.3741;0.0043
299;03-DAPI-1-40x-760ms.tif;NBL;0.0391;0.0391;105.5972;0.5306;4.1249;0.0207
300;03-DAPI-1-40x-760ms.tif;NBL;0.0454;0.0454;102.7297;0.7225;4.6594;0.0328
301;03-DAPI-1-40x-760ms.tif;NBL;0.0114;0.0114;108.3619;0.4762;1.2346;0.0054
302;03-DAPI-1-40x-760ms.tif;NBL;0.0269;0.0269;103.0121;0.6532;2.772;0.0176
303;03-DAPI-1-40x-760ms.tif;NBL;0.0354;0.0354;100.9908;0.5429;3.5724;0.0192
304;03-DAPI-1-40x-760ms.tif;NBL;0.0518;0.0518;84.7358;0.4738;4.3857;0.0245
305;03-DAPI-1-40x-760ms.tif;NBL;0.0662;0.0662;113.6672;0.7672;7.5235;0.0508
306;03-DAPI-1-40x-760ms.tif;NBL;0.0404;0.0404;83.7097;0.5;3.3789;0.0202
307;03-DAPI-1-40x-760ms.tif;NBL;0.0459;0.0459;112.9102;0.5508;5.1824;0.0253
308;03-DAPI-1-40x-760ms.tif;NBL;0.0579;0.0579;110.7266;0.5955;6.4158;0.0345
309;03-DAPI-1-40x-760ms.tif;NBL;0.0666;0.0666;110.93;0.829;7.3905;0.0552
310;03-DAPI-1-40x-760ms.tif;NBL;0.0317;0.0317;94.4418;0.8288;2.9923;0.0263
311;03-DAPI-1-40x-760ms.tif;NBL;0.0651;0.0651;112.16;1.3517;7.3021;0.088
312;03-DAPI-1-40x-760ms.tif;NBL;0.0562;0.0562;111.4942;0.9884;6.2667;0.0556
313;03-DAPI-1-40x-760ms.tif;NBL;0.0407;0.0407;101.3253;1.0987;4.1229;0.0447
314;03-DAPI-1-40x-760ms.tif;NBL;0.0604;0.0604;82.3034;1.0592;4.9743;0.064
315;03-DAPI-1-40x-760ms.tif;NBL;0.0553;0.0553;109.8078;1.2098;6.0766;0.0669
316;03-DAPI-1-40x-760ms.tif;NBL;0.0667;0.0667;108.4764;1.026;7.2388;0.0685
317;03-DAPI-1-40x-760ms.tif;NBL;0.035;0.035;106.031;0.8885;3.7161;0.0311
318;03-DAPI-1-40x-760ms.tif;NBL;0.0498;0.0498;103.0218;0.7277;5.131;0.0362
319;03-DAPI-1-40x-760ms.tif;NBL;0.0282;0.0282;103.4692;0.8577;2.9191;0.0242
320;03-DAPI-1-40x-760ms.tif;NBL;0.0647;0.0647;105.3557;0.7768;6.8134;0.0502
321;03-DAPI-1-40x-760ms.tif;NBL;0.0906;0.0906;74.2647;0.503;6.7286;0.0456
322;03-DAPI-1-40x-760ms.tif;NBL;0.0567;0.0567;94.1052;0.608;5.3404;0.0345
323;03-DAPI-1-40x-760ms.tif;NBL;0.0867;0.0867;103.0588;1.0375;8.9349;0.09
324;03-DAPI-1-40x-760ms.tif;NBL;0.0522;0.0522;111.0437;1.316;5.7956;0.0687
325;03-DAPI-1-40x-760ms.tif;NBL;0.0684;0.0684;113.5079;1.6143;7.7593;0.1104
326;03-DAPI-1-40x-760ms.tif;NBL;0.0917;0.0917;81.6769;1.4675;7.4888;0.1345
327;03-DAPI-1-40x-760ms.tif;NBL;0.0704;0.0704;95.7103;1.4515;6.74;0.1022
328;03-DAPI-1-40x-760ms.tif;NBL;0.0674;0.0674;106.5362;1.5878;7.1787;0.107
329;03-DAPI-1-40x-760ms.tif;NBL;0.055;0.055;112.7633;1.7692;6.2035;0.0973
330;03-DAPI-1-40x-760ms.tif;NBL;0.0368;0.0368;111.7434;1.5605;4.1104;0.0574
331;03-DAPI-1-40x-760ms.tif;NBL;0.0809;0.0809;106.2011;1.7949;8.5966;0.1453
332;03-DAPI-1-40x-760ms.tif;NBL;0.063;0.063;84.4062;1.5508;5.3212;0.0978
333;03-DAPI-1-40x-760ms.tif;NBL;0.0683;0.0683;100.2321;1.5962;6.8409;0.1089
334;03-DAPI-1-40x-760ms.tif;NBL;0.0671;0.0671;100.3641;2.1667;6.7301;0.1453
335;03-DAPI-1-40x-760ms.tif;NBL;0.0743;0.0743;109.4029;1.8774;8.1316;0.1395
336;03-DAPI-1-40x-760ms.tif;NBL;0.0548;0.0548;104.5446;1.7208;5.7286;0.0943
337;03-DAPI-1-40x-760ms.tif;NBL;0.0585;0.0585;81.6809;1.6067;4.7771;0.094
338;03-DAPI-1-40x-760ms.tif;NBL;0.0916;0.0916;73.8756;1.4064;6.7655;0.1288
339;03-DAPI-1-40x-760ms.tif;NBL;0.0653;0.0653;119.8422;1.6196;7.8282;0.1058
340;03-DAPI-1-40x-760ms.tif;NBL;0.0553;0.0553;84.502;1.0824;4.6762;0.0599
341;03-DAPI-1-40x-760ms.tif;NBL;0.0684;0.0684;87.8619;0.8222;6.0062;0.0562
342;03-DAPI-1-40x-760ms.tif;NBL;0.0418;0.0418;62.7766;0.7039;2.6225;0.0294
343;03-DAPI-1-40x-760ms.tif;NBL;0.0473;0.0473;59.4633;1.344;2.8132;0.0636
344;03-DAPI-1-40x-760ms.tif;NBL;0.0694;0.0694;59.6078;0.7438;4.1394;0.0516
345;03-DAPI-1-40x-760ms.tif;NBL;0.0974;0.0974;71.6036;0.6381;6.977;0.0622
346;03-DAPI-1-40x-760ms.tif;NBL;0.0753;0.0753;97.062;0.2507;7.3091;0.0189
347;03-DAPI-1-40x-760ms.tif;NBL;0.0611;0.0611;91.1972;1.3179;5.5712;0.0805
348;03-DAPI-1-40x-760ms.tif;NBL;0.0488;0.0488;113.8267;1.4467;5.5579;0.0706
349;03-DAPI-1-40x-760ms.tif;NBL;0.0502;0.0502;103.203;1.2937;5.1848;0.065
350;03-DAPI-1-40x-760ms.tif;NBL;0.0667;0.0667;92.1041;1.3626;6.1463;0.0909
351;03-DAPI-1-40x-760ms.tif;NBL;0.0594;0.0594;101.7678;1.3857;6.0403;0.0822
352;03-DAPI-1-40x-760ms.tif;NBL;0.0456;0.0456;107.8667;1.269;4.9158;0.0578
353;03-DAPI-1-40x-760ms.tif;NBL;0.0341;0.0341;103.8121;1.1497;3.537;0.0392
354;03-DAPI-1-40x-760ms.tif;NBL;0.0349;0.0349;100.382;1.2671;3.5073;0.0443
355;03-DAPI-1-40x-760ms.tif;NBL;0.0471;0.0471;102.5392;0.9309;4.8288;0.0438
356;03-DAPI-1-40x-760ms.tif;NBL;0.048;0.048;98.9819;0.81;4.7472;0.0388
357;03-DAPI-1-40x-760ms.tif;NBL;0.0455;0.0455;103.148;1.1551;4.6896;0.0525
358;03-DAPI-1-40x-760ms.tif;NBL;0.0549;0.0549;113.0692;1.2115;6.208;0.0665
359;03-DAPI-1-40x-760ms.tif;NBL;0.046;0.046;102.2335;0.5613;4.7035;0.0258
360;03-DAPI-1-40x-760ms.tif;NBL;0.0693;0.0693;111.5587;0.7387;7.735;0.0512
361;03-DAPI-1-40x-760ms.tif;NBL;0.038;0.038;106.2686;0.5743;4.0358;0.0218
362;03-DAPI-1-40x-760ms.tif;NBL;0.0421;0.0421;108.4021;0.9201;4.5638;0.0387
363;03-DAPI-1-40x-760ms.tif;NBL;0.0853;0.0853;93.9173;0.9097;8.0099;0.0776
364;03-DAPI-1-40x-760ms.tif;NBL;0.0248;0.0248;91.5109;0.7904;2.2739;0.0196
365;03-DAPI-1-40x-760ms.tif;NBL;0.0397;0.0397;55.0628;0.8552;2.1867;0.034
366;03-DAPI-1-40x-760ms.tif;NBL;0.0259;0.0259;109.5565;1.0879;2.8411;0.0282
367;03-DAPI-1-40x-760ms.tif;NBL;0.0317;0.0317;78.2466;0.6986;2.4792;0.0221
368;03-DAPI-1-40x-760ms.tif;NBL;0.0554;0.0554;109.1429;1.0294;6.0516;0.0571
369;03-DAPI-1-40x-760ms.tif;NBL;0.0574;0.0574;104.9811;2.0832;6.0259;0.1196
370;03-DAPI-1-40x-760ms.tif;NBL;0.0483;0.0483;104.7169;2.0539;5.0563;0.0992
371;03-DAPI-1-40x-760ms.tif;NBL;0.0505;0.0505;111.0366;2.2602;5.6024;0.114
372;03-DAPI-1-40x-760ms.tif;NBL;0.0702;0.0702;112.4961;2.0046;7.8977;0.1407
373;03-DAPI-1-40x-760ms.tif;NBL;0.0655;0.0655;103.2632;2.1242;6.7677;0.1392
374;03-DAPI-1-40x-760ms.tif;NBL;0.0434;0.0434;104.1775;1.9625;4.5216;0.0852
375;03-DAPI-1-40x-760ms.tif;NBL;0.0647;0.0647;108.2836;1.5503;7.0027;0.1003
376;03-DAPI-1-40x-760ms.tif;NBL;0.1145;0.1145;89.0635;1.4019;10.1955;0.1605
377;03-DAPI-1-40x-760ms.tif;NBL;0.0412;0.0412;90.5763;2.1553;3.7347;0.0889
378;03-DAPI-1-40x-760ms.tif;NBL;0.0758;0.0758;97.7439;1.701;7.4135;0.129
379;03-DAPI-1-40x-760ms.tif;NBL;0.0602;0.0602;99.9856;1.7892;6.0213;0.1077
380;03-DAPI-1-40x-760ms.tif;NBL;0.0524;0.0524;97.5611;1.9462;5.1131;0.102
381;03-DAPI-1-40x-760ms.tif;NBL;0.0658;0.0658;101.0644;2.0297;6.6455;0.1335
382;03-DAPI-1-40x-760ms.tif;NBL;0.053;0.053;94.8873;1.6988;5.0244;0.09
383;03-DAPI-1-40x-760ms.tif;NBL;0.0592;0.0592;94.5092;1.8315;5.5992;0.1085
384;03-DAPI-1-40x-760ms.tif;NBL;0.0357;0.0357;102.541;2.0517;3.6606;0.0732
385;03-DAPI-1-40x-760ms.tif;NBL;0.0519;0.0519;107.3745;1.7322;5.5691;0.0898
386;03-DAPI-1-40x-760ms.tif;NBL;0.057;0.057;84.9486;2.0571;4.8392;0.1172
387;03-DAPI-1-40x-760ms.tif;NBL;0.0658;0.0658;109.4059;1.9175;7.194;0.1261
388;03-DAPI-1-40x-760ms.tif;NBL;0.0583;0.0583;114.2663;2.1546;6.6581;0.1255
389;03-DAPI-1-40x-760ms.tif;NBL;0.0543;0.0543;108.682;1.964;5.8964;0.1066
390;03-DAPI-1-40x-760ms.tif;NBL;0.0569;0.0569;111.9561;1.9637;6.3656;0.1117
391;03-DAPI-1-40x-760ms.tif;NBL;0.0316;0.0316;110.3574;1.9863;3.4846;0.0627
392;03-DAPI-1-40x-760ms.tif;NBL;0.0328;0.0328;113.8311;1.9934;3.7301;0.0653
393;03-DAPI-1-40x-760ms.tif;NBL;0.0706;0.0706;107.0154;1.7419;7.5594;0.123
394;03-DAPI-1-40x-760ms.tif;NBL;0.0636;0.0636;98.9556;1.7816;6.2921;0.1133
395;03-DAPI-1-40x-760ms.tif;NBL;0.0445;0.0445;103.4341;1.7341;4.6016;0.0771
396;03-DAPI-1-40x-760ms.tif;NBL;0.0829;0.0829;100.0537;1.7919;8.2944;0.1485
397;03-DAPI-1-40x-760ms.tif;NBL;0.0795;0.0795;97.7763;1.7503;7.7767;0.1392
398;03-DAPI-1-40x-760ms.tif;NBL;0.034;0.034;100.4185;1.8914;3.4105;0.0642
399;03-DAPI-1-40x-760ms.tif;NBL;0.0734;0.0734;104.3876;1.9527;7.6569;0.1432
400;03-DAPI-1-40x-760ms.tif;NBL;0.0423;0.0423;56.9615;1.5436;2.4105;0.0653
401;03-DAPI-1-40x-760ms.tif;NBL;0.0565;0.0565;36.334;2.2476;2.054;0.1271
402;03-DAPI-1-40x-760ms.tif;NBL;0.0857;0.0857;94.5342;1.3937;8.1035;0.1195
403;03-DAPI-1-40x-760ms.tif;NBL;0.0975;0.0975;50.4872;1.8587;4.9249;0.1813
404;03-DAPI-1-40x-760ms.tif;NBL;0.0727;0.0727;111.294;2.3806;8.091;0.1731
405;03-DAPI-1-40x-760ms.tif;NBL;0.0337;0.0337;112.3923;2.6045;3.7928;0.0879
406;03-DAPI-1-40x-760ms.tif;NBL;0.0388;0.0388;109.2179;1.6397;4.2426;0.0637
407;03-DAPI-1-40x-760ms.tif;NBL;0.0311;0.0311;123.8223;1.662;3.856;0.0518
408;03-DAPI-1-40x-760ms.tif;NBL;0.0167;0.0167;50.3961;1.9286;0.8421;0.0322
409;03-DAPI-1-40x-760ms.tif;NBL;0.0322;0.0322;105.532;1.1246;3.4009;0.0362
410;03-DAPI-1-40x-760ms.tif;NBL;0.1015;0.1015;54.0246;0.8727;5.481;0.0885
411;03-DAPI-1-40x-760ms.tif;NBL;0.049;0.049;93.8407;1.3827;4.6024;0.0678
412;03-DAPI-1-40x-760ms.tif;NBL;0.0435;0.0435;94.7357;1.01;4.1221;0.0439
413;03-DAPI-1-40x-760ms.tif;NBL;0.0295;0.0295;72.8493;0.636;2.1501;0.0188
414;03-DAPI-1-40x-760ms.tif;NBL;0.0713;0.0713;106.554;0.5586;7.5961;0.0398
415;03-DAPI-1-40x-760ms.tif;NBL;0.034;0.034;110.4441;0.7796;3.751;0.0265
416;03-DAPI-1-40x-760ms.tif;NBL;0.0426;0.0426;115.659;0.7074;4.9321;0.0302
417;03-DAPI-1-40x-760ms.tif;NBL;0.0694;0.0694;70.2078;0.3828;4.8755;0.0266
418;03-DAPI-1-40x-760ms.tif;NBL;0.069;0.069;71.5252;0.2469;4.936;0.017
419;03-DAPI-1-40x-760ms.tif;NBL;0.0481;0.0481;90.1964;0.0497;4.3356;0.0024
420;03-DAPI-1-40x-760ms.tif;NBL;0.0748;0.0748;40.5254;0.2322;3.0297;0.0174
421;03-DAPI-1-40x-760ms.tif;NBL;0.0656;0.0656;44.2579;0.5306;2.9054;0.0348
422;03-DAPI-1-40x-760ms.tif;NBL;0.0709;0.0709;58.7718;0.0368;4.1643;0.0026
423;03-DAPI-1-40x-760ms.tif;NBL;0.0445;0.0445;80.9805;0.4878;3.6026;0.0217
424;03-DAPI-1-40x-760ms.tif;NBL;0.0519;0.0519;64.7406;0.887;3.3579;0.046
425;03-DAPI-1-40x-760ms.tif;NBL;0.0407;0.0407;75.3387;0.5547;3.0655;0.0226
426;03-DAPI-1-40x-760ms.tif;NBL;0.0566;0.0566;95;1.1111;5.3809;0.0629
427;03-DAPI-1-40x-760ms.tif;NBL;0.0373;0.0373;113.2558;1.5;4.2274;0.056
428;03-DAPI-1-40x-760ms.tif;NBL;0.0355;0.0355;116.893;1.948;4.1476;0.0691
429;03-DAPI-1-40x-760ms.tif;NBL;0.0569;0.0569;111.687;1.7595;6.3503;0.1
430;03-DAPI-1-40x-760ms.tif;NBL;0.0626;0.0626;103.4333;1.6898;6.4758;0.1058
431;03-DAPI-1-40x-760ms.tif;NBL;0.0444;0.0444;110.5966;1.0196;4.9082;0.0452
432;03-DAPI-1-40x-760ms.tif;NBL;0.0488;0.0488;74.0756;1.9;3.617;0.0928
433;03-DAPI-1-40x-760ms.tif;NBL;0.0228;0.0228;99.6571;1.5619;2.2708;0.0356
434;03-DAPI-1-40x-760ms.tif;NBL;0.0165;0.0165;107.3224;1.8684;1.7701;0.0308
435;03-DAPI-1-40x-760ms.tif;NBL;0.0384;0.0384;101.4322;1.5226;3.8962;0.0585
436;03-DAPI-1-40x-760ms.tif;NBL;0.0366;0.0366;93.5193;1.0593;3.4197;0.0387
437;03-DAPI-1-40x-760ms.tif;NBL;0.035;0.035;109.3839;1.2724;3.8337;0.0446
438;03-DAPI-1-40x-760ms.tif;NBL;0.05;0.05;90.7744;1.2581;4.5407;0.0629
439;03-DAPI-1-40x-760ms.tif;NBL;0.0809;0.0809;78.3365;1.5268;6.341;0.1236
440;03-DAPI-1-40x-760ms.tif;NBL;0.0233;0.0233;91.7209;1.3488;2.1398;0.0315
441;03-DAPI-1-40x-760ms.tif;NBL;0.0399;0.0399;102.6821;1.7337;4.1002;0.0692
442;03-DAPI-1-40x-760ms.tif;NBL;0.0477;0.0477;101.1318;1.7114;4.8283;0.0817
443;03-DAPI-1-40x-760ms.tif;NBL;0.0661;0.0661;101.4795;1.6076;6.7058;0.1062
444;03-DAPI-1-40x-760ms.tif;NBL;0.0473;0.0473;115.8624;2.1101;5.4813;0.0998
445;03-DAPI-1-40x-760ms.tif;NBL;0.0426;0.0426;103.3028;1.3715;4.4052;0.0585
446;03-DAPI-1-40x-760ms.tif;NBL;0.054;0.054;103.9237;2.2068;5.6157;0.1192
447;03-DAPI-1-40x-760ms.tif;NBL;0.0273;0.0273;76.7778;2.1825;2.0994;0.0597
448;03-DAPI-1-40x-760ms.tif;NBL;0.0577;0.0577;109.0414;1.7143;6.2945;0.099
449;03-DAPI-1-40x-760ms.tif;NBL;0.0341;0.0341;69.7261;1.7739;2.3757;0.0604
450;03-DAPI-1-40x-760ms.tif;NBL;0.0659;0.0659;103.5799;0.6474;6.8222;0.0426
451;03-DAPI-1-40x-760ms.tif;NBL;0.0671;0.0671;101.7977;0.6505;6.8263;0.0436
452;03-DAPI-1-40x-760ms.tif;NBL;0.0626;0.0626;108.3761;0.8146;6.7853;0.051
453;03-DAPI-1-40x-760ms.tif;NBL;0.0559;0.0559;108.9379;1.035;6.0876;0.0578
454;03-DAPI-1-40x-760ms.tif;NBL;0.0479;0.0479;102.6349;0.7166;4.9112;0.0343
455;03-DAPI-1-40x-760ms.tif;NBL;0.0499;0.0499;103.337;0.7239;5.1579;0.0361
456;03-DAPI-1-40x-760ms.tif;NBL;0.0535;0.0535;104.7708;0.6755;5.6046;0.0361
457;03-DAPI-1-40x-760ms.tif;NBL;0.0305;0.0305;104.9929;0.5623;3.2013;0.0171
458;03-DAPI-1-40x-760ms.tif;NBL;0.0319;0.0319;109.6156;0.534;3.4969;0.017
459;03-DAPI-1-40x-760ms.tif;NBL;0.0788;0.0788;105.0372;0.6419;8.2744;0.0506
460;03-DAPI-1-40x-760ms.tif;NBL;0.0677;0.0677;109.9087;2.1891;7.4417;0.1482
461;03-DAPI-1-40x-760ms.tif;NBL;0.0821;0.0821;98.8653;1.7622;8.1208;0.1447
462;03-DAPI-1-40x-760ms.tif;NBL;0.0612;0.0612;76.7624;1.3422;4.6977;0.0821
463;03-DAPI-1-40x-760ms.tif;NBL;0.08;0.08;106.1289;1.2456;8.4871;0.0996
464;03-DAPI-1-40x-760ms.tif;NBL;0.0675;0.0675;103.5466;1.4936;6.9885;0.1008
465;03-DAPI-1-40x-760ms.tif;NBL;0.0525;0.0525;105.4917;1.5826;5.5401;0.0831
466;03-DAPI-1-40x-760ms.tif;NBL;0.0383;0.0383;88.3286;1.3258;3.3832;0.0508
467;03-DAPI-1-40x-760ms.tif;NBL;0.0859;0.0859;94.8384;0.5581;8.1502;0.048
468;03-DAPI-1-40x-760ms.tif;NBL;0.1008;0.1008;101.5899;0.4779;10.2406;0.0482
469;03-DAPI-1-40x-760ms.tif;NBL;0.0474;0.0474;82.5835;0.4622;3.9159;0.0219
470;03-DAPI-1-40x-760ms.tif;NBL;0.0852;0.0852;58.8025;0.3108;5.0087;0.0265
471;03-DAPI-1-40x-760ms.tif;NBL;0.0807;0.0807;64.5457;0.8481;5.2107;0.0685
472;03-DAPI-1-40x-760ms.tif;NBL;0.0764;0.0764;72.375;1.831;5.5286;0.1399
473;03-DAPI-1-40x-760ms.tif;NBL;0.0241;0.0241;55.2432;1.9234;1.3307;0.0463
474;03-DAPI-1-40x-760ms.tif;NBL;0.0447;0.0447;104.017;1.4199;4.6501;0.0635
475;03-DAPI-1-40x-760ms.tif;NBL;0.0281;0.0281;94.7143;1.6525;2.6618;0.0464
476;03-DAPI-1-40x-760ms.tif;NBL;0.027;0.027;99.8313;1.6707;2.6973;0.0451
477;03-DAPI-1-40x-760ms.tif;NBL;0.0474;0.0474;98.9908;1.4027;4.6939;0.0665
478;03-DAPI-1-40x-760ms.tif;NBL;0.0361;0.0361;79.6006;1.2372;2.8762;0.0447
479;03-DAPI-1-40x-760ms.tif;NBL;0.0164;0.0164;105.4702;1.0662;1.7281;0.0175
480;03-DAPI-1-40x-760ms.tif;NBL;0.051;0.051;105.0489;1.8213;5.3573;0.0929
481;03-DAPI-1-40x-760ms.tif;NBL;0.0775;0.0775;97.9636;1.5994;7.5896;0.1239
482;03-DAPI-1-40x-760ms.tif;NBL;0.0661;0.0661;101.9655;1.2512;6.738;0.0827
483;03-DAPI-1-40x-760ms.tif;NBL;0.0573;0.0573;102.3561;1.0114;5.8641;0.0579
484;03-DAPI-1-40x-760ms.tif;NBL;0.0551;0.0551;85.624;0.7224;4.7197;0.0398
485;03-DAPI-1-40x-760ms.tif;NBL;0.072;0.072;90.5813;0.8509;6.5263;0.0613
486;03-DAPI-1-40x-760ms.tif;NBL;0.033;0.033;103.1678;0.7072;3.4031;0.0233
487;03-DAPI-1-40x-760ms.tif;NBL;0.0431;0.0431;115.1612;0.864;4.9608;0.0372
488;03-DAPI-1-40x-760ms.tif;NBL;0.0422;0.0422;108.6735;0.7069;4.587;0.0298
489;03-DAPI-1-40x-760ms.tif;NBL;0.036;0.036;100.6988;0.7952;3.6276;0.0286
490;03-DAPI-1-40x-760ms.tif;NBL;0.0238;0.0238;91.895;0.6301;2.1837;0.015
491;03-DAPI-1-40x-760ms.tif;NBL;0.0581;0.0581;101.2336;1.228;5.8767;0.0713
492;03-DAPI-1-40x-760ms.tif;NBL;0.0547;0.0547;102.0774;1.7778;5.5824;0.0972
493;03-DAPI-1-40x-760ms.tif;NBL;0.0431;0.0431;102.6725;1.6524;4.4229;0.0712
494;03-DAPI-1-40x-760ms.tif;NBL;0.0497;0.0497;98.2664;1.7795;4.8835;0.0884
495;03-DAPI-1-40x-760ms.tif;NBL;0.0227;0.0227;102.3349;1.8565;2.3207;0.0421
496;03-DAPI-1-40x-760ms.tif;NBL;0.0699;0.0699;79.1817;0.6289;5.5331;0.0439
497;03-DAPI-1-40x-760ms.tif;NBL;0.0347;0.0347;97.4312;0.7062;3.383;0.0245
498;03-DAPI-1-40x-760ms.tif;NBL;0.0533;0.0533;75.9185;0.5621;4.0447;0.0299
499;03-DAPI-1-40x-760ms.tif;NBL;0.0385;0.0385;63.5859;1.093;2.4493;0.0421
500;03-DAPI-1-40x-760ms.tif;NBL;0.0406;0.0406;80.7112;2.7166;3.2754;0.1102
501;03-DAPI-1-40x-760ms.tif;NBL;0.0507;0.0507;53.4069;2.6445;2.7063;0.134
502;03-DAPI-1-40x-760ms.tif;NBL;0.0341;0.0341;74.7166;1.7452;2.5457;0.0595
503;03-DAPI-1-40x-760ms.tif;NBL;0.0607;0.0607;102.5206;1.4472;6.2184;0.0878
504;03-DAPI-1-40x-760ms.tif;NBL;0.0307;0.0307;97.7279;1.3074;3.001;0.0401
505;03-DAPI-1-40x-760ms.tif;NBL;0.0954;0.0954;105.5984;0.8111;10.0717;0.0774
506;03-DAPI-1-40x-760ms.tif;NBL;0.0244;0.0244;107.7644;0.5956;2.631;0.0145
507;03-DAPI-1-40x-760ms.tif;NBL;0.0711;0.0711;98.5725;1.2809;7.0058;0.091
508;03-DAPI-1-40x-760ms.tif;NBL;0.0651;0.0651;104.715;0.6367;6.8174;0.0414
509;03-DAPI-1-40x-760ms.tif;NBL;0.0495;0.0495;87.693;0.5702;4.339;0.0282
510;03-DAPI-1-40x-760ms.tif;NBL;0.0342;0.0342;96.7905;1.4762;3.3083;0.0505
511;03-DAPI-1-40x-760ms.tif;NBL;0.0809;0.0809;94.5201;1.4129;7.651;0.1144
512;03-DAPI-1-40x-760ms.tif;NBL;0.0481;0.0481;104.2054;1.6163;5.009;0.0777
513;03-DAPI-1-40x-760ms.tif;NBL;0.0165;0.0165;100.5592;1.7763;1.6585;0.0293
514;03-DAPI-1-40x-760ms.tif;NBL;0.0183;0.0183;100.6627;1.8994;1.8459;0.0348
515;03-DAPI-1-40x-760ms.tif;NBL;0.0498;0.0498;80.3159;1.549;4.0001;0.0771
516;03-DAPI-1-40x-760ms.tif;NBL;0.0328;0.0328;80.3576;1.6325;2.6332;0.0535
517;03-DAPI-1-40x-760ms.tif;NBL;0.0486;0.0486;103.3103;1.5424;5.022;0.075
518;04-DAPI-1-40x-760ms.tif;NBL;0.0801;0.0801;93.8672;0.7439;7.5167;0.0596
519;04-DAPI-1-40x-760ms.tif;NBL;0.0549;0.0549;104.0949;1.1462;5.7153;0.0629
520;04-DAPI-1-40x-760ms.tif;NBL;0.0399;0.0399;98.8152;1.1386;3.9457;0.0455
521;04-DAPI-1-40x-760ms.tif;NBL;0.0329;0.0329;80.2871;0.8812;2.6396;0.029
522;04-DAPI-1-40x-760ms.tif;NBL;0.0638;0.0638;97.8844;0.932;6.2452;0.0595
523;04-DAPI-1-40x-760ms.tif;NBL;0.0279;0.0279;98.4397;1.179;2.7451;0.0329
524;04-DAPI-1-40x-760ms.tif;NBL;0.051;0.051;93.5723;1.1085;4.772;0.0565
525;04-DAPI-1-40x-760ms.tif;NBL;0.0321;0.0321;104.8986;1.3041;3.3691;0.0419
526;04-DAPI-1-40x-760ms.tif;NBL;0.0374;0.0374;103.3855;1;3.8702;0.0374
527;04-DAPI-1-40x-760ms.tif;NBL;0.0278;0.0278;100.5938;1.1992;2.7943;0.0333
528;04-DAPI-1-40x-760ms.tif;NBL;0.0228;0.0228;103.2048;1.9143;2.3517;0.0436
529;04-DAPI-1-40x-760ms.tif;NBL;0.0341;0.0341;98.0892;0.8885;3.342;0.0303
530;04-DAPI-1-40x-760ms.tif;NBL;0.0347;0.0347;114.9344;1.625;3.9908;0.0564
531;04-DAPI-1-40x-760ms.tif;NBL;0.0461;0.0461;95.2235;1.4447;4.3913;0.0666
532;04-DAPI-1-40x-760ms.tif;NBL;0.0665;0.0665;101.2577;1.4959;6.7351;0.0995
533;04-DAPI-1-40x-760ms.tif;NBL;0.0265;0.0265;96.627;1.3443;2.5583;0.0356
534;04-DAPI-1-40x-760ms.tif;NBL;0.0688;0.0688;100.6246;1.4385;6.9223;0.099
535;04-DAPI-1-40x-760ms.tif;NBL;0.0672;0.0672;100.0662;1.4766;6.721;0.0992
536;04-DAPI-1-40x-760ms.tif;NBL;0.0396;0.0396;98.8027;1.4164;3.9131;0.0561
537;04-DAPI-1-40x-760ms.tif;NBL;0.07;0.07;96.7163;1.5023;6.7689;0.1051
538;04-DAPI-1-40x-760ms.tif;NBL;0.0248;0.0248;94.1004;1.31;2.3382;0.0326
539;04-DAPI-1-40x-760ms.tif;NBL;0.0394;0.0394;96.0303;1.5427;3.7824;0.0608
540;04-DAPI-1-40x-760ms.tif;NBL;0.0455;0.0455;91.0716;1.2673;4.1405;0.0576
541;04-DAPI-1-40x-760ms.tif;NBL;0.055;0.055;100.5207;1.2091;5.5299;0.0665
542;04-DAPI-1-40x-760ms.tif;NBL;0.0321;0.0321;86.9595;1.2432;2.793;0.0399
543;04-DAPI-1-40x-760ms.tif;NBL;0.0747;0.0747;107.077;1.5015;7.9936;0.1121
544;04-DAPI-1-40x-760ms.tif;NBL;0.0447;0.0447;102.9466;1.3228;4.6022;0.0591
545;04-DAPI-1-40x-760ms.tif;NBL;0.0585;0.0585;105.102;1.4045;6.1469;0.0821
546;04-DAPI-1-40x-760ms.tif;NBL;0.0418;0.0418;108.6597;1.5584;4.5393;0.0651
547;04-DAPI-1-40x-760ms.tif;NBL;0.0615;0.0615;107.1693;1.3369;6.5934;0.0822
548;04-DAPI-1-40x-760ms.tif;NBL;0.0401;0.0401;103.1297;1.1676;4.1404;0.0469
549;04-DAPI-1-40x-760ms.tif;NBL;0.0727;0.0727;92.6403;1.1328;6.7349;0.0824
550;04-DAPI-1-40x-760ms.tif;NBL;0.0429;0.0429;108.2076;1.5468;4.6378;0.0663
551;04-DAPI-1-40x-760ms.tif;NBL;0.0474;0.0474;104.984;1.2929;4.9781;0.0613
552;04-DAPI-1-40x-760ms.tif;NBL;0.0648;0.0648;109.7571;1.5293;7.1099;0.0991
553;04-DAPI-1-40x-760ms.tif;NBL;0.018;0.018;109.8072;1.3193;1.9779;0.0238
554;04-DAPI-1-40x-760ms.tif;NBL;0.0647;0.0647;112.2383;1.2534;7.2585;0.0811
555;04-DAPI-1-40x-760ms.tif;NBL;0.024;0.024;110.5611;1.2579;2.6513;0.0302
556;04-DAPI-1-40x-760ms.tif;NBL;0.035;0.035;83.2353;1.2817;2.9172;0.0449
557;04-DAPI-1-40x-760ms.tif;NBL;0.068;0.068;106.327;1.3349;7.2338;0.0908
558;04-DAPI-1-40x-760ms.tif;NBL;0.0168;0.0168;106.1097;1.271;1.7846;0.0214
559;04-DAPI-1-40x-760ms.tif;NBL;0.043;0.043;109.0884;1.0657;4.6874;0.0458
560;04-DAPI-1-40x-760ms.tif;NBL;0.057;0.057;104.6076;1.1295;5.9591;0.0643
561;04-DAPI-1-40x-760ms.tif;NBL;0.0601;0.0601;99.0325;1.4152;5.9531;0.0851
562;04-DAPI-1-40x-760ms.tif;NBL;0.0492;0.0492;100.5717;1.2097;4.9435;0.0595
563;04-DAPI-1-40x-760ms.tif;NBL;0.062;0.062;104.0053;1.5902;6.4439;0.0985
564;04-DAPI-1-40x-760ms.tif;NBL;0.0545;0.0545;100.7729;1.4044;5.4891;0.0765
565;04-DAPI-1-40x-760ms.tif;NBL;0.0693;0.0693;93.9609;1.3099;6.5149;0.0908
566;04-DAPI-1-40x-760ms.tif;NBL;0.0844;0.0844;96.5437;1.2943;8.1501;0.1093
567;04-DAPI-1-40x-760ms.tif;NBL;0.0496;0.0496;94.1094;1.0788;4.6667;0.0535
568;04-DAPI-1-40x-760ms.tif;NBL;0.0476;0.0476;101.5353;0.9636;4.8366;0.0459
569;04-DAPI-1-40x-760ms.tif;NBL;0.0687;0.0687;99.1548;1.128;6.8104;0.0775
570;04-DAPI-1-40x-760ms.tif;NBL;0.0414;0.0414;103.3874;1.3586;4.2854;0.0563
571;04-DAPI-1-40x-760ms.tif;NBL;0.0494;0.0494;103.2484;1.3319;5.0974;0.0658
572;04-DAPI-1-40x-760ms.tif;NBL;0.0416;0.0416;96.7023;1.4151;4.0188;0.0588
573;04-DAPI-1-40x-760ms.tif;NBL;0.0744;0.0744;106.2843;1.4752;7.9113;0.1098
574;04-DAPI-1-40x-760ms.tif;NBL;0.0719;0.0719;111.5747;1.451;8.0267;0.1044
575;04-DAPI-1-40x-760ms.tif;NBL;0.0554;0.0554;108.045;1.4579;5.9908;0.0808
576;04-DAPI-1-40x-760ms.tif;NBL;0.0509;0.0509;109.0938;1.2857;5.5518;0.0654
577;04-DAPI-1-40x-760ms.tif;NBL;0.0641;0.0641;111.6227;1.4619;7.1581;0.0937
578;04-DAPI-1-40x-760ms.tif;NBL;0.05;0.05;112.7787;1.3861;5.6414;0.0693
579;04-DAPI-1-40x-760ms.tif;NBL;0.046;0.046;105.8915;1.4623;4.8717;0.0673
580;04-DAPI-1-40x-760ms.tif;NBL;0.028;0.028;97.8256;1.438;2.7386;0.0403
581;04-DAPI-1-40x-760ms.tif;NBL;0.0587;0.0587;111.1941;1.4713;6.5273;0.0864
582;04-DAPI-1-40x-760ms.tif;NBL;0.0406;0.0406;111.4893;1.123;4.5244;0.0456
583;04-DAPI-1-40x-760ms.tif;NBL;0.0538;0.0538;107.8085;1.3851;5.8022;0.0745
584;04-DAPI-1-40x-760ms.tif;NBL;0.0475;0.0475;94.1187;1.1461;4.4731;0.0545
585;04-DAPI-1-40x-760ms.tif;NBL;0.0403;0.0403;103.8248;1.027;4.1796;0.0413
586;04-DAPI-1-40x-760ms.tif;NBL;0.0818;0.0818;78.6393;1.1499;6.4338;0.0941
587;04-DAPI-1-40x-760ms.tif;NBL;0.0412;0.0412;105.5737;1.4158;4.3531;0.0584
588;04-DAPI-1-40x-760ms.tif;NBL;0.0513;0.0513;96.6342;1.4884;4.9596;0.0764
589;04-DAPI-1-40x-760ms.tif;NBL;0.0315;0.0315;110.7862;1.0586;3.4861;0.0333
590;04-DAPI-1-40x-760ms.tif;NBL;0.0692;0.0692;113.1301;1.4639;7.8317;0.1013
591;04-DAPI-1-40x-760ms.tif;NBL;0.057;0.057;112.5448;1.32;6.4112;0.0752
592;04-DAPI-1-40x-760ms.tif;NBL;0.0382;0.0382;106.9006;1.0227;4.083;0.0391
593;04-DAPI-1-40x-760ms.tif;NBL;0.0699;0.0699;102.8121;0.9596;7.1844;0.0671
594;04-DAPI-1-40x-760ms.tif;NBL;0.0405;0.0405;109.0804;1.1019;4.4148;0.0446
595;04-DAPI-1-40x-760ms.tif;NBL;0.0321;0.0321;98.848;1.0135;3.1748;0.0326
596;04-DAPI-1-40x-760ms.tif;NBL;0.0503;0.0503;112.6897;1.222;5.6736;0.0615
597;04-DAPI-1-40x-760ms.tif;NBL;0.0337;0.0337;113.2315;1.0161;3.8211;0.0343
598;04-DAPI-1-40x-760ms.tif;NBL;0.0386;0.0386;106.5815;0.941;4.1171;0.0363
599;04-DAPI-1-40x-760ms.tif;NBL;0.0618;0.0618;103.893;1.3526;6.4257;0.0837
600;04-DAPI-1-40x-760ms.tif;NBL;0.0553;0.0553;75.4314;0.9922;4.1743;0.0549
601;04-DAPI-1-40x-760ms.tif;NBL;0.0849;0.0849;101.8402;0.798;8.6414;0.0677
602;04-DAPI-1-40x-760ms.tif;NBL;0.0669;0.0669;106.7391;1.2966;7.1461;0.0868
603;04-DAPI-1-40x-760ms.tif;NBL;0.1063;0.1063;73.3837;1.0316;7.8034;0.1097
604;04-DAPI-1-40x-760ms.tif;NBL;0.0615;0.0615;115.2257;1.0935;7.0891;0.0673
605;04-DAPI-1-40x-760ms.tif;NBL;0.1061;0.1061;99.6677;0.9581;10.5767;0.1017
606;04-DAPI-1-40x-760ms.tif;NBL;0.0723;0.0723;111.952;1.1757;8.0903;0.085
607;04-DAPI-1-40x-760ms.tif;NBL;0.0822;0.0822;103.9908;1.3826;8.5531;0.1137
608;04-DAPI-1-40x-760ms.tif;NBL;0.0492;0.0492;109.4525;0.9536;5.38;0.0469
609;04-DAPI-1-40x-760ms.tif;NBL;0.085;0.085;67.5453;1.1392;5.7387;0.0968
610;04-DAPI-1-40x-760ms.tif;NBL;0.0741;0.0741;106.0937;1.3016;7.8626;0.0965
611;04-DAPI-1-40x-760ms.tif;NBL;0.0701;0.0701;101.5743;1.1811;7.1199;0.0828
612;04-DAPI-1-40x-760ms.tif;NBL;0.0489;0.0489;105.592;1.3149;5.1673;0.0643
613;04-DAPI-1-40x-760ms.tif;NBL;0.0624;0.0624;103.4887;1.2765;6.4568;0.0796
614;04-DAPI-1-40x-760ms.tif;NBL;0.0358;0.0358;99.2667;0.8879;3.5545;0.0318
615;04-DAPI-1-40x-760ms.tif;NBL;0.057;0.057;111.0305;0.76;6.325;0.0433
616;04-DAPI-1-40x-760ms.tif;NBL;0.0403;0.0403;74.9623;0.7197;3.0177;0.029
617;04-DAPI-1-40x-760ms.tif;NBL;0.0629;0.0629;104.4707;0.819;6.5748;0.0515
618;04-DAPI-1-40x-760ms.tif;NBL;0.0658;0.0658;96.3515;0.7162;6.3356;0.0471
619;04-DAPI-1-40x-760ms.tif;NBL;0.0596;0.0596;102.725;0.9362;6.1194;0.0558
620;04-DAPI-1-40x-760ms.tif;NBL;0.0176;0.0176;112.5309;0.8333;1.9781;0.0146
621;04-DAPI-1-40x-760ms.tif;NBL;0.0532;0.0532;107.0571;0.7;5.6921;0.0372
622;04-DAPI-1-40x-760ms.tif;NBL;0.066;0.066;94.2763;0.6612;6.2196;0.0436
623;04-DAPI-1-40x-760ms.tif;NBL;0.0729;0.0729;89.5015;0.5714;6.5262;0.0417
624;04-DAPI-1-40x-760ms.tif;NBL;0.0603;0.0603;98.4388;0.4802;5.9388;0.029
625;04-DAPI-1-40x-760ms.tif;NBL;0.1034;0.1034;82.0388;0.5089;8.4834;0.0526
626;04-DAPI-1-40x-760ms.tif;NBL;0.0799;0.0799;62.3288;0.2079;4.9776;0.0166
627;04-DAPI-1-40x-760ms.tif;NBL;0.1097;0.1097;57.5134;0.5074;6.3092;0.0557
628;04-DAPI-1-40x-760ms.tif;NBL;0.0241;0.0241;77.7162;0.5946;1.8721;0.0143
629;04-DAPI-1-40x-760ms.tif;NBL;0.0841;0.0841;83.089;0.5535;6.9872;0.0465
630;04-DAPI-1-40x-760ms.tif;NBL;0.0787;0.0787;59.2772;0.6483;4.6632;0.051
631;04-DAPI-1-40x-760ms.tif;NBL;0.0789;0.0789;54.1169;0.8597;4.269;0.0678
632;04-DAPI-1-40x-760ms.tif;NBL;0.0412;0.0412;93.0816;0.9263;3.838;0.0382
633;04-DAPI-1-40x-760ms.tif;NBL;0.0621;0.0621;94.6871;0.75;5.8768;0.0465
634;04-DAPI-1-40x-760ms.tif;NBL;0.0843;0.0843;106.6718;1.5161;8.9935;0.1278
635;04-DAPI-1-40x-760ms.tif;NBL;0.0336;0.0336;90.0968;1.0065;3.0306;0.0339
636;04-DAPI-1-40x-760ms.tif;NBL;0.0579;0.0579;97.6498;0.9382;5.6581;0.0544
637;04-DAPI-1-40x-760ms.tif;NBL;0.053;0.053;111.3156;1.041;5.8943;0.0551
638;04-DAPI-1-40x-760ms.tif;NBL;0.0632;0.0632;107.7268;0.768;6.8031;0.0485
639;04-DAPI-1-40x-760ms.tif;NBL;0.0514;0.0514;109.384;0.9114;5.6259;0.0469
640;04-DAPI-1-40x-760ms.tif;NBL;0.0894;0.0894;75.0218;0.6019;6.7077;0.0538
641;04-DAPI-1-40x-760ms.tif;NBL;0.0577;0.0577;91.1353;0.8214;5.2609;0.0474
642;04-DAPI-1-40x-760ms.tif;NBL;0.0525;0.0525;105.905;0.655;5.5618;0.0344
643;04-DAPI-1-40x-760ms.tif;NBL;0.0728;0.0728;109.5753;0.541;7.978;0.0394
644;04-DAPI-1-40x-760ms.tif;NBL;0.0758;0.0758;56.0973;0.5136;4.2548;0.039
645;04-DAPI-1-40x-760ms.tif;NBL;0.0525;0.0525;92.4463;0.5661;4.855;0.0297
646;04-DAPI-1-40x-760ms.tif;NBL;0.0384;0.0384;108.4633;0.7853;4.1662;0.0302
647;04-DAPI-1-40x-760ms.tif;NBL;0.0595;0.0595;97.6423;0.6259;5.806;0.0372
648;04-DAPI-1-40x-760ms.tif;NBL;0.0698;0.0698;71.9969;0.4697;5.0232;0.0328
649;04-DAPI-1-40x-760ms.tif;NBL;0.0511;0.0511;108.034;0.7028;5.5213;0.0359
650;04-DAPI-1-40x-760ms.tif;NBL;0.0407;0.0407;100.3067;0.7413;4.0815;0.0302
651;04-DAPI-1-40x-760ms.tif;NBL;0.0356;0.0356;105.3841;0.622;3.7507;0.0221
652;04-DAPI-1-40x-760ms.tif;NBL;0.0634;0.0634;106.2483;0.4092;6.7327;0.0259
653;04-DAPI-1-40x-760ms.tif;NBL;0.0481;0.0481;86.7336;0.149;4.1692;0.0072
654;04-DAPI-1-40x-760ms.tif;NBL;0.0413;0.0413;84.5722;0.0472;3.4963;0.002
655;04-DAPI-1-40x-760ms.tif;NBL;0.0554;0.0554;104.775;0.1722;5.8095;0.0095
656;04-DAPI-1-40x-760ms.tif;NBL;0.0732;0.0732;72.3615;0.0756;5.2999;0.0055
657;04-DAPI-1-40x-760ms.tif;NBL;0.0396;0.0396;98.0274;0.0685;3.8824;0.0027
658;04-DAPI-1-40x-760ms.tif;NBL;0.0272;0.0272;87.9163;0.0359;2.3944;0.001
659;04-DAPI-1-40x-760ms.tif;NBL;0.0447;0.0447;110.5801;0.0534;4.9435;0.0024
660;04-DAPI-1-40x-760ms.tif;NBL;0.1107;0.1107;99.752;0.6422;11.0403;0.0711
661;04-DAPI-1-40x-760ms.tif;NBL;0.0315;0.0315;82.0621;0.6172;2.5822;0.0194
662;04-DAPI-1-40x-760ms.tif;NBL;0.0397;0.0397;98.9536;0.4973;3.9298;0.0197
663;04-DAPI-1-40x-760ms.tif;NBL;0.064;0.064;81.6695;0.661;5.2284;0.0423
664;04-DAPI-1-40x-760ms.tif;NBL;0.0811;0.0811;59.1285;0.6573;4.7926;0.0533
665;04-DAPI-1-40x-760ms.tif;NBL;0.0295;0.0295;71.8235;0.75;2.1198;0.0221
666;04-DAPI-1-40x-760ms.tif;NBL;0.0273;0.0273;88.0714;0.754;2.4082;0.0206
667;04-DAPI-1-40x-760ms.tif;NBL;0.0276;0.0276;105.3071;0.6772;2.9023;0.0187
668;04-DAPI-1-40x-760ms.tif;NBL;0.0643;0.0643;100.2648;1.0961;6.4515;0.0705
669;04-DAPI-1-40x-760ms.tif;NBL;0.0658;0.0658;103.6964;1.2921;6.8186;0.085
670;04-DAPI-1-40x-760ms.tif;NBL;0.0381;0.0381;105.6581;1.1909;4.0241;0.0454
671;04-DAPI-1-40x-760ms.tif;NBL;0.0416;0.0416;103.3786;1.0522;4.2962;0.0437
672;04-DAPI-1-40x-760ms.tif;NBL;0.0206;0.0206;105.1526;1.1158;2.1679;0.023
673;04-DAPI-1-40x-760ms.tif;NBL;0.055;0.055;92.643;1.3057;5.0966;0.0718
674;04-DAPI-1-40x-760ms.tif;NBL;0.0307;0.0307;101.1484;1.5124;3.106;0.0464
675;04-DAPI-1-40x-760ms.tif;NBL;0.0483;0.0483;83.8652;1.3685;4.0495;0.0661
676;04-DAPI-1-40x-760ms.tif;NBL;0.0463;0.0463;109.904;1.4005;5.0921;0.0649
677;04-DAPI-1-40x-760ms.tif;NBL;0.0584;0.0584;106.8253;1.3309;6.2361;0.0777
678;04-DAPI-1-40x-760ms.tif;NBL;0.057;0.057;92.419;1.1086;5.2648;0.0632
679;04-DAPI-1-40x-760ms.tif;NBL;0.0392;0.0392;108.5014;1.2382;4.2501;0.0485
680;04-DAPI-1-40x-760ms.tif;NBL;0.0929;0.0929;79.7056;1.118;7.4032;0.1038
681;04-DAPI-1-40x-760ms.tif;NBL;0.0956;0.0956;71.9444;0.9171;6.8775;0.0877
682;04-DAPI-1-40x-760ms.tif;NBL;0.0528;0.0528;91.616;1.1191;4.8413;0.0591
683;04-DAPI-1-40x-760ms.tif;NBL;0.0557;0.0557;98.6784;0.7622;5.4928;0.0424
684;04-DAPI-1-40x-760ms.tif;NBL;0.1092;0.1092;69.5755;0.2803;7.5947;0.0306
685;04-DAPI-1-40x-760ms.tif;NBL;0.0896;0.0896;77.2312;0.3462;6.922;0.031
686;04-DAPI-1-40x-760ms.tif;NBL;0.0565;0.0565;102.3628;0.5355;5.7868;0.0303
687;04-DAPI-1-40x-760ms.tif;NBL;0.0895;0.0895;57.9139;0.2194;5.1844;0.0196
688;04-DAPI-1-40x-760ms.tif;NBL;0.0924;0.0924;70.304;0.3157;6.4995;0.0292
689;04-DAPI-1-40x-760ms.tif;NBL;0.0306;0.0306;81.4645;0.9113;2.4927;0.0279
690;04-DAPI-1-40x-760ms.tif;NBL;0.0378;0.0378;83.7586;1.1379;3.1628;0.043
691;04-DAPI-1-40x-760ms.tif;NBL;0.0365;0.0365;76.1637;0.4286;2.7768;0.0156
692;04-DAPI-1-40x-760ms.tif;NBL;0.0627;0.0627;52.9221;0.6003;3.3191;0.0377
693;04-DAPI-1-40x-760ms.tif;NBL;0.076;0.076;70.9914;0.3657;5.3921;0.0278
694;04-DAPI-1-40x-760ms.tif;NBL;0.1437;0.1437;50.5393;0.7598;7.2606;0.1092
695;04-DAPI-1-40x-760ms.tif;NBL;0.1074;0.1074;58.897;0.7525;6.3268;0.0808
696;04-DAPI-1-40x-760ms.tif;NBL;0.0667;0.0667;85.7366;0.7821;5.7214;0.0522
697;04-DAPI-1-40x-760ms.tif;NBL;0.0761;0.0761;73.8445;0.8773;5.6169;0.0667
698;04-DAPI-1-40x-760ms.tif;NBL;0.0778;0.0778;54.4114;0.6583;4.2332;0.0512
699;04-DAPI-1-40x-760ms.tif;NBL;0.0752;0.0752;83.2612;0.9784;6.2609;0.0736
700;04-DAPI-1-40x-760ms.tif;NBL;0.0841;0.0841;92.889;0.8026;7.8113;0.0675
701;04-DAPI-1-40x-760ms.tif;NBL;0.0807;0.0807;60.0202;1.0524;4.8454;0.085
702;04-DAPI-1-40x-760ms.tif;NBL;0.0734;0.0734;49.7204;1.145;3.647;0.084
703;04-DAPI-1-40x-760ms.tif;NBL;0.0322;0.0322;69.7912;0.5253;2.2491;0.0169
704;04-DAPI-1-40x-760ms.tif;NBL;0.0648;0.0648;54.2446;0.7973;3.5139;0.0516
705;04-DAPI-1-40x-760ms.tif;NBL;0.076;0.076;75.6971;1.3571;5.7496;0.1031
706;04-DAPI-1-40x-760ms.tif;NBL;0.0388;0.0388;107.0726;1.3994;4.1593;0.0544
707;04-DAPI-1-40x-760ms.tif;NBL;0.0367;0.0367;104.6183;1.3284;3.8369;0.0487
708;04-DAPI-1-40x-760ms.tif;NBL;0.0796;0.0796;82.1703;1.3038;6.5444;0.1038
709;04-DAPI-1-40x-760ms.tif;NBL;0.0485;0.0485;94.2796;1.4832;4.5728;0.0719
710;04-DAPI-1-40x-760ms.tif;NBL;0.0394;0.0394;94.1102;1.4848;3.7068;0.0585
711;04-DAPI-1-40x-760ms.tif;NBL;0.0995;0.0995;100.121;1.6783;9.9621;0.167
712;04-DAPI-1-40x-760ms.tif;NBL;0.0543;0.0543;97.202;1.214;5.2735;0.0659
713;04-DAPI-1-40x-760ms.tif;NBL;0.0564;0.0564;94.9827;0.7077;5.3593;0.0399
714;04-DAPI-1-40x-760ms.tif;NBL;0.0461;0.0461;102.9388;0.8024;4.7471;0.037
715;04-DAPI-1-40x-760ms.tif;NBL;0.0595;0.0595;93.458;0.6131;5.5572;0.0365
716;04-DAPI-1-40x-760ms.tif;NBL;0.0455;0.0455;74.8735;0.6468;3.4041;0.0294
717;04-DAPI-1-40x-760ms.tif;NBL;0.075;0.075;89.7612;0.7685;6.7301;0.0576
718;04-DAPI-1-40x-760ms.tif;NBL;0.0942;0.0942;109.985;0.7362;10.3588;0.0693
719;04-DAPI-1-40x-760ms.tif;NBL;0.0714;0.0714;110.9392;0.696;7.9208;0.0497
720;04-DAPI-1-40x-760ms.tif;NBL;0.0472;0.0472;90.6621;0.4414;4.2793;0.0208
721;04-DAPI-1-40x-760ms.tif;NBL;0.051;0.051;93.6766;0.2957;4.7773;0.0151
722;04-DAPI-1-40x-760ms.tif;NBL;0.0639;0.0639;105.7589;0.5789;6.7591;0.037
723;04-DAPI-1-40x-760ms.tif;NBL;0.0396;0.0396;101.7589;0.5808;4.0302;0.023
724;04-DAPI-1-40x-760ms.tif;NBL;0.0723;0.0723;99.4895;0.5946;7.1897;0.043
725;04-DAPI-1-40x-760ms.tif;NBL;0.0527;0.0527;87.0206;0.5165;4.589;0.0272
726;04-DAPI-1-40x-760ms.tif;NBL;0.0387;0.0387;93.5434;0.3165;3.6236;0.0123
727;04-DAPI-1-40x-760ms.tif;NBL;0.0414;0.0414;100.7539;0.5393;4.1762;0.0224
728;04-DAPI-1-40x-760ms.tif;NBL;0.0289;0.0289;70.297;0.3571;2.029;0.0103
729;04-DAPI-1-40x-760ms.tif;NBL;0.0283;0.0283;108.341;0.3103;3.0683;0.0088
730;04-DAPI-1-40x-760ms.tif;NBL;0.0495;0.0495;93.3969;0.4846;4.6212;0.024
731;04-DAPI-1-40x-760ms.tif;NBL;0.0407;0.0407;103.968;0.4293;4.2305;0.0175
732;04-DAPI-1-40x-760ms.tif;NBL;0.0332;0.0332;89.4346;1.3235;2.9695;0.0439
733;04-DAPI-1-40x-760ms.tif;NBL;0.0501;0.0501;110.7619;0.684;5.5525;0.0343
734;04-DAPI-1-40x-760ms.tif;NBL;0.038;0.038;92.5114;0.8114;3.5133;0.0308
735;04-DAPI-1-40x-760ms.tif;NBL;0.063;0.063;103.6816;0.6007;6.5363;0.0379
736;04-DAPI-1-40x-760ms.tif;NBL;0.0411;0.0411;94.6755;0.467;3.8934;0.0192
737;04-DAPI-1-40x-760ms.tif;NBL;0.0622;0.0622;110.6318;0.3857;6.8785;0.024
738;04-DAPI-1-40x-760ms.tif;NBL;0.038;0.038;113.08;0.6371;4.2945;0.0242
739;04-DAPI-1-40x-760ms.tif;NBL;0.0715;0.0715;87.5948;0.8088;6.2636;0.0578
740;04-DAPI-1-40x-760ms.tif;NBL;0.0753;0.0753;72.147;0.7565;5.4329;0.057
741;04-DAPI-1-40x-760ms.tif;NBL;0.0393;0.0393;113.3039;0.7541;4.4505;0.0296
742;04-DAPI-1-40x-760ms.tif;NBL;0.0326;0.0326;74.6333;0.54;2.4295;0.0176
743;04-DAPI-1-40x-760ms.tif;NBL;0.0809;0.0809;40.571;0.441;3.2841;0.0357
744;04-DAPI-1-40x-760ms.tif;NBL;0.0379;0.0379;69.4957;0.2034;2.6317;0.0077
745;04-DAPI-1-40x-760ms.tif;NBL;0.0793;0.0793;78.6525;0.4679;6.2386;0.0371
746;04-DAPI-1-40x-760ms.tif;NBL;0.0432;0.0432;66.593;1.0352;2.8759;0.0447
747;04-DAPI-1-40x-760ms.tif;NBL;0.087;0.087;73.6372;1.288;6.4081;0.1121
748;04-DAPI-1-40x-760ms.tif;NBL;0.068;0.068;104.3892;1.0207;7.102;0.0694
749;04-DAPI-1-40x-760ms.tif;NBL;0.0881;0.0881;41.1909;1.0665;3.6292;0.094
750;04-DAPI-1-40x-760ms.tif;NBL;0.0583;0.0583;102.5009;0.9758;5.9725;0.0569
751;04-DAPI-1-40x-760ms.tif;NBL;0.0301;0.0301;92.8195;1.213;2.7898;0.0365
752;04-DAPI-1-40x-760ms.tif;NBL;0.0347;0.0347;99;0.7656;3.4375;0.0266
753;04-DAPI-1-40x-760ms.tif;NBL;0.0407;0.0407;99.7333;1.0213;4.0582;0.0416
754;04-DAPI-1-40x-760ms.tif;NBL;0.0502;0.0502;97.1339;0.8575;4.8799;0.0431
755;04-DAPI-1-40x-760ms.tif;NBL;0.0286;0.0286;94.8485;1.0114;2.717;0.029
756;04-DAPI-1-40x-760ms.tif;NBL;0.0425;0.0425;88.0893;1.1735;3.7469;0.0499
757;04-DAPI-1-40x-760ms.tif;NBL;0.0341;0.0341;93.6497;1.5701;3.1908;0.0535
758;04-DAPI-1-40x-760ms.tif;NBL;0.0419;0.0419;101.5466;1.0337;4.2531;0.0433
759;04-DAPI-1-40x-760ms.tif;NBL;0.0532;0.0532;111.7898;0.3633;5.9437;0.0193
760;04-DAPI-1-40x-760ms.tif;NBL;0.0422;0.0422;100.6555;0.1594;4.2486;0.0067
761;04-DAPI-1-40x-760ms.tif;NBL;0.061;0.061;88.7811;0.5943;5.414;0.0362
762;04-DAPI-1-40x-760ms.tif;NBL;0.037;0.037;80.0235;0.2405;2.9609;0.0089
763;04-DAPI-1-40x-760ms.tif;NBL;0.0242;0.0242;97.7399;0.5202;2.365;0.0126
764;04-DAPI-1-40x-760ms.tif;NBL;0.0476;0.0476;68.9043;0.4966;3.2822;0.0237
765;04-DAPI-1-40x-760ms.tif;NBL;0.0314;0.0314;89.4118;0.7751;2.8038;0.0243
766;04-DAPI-1-40x-760ms.tif;NBL;0.0248;0.0248;79.3231;0.6376;1.971;0.0158
767;04-DAPI-1-40x-760ms.tif;NBL;0.0391;0.0391;71.8278;0.8528;2.8058;0.0333
768;04-DAPI-1-40x-760ms.tif;NBL;0.0394;0.0394;88.0964;0.4187;3.4699;0.0165
769;04-DAPI-1-40x-760ms.tif;NBL;0.0334;0.0334;98.7143;0.1526;3.299;0.0051
770;04-DAPI-1-40x-760ms.tif;NBL;0.0514;0.0514;83.0105;0.0591;4.2694;0.003
771;04-DAPI-1-40x-760ms.tif;NBL;0.0302;0.0302;87.1619;0.0432;2.6292;0.0013
772;04-DAPI-1-40x-760ms.tif;NBL;0.0381;0.0381;60.4644;0.0285;2.3028;0.0011
773;04-DAPI-1-40x-760ms.tif;NBL;0.0789;0.0789;83.8349;0.3219;6.6133;0.0254
774;04-DAPI-1-40x-760ms.tif;NBL;0.0225;0.0225;76.4734;1.3043;1.7177;0.0293
775;04-DAPI-1-40x-760ms.tif;NBL;0.0633;0.0633;54.7376;1.434;3.4627;0.0907
776;04-DAPI-1-40x-760ms.tif;NBL;0.0259;0.0259;96.5105;1.4937;2.5028;0.0387
777;04-DAPI-1-40x-760ms.tif;NBL;0.0575;0.0575;95.6717;0.7491;5.502;0.0431
778;04-DAPI-1-40x-760ms.tif;NBL;0.0326;0.0326;84.17;1.3367;2.7399;0.0435
779;04-DAPI-1-40x-760ms.tif;NBL;0.0401;0.0401;94.8541;0.6027;3.8082;0.0242
780;04-DAPI-1-40x-760ms.tif;NBL;0.055;0.055;95.0611;0.6489;5.2296;0.0357
781;04-DAPI-1-40x-760ms.tif;NBL;0.0377;0.0377;76.7291;0.4236;2.889;0.016
782;04-DAPI-1-40x-760ms.tif;NBL;0.0302;0.0302;63.741;0.259;1.9227;0.0078
783;04-DAPI-1-40x-760ms.tif;NBL;0.0272;0.0272;90.9004;0.996;2.4757;0.0271
784;04-DAPI-1-40x-760ms.tif;NBL;0.0306;0.0306;101.7128;0.9078;3.1123;0.0278
785;04-DAPI-1-40x-760ms.tif;NBL;0.0446;0.0446;93.2628;1.2798;4.1592;0.0571
786;04-DAPI-1-40x-760ms.tif;NBL;0.0366;0.0366;107.2285;0.7211;3.921;0.0264
787;04-DAPI-1-40x-760ms.tif;NBL;0.0256;0.0256;77.2542;0.2415;1.9783;0.0062
788;04-DAPI-1-40x-760ms.tif;NBL;0.016;0.016;87.034;0.1973;1.3882;0.0031
789;05-DAPI-1-40x-760ms.tif;NBL;0.062;0.062;106.4151;0.3292;6.5932;0.0204
790;05-DAPI-1-40x-760ms.tif;NBL;0.0385;0.0385;104.8394;0.462;4.0384;0.0178
791;05-DAPI-1-40x-760ms.tif;NBL;0.0518;0.0518;108.7799;0.4109;5.6302;0.0213
792;05-DAPI-1-40x-760ms.tif;NBL;0.0804;0.0804;88.5978;0.5385;7.1236;0.0433
793;05-DAPI-1-40x-760ms.tif;NBL;0.0587;0.0587;100.4547;0.6248;5.8969;0.0367
794;05-DAPI-1-40x-760ms.tif;NBL;0.0678;0.0678;100.0144;0.6064;6.7827;0.0411
795;05-DAPI-1-40x-760ms.tif;NBL;0.0518;0.0518;102.4172;1.1048;5.3009;0.0572
796;05-DAPI-1-40x-760ms.tif;NBL;0.0633;0.0633;97.6535;0.7787;6.1775;0.0493
797;05-DAPI-1-40x-760ms.tif;NBL;0.0745;0.0745;99.9272;1.2096;7.449;0.0902
798;05-DAPI-1-40x-760ms.tif;NBL;0.0749;0.0749;93.929;0.913;7.0324;0.0684
799;05-DAPI-1-40x-760ms.tif;NBL;0.0771;0.0771;96.993;1.052;7.4829;0.0812
800;05-DAPI-1-40x-760ms.tif;NBL;0.0502;0.0502;94.2743;0.9287;4.7362;0.0467
801;05-DAPI-1-40x-760ms.tif;NBL;0.0387;0.0387;99.3669;1.1176;3.8492;0.0433
802;05-DAPI-1-40x-760ms.tif;NBL;0.052;0.052;101.0626;1.0355;5.2527;0.0538
803;05-DAPI-1-40x-760ms.tif;NBL;0.0557;0.0557;106.3177;0.4854;5.9181;0.027
804;05-DAPI-1-40x-760ms.tif;NBL;0.0767;0.0767;90.669;0.3564;6.9556;0.0273
805;05-DAPI-1-40x-760ms.tif;NBL;0.0373;0.0373;98.2093;0.3692;3.6658;0.0138
806;05-DAPI-1-40x-760ms.tif;NBL;0.0441;0.0441;102.734;0.6108;4.5258;0.0269
807;05-DAPI-1-40x-760ms.tif;NBL;0.0583;0.0583;113.5251;0.6816;6.6149;0.0397
808;05-DAPI-1-40x-760ms.tif;NBL;0.039;0.039;109.376;0.8579;4.2606;0.0334
809;05-DAPI-1-40x-760ms.tif;NBL;0.0482;0.0482;107.6712;0.6982;5.1873;0.0336
810;05-DAPI-1-40x-760ms.tif;NBL;0.0412;0.0412;99.8763;0.8;4.1182;0.033
811;05-DAPI-1-40x-760ms.tif;NBL;0.0578;0.0578;79.5066;0.5028;4.5982;0.0291
812;05-DAPI-1-40x-760ms.tif;NBL;0.1259;0.1259;60.425;0.8914;7.6056;0.1122
813;05-DAPI-1-40x-760ms.tif;NBL;0.0766;0.0766;110.4915;1.2946;8.4643;0.0992
814;05-DAPI-1-40x-760ms.tif;NBL;0.0605;0.0605;110.6004;0.8441;6.6965;0.0511
815;05-DAPI-1-40x-760ms.tif;NBL;0.0824;0.0824;114.7602;0.6957;9.4513;0.0573
816;05-DAPI-1-40x-760ms.tif;NBL;0.1077;0.1077;87.2397;0.86;9.3998;0.0927
817;05-DAPI-1-40x-760ms.tif;NBL;0.0535;0.0535;115.497;1.0041;6.1784;0.0537
818;05-DAPI-1-40x-760ms.tif;NBL;0.0623;0.0623;102.7753;0.8571;6.4012;0.0534
819;05-DAPI-1-40x-760ms.tif;NBL;0.0676;0.0676;107.5987;0.878;7.2737;0.0594
820;05-DAPI-1-40x-760ms.tif;NBL;0.0647;0.0647;107.9413;1.2601;6.9806;0.0815
821;05-DAPI-1-40x-760ms.tif;NBL;0.0531;0.0531;111.4867;1.4335;5.9155;0.0761
822;05-DAPI-1-40x-760ms.tif;NBL;0.0345;0.0345;102.8553;1.022;3.549;0.0353
823;05-DAPI-1-40x-760ms.tif;NBL;0.0303;0.0303;98.1649;1.2975;2.9718;0.0393
824;05-DAPI-1-40x-760ms.tif;NBL;0.0518;0.0518;106.4151;1.1153;5.5078;0.0577
825;05-DAPI-1-40x-760ms.tif;NBL;0.0445;0.0445;98.1659;0.7659;4.3672;0.0341
826;05-DAPI-1-40x-760ms.tif;NBL;0.0626;0.0626;101.0832;1.3224;6.3287;0.0828
827;05-DAPI-1-40x-760ms.tif;NBL;0.0673;0.0673;100.729;1.1081;6.7765;0.0745
828;05-DAPI-1-40x-760ms.tif;NBL;0.0298;0.0298;99.6364;1.0764;2.9731;0.0321
829;05-DAPI-1-40x-760ms.tif;NBL;0.0437;0.0437;103.2481;0.9578;4.5149;0.0419
830;05-DAPI-1-40x-760ms.tif;NBL;0.0499;0.0499;94.5239;1.0043;4.718;0.0501
831;05-DAPI-1-40x-760ms.tif;NBL;0.0465;0.0465;107.8392;1.0886;5.0199;0.0507
832;05-DAPI-1-40x-760ms.tif;NBL;0.0437;0.0437;96.1787;0.8089;4.2057;0.0354
833;05-DAPI-1-40x-760ms.tif;NBL;0.062;0.062;103.1103;1.5937;6.3885;0.0987
834;05-DAPI-1-40x-760ms.tif;NBL;0.0549;0.0549;101.2767;1.4368;5.5605;0.0789
835;05-DAPI-1-40x-760ms.tif;NBL;0.0288;0.0288;91.7547;1.5811;2.6383;0.0455
836;05-DAPI-1-40x-760ms.tif;NBL;0.05;0.05;99.154;1.538;4.9599;0.0769
837;05-DAPI-1-40x-760ms.tif;NBL;0.036;0.036;92.0542;0.8434;3.3162;0.0304
838;05-DAPI-1-40x-760ms.tif;NBL;0.0729;0.0729;107.9464;1.1399;7.8711;0.0831
839;05-DAPI-1-40x-760ms.tif;NBL;0.0475;0.0475;113.0183;1.0616;5.3713;0.0505
840;05-DAPI-1-40x-760ms.tif;NBL;0.0341;0.0341;107.0064;1.1592;3.6458;0.0395
841;05-DAPI-1-40x-760ms.tif;NBL;0.0734;0.0734;114.8817;1.0089;8.4266;0.074
842;05-DAPI-1-40x-760ms.tif;NBL;0.0675;0.0675;115.0884;0.8794;7.7675;0.0594
843;05-DAPI-1-40x-760ms.tif;NBL;0.0578;0.0578;106.531;0.7223;6.1611;0.0418
844;05-DAPI-1-40x-760ms.tif;NBL;0.0524;0.0524;89.0393;0.4017;4.6664;0.0211
845;05-DAPI-1-40x-760ms.tif;NBL;0.0791;0.0791;84.3978;0.5706;6.676;0.0451
846;05-DAPI-1-40x-760ms.tif;NBL;0.0726;0.0726;117.1121;0.7369;8.5013;0.0535
847;05-DAPI-1-40x-760ms.tif;NBL;0.0285;0.0285;106.6274;0.7567;3.0429;0.0216
848;05-DAPI-1-40x-760ms.tif;NBL;0.073;0.073;110.6315;0.7786;8.0789;0.0569
849;05-DAPI-1-40x-760ms.tif;NBL;0.0809;0.0809;115.7252;0.9638;9.3675;0.078
850;05-DAPI-1-40x-760ms.tif;NBL;0.0358;0.0358;109.5515;1.0212;3.9227;0.0366
851;05-DAPI-1-40x-760ms.tif;NBL;0.0764;0.0764;113.5057;0.919;8.6706;0.0702
852;05-DAPI-1-40x-760ms.tif;NBL;0.0524;0.0524;105.3313;1.0807;5.5203;0.0566
853;05-DAPI-1-40x-760ms.tif;NBL;0.0587;0.0587;99.8244;1.1978;5.8599;0.0703
854;05-DAPI-1-40x-760ms.tif;NBL;0.0547;0.0547;99.9702;1.4246;5.4671;0.0779
855;05-DAPI-1-40x-760ms.tif;NBL;0.0567;0.0567;96.0765;1.3346;5.4523;0.0757
856;05-DAPI-1-40x-760ms.tif;NBL;0.0567;0.0567;107.2275;1.3423;6.0851;0.0762
857;05-DAPI-1-40x-760ms.tif;NBL;0.0548;0.0548;103.3842;1.7426;5.665;0.0955
858;05-DAPI-1-40x-760ms.tif;NBL;0.0699;0.0699;103.4425;1.5916;7.2284;0.1112
859;05-DAPI-1-40x-760ms.tif;NBL;0.0459;0.0459;97.9835;1.4279;4.4973;0.0655
860;05-DAPI-1-40x-760ms.tif;NBL;0.0697;0.0697;106.0374;1.7336;7.3867;0.1208
861;05-DAPI-1-40x-760ms.tif;NBL;0.0698;0.0698;103.1446;1.479;7.1964;0.1032
862;05-DAPI-1-40x-760ms.tif;NBL;0.063;0.063;102.3632;1.4028;6.4532;0.0884
863;05-DAPI-1-40x-760ms.tif;NBL;0.056;0.056;101.1802;1.4864;5.665;0.0832
864;05-DAPI-1-40x-760ms.tif;NBL;0.1189;0.1189;103.3641;1.4243;12.2924;0.1694
865;05-DAPI-1-40x-760ms.tif;NBL;0.0583;0.0583;102.9516;1.3333;5.9988;0.0777
866;05-DAPI-1-40x-760ms.tif;NBL;0.0474;0.0474;100.6522;1.1716;4.7727;0.0556
867;05-DAPI-1-40x-760ms.tif;NBL;0.0286;0.0286;104.1402;0.9129;2.9832;0.0262
868;05-DAPI-1-40x-760ms.tif;NBL;0.0305;0.0305;98.2313;1.5587;2.9951;0.0475
869;05-DAPI-1-40x-760ms.tif;NBL;0.0414;0.0414;99.6387;1.4948;4.13;0.062
870;05-DAPI-1-40x-760ms.tif;NBL;0.0598;0.0598;100.7604;1.1724;6.0242;0.0701
871;05-DAPI-1-40x-760ms.tif;NBL;0.0489;0.0489;104.4656;1.2084;5.1122;0.0591
872;05-DAPI-1-40x-760ms.tif;NBL;0.0487;0.0487;109.1849;1.2205;5.3194;0.0595
873;05-DAPI-1-40x-760ms.tif;NBL;0.0488;0.0488;108.0533;1.1111;5.276;0.0543
874;05-DAPI-1-40x-760ms.tif;NBL;0.0554;0.0554;98.863;0.6458;5.4817;0.0358
875;05-DAPI-1-40x-760ms.tif;NBL;0.0642;0.0642;111.8953;1.0811;7.1877;0.0694
876;05-DAPI-1-40x-760ms.tif;NBL;0.0658;0.0658;116.538;1.2013;7.663;0.079
877;05-DAPI-1-40x-760ms.tif;NBL;0.0597;0.0597;115.2055;1.1418;6.8753;0.0681
878;05-DAPI-1-40x-760ms.tif;NBL;0.0667;0.0667;102.0341;0.7919;6.8089;0.0528
879;05-DAPI-1-40x-760ms.tif;NBL;0.07;0.07;106.6868;0.8357;7.4667;0.0585
880;05-DAPI-1-40x-760ms.tif;NBL;0.0496;0.0496;107.8578;0.6105;5.3484;0.0303
881;05-DAPI-1-40x-760ms.tif;NBL;0.0724;0.0724;72.7841;0.7766;5.2677;0.0562
882;05-DAPI-1-40x-760ms.tif;NBL;0.078;0.078;101.2364;0.6106;7.8981;0.0476
883;05-DAPI-1-40x-760ms.tif;NBL;0.0377;0.0377;85.4352;0.6513;3.2168;0.0245
884;05-DAPI-1-40x-760ms.tif;NBL;0.0621;0.0621;75.2902;0.8549;4.673;0.0531
885;05-DAPI-1-40x-760ms.tif;NBL;0.068;0.068;74.185;1.2297;5.0471;0.0837
886;05-DAPI-1-40x-760ms.tif;NBL;0.035;0.035;76.4272;1.0588;2.6786;0.0371
887;05-DAPI-1-40x-760ms.tif;NBL;0.0493;0.0493;89.5969;0.8238;4.4137;0.0406
888;05-DAPI-1-40x-760ms.tif;NBL;0.0788;0.0788;100.3251;0.9683;7.9032;0.0763
889;05-DAPI-1-40x-760ms.tif;NBL;0.0354;0.0354;100.0552;1.0706;3.5393;0.0379
890;05-DAPI-1-40x-760ms.tif;NBL;0.0673;0.0673;101.7565;1.1516;6.8456;0.0775
891;05-DAPI-1-40x-760ms.tif;NBL;0.0596;0.0596;112.0128;1.1075;6.6726;0.066
892;05-DAPI-1-40x-760ms.tif;NBL;0.0824;0.0824;69.7813;1.3452;5.747;0.1108
893;05-DAPI-1-40x-760ms.tif;NBL;0.0472;0.0472;112.646;1.2851;5.3169;0.0607
894;05-DAPI-1-40x-760ms.tif;NBL;0.0716;0.0716;76.5212;1.0288;5.48;0.0737
895;05-DAPI-1-40x-760ms.tif;NBL;0.0444;0.0444;112.6455;1.2274;4.9991;0.0545
896;05-DAPI-1-40x-760ms.tif;NBL;0.0751;0.0751;106.2673;0.6199;7.9793;0.0465
897;05-DAPI-1-40x-760ms.tif;NBL;0.0605;0.0605;95.8208;0.7312;5.8016;0.0443
898;05-DAPI-1-40x-760ms.tif;NBL;0.0437;0.0437;94.5136;1.1017;4.1329;0.0482
899;05-DAPI-1-40x-760ms.tif;NBL;0.1028;0.1028;100.4868;1.4446;10.3256;0.1484
900;05-DAPI-1-40x-760ms.tif;NBL;0.0564;0.0564;103.3058;1.2904;5.8289;0.0728
901;05-DAPI-1-40x-760ms.tif;NBL;0.0468;0.0468;104.8677;0.9884;4.9043;0.0462
902;05-DAPI-1-40x-760ms.tif;NBL;0.0688;0.0688;96.0505;1.2603;6.6076;0.0867
903;05-DAPI-1-40x-760ms.tif;NBL;0.0445;0.0445;99.5171;1.2512;4.4273;0.0557
904;05-DAPI-1-40x-760ms.tif;NBL;0.0608;0.0608;104.0839;1.5875;6.3245;0.0965
905;05-DAPI-1-40x-760ms.tif;NBL;0.0645;0.0645;105.3704;1.5051;6.7914;0.097
906;05-DAPI-1-40x-760ms.tif;NBL;0.0602;0.0602;95.4505;0.8667;5.7482;0.0522
907;05-DAPI-1-40x-760ms.tif;NBL;0.1229;0.1229;65.1818;0.3425;8.0133;0.0421
908;05-DAPI-1-40x-760ms.tif;NBL;0.1039;0.1039;68.476;0.452;7.1181;0.047
909;05-DAPI-1-40x-760ms.tif;NBL;0.0782;0.0782;104.6449;0.5007;8.1867;0.0392
910;05-DAPI-1-40x-760ms.tif;NBL;0.0567;0.0567;87.826;0.7266;4.984;0.0412
911;05-DAPI-1-40x-760ms.tif;NBL;0.0347;0.0347;108.7812;0.8281;3.7771;0.0288
912;05-DAPI-1-40x-760ms.tif;NBL;0.0476;0.0476;116.0364;0.9066;5.5273;0.0432
913;05-DAPI-1-40x-760ms.tif;NBL;0.0145;0.0145;97.3284;1.1045;1.4151;0.0161
914;05-DAPI-1-40x-760ms.tif;NBL;0.0484;0.0484;64.0942;0.5045;3.1018;0.0244
915;05-DAPI-1-40x-760ms.tif;NBL;0.0347;0.0347;91.6438;0.8375;3.1821;0.0291
916;05-DAPI-1-40x-760ms.tif;NBL;0.0647;0.0647;87.745;0.849;5.6745;0.0549
917;05-DAPI-1-40x-760ms.tif;NBL;0.0463;0.0463;96.2529;0.7588;4.4596;0.0352
918;05-DAPI-1-40x-760ms.tif;NBL;0.0432;0.0432;82.5402;0.4874;3.5646;0.0211
919;05-DAPI-1-40x-760ms.tif;NBL;0.073;0.073;104.1174;0.4071;7.6032;0.0297
920;05-DAPI-1-40x-760ms.tif;NBL;0.0494;0.0494;97.8835;0.189;4.8326;0.0093
921;05-DAPI-1-40x-760ms.tif;NBL;0.0767;0.0767;86.7228;0.3013;6.6529;0.0231
922;05-DAPI-1-40x-760ms.tif;NBL;0.0425;0.0425;85.8393;0.1148;3.6512;0.0049
923;05-DAPI-1-40x-760ms.tif;NBL;0.057;0.057;115.3714;0.1581;6.5723;0.009
924;05-DAPI-1-40x-760ms.tif;NBL;0.0839;0.0839;78.6016;0.2613;6.5928;0.0219
925;05-DAPI-1-40x-760ms.tif;NBL;0.0741;0.0741;100.0015;0.4407;7.4111;0.0327
926;05-DAPI-1-40x-760ms.tif;NBL;0.0227;0.0227;95.2871;0.3062;2.1609;0.0069
927;05-DAPI-1-40x-760ms.tif;NBL;0.0514;0.0514;85.654;0.443;4.4054;0.0228
928;05-DAPI-1-40x-760ms.tif;NBL;0.0846;0.0846;66.0795;0.3128;5.5927;0.0265
929;05-DAPI-1-40x-760ms.tif;NBL;0.0531;0.0531;77.9673;0.3579;4.1369;0.019
930;05-DAPI-1-40x-760ms.tif;NBL;0.0569;0.0569;89.1393;0.4389;5.0683;0.025
931;05-DAPI-1-40x-760ms.tif;NBL;0.023;0.023;92.4434;0.7925;2.1265;0.0182
932;05-DAPI-1-40x-760ms.tif;NBL;0.0481;0.0481;77.8984;0.8104;3.7445;0.039
933;05-DAPI-1-40x-760ms.tif;NBL;0.0396;0.0396;54.4959;0.9534;2.1583;0.0378
934;05-DAPI-1-40x-760ms.tif;NBL;0.029;0.029;113.4682;1.1311;3.2873;0.0328
935;05-DAPI-1-40x-760ms.tif;NBL;0.0444;0.0444;112.5941;1.3276;4.9969;0.0589
936;05-DAPI-1-40x-760ms.tif;NBL;0.0831;0.0831;102.6175;1.0052;8.5292;0.0836
937;05-DAPI-1-40x-760ms.tif;NBL;0.0581;0.0581;84.9757;0.7888;4.9329;0.0458
938;05-DAPI-1-40x-760ms.tif;NBL;0.0648;0.0648;80.3769;0.4757;5.2067;0.0308
939;05-DAPI-1-40x-760ms.tif;NBL;0.0773;0.0773;101.323;0.4129;7.8279;0.0319
940;05-DAPI-1-40x-760ms.tif;NBL;0.1029;0.1029;96.481;0.7205;9.9245;0.0741
941;05-DAPI-1-40x-760ms.tif;NBL;0.0336;0.0336;83.229;0.629;2.7996;0.0212
942;05-DAPI-1-40x-760ms.tif;NBL;0.0616;0.0616;115.4173;0.7905;7.1134;0.0487
943;05-DAPI-1-40x-760ms.tif;NBL;0.0957;0.0957;93.3515;0.4875;8.934;0.0467
944;05-DAPI-1-40x-760ms.tif;NBL;0.1144;0.1144;82.3672;0.223;9.42;0.0255
945;05-DAPI-1-40x-760ms.tif;NBL;0.0923;0.0923;80.785;0.1974;7.4596;0.0182
946;05-DAPI-1-40x-760ms.tif;NBL;0.0731;0.0731;91.2047;0.2062;6.6701;0.0151
947;05-DAPI-1-40x-760ms.tif;NBL;0.0629;0.0629;92.9017;0.2638;5.8467;0.0166
948;05-DAPI-1-40x-760ms.tif;NBL;0.0987;0.0987;92.3055;0.6363;9.1144;0.0628
949;05-DAPI-1-40x-760ms.tif;NBL;0.0665;0.0665;99.5824;0.6346;6.6237;0.0422
950;05-DAPI-1-40x-760ms.tif;NBL;0.0617;0.0617;105.9315;0.6995;6.5403;0.0432
951;05-DAPI-1-40x-760ms.tif;NBL;0.0592;0.0592;84.3626;0.6447;4.998;0.0382
952;05-DAPI-1-40x-760ms.tif;NBL;0.0374;0.0374;114.7942;0.8493;4.2973;0.0318
953;05-DAPI-1-40x-760ms.tif;NBL;0.0674;0.0674;110.7568;1.0177;7.4631;0.0686
954;05-DAPI-1-40x-760ms.tif;NBL;0.0679;0.0679;108.3307;0.7732;7.3584;0.0525
955;05-DAPI-1-40x-760ms.tif;NBL;0.0521;0.0521;81.8375;0.5604;4.2624;0.0292
956;05-DAPI-1-40x-760ms.tif;NBL;0.0603;0.0603;93.0935;1.027;5.6163;0.062
957;05-DAPI-1-40x-760ms.tif;NBL;0.0451;0.0451;111.1394;0.738;5.0167;0.0333
958;05-DAPI-1-40x-760ms.tif;NBL;0.0558;0.0558;90.5467;0.7179;5.05;0.04
959;05-DAPI-1-40x-760ms.tif;NBL;0.0438;0.0438;112.0916;0.599;4.9137;0.0263
960;05-DAPI-1-40x-760ms.tif;NBL;0.0486;0.0486;82.942;0.6071;4.0319;0.0295
961;05-DAPI-1-40x-760ms.tif;NBL;0.0732;0.0732;109.9333;1.4933;8.0518;0.1094
962;05-DAPI-1-40x-760ms.tif;NBL;0.0515;0.0515;97.2884;0.7705;5.0143;0.0397
963;05-DAPI-1-40x-760ms.tif;NBL;0.0663;0.0663;103.2128;0.9705;6.8428;0.0643
964;05-DAPI-1-40x-760ms.tif;NBL;0.0574;0.0574;103.5974;0.6144;5.9465;0.0353
965;05-DAPI-1-40x-760ms.tif;NBL;0.0549;0.0549;85.9506;1.1621;4.7191;0.0638
966;05-DAPI-1-40x-760ms.tif;NBL;0.0837;0.0837;76.9948;0.8755;6.4413;0.0732
967;05-DAPI-1-40x-760ms.tif;NBL;0.0635;0.0635;89.5915;0.5094;5.687;0.0323
968;05-DAPI-1-40x-760ms.tif;NBL;0.0465;0.0465;99.5501;1.2494;4.634;0.0582
969;05-DAPI-1-40x-760ms.tif;NBL;0.052;0.052;95.2484;0.5532;4.9505;0.0288
970;05-DAPI-1-40x-760ms.tif;NBL;0.0455;0.0455;97.6325;0.3771;4.4388;0.0171
971;05-DAPI-1-40x-760ms.tif;NBL;0.0379;0.0379;102.9742;0.5874;3.8995;0.0222
972;05-DAPI-1-40x-760ms.tif;NBL;0.0447;0.0447;104.2888;0.449;4.6622;0.0201
973;05-DAPI-1-40x-760ms.tif;NBL;0.082;0.082;84.1614;0.1852;6.9039;0.0152
974;05-DAPI-1-40x-760ms.tif;NBL;0.0426;0.0426;92.0102;0.2799;3.9236;0.0119
975;05-DAPI-1-40x-760ms.tif;NBL;0.0664;0.0664;86.4526;0.1487;5.741;0.0099
976;05-DAPI-1-40x-760ms.tif;NBL;0.0943;0.0943;87.0345;0.3544;8.2067;0.0334
977;05-DAPI-1-40x-760ms.tif;NBL;0.0526;0.0526;102.3938;0.3629;5.3886;0.0191
978;05-DAPI-1-40x-760ms.tif;NBL;0.0786;0.0786;80.2624;0.1506;6.3053;0.0118
979;05-DAPI-1-40x-760ms.tif;NBL;0.0409;0.0409;79.1804;0.0875;3.239;0.0036
980;05-DAPI-1-40x-760ms.tif;NBL;0.0482;0.0482;88.7027;0.0473;4.2734;0.0023
981;05-DAPI-1-40x-760ms.tif;NBL;0.0546;0.0546;70.9781;0.5249;3.8739;0.0286
982;05-DAPI-1-40x-760ms.tif;NBL;0.0496;0.0496;106.1488;0.5055;5.2637;0.0251
983;05-DAPI-1-40x-760ms.tif;NBL;0.0611;0.0611;78.3801;0.2789;4.7882;0.017
984;05-DAPI-1-40x-760ms.tif;NBL;0.0479;0.0479;85.6553;0.6349;4.0987;0.0304
985;05-DAPI-1-40x-760ms.tif;NBL;0.0477;0.0477;110.0977;1.0341;5.2564;0.0494
986;05-DAPI-1-40x-760ms.tif;NBL;0.0779;0.0779;101.812;1.2883;7.932;0.1004
987;05-DAPI-1-40x-760ms.tif;NBL;0.1034;0.1034;105.2623;1.0042;10.8849;0.1038
988;05-DAPI-1-40x-760ms.tif;NBL;0.0687;0.0687;90.1817;0.872;6.1941;0.0599
989;05-DAPI-1-40x-760ms.tif;NBL;0.0352;0.0352;101.9753;1.1512;3.5851;0.0405
990;05-DAPI-1-40x-760ms.tif;NBL;0.0497;0.0497;100.3493;1.0983;4.987;0.0546
991;05-DAPI-1-40x-760ms.tif;NBL;0.0936;0.0936;103.2178;0.6813;9.6655;0.0638
992;05-DAPI-1-40x-760ms.tif;NBL;0.0535;0.0535;93.4544;0.213;4.9992;0.0114
993;05-DAPI-1-40x-760ms.tif;NBL;0.0467;0.0467;81.8558;0.2372;3.8192;0.0111
994;05-DAPI-1-40x-760ms.tif;NBL;0.0697;0.0697;88.1277;0.1293;6.1391;0.009
995;05-DAPI-1-40x-760ms.tif;NBL;0.0489;0.0489;101.969;0.0443;4.99;0.0022
996;05-DAPI-1-40x-760ms.tif;NBL;0.0538;0.0538;81.6613;0.0968;4.395;0.0052
997;05-DAPI-1-40x-760ms.tif;NBL;0.0481;0.0481;65.0903;0.0271;3.1288;0.0013
998;05-DAPI-1-40x-760ms.tif;NBL;0.0745;0.0745;76.1645;0.0917;5.6776;0.0068
999;05-DAPI-1-40x-760ms.tif;NBL;0.0349;0.0349;74.941;0.0155;2.6184;0.0005
1000;05-DAPI-1-40x-760ms.tif;NBL;0.1028;0.1028;43.7719;0.0475;4.4978;0.0049
1001;05-DAPI-1-40x-760ms.tif;NBL;0.0623;0.0623;58.3798;0.2544;3.6361;0.0158
1002;05-DAPI-1-40x-760ms.tif;NBL;0.0227;0.0227;106.7368;0.1531;2.4206;0.0035
1003;05-DAPI-1-40x-760ms.tif;NBL;0.0521;0.0521;55.6438;0.0146;2.8981;0.0008
1004;05-DAPI-1-40x-760ms.tif;NBL;0.0471;0.0471;97.8618;0.6129;4.6085;0.0289
1005;05-DAPI-1-40x-760ms.tif;NBL;0.0496;0.0496;97.4179;0.2691;4.8307;0.0133
1006;05-DAPI-1-40x-760ms.tif;NBL;0.0744;0.0744;70.7143;0.3426;5.2637;0.0255
1007;05-DAPI-1-40x-760ms.tif;NBL;0.0546;0.0546;99.7316;0.8091;5.4433;0.0442
1008;05-DAPI-1-40x-760ms.tif;NBL;0.0397;0.0397;100.9672;0.7268;4.0098;0.0289
1009;05-DAPI-1-40x-760ms.tif;NBL;0.0464;0.0464;101.3411;0.6238;4.7064;0.029
1010;05-DAPI-1-40x-760ms.tif;NBL;0.0549;0.0549;88.496;0.836;4.8588;0.0459
1011;05-DAPI-1-40x-760ms.tif;NBL;0.061;0.061;96.242;1.2331;5.8689;0.0752
1012;05-DAPI-1-40x-760ms.tif;NBL;0.0732;0.0732;85.7807;1.0222;6.2828;0.0749
1013;05-DAPI-1-40x-760ms.tif;NBL;0.0592;0.0592;101.5256;1.5586;6.0149;0.0923
1014;05-DAPI-1-40x-760ms.tif;NBL;0.0256;0.0256;88.4407;1.4364;2.2648;0.0368
1015;05-DAPI-1-40x-760ms.tif;NBL;0.0434;0.0434;94.2875;1.13;4.0923;0.049
1016;05-DAPI-1-40x-760ms.tif;NBL;0.0424;0.0424;79.7698;0.4041;3.3843;0.0171
1017;05-DAPI-1-40x-760ms.tif;NBL;0.0496;0.0496;101.7549;0.1991;5.0458;0.0099
1018;05-DAPI-1-40x-760ms.tif;NBL;0.0892;0.0892;61.8929;0.2774;5.5204;0.0247
1019;05-DAPI-1-40x-760ms.tif;NBL;0.0648;0.0648;59.5611;1.0637;3.8583;0.0689
1020;05-DAPI-1-40x-760ms.tif;NBL;0.0333;0.0333;85.3355;1.2573;2.8427;0.0419
1021;05-DAPI-1-40x-760ms.tif;NBL;0.0496;0.0496;92.9212;1.0372;4.6077;0.0514
1022;05-DAPI-1-40x-760ms.tif;NBL;0.0431;0.0431;79.6675;0.7254;3.4319;0.0312
1023;05-DAPI-1-40x-760ms.tif;NBL;0.0773;0.0773;100.9368;1.4733;7.7981;0.1138
1024;05-DAPI-1-40x-760ms.tif;NBL;0.0311;0.0311;96.7875;1.1115;3.0141;0.0346
1025;05-DAPI-1-40x-760ms.tif;NBL;0.0635;0.0635;100.106;0.9761;6.3544;0.062
1026;05-DAPI-1-40x-760ms.tif;NBL;0.0521;0.0521;83.6104;0.8917;4.3547;0.0464
1027;05-DAPI-1-40x-760ms.tif;NBL;0.0348;0.0348;59.5452;0.6324;2.074;0.022
1028;05-DAPI-1-40x-760ms.tif;NBL;0.0262;0.0262;109.2863;0.9585;2.8579;0.0251
1029;05-DAPI-1-40x-760ms.tif;NBL;0.0202;0.0202;81.2258;0.457;1.6393;0.0092
1030;05-DAPI-1-40x-760ms.tif;NBL;0.0404;0.0404;64.8065;0.3306;2.6159;0.0133
1031;05-DAPI-1-40x-760ms.tif;NBL;0.0471;0.0471;43.1498;0.5415;2.032;0.0255
1032;05-DAPI-1-40x-760ms.tif;NBL;0.036;0.036;76.3795;0.494;2.7515;0.0178
1033;05-DAPI-1-40x-760ms.tif;NBL;0.0315;0.0315;72.5621;0.2414;2.2833;0.0076
1034;05-DAPI-1-40x-760ms.tif;NBL;0.0454;0.0454;90.067;0.1866;4.0851;0.0085
1035;05-DAPI-1-40x-760ms.tif;NBL;0.0591;0.0591;69.3083;0.6661;4.0986;0.0394
1036;05-DAPI-1-40x-760ms.tif;NBL;0.0377;0.0377;100.9741;1.0634;3.8019;0.04
1037;05-DAPI-1-40x-760ms.tif;NBL;0.0551;0.0551;93.5413;0.9862;5.1561;0.0544
1038;05-DAPI-1-40x-760ms.tif;NBL;0.0412;0.0412;86.4974;1.0447;3.5665;0.0431
1039;05-DAPI-1-40x-760ms.tif;NBL;0.0704;0.0704;104.2527;1.6271;7.3416;0.1146
1040;05-DAPI-1-40x-760ms.tif;NBL;0.0628;0.0628;97.5682;1.1347;6.1298;0.0713
1041;06-DAPI-1-40x-760ms.tif;NBL;0.0658;0.0658;108.6667;0.3564;7.1454;0.0234
1042;06-DAPI-1-40x-760ms.tif;NBL;0.0461;0.0461;118.5647;0.6706;5.4677;0.0309
1043;06-DAPI-1-40x-760ms.tif;NBL;0.097;0.097;92.83;0.2975;9.005;0.0289
1044;06-DAPI-1-40x-760ms.tif;NBL;0.0599;0.0599;111.0435;1.0272;6.651;0.0615
1045;06-DAPI-1-40x-760ms.tif;NBL;0.0668;0.0668;108.2192;1.2208;7.2334;0.0816
1046;06-DAPI-1-40x-760ms.tif;NBL;0.0796;0.0796;102.1621;0.8338;8.1366;0.0664
1047;06-DAPI-1-40x-760ms.tif;NBL;0.047;0.047;106.7298;0.739;5.0145;0.0347
1048;06-DAPI-1-40x-760ms.tif;NBL;0.0643;0.0643;101.8415;0.3255;6.553;0.0209
1049;06-DAPI-1-40x-760ms.tif;NBL;0.0904;0.0904;73.024;0.0828;6.6004;0.0075
1050;06-DAPI-1-40x-760ms.tif;NBL;0.0638;0.0638;65.6446;0.1412;4.1883;0.009
1051;06-DAPI-1-40x-760ms.tif;NBL;0.0947;0.0947;60.8328;0.1352;5.7625;0.0128
1052;06-DAPI-1-40x-760ms.tif;NBL;0.0337;0.0337;105.2379;0.5113;3.5513;0.0173
1053;06-DAPI-1-40x-760ms.tif;NBL;0.0616;0.0616;105.7095;0.8011;6.5151;0.0494
1054;06-DAPI-1-40x-760ms.tif;NBL;0.032;0.032;108.9797;0.8814;3.4884;0.0282
1055;06-DAPI-1-40x-760ms.tif;NBL;0.0806;0.0806;113.1373;1.07;9.1212;0.0863
1056;06-DAPI-1-40x-760ms.tif;NBL;0.0607;0.0607;110.6708;1.1717;6.7128;0.0711
1057;06-DAPI-1-40x-760ms.tif;NBL;0.0718;0.0718;109.2795;0.9048;7.8497;0.065
1058;06-DAPI-1-40x-760ms.tif;NBL;0.0842;0.0842;112.0902;0.549;9.4382;0.0462
1059;06-DAPI-1-40x-760ms.tif;NBL;0.0819;0.0819;71.6702;0.5656;5.8714;0.0463
1060;06-DAPI-1-40x-760ms.tif;NBL;0.0789;0.0789;87.6121;0.6988;6.9112;0.0551
1061;06-DAPI-1-40x-760ms.tif;NBL;0.0941;0.0941;84.323;0.9631;7.9327;0.0906
1062;06-DAPI-1-40x-760ms.tif;NBL;0.0661;0.0661;89.8309;0.6026;5.9361;0.0398
1063;06-DAPI-1-40x-760ms.tif;NBL;0.0615;0.0615;115.1534;0.6155;7.0846;0.0379
1064;06-DAPI-1-40x-760ms.tif;NBL;0.0379;0.0379;114.8252;0.6877;4.3483;0.026
1065;06-DAPI-1-40x-760ms.tif;NBL;0.0416;0.0416;100.3708;1.0418;4.1712;0.0433
1066;06-DAPI-1-40x-760ms.tif;NBL;0.0641;0.0641;111.8731;0.7885;7.1742;0.0506
1067;06-DAPI-1-40x-760ms.tif;NBL;0.0522;0.0522;113.8025;0.9064;5.9396;0.0473
1068;06-DAPI-1-40x-760ms.tif;NBL;0.0818;0.0818;115.7215;0.9721;9.4677;0.0795
1069;06-DAPI-1-40x-760ms.tif;NBL;0.0757;0.0757;88.341;0.3496;6.6908;0.0265
1070;06-DAPI-1-40x-760ms.tif;NBL;0.0865;0.0865;81.6198;0.2911;7.0585;0.0252
1071;06-DAPI-1-40x-760ms.tif;NBL;0.17;0.17;57.8213;0.3676;9.8314;0.0625
1072;06-DAPI-1-40x-760ms.tif;NBL;0.0588;0.0588;90.1697;0.6365;5.303;0.0374
1073;06-DAPI-1-40x-760ms.tif;NBL;0.0779;0.0779;100.1574;0.4568;7.8031;0.0356
1074;06-DAPI-1-40x-760ms.tif;NBL;0.0893;0.0893;94.096;0.4386;8.4029;0.0392
1075;06-DAPI-1-40x-760ms.tif;NBL;0.0753;0.0753;100.7248;0.4697;7.585;0.0354
1076;06-DAPI-1-40x-760ms.tif;NBL;0.0429;0.0429;91.6937;0.4937;3.93;0.0212
1077;06-DAPI-1-40x-760ms.tif;NBL;0.0559;0.0559;95.2699;0.9417;5.3238;0.0526
1078;06-DAPI-1-40x-760ms.tif;NBL;0.0465;0.0465;82.5478;1.014;3.8426;0.0472
1079;06-DAPI-1-40x-760ms.tif;NBL;0.0655;0.0655;97.5778;0.8079;6.3951;0.053
1080;06-DAPI-1-40x-760ms.tif;NBL;0.0659;0.0659;98.3245;0.486;6.476;0.032
1081;06-DAPI-1-40x-760ms.tif;NBL;0.0707;0.0707;84.638;1.0951;5.9878;0.0775
1082;06-DAPI-1-40x-760ms.tif;NBL;0.0509;0.0509;97.7591;0.5778;4.9749;0.0294
1083;06-DAPI-1-40x-760ms.tif;NBL;0.0605;0.0605;103.7437;1.0215;6.2814;0.0618
1084;06-DAPI-1-40x-760ms.tif;NBL;0.0476;0.0476;98.2984;1.1617;4.6824;0.0553
1085;06-DAPI-1-40x-760ms.tif;NBL;0.0611;0.0611;104.1954;0.9716;6.3652;0.0594
1086;06-DAPI-1-40x-760ms.tif;NBL;0.0699;0.0699;111.9829;1.1879;7.8252;0.083
1087;06-DAPI-1-40x-760ms.tif;NBL;0.0259;0.0259;96.7448;1.2427;2.5089;0.0322
1088;06-DAPI-1-40x-760ms.tif;NBL;0.0503;0.0503;104.3966;0.7177;5.2561;0.0361
1089;06-DAPI-1-40x-760ms.tif;NBL;0.06;0.06;118.5371;1.311;7.1127;0.0787
1090;06-DAPI-1-40x-760ms.tif;NBL;0.0587;0.0587;104.7893;1.3253;6.1514;0.0778
1091;06-DAPI-1-40x-760ms.tif;NBL;0.0623;0.0623;106.0279;0.8571;6.6037;0.0534
1092;06-DAPI-1-40x-760ms.tif;NBL;0.0676;0.0676;117.374;0.8331;7.9345;0.0563
1093;06-DAPI-1-40x-760ms.tif;NBL;0.0673;0.0673;60.0597;0.9839;4.0405;0.0662
1094;06-DAPI-1-40x-760ms.tif;NBL;0.0267;0.0267;71.2846;0.8374;1.9028;0.0224
1095;06-DAPI-1-40x-760ms.tif;NBL;0.0795;0.0795;58.116;0.5048;4.6223;0.0401
1096;06-DAPI-1-40x-760ms.tif;NBL;0.0526;0.0526;112.9216;0.7526;5.9426;0.0396
1097;06-DAPI-1-40x-760ms.tif;NBL;0.052;0.052;98.8142;0.6743;5.1359;0.035
1098;06-DAPI-1-40x-760ms.tif;NBL;0.0635;0.0635;100.2427;0.4205;6.3631;0.0267
1099;06-DAPI-1-40x-760ms.tif;NBL;0.0908;0.0908;108.2425;0.7909;9.8306;0.0718
1100;06-DAPI-1-40x-760ms.tif;NBL;0.0809;0.0809;112.0523;0.996;9.0702;0.0806
1101;06-DAPI-1-40x-760ms.tif;NBL;0.0583;0.0583;106.9218;1.1471;6.2301;0.0668
1102;06-DAPI-1-40x-760ms.tif;NBL;0.0483;0.0483;103;1.0539;4.9734;0.0509
1103;06-DAPI-1-40x-760ms.tif;NBL;0.097;0.097;90.0615;0.9754;8.7364;0.0946
1104;06-DAPI-1-40x-760ms.tif;NBL;0.0608;0.0608;84.7821;1.15;5.1517;0.0699
1105;06-DAPI-1-40x-760ms.tif;NBL;0.0901;0.0901;86.2675;0.5217;7.7693;0.047
1106;06-DAPI-1-40x-760ms.tif;NBL;0.0433;0.0433;87.0877;0.7794;3.7704;0.0337
1107;06-DAPI-1-40x-760ms.tif;NBL;0.053;0.053;103.1639;0.9447;5.4627;0.05
1108;06-DAPI-1-40x-760ms.tif;NBL;0.064;0.064;104.1881;1.0492;6.67;0.0672
1109;06-DAPI-1-40x-760ms.tif;NBL;0.0444;0.0444;79.687;0.9462;3.5365;0.042
1110;06-DAPI-1-40x-760ms.tif;NBL;0.0429;0.0429;110.3595;0.6228;4.73;0.0267
1111;06-DAPI-1-40x-760ms.tif;NBL;0.0715;0.0715;108.8695;0.6358;7.7848;0.0455
1112;06-DAPI-1-40x-760ms.tif;NBL;0.0891;0.0891;94.3106;0.8185;8.4016;0.0729
1113;06-DAPI-1-40x-760ms.tif;NBL;0.0731;0.0731;118.6914;0.7849;8.6803;0.0574
1114;06-DAPI-1-40x-760ms.tif;NBL;0.1109;0.1109;85.3346;0.2808;9.4631;0.0311
1115;06-DAPI-1-40x-760ms.tif;NBL;0.0943;0.0943;103.5604;0.4499;9.765;0.0424
1116;06-DAPI-1-40x-760ms.tif;NBL;0.0482;0.0482;93.0878;0.6081;4.4847;0.0293
1117;06-DAPI-1-40x-760ms.tif;NBL;0.1037;0.1037;96.1674;0.5565;9.9757;0.0577
1118;06-DAPI-1-40x-760ms.tif;NBL;0.1278;0.1278;74.0552;0.416;9.4658;0.0532
1119;06-DAPI-1-40x-760ms.tif;NBL;0.1168;0.1168;78.5818;0.4368;9.1747;0.051
1120;06-DAPI-1-40x-760ms.tif;NBL;0.1392;0.1392;89.2931;0.4747;12.4309;0.0661
1121;06-DAPI-1-40x-760ms.tif;NBL;0.0877;0.0877;96.4171;0.4839;8.4532;0.0424
1122;06-DAPI-1-40x-760ms.tif;NBL;0.0834;0.0834;80.394;0.4733;6.7082;0.0395
1123;06-DAPI-1-40x-760ms.tif;NBL;0.0825;0.0825;76.8237;0.7329;6.3353;0.0604
1124;06-DAPI-1-40x-760ms.tif;NBL;0.0851;0.0851;63.2895;0.2015;5.384;0.0171
1125;06-DAPI-1-40x-760ms.tif;NBL;0.0841;0.0841;93.3445;0.4348;7.8496;0.0366
1126;06-DAPI-1-40x-760ms.tif;NBL;0.0723;0.0723;110.7402;0.5736;8.0027;0.0414
1127;06-DAPI-1-40x-760ms.tif;NBL;0.0605;0.0605;103.2222;0.8799;6.2498;0.0533
1128;06-DAPI-1-40x-760ms.tif;NBL;0.0745;0.0745;113.1776;1.2009;8.4367;0.0895
1129;06-DAPI-1-40x-760ms.tif;NBL;0.0581;0.0581;99.6953;1.1514;5.7874;0.0668
1130;06-DAPI-1-40x-760ms.tif;NBL;0.0787;0.0787;96.8179;0.8331;7.6164;0.0655
1131;06-DAPI-1-40x-760ms.tif;NBL;0.0614;0.0614;99.9011;0.8357;6.1354;0.0513
1132;06-DAPI-1-40x-760ms.tif;NBL;0.116;0.116;81.479;0.9093;9.4511;0.1055
1133;06-DAPI-1-40x-760ms.tif;NBL;0.0458;0.0458;100.1232;0.8839;4.5846;0.0405
1134;06-DAPI-1-40x-760ms.tif;NBL;0.0368;0.0368;108.3923;0.7994;3.9871;0.0294
1135;06-DAPI-1-40x-760ms.tif;NBL;0.0895;0.0895;82.4012;0.497;7.3764;0.0445
1136;06-DAPI-1-40x-760ms.tif;NBL;0.0888;0.0888;72.5477;0.6137;6.4392;0.0545
1137;06-DAPI-1-40x-760ms.tif;NBL;0.0623;0.0623;80.2648;0.4599;4.9991;0.0286
1138;06-DAPI-1-40x-760ms.tif;NBL;0.0762;0.0762;86.3091;0.5969;6.5743;0.0455
1139;06-DAPI-1-40x-760ms.tif;NBL;0.0352;0.0352;102.5556;0.6235;3.6055;0.0219
1140;06-DAPI-1-40x-760ms.tif;NBL;0.0655;0.0655;72.5331;0.197;4.7537;0.0129
1141;06-DAPI-1-40x-760ms.tif;NBL;0.0738;0.0738;95.7044;0.2397;7.0615;0.0177
1142;06-DAPI-1-40x-760ms.tif;NBL;0.0846;0.0846;89.6641;0.4064;7.5888;0.0344
1143;06-DAPI-1-40x-760ms.tif;NBL;0.0875;0.0875;95.9392;0.3325;8.3905;0.0291
1144;06-DAPI-1-40x-760ms.tif;NBL;0.0383;0.0383;92.4646;0.221;3.5417;0.0085
1145;06-DAPI-1-40x-760ms.tif;NBL;0.0395;0.0395;83.4093;0.1593;3.2944;0.0063
1146;06-DAPI-1-40x-760ms.tif;NBL;0.0567;0.0567;100.3671;0.9713;5.6957;0.0551
1147;06-DAPI-1-40x-760ms.tif;NBL;0.0306;0.0306;93.0071;1.1738;2.8459;0.0359
1148;06-DAPI-1-40x-760ms.tif;NBL;0.0635;0.0635;103.988;1.1915;6.6008;0.0756
1149;06-DAPI-1-40x-760ms.tif;NBL;0.059;0.059;96.0147;1.0864;5.6675;0.0641
1150;06-DAPI-1-40x-760ms.tif;NBL;0.0559;0.0559;103.7029;1.0369;5.795;0.0579
1151;06-DAPI-1-40x-760ms.tif;NBL;0.0783;0.0783;102.1662;1.2036;8.0039;0.0943
1152;06-DAPI-1-40x-760ms.tif;NBL;0.047;0.047;92.2032;1.2794;4.332;0.0601
1153;06-DAPI-1-40x-760ms.tif;NBL;0.0996;0.0996;99.6383;1.281;9.9249;0.1276
1154;06-DAPI-1-40x-760ms.tif;NBL;0.079;0.079;107.6168;1.2102;8.501;0.0956
1155;06-DAPI-1-40x-760ms.tif;NBL;0.0452;0.0452;101.3118;1.2422;4.5841;0.0562
1156;06-DAPI-1-40x-760ms.tif;NBL;0.0701;0.0701;100.4443;0.9892;7.0407;0.0693
1157;06-DAPI-1-40x-760ms.tif;NBL;0.0841;0.0841;102.8684;0.6465;8.6505;0.0544
1158;06-DAPI-1-40x-760ms.tif;NBL;0.0435;0.0435;105.4239;0.7531;4.5871;0.0328
1159;06-DAPI-1-40x-760ms.tif;NBL;0.0605;0.0605;68.9462;0.8387;4.1745;0.0508
1160;06-DAPI-1-40x-760ms.tif;NBL;0.082;0.082;89.5979;0.791;7.3498;0.0649
1161;06-DAPI-1-40x-760ms.tif;NBL;0.0637;0.0637;98.7308;0.7445;6.2885;0.0474
1162;06-DAPI-1-40x-760ms.tif;NBL;0.0556;0.0556;101.1133;1.1523;5.6174;0.064
1163;06-DAPI-1-40x-760ms.tif;NBL;0.0527;0.0527;88.6605;0.7984;4.6755;0.0421
1164;06-DAPI-1-40x-760ms.tif;NBL;0.0668;0.0668;106.5341;0.8653;7.1208;0.0578
1165;06-DAPI-1-40x-760ms.tif;NBL;0.0928;0.0928;102.8865;0.8795;9.5451;0.0816
1166;06-DAPI-1-40x-760ms.tif;NBL;0.0826;0.0826;92.3732;0.3824;7.6276;0.0316
1167;06-DAPI-1-40x-760ms.tif;NBL;0.0408;0.0408;81.242;0.5878;3.3146;0.024
1168;06-DAPI-1-40x-760ms.tif;NBL;0.0559;0.0559;68.4136;0.2505;3.823;0.014
1169;06-DAPI-1-40x-760ms.tif;NBL;0.0612;0.0612;89.2571;0.1596;5.4623;0.0098
1170;06-DAPI-1-40x-760ms.tif;NBL;0.061;0.061;67.7527;0.1975;4.1316;0.012
1171;06-DAPI-1-40x-760ms.tif;NBL;0.0755;0.0755;95.8362;0.6997;7.2376;0.0528
1172;06-DAPI-1-40x-760ms.tif;NBL;0.0363;0.0363;96.8776;1.0657;3.5215;0.0387
1173;06-DAPI-1-40x-760ms.tif;NBL;0.046;0.046;105.9623;0.9858;4.875;0.0454
1174;06-DAPI-1-40x-760ms.tif;NBL;0.041;0.041;109.2672;1.2275;4.4817;0.0503
1175;06-DAPI-1-40x-760ms.tif;NBL;0.0696;0.0696;105.9548;0.7301;7.3695;0.0508
1176;06-DAPI-1-40x-760ms.tif;NBL;0.0463;0.0463;110.8923;0.9368;5.1379;0.0434
1177;06-DAPI-1-40x-760ms.tif;NBL;0.0689;0.0689;103.074;1.0535;7.102;0.0726
1178;06-DAPI-1-40x-760ms.tif;NBL;0.059;0.059;104.8401;1.2261;6.1885;0.0724
1179;06-DAPI-1-40x-760ms.tif;NBL;0.0269;0.0269;99.4919;1.2339;2.6773;0.0332
1180;06-DAPI-1-40x-760ms.tif;NBL;0.055;0.055;94.5503;1.142;5.2015;0.0628
1181;06-DAPI-1-40x-760ms.tif;NBL;0.0398;0.0398;101.7875;0.8065;4.0534;0.0321
1182;06-DAPI-1-40x-760ms.tif;NBL;0.0451;0.0451;97.4543;1.2548;4.399;0.0566
1183;06-DAPI-1-40x-760ms.tif;NBL;0.0346;0.0346;92.0658;1.1379;3.1867;0.0394
1184;06-DAPI-1-40x-760ms.tif;NBL;0.053;0.053;98.8689;0.9078;5.2352;0.0481
1185;06-DAPI-1-40x-760ms.tif;NBL;0.0488;0.0488;101.2467;1.2267;4.9437;0.0599
1186;06-DAPI-1-40x-760ms.tif;NBL;0.0312;0.0312;83.3993;1.1632;2.6062;0.0363
1187;06-DAPI-1-40x-760ms.tif;NBL;0.0449;0.0449;97.3043;0.9589;4.3711;0.0431
1188;06-DAPI-1-40x-760ms.tif;NBL;0.0291;0.0291;95.7201;0.8657;2.7835;0.0252
1189;06-DAPI-1-40x-760ms.tif;NBL;0.0522;0.0522;107.8503;1.1663;5.6289;0.0609
1190;06-DAPI-1-40x-760ms.tif;NBL;0.0706;0.0706;105.0952;1.1475;7.4237;0.0811
1191;06-DAPI-1-40x-760ms.tif;NBL;0.0211;0.0211;101.3196;0.8711;2.1328;0.0183
1192;06-DAPI-1-40x-760ms.tif;NBL;0.0505;0.0505;96.628;0.828;4.8754;0.0418
1193;06-DAPI-1-40x-760ms.tif;NBL;0.0613;0.0613;107.1115;0.8319;6.5666;0.051
1194;06-DAPI-1-40x-760ms.tif;NBL;0.0676;0.0676;104.2119;0.4607;7.0447;0.0311
1195;06-DAPI-1-40x-760ms.tif;NBL;0.0649;0.0649;74.2709;0.1054;4.8192;0.0068
1196;06-DAPI-1-40x-760ms.tif;NBL;0.0257;0.0257;95.3502;0.1603;2.452;0.0041
1197;06-DAPI-1-40x-760ms.tif;NBL;0.0567;0.0567;96.6004;0.1013;5.482;0.0058
1198;06-DAPI-1-40x-760ms.tif;NBL;0.0865;0.0865;78.4404;0.5496;6.7835;0.0475
1199;06-DAPI-1-40x-760ms.tif;NBL;0.0753;0.0753;95.7421;0.4669;7.2097;0.0352
1200;06-DAPI-1-40x-760ms.tif;NBL;0.0726;0.0726;73.6831;0.1061;5.3487;0.0077
1201;06-DAPI-1-40x-760ms.tif;NBL;0.1064;0.1064;73.2283;0.21;7.7948;0.0224
1202;06-DAPI-1-40x-760ms.tif;NBL;0.0359;0.0359;96.2779;0.0453;3.4579;0.0016
1203;06-DAPI-1-40x-760ms.tif;NBL;0.0696;0.0696;86.4181;0.092;6.0106;0.0064
1204;06-DAPI-1-40x-760ms.tif;NBL;0.0354;0.0354;85.362;0.1196;3.0195;0.0042
1205;06-DAPI-1-40x-760ms.tif;NBL;0.0663;0.0663;84.8592;0.0491;5.626;0.0033
1206;06-DAPI-1-40x-760ms.tif;NBL;0.0411;0.0411;91.3456;0.0923;3.7565;0.0038
1207;06-DAPI-1-40x-760ms.tif;NBL;0.0246;0.0246;78.5198;0.0837;1.934;0.0021
1208;06-DAPI-1-40x-760ms.tif;NBL;0.0474;0.0474;93.4645;0.2014;4.4319;0.0095
1209;06-DAPI-1-40x-760ms.tif;NBL;0.048;0.048;81.0113;0.2398;3.8853;0.0115
1210;06-DAPI-1-40x-760ms.tif;NBL;0.0564;0.0564;50.7962;0.4404;2.8661;0.0248
1211;06-DAPI-1-40x-760ms.tif;NBL;0.0758;0.0758;82.2246;0.4363;6.2364;0.0331
1212;06-DAPI-1-40x-760ms.tif;NBL;0.0381;0.0381;77.2536;0.3761;2.9423;0.0143
1213;06-DAPI-1-40x-760ms.tif;NBL;0.0738;0.0738;65.7176;0.9603;4.849;0.0709
1214;06-DAPI-1-40x-760ms.tif;NBL;0.0386;0.0386;112.0646;0.9298;4.3289;0.0359
1215;06-DAPI-1-40x-760ms.tif;NBL;0.0263;0.0263;101.2603;0.8388;2.659;0.022
1216;06-DAPI-1-40x-760ms.tif;NBL;0.0532;0.0532;62.7878;0.3429;3.3383;0.0182
1217;06-DAPI-1-40x-760ms.tif;NBL;0.0311;0.0311;104.4564;1.0174;3.2529;0.0317
1218;06-DAPI-1-40x-760ms.tif;NBL;0.0468;0.0468;90.2111;1.0232;4.2189;0.0479
1219;06-DAPI-1-40x-760ms.tif;NBL;0.1045;0.1045;87.2731;1.2461;9.1194;0.1302
1220;07-DAPI-1-40x-760ms.tif;NBL;0.0416;0.0416;105.5875;0.483;4.388;0.0201
1221;07-DAPI-1-40x-760ms.tif;NBL;0.078;0.078;96.1822;0.4437;7.5038;0.0346
1222;07-DAPI-1-40x-760ms.tif;NBL;0.0866;0.0866;91.312;0.4637;7.9066;0.0401
1223;07-DAPI-1-40x-760ms.tif;NBL;0.0449;0.0449;105.1159;0.6159;4.722;0.0277
1224;07-DAPI-1-40x-760ms.tif;NBL;0.0482;0.0482;90.0338;0.7117;4.3376;0.0343
1225;07-DAPI-1-40x-760ms.tif;NBL;0.0582;0.0582;111.6735;0.7966;6.4949;0.0463
1226;07-DAPI-1-40x-760ms.tif;NBL;0.0635;0.0635;108.0957;0.6393;6.8615;0.0406
1227;07-DAPI-1-40x-760ms.tif;NBL;0.028;0.028;108.9806;0.7326;3.0509;0.0205
1228;07-DAPI-1-40x-760ms.tif;NBL;0.0513;0.0513;98.4397;0.4799;5.0523;0.0246
1229;07-DAPI-1-40x-760ms.tif;NBL;0.054;0.054;111.1606;0.6426;6.0067;0.0347
1230;07-DAPI-1-40x-760ms.tif;NBL;0.0559;0.0559;109.1903;0.6583;6.1017;0.0368
1231;07-DAPI-1-40x-760ms.tif;NBL;0.0403;0.0403;102.097;0.593;4.11;0.0239
1232;07-DAPI-1-40x-760ms.tif;NBL;0.0355;0.0355;112.3425;0.7003;3.9861;0.0248
1233;07-DAPI-1-40x-760ms.tif;NBL;0.0372;0.0372;111.5394;0.7085;4.1513;0.0264
1234;07-DAPI-1-40x-760ms.tif;NBL;0.0496;0.0496;111.0284;1.0569;5.5056;0.0524
1235;07-DAPI-1-40x-760ms.tif;NBL;0.0371;0.0371;105.1053;0.807;3.9004;0.0299
1236;07-DAPI-1-40x-760ms.tif;NBL;0.0384;0.0384;113.7684;0.7203;4.37;0.0277
1237;07-DAPI-1-40x-760ms.tif;NBL;0.0516;0.0516;113.3151;0.8529;5.8526;0.0441
1238;07-DAPI-1-40x-760ms.tif;NBL;0.0377;0.0377;119.3977;1.5735;4.4956;0.0592
1239;07-DAPI-1-40x-760ms.tif;NBL;0.0467;0.0467;111.7209;1.1256;5.2127;0.0525
1240;07-DAPI-1-40x-760ms.tif;NBL;0.0481;0.0481;112.6253;0.8014;5.4137;0.0385
1241;07-DAPI-1-40x-760ms.tif;NBL;0.04;0.04;64.2818;1.0244;2.5738;0.041
1242;07-DAPI-1-40x-760ms.tif;NBL;0.0664;0.0664;114.652;1.1732;7.6136;0.0779
1243;07-DAPI-1-40x-760ms.tif;NBL;0.0472;0.0472;114.023;0.7931;5.3819;0.0374
1244;07-DAPI-1-40x-760ms.tif;NBL;0.075;0.075;115.3126;0.6281;8.6459;0.0471
1245;07-DAPI-1-40x-760ms.tif;NBL;0.0482;0.0482;95.4324;0.973;4.5977;0.0469
1246;07-DAPI-1-40x-760ms.tif;NBL;0.0589;0.0589;115.4936;1.2523;6.8048;0.0738
1247;07-DAPI-1-40x-760ms.tif;NBL;0.0939;0.0939;115.7931;1.2046;10.8682;0.1131
1248;07-DAPI-1-40x-760ms.tif;NBL;0.0694;0.0694;110.4016;1.0234;7.6668;0.0711
1249;07-DAPI-1-40x-760ms.tif;NBL;0.0642;0.0642;109.1605;1.1233;7.012;0.0722
1250;07-DAPI-1-40x-760ms.tif;NBL;0.0502;0.0502;115.2549;1.1382;5.7903;0.0572
1251;07-DAPI-1-40x-760ms.tif;NBL;0.0613;0.0613;119.4265;1.2513;7.3216;0.0767
1252;07-DAPI-1-40x-760ms.tif;NBL;0.0426;0.0426;97.9466;1.4046;4.1768;0.0599
1253;07-DAPI-1-40x-760ms.tif;NBL;0.0535;0.0535;115.8641;1.3286;6.198;0.0711
1254;07-DAPI-1-40x-760ms.tif;NBL;0.051;0.051;92.1319;1.4787;4.6986;0.0754
1255;07-DAPI-1-40x-760ms.tif;NBL;0.0561;0.0561;83.3385;1.4371;4.6751;0.0806
1256;07-DAPI-1-40x-760ms.tif;NBL;0.0375;0.0375;100.4249;1.0347;3.7703;0.0388
1257;07-DAPI-1-40x-760ms.tif;NBL;0.0599;0.0599;108.9982;1.2065;6.5285;0.0723
1258;07-DAPI-1-40x-760ms.tif;NBL;0.0864;0.0864;102.201;1.3342;8.8273;0.1152
1259;07-DAPI-1-40x-760ms.tif;NBL;0.0787;0.0787;110.9407;1.0234;8.7274;0.0805
1260;07-DAPI-1-40x-760ms.tif;NBL;0.0321;0.0321;105.7838;0.7939;3.3976;0.0255
1261;07-DAPI-1-40x-760ms.tif;NBL;0.0552;0.0552;94.0747;1.2063;5.1957;0.0666
1262;07-DAPI-1-40x-760ms.tif;NBL;0.063;0.063;83.0654;1.0809;5.2367;0.0681
1263;07-DAPI-1-40x-760ms.tif;NBL;0.0329;0.0329;88.132;0.67;2.8976;0.022
1264;07-DAPI-1-40x-760ms.tif;NBL;0.053;0.053;77.877;0.9611;4.1237;0.0509
1265;07-DAPI-1-40x-760ms.tif;NBL;0.0387;0.0387;69.2745;0.591;2.6835;0.0229
1266;07-DAPI-1-40x-760ms.tif;NBL;0.0595;0.0595;103.0365;1.4745;6.1267;0.0877
1267;07-DAPI-1-40x-760ms.tif;NBL;0.0728;0.0728;109.6528;1.4262;7.9836;0.1038
1268;07-DAPI-1-40x-760ms.tif;NBL;0.0582;0.0582;101.5933;1.2519;5.9086;0.0728
1269;07-DAPI-1-40x-760ms.tif;NBL;0.0387;0.0387;106.5966;1.1261;4.1292;0.0436
1270;07-DAPI-1-40x-760ms.tif;NBL;0.0842;0.0842;101.6186;1.2822;8.5564;0.108
1271;07-DAPI-1-40x-760ms.tif;NBL;0.0809;0.0809;106.6314;1.3391;8.6314;0.1084
1272;07-DAPI-1-40x-760ms.tif;NBL;0.0553;0.0553;95.9569;1.3745;5.3101;0.0761
1273;07-DAPI-1-40x-760ms.tif;NBL;0.0583;0.0583;111.3538;1.3687;6.4884;0.0798
1274;07-DAPI-1-40x-760ms.tif;NBL;0.0492;0.0492;93.1457;1.3289;4.5785;0.0653
1275;07-DAPI-1-40x-760ms.tif;NBL;0.0248;0.0248;78.2795;1.0961;1.9451;0.0272
1276;07-DAPI-1-40x-760ms.tif;NBL;0.0535;0.0535;105.2454;1.2677;5.63;0.0678
1277;07-DAPI-1-40x-760ms.tif;NBL;0.0457;0.0457;108.5843;1.1948;4.9603;0.0546
1278;07-DAPI-1-40x-760ms.tif;NBL;0.0587;0.0587;107.9852;1.3068;6.339;0.0767
1279;07-DAPI-1-40x-760ms.tif;NBL;0.0532;0.0532;102.549;1.4429;5.4524;0.0767
1280;07-DAPI-1-40x-760ms.tif;NBL;0.0978;0.0978;104.4539;1.3341;10.2119;0.1304
1281;07-DAPI-1-40x-760ms.tif;NBL;0.0572;0.0572;99.6509;1.3567;5.6984;0.0776
1282;07-DAPI-1-40x-760ms.tif;NBL;0.059;0.059;107.4706;1.125;6.3437;0.0664
1283;07-DAPI-1-40x-760ms.tif;NBL;0.0773;0.0773;117.5758;1.2472;9.0836;0.0964
1284;07-DAPI-1-40x-760ms.tif;NBL;0.0713;0.0713;113.6377;1.0837;8.1011;0.0773
1285;07-DAPI-1-40x-760ms.tif;NBL;0.0815;0.0815;112.233;1.0666;9.1457;0.0869
1286;07-DAPI-1-40x-760ms.tif;NBL;0.0685;0.0685;99.0127;0.7892;6.7792;0.054
1287;07-DAPI-1-40x-760ms.tif;NBL;0.0659;0.0659;87.8468;1.3213;5.7859;0.087
1288;07-DAPI-1-40x-760ms.tif;NBL;0.0355;0.0355;100.5107;2.4771;3.5663;0.0879
1289;07-DAPI-1-40x-760ms.tif;NBL;0.0497;0.0497;108.7904;1.0786;5.4065;0.0536
1290;07-DAPI-1-40x-760ms.tif;NBL;0.0419;0.0419;94.3238;0.9715;3.9506;0.0407
1291;07-DAPI-1-40x-760ms.tif;NBL;0.0532;0.0532;103.1265;0.7714;5.4831;0.041
1292;07-DAPI-1-40x-760ms.tif;NBL;0.0768;0.0768;70.7613;1.5141;5.4361;0.1163
1293;07-DAPI-1-40x-760ms.tif;NBL;0.073;0.073;91.2392;0.5305;6.6628;0.0387
1294;07-DAPI-1-40x-760ms.tif;NBL;0.0642;0.0642;100.1233;1.0693;6.4315;0.0687
1295;07-DAPI-1-40x-760ms.tif;NBL;0.0677;0.0677;93.8253;0.5032;6.3528;0.0341
1296;07-DAPI-1-40x-760ms.tif;NBL;0.0665;0.0665;113.1338;0.6998;7.5251;0.0465
1297;07-DAPI-1-40x-760ms.tif;NBL;0.0438;0.0438;92.5322;0.8886;4.0563;0.039
1298;07-DAPI-1-40x-760ms.tif;NBL;0.0614;0.0614;105.8887;1.2173;6.5031;0.0748
1299;07-DAPI-1-40x-760ms.tif;NBL;0.0811;0.0811;114.4418;1.2517;9.276;0.1015
1300;07-DAPI-1-40x-760ms.tif;NBL;0.0604;0.0604;112.9838;1.2244;6.8286;0.074
1301;07-DAPI-1-40x-760ms.tif;NBL;0.0716;0.0716;111.6076;1.5545;7.9927;0.1113
1302;07-DAPI-1-40x-760ms.tif;NBL;0.0558;0.0558;107.0428;1.4669;5.9701;0.0818
1303;07-DAPI-1-40x-760ms.tif;NBL;0.0436;0.0436;107.8557;1.301;4.7046;0.0567
1304;07-DAPI-1-40x-760ms.tif;NBL;0.0332;0.0332;103.7124;1.366;3.4436;0.0454
1305;07-DAPI-1-40x-760ms.tif;NBL;0.0404;0.0404;102.121;1.4435;4.1221;0.0583
1306;07-DAPI-1-40x-760ms.tif;NBL;0.0329;0.0329;98.6337;0.9835;3.2428;0.0323
1307;07-DAPI-1-40x-760ms.tif;NBL;0.0341;0.0341;101.2803;1.0955;3.4507;0.0373
1308;07-DAPI-1-40x-760ms.tif;NBL;0.0571;0.0571;96.6806;1.2053;5.518;0.0688
1309;07-DAPI-1-40x-760ms.tif;NBL;0.0602;0.0602;101.836;1.4631;6.1327;0.0881
1310;07-DAPI-1-40x-760ms.tif;NBL;0.0735;0.0735;105.1802;1.1787;7.7265;0.0866
1311;07-DAPI-1-40x-760ms.tif;NBL;0.0757;0.0757;111.9585;1.0573;8.4795;0.0801
1312;07-DAPI-1-40x-760ms.tif;NBL;0.0445;0.0445;114.3073;1.3171;5.0853;0.0586
1313;07-DAPI-1-40x-760ms.tif;NBL;0.0814;0.0814;105.34;1.128;8.5726;0.0918
1314;07-DAPI-1-40x-760ms.tif;NBL;0.0659;0.0659;108.6557;1.3756;7.1565;0.0906
1315;07-DAPI-1-40x-760ms.tif;NBL;0.0366;0.0366;105.3412;1.3412;3.852;0.049
1316;07-DAPI-1-40x-760ms.tif;NBL;0.04;0.04;81.393;0.7805;3.2589;0.0312
1317;07-DAPI-1-40x-760ms.tif;NBL;0.0679;0.0679;99.5719;0.8291;6.7635;0.0563
1318;07-DAPI-1-40x-760ms.tif;NBL;0.0957;0.0957;79.4626;0.466;7.6048;0.0446
1319;07-DAPI-1-40x-760ms.tif;NBL;0.0554;0.0554;109.0665;1.1487;6.0474;0.0637
1320;07-DAPI-1-40x-760ms.tif;NBL;0.0507;0.0507;108.6424;1.0964;5.5052;0.0556
1321;07-DAPI-1-40x-760ms.tif;NBL;0.0704;0.0704;119.5655;0.8721;8.4199;0.0614
1322;07-DAPI-1-40x-760ms.tif;NBL;0.0641;0.0641;72.3587;1.1134;4.6402;0.0714
1323;07-DAPI-1-40x-760ms.tif;NBL;0.085;0.085;76.5287;0.7599;6.502;0.0646
1324;07-DAPI-1-40x-760ms.tif;NBL;0.0892;0.0892;105.6119;1.0353;9.4198;0.0923
1325;07-DAPI-1-40x-760ms.tif;NBL;0.076;0.076;77.6457;0.5657;5.8976;0.043
1326;07-DAPI-1-40x-760ms.tif;NBL;0.0501;0.0501;118.7381;0.974;5.9524;0.0488
1327;07-DAPI-1-40x-760ms.tif;NBL;0.073;0.073;107.0015;0.3566;7.8138;0.026
1328;07-DAPI-1-40x-760ms.tif;NBL;0.0521;0.0521;113.1438;0.4312;5.8929;0.0225
1329;07-DAPI-1-40x-760ms.tif;NBL;0.0551;0.0551;108.1929;0.6378;5.9638;0.0352
1330;07-DAPI-1-40x-760ms.tif;NBL;0.0528;0.0528;96.9856;0.6817;5.125;0.036
1331;07-DAPI-1-40x-760ms.tif;NBL;0.0616;0.0616;99.7113;0.2077;6.1454;0.0128
1332;07-DAPI-1-40x-760ms.tif;NBL;0.0907;0.0907;83.5455;0.1579;7.5786;0.0143
1333;07-DAPI-1-40x-760ms.tif;NBL;0.0739;0.0739;93.3465;0.2907;6.8977;0.0215
1334;07-DAPI-1-40x-760ms.tif;NBL;0.0654;0.0654;91.0033;0.262;5.9543;0.0171
1335;07-DAPI-1-40x-760ms.tif;NBL;0.0818;0.0818;86.2109;0.13;7.0533;0.0106
1336;07-DAPI-1-40x-760ms.tif;NBL;0.0786;0.0786;83.0014;0.2472;6.5205;0.0194
1337;07-DAPI-1-40x-760ms.tif;NBL;0.0647;0.0647;106.0117;0.4782;6.8558;0.0309
1338;07-DAPI-1-40x-760ms.tif;NBL;0.0377;0.0377;68.8329;1.1009;2.5917;0.0414
1339;07-DAPI-1-40x-760ms.tif;NBL;0.0418;0.0418;101.1896;1.1636;4.2272;0.0486
1340;07-DAPI-1-40x-760ms.tif;NBL;0.0583;0.0583;111.8343;1.5326;6.5164;0.0893
1341;07-DAPI-1-40x-760ms.tif;NBL;0.0741;0.0741;77.7936;1.0029;5.7653;0.0743
1342;07-DAPI-1-40x-760ms.tif;NBL;0.0471;0.0471;118.2558;1.1659;5.5689;0.0549
1343;07-DAPI-1-40x-760ms.tif;NBL;0.0426;0.0426;112.598;1.341;4.8015;0.0572
1344;07-DAPI-1-40x-760ms.tif;NBL;0.0327;0.0327;94.505;0.7641;3.0866;0.025
1345;07-DAPI-1-40x-760ms.tif;NBL;0.0438;0.0438;100.9282;0.9827;4.4244;0.0431
1346;07-DAPI-1-40x-760ms.tif;NBL;0.0426;0.0426;87.598;0.5064;3.7355;0.0216
1347;07-DAPI-1-40x-760ms.tif;NBL;0.0347;0.0347;110.525;0.6469;3.8377;0.0225
1348;07-DAPI-1-40x-760ms.tif;NBL;0.0406;0.0406;77.5882;0.7112;3.1487;0.0289
1349;07-DAPI-1-40x-760ms.tif;NBL;0.0578;0.0578;83.3884;0.7186;4.8227;0.0416
1350;07-DAPI-1-40x-760ms.tif;NBL;0.0656;0.0656;79.3488;0.324;5.209;0.0213
1351;07-DAPI-1-40x-760ms.tif;NBL;0.0671;0.0671;76.0793;0.1117;5.1017;0.0075
1352;07-DAPI-1-40x-760ms.tif;NBL;0.0674;0.0674;62.6135;0.0628;4.2191;0.0042
1353;07-DAPI-1-40x-760ms.tif;NBL;0.0602;0.0602;53.9459;0.0595;3.2487;0.0036
1354;07-DAPI-1-40x-760ms.tif;NBL;0.0661;0.0661;73.8194;0.023;4.878;0.0015
1355;07-DAPI-1-40x-760ms.tif;NBL;0.0405;0.0405;70.0268;0.0161;2.8342;0.0007
1356;07-DAPI-1-40x-760ms.tif;NBL;0.0343;0.0343;85.057;0.0918;2.9164;0.0031
1357;07-DAPI-1-40x-760ms.tif;NBL;0.0765;0.0765;96.5135;0.0638;7.383;0.0049
1358;07-DAPI-1-40x-760ms.tif;NBL;0.0525;0.0525;80.6591;0.0847;4.236;0.0044
1359;07-DAPI-1-40x-760ms.tif;NBL;0.0621;0.0621;70.9755;0.4266;4.4052;0.0265
1360;07-DAPI-1-40x-760ms.tif;NBL;0.0651;0.0651;92.25;0.4267;6.0059;0.0278
1361;07-DAPI-1-40x-760ms.tif;NBL;0.0626;0.0626;81.2132;1.1872;5.0846;0.0743
1362;07-DAPI-1-40x-760ms.tif;NBL;0.0558;0.0558;97.7101;0.965;5.4495;0.0538
1363;07-DAPI-1-40x-760ms.tif;NBL;0.0735;0.0735;71.8597;1.2984;5.2788;0.0954
1364;07-DAPI-1-40x-760ms.tif;NBL;0.0299;0.0299;73.3841;0.5761;2.1977;0.0173
1365;07-DAPI-1-40x-760ms.tif;NBL;0.0251;0.0251;114.8052;0.7446;2.8776;0.0187
1366;07-DAPI-1-40x-760ms.tif;NBL;0.0469;0.0469;94.0278;0.669;4.4076;0.0314
1367;07-DAPI-1-40x-760ms.tif;NBL;0.0387;0.0387;97.5882;0.8011;3.7803;0.031
1368;07-DAPI-1-40x-760ms.tif;NBL;0.0471;0.0471;103.7811;0.2258;4.8873;0.0106
1369;07-DAPI-1-40x-760ms.tif;NBL;0.0278;0.0278;87.1328;0.5312;2.4204;0.0148
1370;07-DAPI-1-40x-760ms.tif;NBL;0.0441;0.0441;99.6897;0.6281;4.3917;0.0277
1371;07-DAPI-1-40x-760ms.tif;NBL;0.0597;0.0597;83.9127;0.9418;5.0078;0.0562
1372;07-DAPI-1-40x-760ms.tif;NBL;0.0485;0.0485;106.8501;1.1678;5.1825;0.0566
1373;07-DAPI-1-40x-760ms.tif;NBL;0.0487;0.0487;76.4543;1.3408;3.7248;0.0653
1374;07-DAPI-1-40x-760ms.tif;NBL;0.0252;0.0252;88.5948;1.1336;2.2303;0.0285
1375;07-DAPI-1-40x-760ms.tif;NBL;0.0562;0.0562;103.8668;1.2104;5.838;0.068
1376;07-DAPI-1-40x-760ms.tif;NBL;0.0615;0.0615;102.739;1.4533;6.3209;0.0894
1377;07-DAPI-1-40x-760ms.tif;NBL;0.0204;0.0204;113.5479;0.9574;2.3163;0.0195
1378;07-DAPI-1-40x-760ms.tif;NBL;0.0653;0.0653;98.711;1.2193;6.4479;0.0796
1379;07-DAPI-1-40x-760ms.tif;NBL;0.0299;0.0299;75.8877;0.5761;2.2727;0.0173
1380;07-DAPI-1-40x-760ms.tif;NBL;0.0719;0.0719;107.1991;0.9698;7.7119;0.0698
1381;07-DAPI-1-40x-760ms.tif;NBL;0.0586;0.0586;111.7963;1.3278;6.5506;0.0778
1382;07-DAPI-1-40x-760ms.tif;NBL;0.0358;0.0358;103.4152;1.0182;3.703;0.0365
1383;07-DAPI-1-40x-760ms.tif;NBL;0.0616;0.0616;102.7042;1.0282;6.3299;0.0634
1384;07-DAPI-1-40x-760ms.tif;NBL;0.0511;0.0511;94.8471;0.2081;4.8473;0.0106
1385;07-DAPI-1-40x-760ms.tif;NBL;0.0233;0.0233;101.9814;0.2326;2.3791;0.0054
1386;07-DAPI-1-40x-760ms.tif;NBL;0.0547;0.0547;93.8611;0.1052;5.133;0.0058
1387;07-DAPI-1-40x-760ms.tif;NBL;0.0706;0.0706;107.8264;1.49;7.6166;0.1053
1388;07-DAPI-1-40x-760ms.tif;NBL;0.029;0.029;107.4944;0.7903;3.1143;0.0229
1389;07-DAPI-1-40x-760ms.tif;NBL;0.0428;0.0428;101.4873;0.9391;4.3388;0.0401
1390;07-DAPI-1-40x-760ms.tif;NBL;0.0411;0.0411;106.8839;1.095;4.3955;0.045
1391;07-DAPI-1-40x-760ms.tif;NBL;0.0603;0.0603;99.9982;1.0576;6.0329;0.0638
1392;07-DAPI-1-40x-760ms.tif;NBL;0.0451;0.0451;55.1394;0.7332;2.4889;0.0331
1393;07-DAPI-1-40x-760ms.tif;NBL;0.0406;0.0406;69.1417;0.9786;2.8059;0.0397
1394;07-DAPI-1-40x-760ms.tif;NBL;0.0239;0.0239;112.1227;0.4545;2.6765;0.0109
1395;07-DAPI-1-40x-760ms.tif;NBL;0.0276;0.0276;75.5827;0.9724;2.0831;0.0268
1396;07-DAPI-1-40x-760ms.tif;NBL;0.0354;0.0354;80.5552;0.6687;2.8495;0.0237
1397;07-DAPI-1-40x-760ms.tif;NBL;0.022;0.022;116.3596;1.069;2.563;0.0235
1398;07-DAPI-1-40x-760ms.tif;NBL;0.0669;0.0669;82.7358;0.2447;5.5391;0.0164
1399;07-DAPI-1-40x-760ms.tif;NBL;0.0464;0.0464;66.3037;0.8692;3.0792;0.0404
1400;07-DAPI-1-40x-760ms.tif;NBL;0.0623;0.0623;107.3502;1.4443;6.6861;0.09
1401;07-DAPI-1-40x-760ms.tif;NBL;0.0552;0.0552;101.0373;1.3929;5.5803;0.0769
1402;07-DAPI-1-40x-760ms.tif;NBL;0.0747;0.0747;101.6817;1.2515;7.5908;0.0934
1403;07-DAPI-1-40x-760ms.tif;NBL;0.1171;0.1171;95.9166;1.5153;11.2298;0.1774
1404;07-DAPI-1-40x-760ms.tif;NBL;0.0483;0.0483;105.427;1.3393;5.0906;0.0647
1405;07-DAPI-1-40x-760ms.tif;NBL;0.0368;0.0368;100.2537;0.6608;3.6877;0.0243
1406;07-DAPI-1-40x-760ms.tif;NBL;0.1145;0.1145;111.6047;0.4863;12.7759;0.0557
1407;07-DAPI-1-40x-760ms.tif;NBL;0.0839;0.0839;110.5291;0.7387;9.2707;0.062
1408;07-DAPI-1-40x-760ms.tif;NBL;0.0381;0.0381;94.5641;0.4729;3.6016;0.018
1409;07-DAPI-1-40x-760ms.tif;NBL;0.0854;0.0854;88.8551;0.3062;7.5878;0.0262
1410;07-DAPI-1-40x-760ms.tif;NBL;0.0751;0.0751;90.9104;0.3916;6.8262;0.0294
1411;07-DAPI-1-40x-760ms.tif;NBL;0.0343;0.0343;83.9937;0.6076;2.88;0.0208
1412;07-DAPI-1-40x-760ms.tif;NBL;0.0381;0.0381;105.5698;0.9231;4.0207;0.0352
1413;07-DAPI-1-40x-760ms.tif;NBL;0.0377;0.0377;77.3804;0.6081;2.9135;0.0229
1414;07-DAPI-1-40x-760ms.tif;NBL;0.0603;0.0603;89.2878;0.741;5.3867;0.0447
1415;07-DAPI-1-40x-760ms.tif;NBL;0.0778;0.0778;93.1785;1.0404;7.2492;0.0809
1416;07-DAPI-1-40x-760ms.tif;NBL;0.0196;0.0196;100.7459;0.6906;1.9786;0.0136
1417;07-DAPI-1-40x-760ms.tif;NBL;0.042;0.042;58.1008;0.7209;2.4398;0.0303
1418;07-DAPI-1-40x-760ms.tif;NBL;0.0332;0.0332;58.6536;0.7647;1.9475;0.0254
1419;07-DAPI-1-40x-760ms.tif;NBL;0.064;0.064;64.1932;0.0492;4.1096;0.0031
1420;07-DAPI-1-40x-760ms.tif;NBL;0.0841;0.0841;74.3806;0.0142;6.2549;0.0012
1421;07-DAPI-1-40x-760ms.tif;NBL;0.0452;0.0452;83.5012;0.06;3.7782;0.0027
1422;07-DAPI-1-40x-760ms.tif;NBL;0.0363;0.0363;78.3373;0.0448;2.8475;0.0016
1423;07-DAPI-1-40x-760ms.tif;NBL;0.0877;0.0877;56.1423;0.1671;4.9222;0.0146
1424;07-DAPI-1-40x-760ms.tif;NBL;0.0331;0.0331;70.3803;0.4754;2.3292;0.0157
1425;07-DAPI-1-40x-760ms.tif;NBL;0.0474;0.0474;105.1327;1.1259;4.9851;0.0534
1426;07-DAPI-1-40x-760ms.tif;NBL;0.0202;0.0202;96.1935;1.371;1.9414;0.0277
1427;07-DAPI-1-40x-760ms.tif;NBL;0.0279;0.0279;97.7432;1.4786;2.7257;0.0412
1428;07-DAPI-1-40x-760ms.tif;NBL;0.0587;0.0587;97.1349;1.3993;5.702;0.0821
1429;07-DAPI-1-40x-760ms.tif;NBL;0.0265;0.0265;99.1516;1.291;2.6251;0.0342
1430;07-DAPI-1-40x-760ms.tif;NBL;0.0385;0.0385;110.2451;0.4479;4.2466;0.0173
1431;07-DAPI-1-40x-760ms.tif;NBL;0.0547;0.0547;73.8313;1.3373;4.0377;0.0731
1432;07-DAPI-1-40x-760ms.tif;NBL;0.032;0.032;87.5153;1.1763;2.8013;0.0377
1433;07-DAPI-1-40x-760ms.tif;NBL;0.0664;0.0664;65.0245;0.8905;4.318;0.0591
1434;07-DAPI-1-40x-760ms.tif;NBL;0.04;0.04;57.8916;0.3523;2.3179;0.0141
1435;07-DAPI-1-40x-760ms.tif;NBL;0.0812;0.0812;79.9572;0.5227;6.4896;0.0424
1436;07-DAPI-1-40x-760ms.tif;NBL;0.0621;0.0621;107.8531;1.1888;6.694;0.0738
1437;07-DAPI-1-40x-760ms.tif;NBL;0.0378;0.0378;111.2126;0.7184;4.1994;0.0271
1438;07-DAPI-1-40x-760ms.tif;NBL;0.0326;0.0326;94.03;0.7967;3.0609;0.0259
1439;07-DAPI-1-40x-760ms.tif;NBL;0.047;0.047;94.3557;0.6928;4.4332;0.0326
1440;07-DAPI-1-40x-760ms.tif;NBL;0.0503;0.0503;97.5237;0.4353;4.91;0.0219
1441;07-DAPI-1-40x-760ms.tif;NBL;0.0293;0.0293;88.6963;0.9111;2.5985;0.0267
1442;09-DAPI-1-40x-760ms.tif;NBL;0.0515;0.0515;109.2084;1.1137;5.6287;0.0574
1443;09-DAPI-1-40x-760ms.tif;NBL;0.0339;0.0339;115.7692;1.641;3.9193;0.0556
1444;09-DAPI-1-40x-760ms.tif;NBL;0.0406;0.0406;116.1364;0.9626;4.713;0.0391
1445;09-DAPI-1-40x-760ms.tif;NBL;0.0377;0.0377;107.7233;1.3256;4.056;0.0499
1446;09-DAPI-1-40x-760ms.tif;NBL;0.0613;0.0613;109.7646;1.1239;6.7293;0.0689
1447;09-DAPI-1-40x-760ms.tif;NBL;0.0611;0.0611;107.5648;1.1954;6.5711;0.073
1448;09-DAPI-1-40x-760ms.tif;NBL;0.0641;0.0641;104.5533;1.1591;6.7048;0.0743
1449;09-DAPI-1-40x-760ms.tif;NBL;0.0418;0.0418;109.0935;1.0597;4.5574;0.0443
1450;09-DAPI-1-40x-760ms.tif;NBL;0.0165;0.0165;104.3553;1.0132;1.7211;0.0167
1451;09-DAPI-1-40x-760ms.tif;NBL;0.0324;0.0324;102.6321;0.7258;3.3298;0.0235
1452;09-DAPI-1-40x-760ms.tif;NBL;0.0692;0.0692;111.9107;0.6301;7.7473;0.0436
1453;09-DAPI-1-40x-760ms.tif;NBL;0.06;0.06;96.3201;0.575;5.7796;0.0345
1454;09-DAPI-1-40x-760ms.tif;NBL;0.0714;0.0714;94.8647;0.5669;6.7731;0.0405
1455;09-DAPI-1-40x-760ms.tif;NBL;0.0853;0.0853;112.883;0.6908;9.6274;0.0589
1456;09-DAPI-1-40x-760ms.tif;NBL;0.1144;0.1144;77.9393;0.6983;8.9136;0.0799
1457;09-DAPI-1-40x-760ms.tif;NBL;0.0653;0.0653;83.9934;0.4452;5.4865;0.0291
1458;09-DAPI-1-40x-760ms.tif;NBL;0.0728;0.0728;100.8927;0.4516;7.3458;0.0329
1459;09-DAPI-1-40x-760ms.tif;NBL;0.0202;0.0202;121.7957;0.8065;2.4581;0.0163
1460;09-DAPI-1-40x-760ms.tif;NBL;0.0472;0.0472;110.5218;0.8943;5.2167;0.0422
1461;09-DAPI-1-40x-760ms.tif;NBL;0.0481;0.0481;121.0745;0.9074;5.8199;0.0436
1462;09-DAPI-1-40x-760ms.tif;NBL;0.0651;0.0651;122.22;1.0717;7.957;0.0698
1463;09-DAPI-1-40x-760ms.tif;NBL;0.0561;0.0561;110.9033;1.1122;6.2215;0.0624
1464;09-DAPI-1-40x-760ms.tif;NBL;0.051;0.051;101.3383;0.8532;5.1681;0.0435
1465;09-DAPI-1-40x-760ms.tif;NBL;0.0589;0.0589;108.8361;1.5064;6.4125;0.0888
1466;09-DAPI-1-40x-760ms.tif;NBL;0.0436;0.0436;78.7413;1.6542;3.4347;0.0722
1467;09-DAPI-1-40x-760ms.tif;NBL;0.0637;0.0637;96.7836;0.8092;6.1645;0.0515
1468;09-DAPI-1-40x-760ms.tif;NBL;0.0512;0.0512;108.2945;1.3008;5.5463;0.0666
1469;09-DAPI-1-40x-760ms.tif;NBL;0.0628;0.0628;115.2902;0.9672;7.2432;0.0608
1470;09-DAPI-1-40x-760ms.tif;NBL;0.0393;0.0393;117.6243;0.9448;4.6202;0.0371
1471;09-DAPI-1-40x-760ms.tif;NBL;0.0622;0.0622;114.9913;0.6789;7.1495;0.0422
1472;09-DAPI-1-40x-760ms.tif;NBL;0.0998;0.0998;75.4685;0.7674;7.5337;0.0766
1473;09-DAPI-1-40x-760ms.tif;NBL;0.0567;0.0567;102.5392;0.6176;5.819;0.035
1474;09-DAPI-1-40x-760ms.tif;NBL;0.1057;0.1057;68.1828;0.5606;7.2059;0.0592
1475;09-DAPI-1-40x-760ms.tif;NBL;0.0739;0.0739;107.8811;0.8135;7.9717;0.0601
1476;09-DAPI-1-40x-760ms.tif;NBL;0.0489;0.0489;114.3659;1.1796;5.5967;0.0577
1477;09-DAPI-1-40x-760ms.tif;NBL;0.0613;0.0613;103.1504;0.9788;6.3238;0.06
1478;09-DAPI-1-40x-760ms.tif;NBL;0.0543;0.0543;111.712;1.354;6.0608;0.0735
1479;09-DAPI-1-40x-760ms.tif;NBL;0.0398;0.0398;110.1662;1.0654;4.387;0.0424
1480;09-DAPI-1-40x-760ms.tif;NBL;0.0647;0.0647;110.5336;1.1812;7.1482;0.0764
1481;09-DAPI-1-40x-760ms.tif;NBL;0.0368;0.0368;107.7817;0.9558;3.9646;0.0352
1482;09-DAPI-1-40x-760ms.tif;NBL;0.0477;0.0477;105.7091;1.2455;5.0469;0.0595
1483;09-DAPI-1-40x-760ms.tif;NBL;0.0501;0.0501;99.9048;1.0043;5.0082;0.0503
1484;09-DAPI-1-40x-760ms.tif;NBL;0.0477;0.0477;103.8886;1.3795;4.96;0.0659
1485;09-DAPI-1-40x-760ms.tif;NBL;0.0476;0.0476;103.7039;1.2141;4.9399;0.0578
1486;09-DAPI-1-40x-760ms.tif;NBL;0.0431;0.0431;106.2519;0.9698;4.577;0.0418
1487;09-DAPI-1-40x-760ms.tif;NBL;0.0666;0.0666;104.7068;0.7866;6.9759;0.0524
1488;09-DAPI-1-40x-760ms.tif;NBL;0.0437;0.0437;111.1141;0.8337;4.8588;0.0365
1489;09-DAPI-1-40x-760ms.tif;NBL;0.0476;0.0476;111.7927;1.2506;5.3252;0.0596
1490;09-DAPI-1-40x-760ms.tif;NBL;0.0423;0.0423;102.5385;1.2487;4.3392;0.0528
1491;09-DAPI-1-40x-760ms.tif;NBL;0.042;0.042;117.4264;0.9354;4.931;0.0393
1492;09-DAPI-1-40x-760ms.tif;NBL;0.0662;0.0662;110.5803;0.8426;7.3192;0.0558
1493;09-DAPI-1-40x-760ms.tif;NBL;0.0681;0.0681;114.0398;0.7293;7.7709;0.0497
1494;09-DAPI-1-40x-760ms.tif;NBL;0.0579;0.0579;115.3951;1.2154;6.6863;0.0704
1495;09-DAPI-1-40x-760ms.tif;NBL;0.0413;0.0413;110.7769;1.0892;4.5796;0.045
1496;09-DAPI-1-40x-760ms.tif;NBL;0.0658;0.0658;114.8927;1.1931;7.5548;0.0785
1497;09-DAPI-1-40x-760ms.tif;NBL;0.0394;0.0394;116.6915;0.8815;4.5962;0.0347
1498;09-DAPI-1-40x-760ms.tif;NBL;0.06;0.06;111.1067;0.6528;6.6669;0.0392
1499;09-DAPI-1-40x-760ms.tif;NBL;0.0873;0.0873;100.9925;1.118;8.8215;0.0977
1500;09-DAPI-1-40x-760ms.tif;NBL;0.0457;0.0457;105.4157;0.7055;4.8155;0.0322
1501;09-DAPI-1-40x-760ms.tif;NBL;0.0804;0.0804;102.2429;0.9582;8.2207;0.077
1502;09-DAPI-1-40x-760ms.tif;NBL;0.0452;0.0452;68.4556;0.5947;3.0974;0.0269
1503;09-DAPI-1-40x-760ms.tif;NBL;0.0642;0.0642;88.875;0.7179;5.709;0.0461
1504;09-DAPI-1-40x-760ms.tif;NBL;0.0381;0.0381;84.8832;0.396;3.2329;0.0151
1505;09-DAPI-1-40x-760ms.tif;NBL;0.0356;0.0356;89.1311;0.6921;3.1722;0.0246
1506;09-DAPI-1-40x-760ms.tif;NBL;0.0431;0.0431;79.8136;0.796;3.4382;0.0343
1507;09-DAPI-1-40x-760ms.tif;NBL;0.0519;0.0519;111.4895;1.1109;5.7826;0.0576
1508;09-DAPI-1-40x-760ms.tif;NBL;0.0514;0.0514;121.3397;0.9873;6.2408;0.0508
1509;09-DAPI-1-40x-760ms.tif;NBL;0.0263;0.0263;116.1074;0.8678;3.0488;0.0228
1510;09-DAPI-1-40x-760ms.tif;NBL;0.0661;0.0661;99.3005;0.9852;6.5618;0.0651
1511;09-DAPI-1-40x-760ms.tif;NBL;0.0663;0.0663;104.0376;1.3028;6.8975;0.0864
1512;09-DAPI-1-40x-760ms.tif;NBL;0.0424;0.0424;111.6854;1.2327;4.7384;0.0523
1513;09-DAPI-1-40x-760ms.tif;NBL;0.0449;0.0449;106.128;1.3068;4.7675;0.0587
1514;09-DAPI-1-40x-760ms.tif;NBL;0.0359;0.0359;109.9366;1.0997;3.9485;0.0395
1515;09-DAPI-1-40x-760ms.tif;NBL;0.0613;0.0613;109.4372;1.2991;6.7092;0.0796
1516;09-DAPI-1-40x-760ms.tif;NBL;0.0477;0.0477;101.1545;1.1455;4.8294;0.0547
1517;09-DAPI-1-40x-760ms.tif;NBL;0.0629;0.0629;102.2586;1.1672;6.4355;0.0735
1518;09-DAPI-1-40x-760ms.tif;NBL;0.0422;0.0422;101.9589;1.0591;4.3036;0.0447
1519;09-DAPI-1-40x-760ms.tif;NBL;0.0444;0.0444;104.824;0.9878;4.652;0.0438
1520;09-DAPI-1-40x-760ms.tif;NBL;0.0392;0.0392;74.6066;0.9335;2.9224;0.0366
1521;09-DAPI-1-40x-760ms.tif;NBL;0.062;0.062;108.1349;0.9194;6.6998;0.057
1522;09-DAPI-1-40x-760ms.tif;NBL;0.0396;0.0396;98.4356;1.1397;3.8985;0.0451
1523;09-DAPI-1-40x-760ms.tif;NBL;0.0447;0.0447;110.6432;1.432;4.9463;0.064
1524;09-DAPI-1-40x-760ms.tif;NBL;0.0573;0.0573;79.017;1.1742;4.527;0.0673
1525;09-DAPI-1-40x-760ms.tif;NBL;0.0483;0.0483;104.1933;0.5506;5.031;0.0266
1526;09-DAPI-1-40x-760ms.tif;NBL;0.0876;0.0876;90.1648;0.6493;7.8953;0.0569
1527;09-DAPI-1-40x-760ms.tif;NBL;0.11;0.11;70.1864;0.3274;7.7223;0.036
1528;09-DAPI-1-40x-760ms.tif;NBL;0.0766;0.0766;77.6487;0.3768;5.9484;0.0289
1529;09-DAPI-1-40x-760ms.tif;NBL;0.1164;0.1164;58.2982;0.4921;6.7875;0.0573
1530;09-DAPI-1-40x-760ms.tif;NBL;0.0437;0.0437;108.6402;0.7965;4.7507;0.0348
1531;09-DAPI-1-40x-760ms.tif;NBL;0.0494;0.0494;71.9011;0.8308;3.5498;0.041
1532;09-DAPI-1-40x-760ms.tif;NBL;0.0352;0.0352;79.2809;0.7531;2.7872;0.0265
1533;09-DAPI-1-40x-760ms.tif;NBL;0.0684;0.0684;88.4778;0.9714;6.0483;0.0664
1534;09-DAPI-1-40x-760ms.tif;NBL;0.0388;0.0388;115.6564;1.1704;4.4927;0.0455
1535;09-DAPI-1-40x-760ms.tif;NBL;0.0776;0.0776;87.1748;0.9455;6.7632;0.0734
1536;09-DAPI-1-40x-760ms.tif;NBL;0.0771;0.0771;70.7792;0.3699;5.4605;0.0285
1537;09-DAPI-1-40x-760ms.tif;NBL;0.0683;0.0683;55.1463;0.3355;3.7638;0.0229
1538;09-DAPI-1-40x-760ms.tif;NBL;0.0535;0.0535;76.4929;0.3144;4.0919;0.0168
1539;09-DAPI-1-40x-760ms.tif;NBL;0.0458;0.0458;106.2654;0.3412;4.8659;0.0156
1540;09-DAPI-1-40x-760ms.tif;NBL;0.0534;0.0534;94.4207;0.378;5.0407;0.0202
1541;09-DAPI-1-40x-760ms.tif;NBL;0.0383;0.0383;108.7677;0.4873;4.1661;0.0187
1542;09-DAPI-1-40x-760ms.tif;NBL;0.0638;0.0638;108.0034;1.3418;6.8908;0.0856
1543;09-DAPI-1-40x-760ms.tif;NBL;0.0348;0.0348;98.9377;1.0685;3.4461;0.0372
1544;09-DAPI-1-40x-760ms.tif;NBL;0.0336;0.0336;88.5419;1.0645;2.9783;0.0358
1545;09-DAPI-1-40x-760ms.tif;NBL;0.1012;0.1012;83.1511;0.866;8.418;0.0877
1546;09-DAPI-1-40x-760ms.tif;NBL;0.0687;0.0687;80.5276;0.3191;5.531;0.0219
1547;09-DAPI-1-40x-760ms.tif;NBL;0.0342;0.0342;101.1143;0.5048;3.4561;0.0173
1548;09-DAPI-1-40x-760ms.tif;NBL;0.0484;0.0484;57.5359;0.2915;2.7844;0.0141
1549;09-DAPI-1-40x-760ms.tif;NBL;0.0367;0.0367;87.9172;0.7308;3.2244;0.0268
1550;09-DAPI-1-40x-760ms.tif;NBL;0.057;0.057;104.3295;0.6838;5.9433;0.039
1551;09-DAPI-1-40x-760ms.tif;NBL;0.0439;0.0439;112.1802;0.9975;4.9298;0.0438
1552;09-DAPI-1-40x-760ms.tif;NBL;0.02;0.02;88.6793;1.3641;1.7705;0.0272
1553;09-DAPI-1-40x-760ms.tif;NBL;0.0787;0.0787;84.9283;0.5434;6.6811;0.0428
1554;09-DAPI-1-40x-760ms.tif;NBL;0.0452;0.0452;72.2542;0.458;3.2693;0.0207
1555;09-DAPI-1-40x-760ms.tif;NBL;0.0429;0.0429;106.1241;0.4051;4.5485;0.0174
1556;09-DAPI-1-40x-760ms.tif;NBL;0.0769;0.0769;71.4711;0.6192;5.4984;0.0476
1557;09-DAPI-1-40x-760ms.tif;NBL;0.0813;0.0813;100.3765;0.3258;8.1578;0.0265
1558;09-DAPI-1-40x-760ms.tif;NBL;0.0696;0.0696;89.9891;0.3198;6.259;0.0222
1559;09-DAPI-1-40x-760ms.tif;NBL;0.1057;0.1057;48.8665;0.2197;5.1645;0.0232
1560;09-DAPI-1-40x-760ms.tif;NBL;0.0866;0.0866;60.3083;0.1165;5.222;0.0101
1561;09-DAPI-1-40x-760ms.tif;NBL;0.0459;0.0459;79.234;0.2246;3.6367;0.0103
1562;09-DAPI-1-40x-760ms.tif;NBL;0.0531;0.0531;92.7321;0.2843;4.9204;0.0151
1563;09-DAPI-1-40x-760ms.tif;NBL;0.026;0.026;92.2292;0.8708;2.4018;0.0227
1564;09-DAPI-1-40x-760ms.tif;NBL;0.0396;0.0396;100.6548;0.4685;3.9864;0.0186
1565;09-DAPI-1-40x-760ms.tif;NBL;0.0443;0.0443;97.4069;0.5098;4.3123;0.0226
1566;09-DAPI-1-40x-760ms.tif;NBL;0.0575;0.0575;99.2302;0.3642;5.7066;0.0209
1567;09-DAPI-1-40x-760ms.tif;NBL;0.0447;0.0447;107.2646;0.3689;4.7952;0.0165
1568;09-DAPI-1-40x-760ms.tif;NBL;0.0448;0.0448;108.0654;0.5981;4.8428;0.0268
1569;09-DAPI-1-40x-760ms.tif;NBL;0.0353;0.0353;101.3292;0.3754;3.5734;0.0132
1570;09-DAPI-1-40x-760ms.tif;NBL;0.0538;0.0538;108.2056;0.7258;5.8236;0.0391
1571;09-DAPI-1-40x-760ms.tif;NBL;0.0423;0.0423;108.1051;0.7513;4.5748;0.0318
1572;09-DAPI-1-40x-760ms.tif;NBL;0.0489;0.0489;102.5676;0.8625;5.0193;0.0422
1573;09-DAPI-1-40x-760ms.tif;NBL;0.0423;0.0423;107.0333;0.8231;4.5294;0.0348
1574;09-DAPI-1-40x-760ms.tif;NBL;0.0419;0.0419;96.9845;0.6373;4.0621;0.0267
1575;09-DAPI-1-40x-760ms.tif;NBL;0.053;0.053;103.3402;0.3996;5.472;0.0212
1576;09-DAPI-1-40x-760ms.tif;NBL;0.0558;0.0558;88.5428;0.3638;4.9383;0.0203
1577;09-DAPI-1-40x-760ms.tif;NBL;0.0371;0.0371;95.2368;0.5322;3.5342;0.0197
1578;09-DAPI-1-40x-760ms.tif;NBL;0.0332;0.0332;104.3039;0.7288;3.4632;0.0242
1579;09-DAPI-1-40x-760ms.tif;NBL;0.0407;0.0407;106.9973;0.8;4.3537;0.0326
1580;09-DAPI-1-40x-760ms.tif;NBL;0.0334;0.0334;99.6104;0.4675;3.329;0.0156
1581;09-DAPI-1-40x-760ms.tif;NBL;0.037;0.037;107.4633;0.8563;3.9762;0.0317
1582;09-DAPI-1-40x-760ms.tif;NBL;0.0369;0.0369;94.3059;0.5853;3.4792;0.0216
1583;09-DAPI-1-40x-760ms.tif;NBL;0.0436;0.0436;96.306;0.6617;4.2008;0.0289
1584;09-DAPI-1-40x-760ms.tif;NBL;0.0532;0.0532;113.902;0.6388;6.056;0.034
1585;09-DAPI-1-40x-760ms.tif;NBL;0.046;0.046;102.6061;0.4387;4.7206;0.0202
1586;09-DAPI-1-40x-760ms.tif;NBL;0.0579;0.0579;107.8858;0.8333;6.2512;0.0483
1587;09-DAPI-1-40x-760ms.tif;NBL;0.0232;0.0232;107.3505;0.8785;2.4927;0.0204
1588;09-DAPI-1-40x-760ms.tif;NBL;0.0629;0.0629;106.2552;0.9121;6.6871;0.0574
1589;09-DAPI-1-40x-760ms.tif;NBL;0.0582;0.0582;102.0933;1.0728;5.9377;0.0624
1590;09-DAPI-1-40x-760ms.tif;NBL;0.0456;0.0456;91.9143;1.1667;4.1888;0.0532
1591;09-DAPI-1-40x-760ms.tif;NBL;0.0312;0.0312;105.4306;0.441;3.2947;0.0138
1592;09-DAPI-1-40x-760ms.tif;NBL;0.0553;0.0553;88.8353;0.3784;4.916;0.0209
1593;09-DAPI-1-40x-760ms.tif;NBL;0.0514;0.0514;87.8629;0.2658;4.519;0.0137
1594;09-DAPI-1-40x-760ms.tif;NBL;0.0359;0.0359;82.8671;0.2326;2.9762;0.0084
1595;09-DAPI-1-40x-760ms.tif;NBL;0.0773;0.0773;68.6096;0.3202;5.3006;0.0247
1596;09-DAPI-1-40x-760ms.tif;NBL;0.028;0.028;102.8411;0.3411;2.879;0.0095
1597;09-DAPI-1-40x-760ms.tif;NBL;0.0865;0.0865;73.0213;0.3036;6.3149;0.0263
1598;09-DAPI-1-40x-760ms.tif;NBL;0.0538;0.0538;90.1109;0.1835;4.8497;0.0099
1599;09-DAPI-1-40x-760ms.tif;NBL;0.1026;0.1026;80.5042;0.2336;8.2636;0.024
1600;09-DAPI-1-40x-760ms.tif;NBL;0.0803;0.0803;82.9405;0.1378;6.6597;0.0111
1601;09-DAPI-1-40x-760ms.tif;NBL;0.0818;0.0818;71.1366;0.0623;5.82;0.0051
1602;09-DAPI-1-40x-760ms.tif;NBL;0.0924;0.0924;67.1984;0.1995;6.2123;0.0184
1603;09-DAPI-1-40x-760ms.tif;NBL;0.0561;0.0561;90.4932;0.1335;5.0765;0.0075
1604;09-DAPI-1-40x-760ms.tif;NBL;0.0368;0.0368;85.3245;0.0855;3.1386;0.0031
1605;09-DAPI-1-40x-760ms.tif;NBL;0.0438;0.0438;102.6188;0.1658;4.4985;0.0073
1606;09-DAPI-1-40x-760ms.tif;NBL;0.0544;0.0544;85.1637;0.0778;4.6297;0.0042
1607;09-DAPI-1-40x-760ms.tif;NBL;0.0699;0.0699;91.6786;0.0419;6.4064;0.0029
1608;09-DAPI-1-40x-760ms.tif;NBL;0.1124;0.1124;72.0917;0.1834;8.1041;0.0206
1609;09-DAPI-1-40x-760ms.tif;NBL;0.0574;0.0574;105.1512;0.8488;6.0357;0.0487
1610;09-DAPI-1-40x-760ms.tif;NBL;0.0612;0.0612;111.078;0.8138;6.7977;0.0498
1611;09-DAPI-1-40x-760ms.tif;NBL;0.0371;0.0371;106.0175;0.0263;3.9342;0.001
1612;09-DAPI-1-40x-760ms.tif;NBL;0.0343;0.0343;86.7089;0.0949;2.9731;0.0033
1613;09-DAPI-1-40x-760ms.tif;NBL;0.0698;0.0698;81.4728;0.0871;5.6844;0.0061
1614;09-DAPI-1-40x-760ms.tif;NBL;0.0405;0.0405;90.9464;0.1877;3.6809;0.0076
1615;09-DAPI-1-40x-760ms.tif;NBL;0.0257;0.0257;89.2658;0.0844;2.2956;0.0022
1616;09-DAPI-1-40x-760ms.tif;NBL;0.0633;0.0633;80.7118;0.4134;5.1058;0.0262
1617;09-DAPI-1-40x-760ms.tif;NBL;0.1233;0.1233;107.6831;0.8477;13.2734;0.1045
1618;09-DAPI-1-40x-760ms.tif;NBL;0.0335;0.0335;107.9773;0.8511;3.6203;0.0285
1619;09-DAPI-1-40x-760ms.tif;NBL;0.0438;0.0438;105.448;1.349;4.6225;0.0591
1620;09-DAPI-1-40x-760ms.tif;NBL;0.046;0.046;80.2759;1.3986;3.6933;0.0643
1621;09-DAPI-1-40x-760ms.tif;NBL;0.0343;0.0343;106.3323;1.1614;3.6459;0.0398
1622;09-DAPI-1-40x-760ms.tif;NBL;0.0396;0.0396;106.0603;0.9534;4.2005;0.0378
1623;09-DAPI-1-40x-760ms.tif;NBL;0.0403;0.0403;93.9946;1.0593;3.7839;0.0426
1624;09-DAPI-1-40x-760ms.tif;NBL;0.0347;0.0347;97.475;1.2938;3.3845;0.0449
1625;09-DAPI-1-40x-760ms.tif;NBL;0.0367;0.0367;54.4201;0.6065;1.9959;0.0222
1626;09-DAPI-1-40x-760ms.tif;NBL;0.0268;0.0268;55.336;1.4939;1.4831;0.04
1627;09-DAPI-1-40x-760ms.tif;NBL;0.0527;0.0527;76.7346;0.4156;4.0465;0.0219
1628;09-DAPI-1-40x-760ms.tif;NBL;0.0775;0.0775;63.0406;0.2017;4.884;0.0156
1629;09-DAPI-1-40x-760ms.tif;NBL;0.0562;0.0562;80.4266;0.5811;4.5205;0.0327
1630;09-DAPI-1-40x-760ms.tif;NBL;0.052;0.052;83.1127;0.9395;4.3198;0.0488
1631;09-DAPI-1-40x-760ms.tif;NBL;0.0595;0.0595;87.688;0.3832;5.2141;0.0228
1632;09-DAPI-1-40x-760ms.tif;NBL;0.0434;0.0434;78.28;0.24;3.3976;0.0104
1633;09-DAPI-1-40x-760ms.tif;NBL;0.0259;0.0259;97.8285;0.5481;2.537;0.0142
1634;09-DAPI-1-40x-760ms.tif;NBL;0.0182;0.0182;89.506;1.375;1.6316;0.0251
1635;09-DAPI-1-40x-760ms.tif;NBL;0.0243;0.0243;72.7589;0.0179;1.7684;0.0004
1636;09-DAPI-1-40x-760ms.tif;NBL;0.0269;0.0269;103.1371;0.3629;2.7754;0.0098
1637;09-DAPI-1-40x-760ms.tif;NBL;0.0617;0.0617;85.7469;0.6257;5.2941;0.0386
1638;09-DAPI-1-40x-760ms.tif;NBL;0.1168;0.1168;72.0483;0.5279;8.4119;0.0616
1639;09-DAPI-1-40x-760ms.tif;NBL;0.0317;0.0317;85.2021;0.3493;2.6995;0.0111
1640;09-DAPI-1-40x-760ms.tif;NBL;0.0205;0.0205;103.5661;1.3492;2.1239;0.0277
1641;09-DAPI-1-40x-760ms.tif;NBL;0.0206;0.0206;107.3053;0.8421;2.2122;0.0174
1642;09-DAPI-1-40x-760ms.tif;NBL;0.0273;0.0273;81.0913;1.377;2.2173;0.0377
1643;09-DAPI-1-40x-760ms.tif;NBL;0.015;0.015;101.029;0.6884;1.5128;0.0103
1644;09-DAPI-1-40x-760ms.tif;NBL;0.0203;0.0203;89.5294;1.139;1.8166;0.0231
1645;09-DAPI-1-40x-760ms.tif;NBL;0.0524;0.0524;76.6128;0.9255;4.0152;0.0485
1646;09-DAPI-1-40x-760ms.tif;NBL;0.0581;0.0581;104.3794;1.2411;6.0594;0.072
1647;09-DAPI-1-40x-760ms.tif;NBL;0.0245;0.0245;91.8496;0.0133;2.2524;0.0003
1648;09-DAPI-1-40x-760ms.tif;NBL;0.0589;0.0589;82.337;0.9853;4.8512;0.0581
1649;09-DAPI-1-40x-760ms.tif;NBL;0.0278;0.0278;118.6562;0.918;3.296;0.0255
1650;09-DAPI-1-40x-760ms.tif;NBL;0.033;0.033;61.8026;0.7895;2.0386;0.026
1651;10-DAPI-1-40x-760ms.tif;NBL;0.1068;0.1068;99.7561;0.8303;10.651;0.0887
1652;10-DAPI-1-40x-760ms.tif;NBL;0.0728;0.0728;109.5037;1.0969;7.9728;0.0799
1653;10-DAPI-1-40x-760ms.tif;NBL;0.053;0.053;123.1086;1.498;6.5188;0.0793
1654;10-DAPI-1-40x-760ms.tif;NBL;0.0482;0.0482;97.2297;0.9009;4.6842;0.0434
1655;10-DAPI-1-40x-760ms.tif;NBL;0.0538;0.0538;85.2621;0.506;4.5888;0.0272
1656;10-DAPI-1-40x-760ms.tif;NBL;0.0635;0.0635;112.959;0.4889;7.1702;0.031
1657;10-DAPI-1-40x-760ms.tif;NBL;0.0404;0.0404;111.4059;0.5995;4.4969;0.0242
1658;10-DAPI-1-40x-760ms.tif;NBL;0.0385;0.0385;112.6282;1.5775;4.3384;0.0608
1659;10-DAPI-1-40x-760ms.tif;NBL;0.0346;0.0346;113.0846;0.8527;3.9143;0.0295
1660;10-DAPI-1-40x-760ms.tif;NBL;0.0368;0.0368;107.3009;1.0855;3.9469;0.0399
1661;10-DAPI-1-40x-760ms.tif;NBL;0.0476;0.0476;112.3554;0.8109;5.352;0.0386
1662;10-DAPI-1-40x-760ms.tif;NBL;0.0308;0.0308;100.3169;0.912;3.0914;0.0281
1663;10-DAPI-1-40x-760ms.tif;NBL;0.0701;0.0701;105.0697;0.8854;7.3649;0.0621
1664;10-DAPI-1-40x-760ms.tif;NBL;0.0582;0.0582;116.6735;1.1306;6.7857;0.0658
1665;10-DAPI-1-40x-760ms.tif;NBL;0.0602;0.0602;115.7063;1.0703;6.968;0.0645
1666;10-DAPI-1-40x-760ms.tif;NBL;0.051;0.051;118.366;1.5574;6.0365;0.0794
1667;10-DAPI-1-40x-760ms.tif;NBL;0.0862;0.0862;100.9849;1.6977;8.7003;0.1463
1668;10-DAPI-1-40x-760ms.tif;NBL;0.1051;0.1051;84.4603;1.1104;8.8804;0.1168
1669;10-DAPI-1-40x-760ms.tif;NBL;0.0537;0.0537;77.5859;1.0889;4.1672;0.0585
1670;10-DAPI-1-40x-760ms.tif;NBL;0.0321;0.0321;113.5608;0.9392;3.6474;0.0302
1671;10-DAPI-1-40x-760ms.tif;NBL;0.0771;0.0771;112.6779;1.0323;8.6929;0.0796
1672;10-DAPI-1-40x-760ms.tif;NBL;0.0323;0.0323;109.7483;1.0034;3.5487;0.0324
1673;10-DAPI-1-40x-760ms.tif;NBL;0.071;0.071;97.7446;0.948;6.9363;0.0673
1674;10-DAPI-1-40x-760ms.tif;NBL;0.0877;0.0877;93.8626;0.8663;8.2293;0.076
1675;10-DAPI-1-40x-760ms.tif;NBL;0.0527;0.0527;98.3786;0.893;5.1879;0.0471
1676;10-DAPI-1-40x-760ms.tif;NBL;0.0575;0.0575;104.0094;1.0736;5.9814;0.0617
1677;10-DAPI-1-40x-760ms.tif;NBL;0.0716;0.0716;109.2167;1.1091;7.8215;0.0794
1678;10-DAPI-1-40x-760ms.tif;NBL;0.0486;0.0486;106.0201;0.7812;5.1538;0.038
1679;10-DAPI-1-40x-760ms.tif;NBL;0.0246;0.0246;101.4626;0.8634;2.4991;0.0213
1680;10-DAPI-1-40x-760ms.tif;NBL;0.049;0.049;116.385;0.9027;5.7081;0.0443
1681;10-DAPI-1-40x-760ms.tif;NBL;0.0758;0.0758;104.6795;1.0029;7.9396;0.0761
1682;10-DAPI-1-40x-760ms.tif;NBL;0.0553;0.0553;102.3157;1.0059;5.662;0.0557
1683;10-DAPI-1-40x-760ms.tif;NBL;0.0224;0.0224;103.966;1.3544;2.3239;0.0303
1684;10-DAPI-1-40x-760ms.tif;NBL;0.0422;0.0422;108.2468;0.9537;4.569;0.0403
1685;10-DAPI-1-40x-760ms.tif;NBL;0.0574;0.0574;105.6522;1.2533;6.0645;0.0719
1686;10-DAPI-1-40x-760ms.tif;NBL;0.0559;0.0559;106.9922;0.9961;5.9788;0.0557
1687;10-DAPI-1-40x-760ms.tif;NBL;0.0222;0.0222;110.8098;0.8829;2.4648;0.0196
1688;10-DAPI-1-40x-760ms.tif;NBL;0.0343;0.0343;112.443;1.4082;3.8555;0.0483
1689;10-DAPI-1-40x-760ms.tif;NBL;0.0331;0.0331;116.6754;1;3.8613;0.0331
1690;10-DAPI-1-40x-760ms.tif;NBL;0.0262;0.0262;115.1494;1.1494;3.0112;0.0301
1691;10-DAPI-1-40x-760ms.tif;NBL;0.0829;0.0829;93.2356;1.2173;7.7292;0.1009
1692;10-DAPI-1-40x-760ms.tif;NBL;0.1048;0.1048;80.9959;1.2174;8.4898;0.1276
1693;10-DAPI-1-40x-760ms.tif;NBL;0.0685;0.0685;103.2773;1.317;7.0712;0.0902
1694;10-DAPI-1-40x-760ms.tif;NBL;0.0645;0.0645;102.4276;1.1667;6.6018;0.0752
1695;10-DAPI-1-40x-760ms.tif;NBL;0.0417;0.0417;112.0573;1.2344;4.6691;0.0514
1696;10-DAPI-1-40x-760ms.tif;NBL;0.0697;0.0697;97.1121;1.1386;6.765;0.0793
1697;10-DAPI-1-40x-760ms.tif;NBL;0.0734;0.0734;107.0621;0.8891;7.8531;0.0652
1698;10-DAPI-1-40x-760ms.tif;NBL;0.0557;0.0557;116.1793;0.8713;6.467;0.0485
1699;10-DAPI-1-40x-760ms.tif;NBL;0.0163;0.0163;113.32;0.9067;1.8444;0.0148
1700;10-DAPI-1-40x-760ms.tif;NBL;0.0664;0.0664;105.219;0.8529;6.9872;0.0566
1701;10-DAPI-1-40x-760ms.tif;NBL;0.0882;0.0882;91.214;0.9114;8.0465;0.0804
1702;10-DAPI-1-40x-760ms.tif;NBL;0.0767;0.0767;102.5672;0.8529;7.8684;0.0654
1703;10-DAPI-1-40x-760ms.tif;NBL;0.0582;0.0582;93.8563;0.9552;5.4587;0.0556
1704;10-DAPI-1-40x-760ms.tif;NBL;0.0833;0.0833;86.8268;0.9466;7.2356;0.0789
1705;10-DAPI-1-40x-760ms.tif;NBL;0.0493;0.0493;70.7907;0.6233;3.4873;0.0307
1706;10-DAPI-1-40x-760ms.tif;NBL;0.0486;0.0486;88.5603;0.8482;4.305;0.0412
1707;10-DAPI-1-40x-760ms.tif;NBL;0.0429;0.0429;117.2076;1.2203;5.0235;0.0523
1708;10-DAPI-1-40x-760ms.tif;NBL;0.0661;0.0661;72.8621;0.5041;4.8148;0.0333
1709;10-DAPI-1-40x-760ms.tif;NBL;0.1236;0.1236;73.5478;0.6585;9.0897;0.0814
1710;10-DAPI-1-40x-760ms.tif;NBL;0.1309;0.1309;52.7579;0.4975;6.9039;0.0651
1711;10-DAPI-1-40x-760ms.tif;NBL;0.065;0.065;100.3472;0.5743;6.5221;0.0373
1712;10-DAPI-1-40x-760ms.tif;NBL;0.0509;0.0509;77.2345;0.5032;3.9304;0.0256
1713;10-DAPI-1-40x-760ms.tif;NBL;0.05;0.05;61.8482;0.6204;3.0937;0.031
1714;10-DAPI-1-40x-760ms.tif;NBL;0.0727;0.0727;103.0075;0.8149;7.4886;0.0592
1715;10-DAPI-1-40x-760ms.tif;NBL;0.0668;0.0668;107.3604;0.3864;7.176;0.0258
1716;10-DAPI-1-40x-760ms.tif;NBL;0.0723;0.0723;105.5766;0.521;7.6296;0.0377
1717;10-DAPI-1-40x-760ms.tif;NBL;0.0714;0.0714;75.5897;0.345;5.3969;0.0246
1718;10-DAPI-1-40x-760ms.tif;NBL;0.074;0.074;75.1935;0.1818;5.5645;0.0135
1719;10-DAPI-1-40x-760ms.tif;NBL;0.102;0.102;86.2617;0.3021;8.7984;0.0308
1720;10-DAPI-1-40x-760ms.tif;NBL;0.0397;0.0397;60.3333;0.418;2.3961;0.0166
1721;10-DAPI-1-40x-760ms.tif;NBL;0.0818;0.0818;65.1459;0.2069;5.3299;0.0169
1722;10-DAPI-1-40x-760ms.tif;NBL;0.0477;0.0477;74.2318;0.1432;3.5441;0.0068
1723;10-DAPI-1-40x-760ms.tif;NBL;0.0725;0.0725;63.0075;0.0749;4.5669;0.0054
1724;10-DAPI-1-40x-760ms.tif;NBL;0.0862;0.0862;83.6083;0.2494;7.2032;0.0215
1725;10-DAPI-1-40x-760ms.tif;NBL;0.0372;0.0372;76.7318;0.3469;2.8558;0.0129
1726;10-DAPI-1-40x-760ms.tif;NBL;0.0622;0.0622;68.199;0.2984;4.2402;0.0186
1727;10-DAPI-1-40x-760ms.tif;NBL;0.0413;0.0413;94.6194;0.2756;3.9117;0.0114
1728;10-DAPI-1-40x-760ms.tif;NBL;0.0639;0.0639;77.3022;0.2207;4.9404;0.0141
1729;10-DAPI-1-40x-760ms.tif;NBL;0.0587;0.0587;109.2569;0.3198;6.4136;0.0188
1730;10-DAPI-1-40x-760ms.tif;NBL;0.059;0.059;95.7408;0.5349;5.6514;0.0316
1731;10-DAPI-1-40x-760ms.tif;NBL;0.0924;0.0924;93.5739;0.4906;8.6507;0.0454
1732;10-DAPI-1-40x-760ms.tif;NBL;0.0549;0.0549;98.6877;0.3794;5.4184;0.0208
1733;10-DAPI-1-40x-760ms.tif;NBL;0.0474;0.0474;104.8558;0.7437;4.972;0.0353
1734;10-DAPI-1-40x-760ms.tif;NBL;0.0438;0.0438;111.2401;0.5644;4.8764;0.0247
1735;10-DAPI-1-40x-760ms.tif;NBL;0.0403;0.0403;103.1995;1.027;4.1544;0.0413
1736;10-DAPI-1-40x-760ms.tif;NBL;0.0326;0.0326;92.43;0.9033;3.0088;0.0294
1737;10-DAPI-1-40x-760ms.tif;NBL;0.0489;0.0489;108.8071;1.0067;5.3247;0.0493
1738;10-DAPI-1-40x-760ms.tif;NBL;0.052;0.052;107.4217;0.8601;5.5832;0.0447
1739;10-DAPI-1-40x-760ms.tif;NBL;0.0447;0.0447;100.7888;0.9515;4.5058;0.0425
1740;10-DAPI-1-40x-760ms.tif;NBL;0.0887;0.0887;62.88;0.7393;5.5743;0.0655
1741;10-DAPI-1-40x-760ms.tif;NBL;0.0566;0.0566;65.9674;0.431;3.7364;0.0244
1742;10-DAPI-1-40x-760ms.tif;NBL;0.0475;0.0475;96.0936;0.5959;4.5669;0.0283
1743;10-DAPI-1-40x-760ms.tif;NBL;0.0553;0.0553;35.1529;0.2412;1.9453;0.0133
1744;10-DAPI-1-40x-760ms.tif;NBL;0.034;0.034;74.5208;0.0224;2.5309;0.0008
1745;10-DAPI-1-40x-760ms.tif;NBL;0.0737;0.0737;55.4551;0.8881;4.0857;0.0654
1746;10-DAPI-1-40x-760ms.tif;NBL;0.0434;0.0434;108.5125;0.9525;4.7097;0.0413
1747;10-DAPI-1-40x-760ms.tif;NBL;0.0636;0.0636;111.1741;1.128;7.069;0.0717
1748;10-DAPI-1-40x-760ms.tif;NBL;0.0585;0.0585;111.1336;1.0761;6.4997;0.0629
1749;10-DAPI-1-40x-760ms.tif;NBL;0.0516;0.0516;103.6345;0.8992;5.3526;0.0464
1750;10-DAPI-1-40x-760ms.tif;NBL;0.0574;0.0574;105.8431;1.2571;6.0754;0.0722
1751;10-DAPI-1-40x-760ms.tif;NBL;0.0404;0.0404;114.6909;0.879;4.6294;0.0355
1752;10-DAPI-1-40x-760ms.tif;NBL;0.0388;0.0388;102.3631;0.5475;3.9763;0.0213
1753;10-DAPI-1-40x-760ms.tif;NBL;0.0438;0.0438;107.2228;0.8441;4.7003;0.037
1754;10-DAPI-1-40x-760ms.tif;NBL;0.0406;0.0406;92.615;0.6738;3.7585;0.0273
1755;10-DAPI-1-40x-760ms.tif;NBL;0.0464;0.0464;102.2196;1.028;4.7472;0.0477
1756;10-DAPI-1-40x-760ms.tif;NBL;0.0513;0.0513;108.4947;1.1501;5.5684;0.059
1757;10-DAPI-1-40x-760ms.tif;NBL;0.0381;0.0381;110.6496;0.8946;4.2142;0.0341
1758;10-DAPI-1-40x-760ms.tif;NBL;0.0305;0.0305;86.2064;0.9858;2.6285;0.0301
1759;10-DAPI-1-40x-760ms.tif;NBL;0.0585;0.0585;67.4527;0.692;3.945;0.0405
1760;10-DAPI-1-40x-760ms.tif;NBL;0.0847;0.0847;84.5314;0.6095;7.1635;0.0516
1761;10-DAPI-1-40x-760ms.tif;NBL;0.0355;0.0355;108.2875;0.4648;3.8422;0.0165
1762;10-DAPI-1-40x-760ms.tif;NBL;0.0294;0.0294;98.6421;0.428;2.9006;0.0126
1763;10-DAPI-1-40x-760ms.tif;NBL;0.0369;0.0369;94.8765;0.5353;3.5002;0.0197
1764;10-DAPI-1-40x-760ms.tif;NBL;0.0725;0.0725;94.4551;0.3877;6.8464;0.0281
1765;10-DAPI-1-40x-760ms.tif;NBL;0.0342;0.0342;108.4159;1.0603;3.7056;0.0362
1766;10-DAPI-1-40x-760ms.tif;NBL;0.0235;0.0235;92.2074;1.1198;2.1711;0.0264
1767;10-DAPI-1-40x-760ms.tif;NBL;0.0208;0.0208;105.5781;0.7865;2.1995;0.0164
1768;10-DAPI-1-40x-760ms.tif;NBL;0.0757;0.0757;97.5129;0.8181;7.3854;0.062
1769;10-DAPI-1-40x-760ms.tif;NBL;0.0911;0.0911;65.4488;0.6845;5.9654;0.0624
1770;10-DAPI-1-40x-760ms.tif;NBL;0.0743;0.0743;82.9942;1.1139;6.1687;0.0828
1771;10-DAPI-1-40x-760ms.tif;NBL;0.0798;0.0798;83.6748;0.7061;6.6733;0.0563
1772;10-DAPI-1-40x-760ms.tif;NBL;0.0304;0.0304;69.3036;0.5607;2.1056;0.017
1773;10-DAPI-1-40x-760ms.tif;NBL;0.0632;0.0632;69.6409;0.2973;4.3979;0.0188
1774;10-DAPI-1-40x-760ms.tif;NBL;0.0608;0.0608;101.7875;0.8964;6.185;0.0545
1775;10-DAPI-1-40x-760ms.tif;NBL;0.0477;0.0477;102.2932;1.0136;4.8838;0.0484
1776;10-DAPI-1-40x-760ms.tif;NBL;0.0254;0.0254;87.7265;0.2778;2.2274;0.0071
1777;10-DAPI-1-40x-760ms.tif;NBL;0.0547;0.0547;95.6052;0.369;5.2284;0.0202
1778;10-DAPI-1-40x-760ms.tif;NBL;0.0513;0.0513;111.2875;1.2326;5.7117;0.0633
1779;10-DAPI-1-40x-760ms.tif;NBL;0.0357;0.0357;80.3465;0.5502;2.8683;0.0196
1780;10-DAPI-1-40x-760ms.tif;NBL;0.0892;0.0892;78.2129;0.9331;6.976;0.0832
1781;10-DAPI-1-40x-760ms.tif;NBL;0.0774;0.0774;100.4586;0.8247;7.772;0.0638
1782;10-DAPI-1-40x-760ms.tif;NBL;0.0597;0.0597;94.6164;0.1182;5.6466;0.0071
1783;11-DAPI-1-40x-760ms.tif;NBL;0.0602;0.0602;116.5027;0.8811;7.016;0.0531
1784;11-DAPI-1-40x-760ms.tif;NBL;0.0958;0.0958;66.7928;0.5176;6.3995;0.0496
1785;11-DAPI-1-40x-760ms.tif;NBL;0.0893;0.0893;91.4666;0.5431;8.1681;0.0485
1786;11-DAPI-1-40x-760ms.tif;NBL;0.1267;0.1267;82.1002;0.6473;10.4051;0.082
1787;11-DAPI-1-40x-760ms.tif;NBL;0.1275;0.1275;64.3489;0.5055;8.2042;0.0645
1788;11-DAPI-1-40x-760ms.tif;NBL;0.0974;0.0974;105.6102;0.6882;10.2906;0.0671
1789;11-DAPI-1-40x-760ms.tif;NBL;0.0905;0.0905;83.1091;0.4257;7.5209;0.0385
1790;11-DAPI-1-40x-760ms.tif;NBL;0.0822;0.0822;113.4987;0.7691;9.3351;0.0633
1791;11-DAPI-1-40x-760ms.tif;NBL;0.0782;0.0782;108.8363;0.7406;8.5146;0.0579
1792;11-DAPI-1-40x-760ms.tif;NBL;0.1007;0.1007;57.8578;0.708;5.826;0.0713
1793;11-DAPI-1-40x-760ms.tif;NBL;0.0614;0.0614;94.5901;0.6078;5.8092;0.0373
1794;11-DAPI-1-40x-760ms.tif;NBL;0.0877;0.0877;98.6064;1.1015;8.6452;0.0966
1795;11-DAPI-1-40x-760ms.tif;NBL;0.0585;0.0585;91.4972;0.744;5.3512;0.0435
1796;11-DAPI-1-40x-760ms.tif;NBL;0.0962;0.0962;78.0631;1.0214;7.5132;0.0983
1797;11-DAPI-1-40x-760ms.tif;NBL;0.087;0.087;84.6895;0.9439;7.3699;0.0821
1798;11-DAPI-1-40x-760ms.tif;NBL;0.0242;0.0242;52.4529;1.2422;1.2692;0.0301
1799;11-DAPI-1-40x-760ms.tif;NBL;0.0342;0.0342;70.4444;1.1175;2.4078;0.0382
1800;11-DAPI-1-40x-760ms.tif;NBL;0.0897;0.0897;94.2624;0.7751;8.4587;0.0696
1801;11-DAPI-1-40x-760ms.tif;NBL;0.079;0.079;111.2734;0.9739;8.7898;0.0769
1802;11-DAPI-1-40x-760ms.tif;NBL;0.0647;0.0647;78.0268;0.8708;5.046;0.0563
1803;11-DAPI-1-40x-760ms.tif;NBL;0.0999;0.0999;107.6754;1.1661;10.7605;0.1165
1804;11-DAPI-1-40x-760ms.tif;NBL;0.0463;0.0463;113.7424;0.9063;5.27;0.042
1805;11-DAPI-1-40x-760ms.tif;NBL;0.0403;0.0403;74.6954;0.903;3.0069;0.0363
1806;11-DAPI-1-40x-760ms.tif;NBL;0.073;0.073;111.6389;0.8499;8.1525;0.0621
1807;11-DAPI-1-40x-760ms.tif;NBL;0.0782;0.0782;85.3232;0.9112;6.6751;0.0713
1808;11-DAPI-1-40x-760ms.tif;NBL;0.1074;0.1074;87.5556;0.5768;9.4054;0.062
1809;11-DAPI-1-40x-760ms.tif;NBL;0.084;0.084;112.3217;0.7119;9.4333;0.0598
1810;11-DAPI-1-40x-760ms.tif;NBL;0.0748;0.0748;115.0581;0.9826;8.6019;0.0735
1811;11-DAPI-1-40x-760ms.tif;NBL;0.1156;0.1156;81.8638;0.5606;9.4602;0.0648
1812;11-DAPI-1-40x-760ms.tif;NBL;0.0587;0.0587;107.0129;0.7394;6.2819;0.0434
1813;11-DAPI-1-40x-760ms.tif;NBL;0.1106;0.1106;76.8557;0.6565;8.4978;0.0726
1814;11-DAPI-1-40x-760ms.tif;NBL;0.0805;0.0805;104.3612;0.7695;8.4023;0.062
1815;11-DAPI-1-40x-760ms.tif;NBL;0.0647;0.0647;104.1174;0.4396;6.7333;0.0284
1816;11-DAPI-1-40x-760ms.tif;NBL;0.1077;0.1077;78.3051;0.282;8.4372;0.0304
1817;11-DAPI-1-40x-760ms.tif;NBL;0.0727;0.0727;84.7791;0.3015;6.1634;0.0219
1818;11-DAPI-1-40x-760ms.tif;NBL;0.1305;0.1305;79.202;0.6958;10.3385;0.0908
1819;11-DAPI-1-40x-760ms.tif;NBL;0.0889;0.0889;68.094;0.685;6.0513;0.0609
1820;11-DAPI-1-40x-760ms.tif;NBL;0.1015;0.1015;56.8321;0.2182;5.7658;0.0221
1821;11-DAPI-1-40x-760ms.tif;NBL;0.0889;0.0889;81.4945;0.3419;7.2422;0.0304
1822;11-DAPI-1-40x-760ms.tif;NBL;0.0793;0.0793;85.2449;0.3762;6.7615;0.0298
1823;11-DAPI-1-40x-760ms.tif;NBL;0.0952;0.0952;74.6192;0.3295;7.1008;0.0314
1824;11-DAPI-1-40x-760ms.tif;NBL;0.0614;0.0614;70.1537;0.47;4.3085;0.0289
1825;11-DAPI-1-40x-760ms.tif;NBL;0.1302;0.1302;74.67;0.3767;9.7227;0.049
1826;11-DAPI-1-40x-760ms.tif;NBL;0.0643;0.0643;64.9022;0.5042;4.1761;0.0324
1827;11-DAPI-1-40x-760ms.tif;NBL;0.1141;0.1141;68.1207;0.5485;7.7759;0.0626
1828;11-DAPI-1-40x-760ms.tif;NBL;0.0814;0.0814;54.428;0.712;4.4294;0.0579
1829;11-DAPI-1-40x-760ms.tif;NBL;0.0943;0.0943;40.84;0.6651;3.8509;0.0627
1830;11-DAPI-1-40x-760ms.tif;NBL;0.0793;0.0793;109.104;0.803;8.654;0.0637
1831;11-DAPI-1-40x-760ms.tif;NBL;0.13;0.13;62.8172;0.4524;8.1657;0.0588
1832;11-DAPI-1-40x-760ms.tif;NBL;0.1106;0.1106;79.3023;0.6958;8.7683;0.0769
1833;11-DAPI-1-40x-760ms.tif;NBL;0.0882;0.0882;66.4022;0.5301;5.8577;0.0468
1834;11-DAPI-1-40x-760ms.tif;NBL;0.0648;0.0648;95.4657;0.5159;6.1841;0.0334
1835;11-DAPI-1-40x-760ms.tif;NBL;0.0732;0.0732;49.1985;0.3393;3.6034;0.0248
1836;11-DAPI-1-40x-760ms.tif;NBL;0.0777;0.0777;82.3757;0.5014;6.3998;0.039
1837;11-DAPI-1-40x-760ms.tif;NBL;0.0584;0.0584;113.9703;0.803;6.6532;0.0469
1838;11-DAPI-1-40x-760ms.tif;NBL;0.0411;0.0411;50.343;0.5673;2.0703;0.0233
1839;11-DAPI-1-40x-760ms.tif;NBL;0.1357;0.1357;69.7378;0.8801;9.4664;0.1195
1840;11-DAPI-1-40x-760ms.tif;NBL;0.0913;0.0913;89.4911;0.6504;8.1664;0.0594
1841;11-DAPI-1-40x-760ms.tif;NBL;0.1172;0.1172;95.0602;0.8806;11.1399;0.1032
1842;11-DAPI-1-40x-760ms.tif;NBL;0.0567;0.0567;105.9885;1.1071;6.0148;0.0628
1843;11-DAPI-1-40x-760ms.tif;NBL;0.0601;0.0601;98.3195;0.9368;5.9103;0.0563
1844;11-DAPI-1-40x-760ms.tif;NBL;0.0645;0.0645;116.17;0.9411;7.4875;0.0607
1845;11-DAPI-1-40x-760ms.tif;NBL;0.0719;0.0719;87.9879;0.4208;6.3299;0.0303
1846;11-DAPI-1-40x-760ms.tif;NBL;0.0983;0.0983;97.3002;0.4801;9.5653;0.0472
1847;11-DAPI-1-40x-760ms.tif;NBL;0.0871;0.0871;88.8207;0.1457;7.739;0.0127
1848;11-DAPI-1-40x-760ms.tif;NBL;0.0768;0.0768;80.0636;0.2839;6.1507;0.0218
1849;11-DAPI-1-40x-760ms.tif;NBL;0.0906;0.0906;57.4599;0.0419;5.2061;0.0038
1850;11-DAPI-1-40x-760ms.tif;NBL;0.0595;0.0595;52.1843;0.0091;3.103;0.0005
1851;11-DAPI-1-40x-760ms.tif;NBL;0.0662;0.0662;46.4738;0.0213;3.0761;0.0014
1852;11-DAPI-1-40x-760ms.tif;NBL;0.0436;0.0436;54.6144;0.0199;2.3823;0.0009
1853;11-DAPI-1-40x-760ms.tif;NBL;0.0442;0.0442;59.5995;0.0811;2.6321;0.0036
1854;11-DAPI-1-40x-760ms.tif;NBL;0.0673;0.0673;68.6097;0.0952;4.6157;0.0064
1855;11-DAPI-1-40x-760ms.tif;NBL;0.0946;0.0946;81.4071;0.0768;7.7026;0.0073
1856;11-DAPI-1-40x-760ms.tif;NBL;0.1005;0.1005;65.1577;0.0367;6.5469;0.0037
1857;11-DAPI-1-40x-760ms.tif;NBL;0.079;0.079;84.2981;0.0316;6.659;0.0025
1858;11-DAPI-1-40x-760ms.tif;NBL;0.05;0.05;106.0933;0.885;5.307;0.0443
1859;11-DAPI-1-40x-760ms.tif;NBL;0.0476;0.0476;79.451;1.0729;3.7846;0.0511
1860;11-DAPI-1-40x-760ms.tif;NBL;0.0395;0.0395;96.8132;0.8214;3.8238;0.0324
1861;11-DAPI-1-40x-760ms.tif;NBL;0.0567;0.0567;98.4207;0.5985;5.5853;0.034
1862;11-DAPI-1-40x-760ms.tif;NBL;0.0433;0.0433;113.0526;0.4712;4.8945;0.0204
1863;11-DAPI-1-40x-760ms.tif;NBL;0.0871;0.0871;86.8082;0.2416;7.5637;0.0211
1864;11-DAPI-1-40x-760ms.tif;NBL;0.0463;0.0463;80.7892;0.2436;3.7432;0.0113
1865;11-DAPI-1-40x-760ms.tif;NBL;0.0845;0.0845;75.8267;0.2298;6.4094;0.0194
1866;11-DAPI-1-40x-760ms.tif;NBL;0.0753;0.0753;83.5115;0.2046;6.2887;0.0154
1867;11-DAPI-1-40x-760ms.tif;NBL;0.1043;0.1043;86.2081;0.308;8.9894;0.0321
1868;11-DAPI-1-40x-760ms.tif;NBL;0.0767;0.0767;71.9222;0.2546;5.5175;0.0195
1869;11-DAPI-1-40x-760ms.tif;NBL;0.0408;0.0408;76.8777;0.1303;3.1365;0.0053
1870;11-DAPI-1-40x-760ms.tif;NBL;0.045;0.045;61.1494;0.0602;2.7536;0.0027
1871;11-DAPI-1-40x-760ms.tif;NBL;0.0608;0.0608;71.6214;0.1304;4.352;0.0079
1872;11-DAPI-1-40x-760ms.tif;NBL;0.0451;0.0451;73.7043;0.2091;3.3269;0.0094
1873;11-DAPI-1-40x-760ms.tif;NBL;0.0742;0.0742;86.9664;0.4254;6.4545;0.0316
1874;11-DAPI-1-40x-760ms.tif;NBL;0.0666;0.0666;67.215;0.5277;4.4781;0.0352
1875;11-DAPI-1-40x-760ms.tif;NBL;0.111;0.111;90.9853;0.8201;10.0996;0.091
1876;11-DAPI-1-40x-760ms.tif;NBL;0.0816;0.0816;111.75;1.0691;9.1185;0.0872
1877;11-DAPI-1-40x-760ms.tif;NBL;0.0818;0.0818;109.9111;1.3117;8.9923;0.1073
1878;11-DAPI-1-40x-760ms.tif;NBL;0.1325;0.1325;93.9869;1.0426;12.452;0.1381
1879;11-DAPI-1-40x-760ms.tif;NBL;0.0741;0.0741;71.6794;1.0791;5.3122;0.08
1880;11-DAPI-1-40x-760ms.tif;NBL;0.0299;0.0299;87.087;0.9674;2.6081;0.029
1881;11-DAPI-1-40x-760ms.tif;NBL;0.071;0.071;103.841;0.8257;7.3689;0.0586
1882;11-DAPI-1-40x-760ms.tif;NBL;0.0825;0.0825;107.3711;0.9803;8.8544;0.0808
1883;11-DAPI-1-40x-760ms.tif;NBL;0.0599;0.0599;106.4529;0.7844;6.3761;0.047
1884;11-DAPI-1-40x-760ms.tif;NBL;0.0395;0.0395;89.4615;0.8104;3.5334;0.032
1885;11-DAPI-1-40x-760ms.tif;NBL;0.0859;0.0859;102.3662;0.9634;8.7971;0.0828
1886;11-DAPI-1-40x-760ms.tif;NBL;0.0526;0.0526;87.7814;0.0619;4.6196;0.0033
1887;11-DAPI-1-40x-760ms.tif;NBL;0.0723;0.0723;95.9339;0.7492;6.9327;0.0541
1888;11-DAPI-1-40x-760ms.tif;NBL;0.0742;0.0742;97.231;0.6652;7.2164;0.0494
1889;11-DAPI-1-40x-760ms.tif;NBL;0.0751;0.0751;86.7688;0.3295;6.5152;0.0247
1890;11-DAPI-1-40x-760ms.tif;NBL;0.0435;0.0435;94.7631;0.2768;4.1233;0.012
1891;11-DAPI-1-40x-760ms.tif;NBL;0.0791;0.0791;84.2428;1.1097;6.6637;0.0878
1892;11-DAPI-1-40x-760ms.tif;NBL;0.0613;0.0613;78.9204;0.9274;4.8383;0.0569
1893;11-DAPI-1-40x-760ms.tif;NBL;0.0819;0.0819;94.3258;0.8583;7.7274;0.0703
1894;11-DAPI-1-40x-760ms.tif;NBL;0.1187;0.1187;102.3967;1.0759;12.1552;0.1277
1895;11-DAPI-1-40x-760ms.tif;NBL;0.08;0.08;76.5617;0.6079;6.1226;0.0486
1896;11-DAPI-1-40x-760ms.tif;NBL;0.0475;0.0475;119.9954;1.0183;5.7029;0.0484
1897;11-DAPI-1-40x-760ms.tif;NBL;0.0658;0.0658;108.1716;0.8482;7.1128;0.0558
1898;11-DAPI-1-40x-760ms.tif;NBL;0.0549;0.0549;110.8755;0.9012;6.0876;0.0495
1899;11-DAPI-1-40x-760ms.tif;NBL;0.0312;0.0312;103.9479;0.7083;3.2484;0.0221
1900;11-DAPI-1-40x-760ms.tif;NBL;0.0834;0.0834;97.3927;0.9402;8.1266;0.0785
1901;11-DAPI-1-40x-760ms.tif;NBL;0.065;0.065;86.6427;1.0467;5.6314;0.068
1902;11-DAPI-1-40x-760ms.tif;NBL;0.0761;0.0761;103.97;1.0285;7.9083;0.0782
1903;11-DAPI-1-40x-760ms.tif;NBL;0.0397;0.0397;105.2842;0.8907;4.1812;0.0354
1904;11-DAPI-1-40x-760ms.tif;NBL;0.0651;0.0651;102.375;0.9783;6.665;0.0637
1905;11-DAPI-1-40x-760ms.tif;NBL;0.0694;0.0694;106.6813;0.6547;7.4084;0.0455
1906;11-DAPI-1-40x-760ms.tif;NBL;0.098;0.098;108.3355;0.495;10.6149;0.0485
1907;11-DAPI-1-40x-760ms.tif;NBL;0.0474;0.0474;101.032;0.46;4.7907;0.0218
1908;11-DAPI-1-40x-760ms.tif;NBL;0.0731;0.0731;79.9926;0.2671;5.8502;0.0195
1909;11-DAPI-1-40x-760ms.tif;NBL;0.0587;0.0587;77.0739;0.159;4.5244;0.0093
1910;11-DAPI-1-40x-760ms.tif;NBL;0.0922;0.0922;77.0882;0.4588;7.1099;0.0423
1911;11-DAPI-1-40x-760ms.tif;NBL;0.0409;0.0409;92.3422;0.2493;3.7775;0.0102
1912;11-DAPI-1-40x-760ms.tif;NBL;0.0452;0.0452;81.8082;0.2638;3.7016;0.0119
1913;12-DAPI-1-40x-760ms.tif;NBL;0.0752;0.0752;105.9798;1.9769;7.9692;0.1487
1914;12-DAPI-1-40x-760ms.tif;NBL;0.0732;0.0732;107.7393;2.4;7.8911;0.1758
1915;12-DAPI-1-40x-760ms.tif;NBL;0.0836;0.0836;77.9143;1.1974;6.5098;0.1
1916;12-DAPI-1-40x-760ms.tif;NBL;0.0777;0.0777;105.3338;1.081;8.1835;0.084
1917;12-DAPI-1-40x-760ms.tif;NBL;0.0927;0.0927;72.2892;1.7213;6.6987;0.1595
1918;12-DAPI-1-40x-760ms.tif;NBL;0.0873;0.0873;92.8099;1.3826;8.1068;0.1208
1919;12-DAPI-1-40x-760ms.tif;NBL;0.0591;0.0591;126.4587;3.2899;7.4783;0.1946
1920;12-DAPI-1-40x-760ms.tif;NBL;0.1196;0.1196;74.1189;0.7514;8.8627;0.0898
1921;12-DAPI-1-40x-760ms.tif;NBL;0.0779;0.0779;58.6755;1.4331;4.5713;0.1117
1922;12-DAPI-1-40x-760ms.tif;NBL;0.077;0.077;102.2845;3.893;7.88;0.2999
1923;12-DAPI-1-40x-760ms.tif;NBL;0.0714;0.0714;110.2918;1.4726;7.8746;0.1051
1924;12-DAPI-1-40x-760ms.tif;NBL;0.0918;0.0918;109.7045;1.831;10.0705;0.1681
1925;12-DAPI-1-40x-760ms.tif;NBL;0.0868;0.0868;50.41;0.8163;4.3759;0.0709
1926;12-DAPI-1-40x-760ms.tif;NBL;0.1168;0.1168;78.9071;0.973;9.2127;0.1136
1927;12-DAPI-1-40x-760ms.tif;NBL;0.1018;0.1018;88.4936;0.8177;9.0068;0.0832
1928;12-DAPI-1-40x-760ms.tif;NBL;0.0888;0.0888;113.0966;1.1748;10.0383;0.1043
1929;12-DAPI-1-40x-760ms.tif;NBL;0.052;0.052;92.476;0.7119;4.8064;0.037
1930;12-DAPI-1-40x-760ms.tif;NBL;0.1037;0.1037;93.4718;0.8724;9.6961;0.0905
1931;12-DAPI-1-40x-760ms.tif;NBL;0.1427;0.1427;70.3323;0.7399;10.0355;0.1056
1932;12-DAPI-1-40x-760ms.tif;NBL;0.1113;0.1113;60.271;1.0984;6.7099;0.1223
1933;12-DAPI-1-40x-760ms.tif;NBL;0.0929;0.0929;107.8762;0.7348;10.0197;0.0683
1934;12-DAPI-1-40x-760ms.tif;NBL;0.0634;0.0634;112.7055;1.4349;7.1419;0.0909
1935;12-DAPI-1-40x-760ms.tif;NBL;0.0716;0.0716;42.1894;0.8379;3.0214;0.06
1936;12-DAPI-1-40x-760ms.tif;NBL;0.1136;0.1136;47.9389;0.4852;5.4462;0.0551
1937;12-DAPI-1-40x-760ms.tif;NBL;0.0825;0.0825;48.4237;0.8211;3.9933;0.0677
1938;12-DAPI-1-40x-760ms.tif;NBL;0.0735;0.0735;89.7563;1.4653;6.5934;0.1076
1939;12-DAPI-1-40x-760ms.tif;NBL;0.0672;0.0672;87.2859;1.1842;5.8626;0.0795
1940;12-DAPI-1-40x-760ms.tif;NBL;0.1313;0.1313;54.1289;0.476;7.1068;0.0625
1941;12-DAPI-1-40x-760ms.tif;NBL;0.0949;0.0949;91.9383;0.4926;8.7289;0.0468
1942;12-DAPI-1-40x-760ms.tif;NBL;0.0684;0.0684;79.2556;0.9143;5.4179;0.0625
1943;12-DAPI-1-40x-760ms.tif;NBL;0.0686;0.0686;113.1709;0.6535;7.7609;0.0448
1944;12-DAPI-1-40x-760ms.tif;NBL;0.0827;0.0827;96.0276;0.2874;7.9398;0.0238
1945;12-DAPI-1-40x-760ms.tif;NBL;0.167;0.167;61.5016;0.3782;10.2703;0.0632
1946;12-DAPI-1-40x-760ms.tif;NBL;0.0757;0.0757;69.7292;0.447;5.2811;0.0339
1947;12-DAPI-1-40x-760ms.tif;NBL;0.0983;0.0983;34.4371;0.5121;3.3854;0.0503
1948;12-DAPI-1-40x-760ms.tif;NBL;0.0856;0.0856;69.9037;0.4677;5.9846;0.04
1949;12-DAPI-1-40x-760ms.tif;NBL;0.0399;0.0399;72.2935;0.5217;2.8867;0.0208
1950;12-DAPI-1-40x-760ms.tif;NBL;0.0678;0.0678;75.392;0.7024;5.1128;0.0476
1951;12-DAPI-1-40x-760ms.tif;NBL;0.1122;0.1122;65.1161;0.6857;7.3058;0.0769
1952;12-DAPI-1-40x-760ms.tif;NBL;0.0527;0.0527;93.2881;0.5473;4.9195;0.0289
1953;12-DAPI-1-40x-760ms.tif;NBL;0.0608;0.0608;106.3161;0.9607;6.4602;0.0584
1954;12-DAPI-1-40x-760ms.tif;NBL;0.0935;0.0935;94.0905;0.9142;8.8006;0.0855
1955;12-DAPI-1-40x-760ms.tif;NBL;0.0522;0.0522;58.3139;0.6819;3.0435;0.0356
1956;12-DAPI-1-40x-760ms.tif;NBL;0.0734;0.0734;111.7692;1.0325;8.1984;0.0757
1957;12-DAPI-1-40x-760ms.tif;NBL;0.0688;0.0688;111.6388;1.3028;7.68;0.0896
1958;12-DAPI-1-40x-760ms.tif;NBL;0.076;0.076;109.9614;1.2314;8.3521;0.0935
1959;12-DAPI-1-40x-760ms.tif;NBL;0.0891;0.0891;110.2473;1.1742;9.8213;0.1046
1960;12-DAPI-1-40x-760ms.tif;NBL;0.1046;0.1046;104.3154;1.4751;10.9115;0.1543
1961;12-DAPI-1-40x-760ms.tif;NBL;0.109;0.109;83.8697;1.3592;9.1459;0.1482
1962;12-DAPI-1-40x-760ms.tif;NBL;0.0155;0.0155;89.4476;1.7692;1.3879;0.0275
1963;12-DAPI-1-40x-760ms.tif;NBL;0.049;0.049;88.6925;1.1305;4.3499;0.0554
1964;12-DAPI-1-40x-760ms.tif;NBL;0.0646;0.0646;118.4655;1.6235;7.6483;0.1048
1965;12-DAPI-1-40x-760ms.tif;NBL;0.1028;0.1028;74.4224;0.7064;7.6474;0.0726
1966;12-DAPI-1-40x-760ms.tif;NBL;0.0362;0.0362;89.6976;1.3772;3.2508;0.0499
1967;12-DAPI-1-40x-760ms.tif;NBL;0.0944;0.0944;55.8391;0.6287;5.2713;0.0594
1968;12-DAPI-1-40x-760ms.tif;NBL;0.1172;0.1172;47.613;0.0593;5.5796;0.0069
1969;12-DAPI-1-40x-760ms.tif;NBL;0.1392;0.1392;48.3352;0.1216;6.7289;0.0169
1970;12-DAPI-1-40x-760ms.tif;NBL;0.0952;0.0952;76.4709;0.4242;7.277;0.0404
1971;12-DAPI-1-40x-760ms.tif;NBL;0.08;0.08;84.7653;0.3772;6.7786;0.0302
1972;12-DAPI-1-40x-760ms.tif;NBL;0.0671;0.0671;94.0825;0.1667;6.3089;0.0112
1973;12-DAPI-1-40x-760ms.tif;NBL;0.0951;0.0951;60.0616;0.0365;5.709;0.0035
1974;12-DAPI-1-40x-760ms.tif;NBL;0.0343;0.0343;78.288;0.3639;2.6844;0.0125
1975;12-DAPI-1-40x-760ms.tif;NBL;0.034;0.034;74.2907;0.3387;2.5231;0.0115
1976;12-DAPI-1-40x-760ms.tif;NBL;0.0873;0.0873;86.8099;0.4882;7.5827;0.0426
1977;12-DAPI-1-40x-760ms.tif;NBL;0.0928;0.0928;79.8526;0.4994;7.4082;0.0463
1978;12-DAPI-1-40x-760ms.tif;NBL;0.0966;0.0966;71.5899;0.3719;6.9135;0.0359
1979;12-DAPI-1-40x-760ms.tif;NBL;0.1498;0.1498;70.9833;0.7393;10.6367;0.1108
1980;12-DAPI-1-40x-760ms.tif;NBL;0.0795;0.0795;88.6548;0.8854;7.0512;0.0704
1981;12-DAPI-1-40x-760ms.tif;NBL;0.0747;0.0747;95.3052;0.6802;7.1148;0.0508
1982;12-DAPI-1-40x-760ms.tif;NBL;0.0711;0.0711;104.7634;0.7832;7.4457;0.0557
1983;12-DAPI-1-40x-760ms.tif;NBL;0.0425;0.0425;80.9184;0.8699;3.4418;0.037
1984;12-DAPI-1-40x-760ms.tif;NBL;0.0767;0.0767;59.3833;0.8543;4.5556;0.0655
1985;12-DAPI-1-40x-760ms.tif;NBL;0.0161;0.0161;78.5338;1.0743;1.2612;0.0173
1986;12-DAPI-1-40x-760ms.tif;NBL;0.0462;0.0462;108.2347;1.1455;5.003;0.053
1987;12-DAPI-1-40x-760ms.tif;NBL;0.0987;0.0987;86.4418;0.8297;8.5354;0.0819
1988;12-DAPI-1-40x-760ms.tif;NBL;0.0892;0.0892;92.236;0.9538;8.2268;0.0851
1989;12-DAPI-1-40x-760ms.tif;NBL;0.0801;0.0801;110.5745;1.2981;8.8546;0.1039
1990;12-DAPI-1-40x-760ms.tif;NBL;0.0892;0.0892;107.2603;1.0547;9.5668;0.0941
1991;12-DAPI-1-40x-760ms.tif;NBL;0.1003;0.1003;82.145;1.2067;8.2359;0.121
1992;12-DAPI-1-40x-760ms.tif;NBL;0.0919;0.0919;101.0366;1.2019;9.2858;0.1105
1993;12-DAPI-1-40x-760ms.tif;NBL;0.0931;0.0931;80.7168;0.8205;7.5146;0.0764
1994;12-DAPI-1-40x-760ms.tif;NBL;0.1018;0.1018;81.0576;1.162;8.25;0.1183
1995;12-DAPI-1-40x-760ms.tif;NBL;0.1061;0.1061;75.0215;0.7403;7.9613;0.0786
1996;12-DAPI-1-40x-760ms.tif;NBL;0.0816;0.0816;111.359;0.738;9.0866;0.0602
1997;12-DAPI-1-40x-760ms.tif;NBL;0.0833;0.0833;105.7852;0.9596;8.8154;0.08
1998;12-DAPI-1-40x-760ms.tif;NBL;0.088;0.088;75.9346;0.9827;6.6822;0.0865
1999;12-DAPI-1-40x-760ms.tif;NBL;0.0693;0.0693;86.1252;0.9343;5.9716;0.0648
2000;12-DAPI-1-40x-760ms.tif;NBL;0.1599;0.1599;62.5665;0.9973;10.0068;0.1595
2001;12-DAPI-1-40x-760ms.tif;NBL;0.094;0.094;72.373;0.836;6.8007;0.0786
2002;12-DAPI-1-40x-760ms.tif;NBL;0.0981;0.0981;91.104;1.0863;8.9364;0.1066
2003;12-DAPI-1-40x-760ms.tif;NBL;0.0354;0.0354;97.089;1.1012;3.4344;0.039
2004;12-DAPI-1-40x-760ms.tif;NBL;0.0851;0.0851;88.8176;0.9834;7.5557;0.0837
2005;12-DAPI-1-40x-760ms.tif;NBL;0.1107;0.1107;96.5225;1.2;10.6828;0.1328
2006;12-DAPI-1-40x-760ms.tif;NBL;0.0876;0.0876;87.5489;0.969;7.6662;0.0849
2007;12-DAPI-1-40x-760ms.tif;NBL;0.063;0.063;107.8537;1.0499;6.7994;0.0662
2008;12-DAPI-1-40x-760ms.tif;NBL;0.0832;0.0832;98.867;0.9061;8.2282;0.0754
2009;12-DAPI-1-40x-760ms.tif;NBL;0.0296;0.0296;73.2637;1;2.1702;0.0296
2010;12-DAPI-1-40x-760ms.tif;NBL;0.0839;0.0839;56.6171;1.0996;4.7488;0.0922
2011;12-DAPI-1-40x-760ms.tif;NBL;0.0702;0.0702;105.5626;1.0989;7.4109;0.0771
2012;12-DAPI-1-40x-760ms.tif;NBL;0.0489;0.0489;98.9534;0.7539;4.8424;0.0369
2013;12-DAPI-1-40x-760ms.tif;NBL;0.0647;0.0647;103.7668;0.9396;6.7106;0.0608
2014;12-DAPI-1-40x-760ms.tif;NBL;0.0805;0.0805;99.469;1.0108;8.0085;0.0814
2015;12-DAPI-1-40x-760ms.tif;NBL;0.0692;0.0692;85.3699;0.7743;5.9099;0.0536
2016;12-DAPI-1-40x-760ms.tif;NBL;0.0691;0.0691;106.3297;1.0659;7.3494;0.0737
2017;12-DAPI-1-40x-760ms.tif;NBL;0.0813;0.0813;110.3284;0.8037;8.9666;0.0653
2018;12-DAPI-1-40x-760ms.tif;NBL;0.0758;0.0758;105.2175;0.8584;7.9804;0.0651
2019;12-DAPI-1-40x-760ms.tif;NBL;0.1247;0.1247;92.7232;0.9974;11.5602;0.1243
2020;12-DAPI-1-40x-760ms.tif;NBL;0.0785;0.0785;85.6155;1.0733;6.7166;0.0842
2021;12-DAPI-1-40x-760ms.tif;NBL;0.0485;0.0485;102.6174;0.8434;4.9772;0.0409
2022;12-DAPI-1-40x-760ms.tif;NBL;0.0983;0.0983;109.9658;1.064;10.8104;0.1046
2023;12-DAPI-1-40x-760ms.tif;NBL;0.0622;0.0622;104.1536;1.0541;6.4757;0.0655
2024;12-DAPI-1-40x-760ms.tif;NBL;0.0748;0.0748;104.7068;0.8549;7.828;0.0639
2025;12-DAPI-1-40x-760ms.tif;NBL;0.1111;0.1111;91.5723;0.7568;10.1747;0.0841
2026;12-DAPI-1-40x-760ms.tif;NBL;0.0399;0.0399;96.6522;0.981;3.8594;0.0392
2027;12-DAPI-1-40x-760ms.tif;NBL;0.0324;0.0324;102.2676;1.1672;3.3179;0.0379
2028;12-DAPI-1-40x-760ms.tif;NBL;0.0816;0.0816;104.7261;0.7673;8.5454;0.0626
2029;12-DAPI-1-40x-760ms.tif;NBL;0.1017;0.1017;95.1195;0.9829;9.6709;0.0999
2030;12-DAPI-1-40x-760ms.tif;NBL;0.0302;0.0302;87.9676;0.8201;2.6535;0.0247
2031;12-DAPI-1-40x-760ms.tif;NBL;0.0275;0.0275;74.996;0.5613;2.0588;0.0154
2032;12-DAPI-1-40x-760ms.tif;NBL;0.1324;0.1324;107.0934;0.718;14.1769;0.0951
2033;12-DAPI-1-40x-760ms.tif;NBL;0.057;0.057;91.1543;0.4476;5.1927;0.0255
2034;12-DAPI-1-40x-760ms.tif;NBL;0.0714;0.0714;82.9742;0.3815;5.9242;0.0272
2035;12-DAPI-1-40x-760ms.tif;NBL;0.0687;0.0687;93.5782;0.2101;6.4274;0.0144
2036;12-DAPI-1-40x-760ms.tif;NBL;0.0509;0.0509;96.3902;0.4797;4.9053;0.0244
2037;12-DAPI-1-40x-760ms.tif;NBL;0.0894;0.0894;81.6784;0.1299;7.3028;0.0116
2038;12-DAPI-1-40x-760ms.tif;NBL;0.0557;0.0557;58.2417;0.0273;3.242;0.0015
2039;12-DAPI-1-40x-760ms.tif;NBL;0.0651;0.0651;65.8833;0.1533;4.2893;0.01
2040;12-DAPI-1-40x-760ms.tif;NBL;0.09;0.09;79.877;0.2039;7.1851;0.0183
2041;12-DAPI-1-40x-760ms.tif;NBL;0.0701;0.0701;87.9954;0.1099;6.1681;0.0077
2042;12-DAPI-1-40x-760ms.tif;NBL;0.0775;0.0775;43.7073;0.0196;3.3862;0.0015
2043;12-DAPI-1-40x-760ms.tif;NBL;0.0432;0.0432;95.0553;0.0251;4.105;0.0011
2044;12-DAPI-1-40x-760ms.tif;NBL;0.0758;0.0758;67.8755;0.0529;5.1481;0.004
2045;12-DAPI-1-40x-760ms.tif;NBL;0.0658;0.0658;90.9026;0.1436;5.9773;0.0094
2046;12-DAPI-1-40x-760ms.tif;NBL;0.0959;0.0959;71.8484;0.0588;6.8917;0.0056
2047;12-DAPI-1-40x-760ms.tif;NBL;0.0839;0.0839;59.4411;0.0634;4.9857;0.0053
2048;12-DAPI-1-40x-760ms.tif;NBL;0.0554;0.0554;67.5793;0.0333;3.7471;0.0018
2049;12-DAPI-1-40x-760ms.tif;NBL;0.0531;0.0531;80.7935;0.1145;4.2869;0.0061
2050;12-DAPI-1-40x-760ms.tif;NBL;0.0734;0.0734;59.8713;0.0592;4.3916;0.0043
2051;12-DAPI-1-40x-760ms.tif;NBL;0.0384;0.0384;72.8362;0.0254;2.7977;0.001
2052;12-DAPI-1-40x-760ms.tif;NBL;0.0462;0.0462;58.7582;0.0305;2.716;0.0014
2053;12-DAPI-1-40x-760ms.tif;NBL;0.1106;0.1106;35.5849;0.0177;3.9346;0.002
2054;12-DAPI-1-40x-760ms.tif;NBL;0.068;0.068;68.4179;0.0207;4.6547;0.0014
2055;12-DAPI-1-40x-760ms.tif;NBL;0.0604;0.0604;79.675;0.0341;4.8154;0.0021
2056;12-DAPI-1-40x-760ms.tif;NBL;0.0562;0.0562;62.3398;0.0193;3.5039;0.0011
2057;12-DAPI-1-40x-760ms.tif;NBL;0.0371;0.0371;53.038;0.038;1.9682;0.0014
2058;12-DAPI-1-40x-760ms.tif;NBL;0.0999;0.0999;40.2942;0.0185;4.0268;0.0018
2059;12-DAPI-1-40x-760ms.tif;NBL;0.0634;0.0634;81.5462;0.0205;5.1674;0.0013
2060;12-DAPI-1-40x-760ms.tif;NBL;0.0566;0.0566;56.3257;0.0057;3.1903;0.0003
2061;12-DAPI-1-40x-760ms.tif;NBL;0.0535;0.0535;74.4746;0.0061;3.9839;0.0003
2062;12-DAPI-1-40x-760ms.tif;NBL;0.0942;0.0942;69.6993;0.0173;6.5646;0.0016
2063;12-DAPI-1-40x-760ms.tif;NBL;0.1045;0.1045;65.2201;0.6646;6.815;0.0694
2064;12-DAPI-1-40x-760ms.tif;NBL;0.0288;0.0288;102.5321;0.3094;2.9482;0.0089
2065;13-DAPI-1-40x-760ms.tif;NBL;0.061;0.061;129.452;1.7135;7.8941;0.1045
2066;13-DAPI-1-40x-760ms.tif;NBL;0.0525;0.0525;105.5682;1.4236;5.5442;0.0748
2067;13-DAPI-1-40x-760ms.tif;NBL;0.0502;0.0502;33.9438;0.8445;1.7053;0.0424
2068;13-DAPI-1-40x-760ms.tif;NBL;0.0765;0.0765;63.3504;0.1943;4.8461;0.0149
2069;13-DAPI-1-40x-760ms.tif;NBL;0.0884;0.0884;49.7239;0.2638;4.3972;0.0233
2070;13-DAPI-1-40x-760ms.tif;NBL;0.0837;0.0837;72.4786;0.5512;6.0635;0.0461
2071;13-DAPI-1-40x-760ms.tif;NBL;0.1197;0.1197;77.8332;0.2539;9.3153;0.0304
2072;13-DAPI-1-40x-760ms.tif;NBL;0.0815;0.0815;66.3955;0.0812;5.4105;0.0066
2073;13-DAPI-1-40x-760ms.tif;NBL;0.1455;0.1455;47.4758;0.0992;6.9081;0.0144
2074;13-DAPI-1-40x-760ms.tif;NBL;0.0674;0.0674;98.9758;0.1369;6.6693;0.0092
2075;13-DAPI-1-40x-760ms.tif;NBL;0.074;0.074;89.0938;0.1672;6.5931;0.0124
2076;13-DAPI-1-40x-760ms.tif;NBL;0.0602;0.0602;118.7135;0.645;7.1491;0.0388
2077;13-DAPI-1-40x-760ms.tif;NBL;0.0814;0.0814;104.3253;0.3573;8.49;0.0291
2078;13-DAPI-1-40x-760ms.tif;NBL;0.0942;0.0942;68.9827;0.5369;6.4971;0.0506
2079;13-DAPI-1-40x-760ms.tif;NBL;0.0847;0.0847;102.9296;0.7785;8.7227;0.066
2080;13-DAPI-1-40x-760ms.tif;NBL;0.0343;0.0343;91.057;0.7247;3.1222;0.0248
2081;13-DAPI-1-40x-760ms.tif;NBL;0.0713;0.0713;66.583;1.2664;4.7466;0.0903
2082;13-DAPI-1-40x-760ms.tif;NBL;0.1206;0.1206;94.2538;0.8002;11.3624;0.0965
2083;13-DAPI-1-40x-760ms.tif;NBL;0.1137;0.1137;112.855;1.1565;12.8333;0.1315
2084;13-DAPI-1-40x-760ms.tif;NBL;0.0341;0.0341;69.0032;1.2866;2.351;0.0438
2085;13-DAPI-1-40x-760ms.tif;NBL;0.0255;0.0255;90.3532;1.166;2.3039;0.0297
2086;13-DAPI-1-40x-760ms.tif;NBL;0.1137;0.1137;89.8989;1.4561;10.2229;0.1656
2087;13-DAPI-1-40x-760ms.tif;NBL;0.1122;0.1122;112.6615;1.0329;12.6402;0.1159
2088;13-DAPI-1-40x-760ms.tif;NBL;0.0484;0.0484;120.7691;1.3049;5.8445;0.0632
2089;13-DAPI-1-40x-760ms.tif;NBL;0.1048;0.1048;98.5124;1.6387;10.3258;0.1718
2090;13-DAPI-1-40x-760ms.tif;NBL;0.1823;0.1823;71.3351;1.1935;13.0038;0.2176
2091;13-DAPI-1-40x-760ms.tif;NBL;0.0102;0.0102;81.4149;2;0.8304;0.0204
2092;13-DAPI-1-40x-760ms.tif;NBL;0.0266;0.0266;32.5633;2.8041;0.8657;0.0745
2093;13-DAPI-1-40x-760ms.tif;NBL;0.0722;0.0722;111.4857;0.9233;8.0445;0.0666
2094;13-DAPI-1-40x-760ms.tif;NBL;0.0677;0.0677;101.6571;0.891;6.883;0.0603
2095;13-DAPI-1-40x-760ms.tif;NBL;0.0866;0.0866;120.203;1.6128;10.4082;0.1396
2096;13-DAPI-1-40x-760ms.tif;NBL;0.0571;0.0571;70.1958;0.7471;4.0064;0.0426
2097;13-DAPI-1-40x-760ms.tif;NBL;0.0352;0.0352;66.2253;1.2809;2.3282;0.045
2098;13-DAPI-1-40x-760ms.tif;NBL;0.1057;0.1057;110.3511;0.5421;11.6625;0.0573
2099;13-DAPI-1-40x-760ms.tif;NBL;0.0996;0.0996;90.0632;0.6155;8.9711;0.0613
2100;13-DAPI-1-40x-760ms.tif;NBL;0.0607;0.0607;114.0877;1.6047;6.92;0.0973
2101;13-DAPI-1-40x-760ms.tif;NBL;0.1;0.1;85.5108;0.7679;8.5548;0.0768
2102;13-DAPI-1-40x-760ms.tif;NBL;0.041;0.041;119.0979;1.5132;4.8849;0.0621
2103;13-DAPI-1-40x-760ms.tif;NBL;0.071;0.071;110.0398;1.5168;7.8088;0.1076
2104;13-DAPI-1-40x-760ms.tif;NBL;0.0756;0.0756;125.944;1.6485;9.5251;0.1247
2105;13-DAPI-1-40x-760ms.tif;NBL;0.1593;0.1593;86.408;0.8672;13.7638;0.1381
2106;13-DAPI-1-40x-760ms.tif;NBL;0.0935;0.0935;82.8411;1.29;7.7484;0.1207
2107;13-DAPI-1-40x-760ms.tif;NBL;0.0805;0.0805;122.1199;0.9542;9.8321;0.0768
2108;13-DAPI-1-40x-760ms.tif;NBL;0.0556;0.0556;118.3457;0.6055;6.5748;0.0336
2109;13-DAPI-1-40x-760ms.tif;NBL;0.0447;0.0447;93.4951;0.8252;4.1797;0.0369
2110;13-DAPI-1-40x-760ms.tif;NBL;0.0711;0.0711;119.087;0.7221;8.4638;0.0513
2111;13-DAPI-1-40x-760ms.tif;NBL;0.0312;0.0312;124.941;2.3993;3.9044;0.075
2112;13-DAPI-1-40x-760ms.tif;NBL;0.0659;0.0659;115.8171;0.911;7.6281;0.06
2113;13-DAPI-1-40x-760ms.tif;NBL;0.0909;0.0909;84.3831;1.0191;7.6729;0.0927
2114;13-DAPI-1-40x-760ms.tif;NBL;0.1035;0.1035;113.6247;1.0943;11.7619;0.1133
2115;13-DAPI-1-40x-760ms.tif;NBL;0.0652;0.0652;113.7488;1.0166;7.4179;0.0663
2116;13-DAPI-1-40x-760ms.tif;NBL;0.0752;0.0752;123.697;1.0794;9.3014;0.0812
2117;13-DAPI-1-40x-760ms.tif;NBL;0.0938;0.0938;118.3819;0.9444;11.0983;0.0885
2118;13-DAPI-1-40x-760ms.tif;NBL;0.0749;0.0749;92.4884;0.8986;6.9246;0.0673
2119;13-DAPI-1-40x-760ms.tif;NBL;0.038;0.038;116.68;0.5943;4.4312;0.0226
2120;13-DAPI-1-40x-760ms.tif;NBL;0.0679;0.0679;74.8227;1.4665;5.0824;0.0996
2121;13-DAPI-1-40x-760ms.tif;NBL;0.0247;0.0247;106.7982;1.3333;2.6421;0.033
2122;13-DAPI-1-40x-760ms.tif;NBL;0.1112;0.1112;118.442;1.119;13.1731;0.1245
2123;13-DAPI-1-40x-760ms.tif;NBL;0.0726;0.0726;115.6114;0.6293;8.3924;0.0457
2124;13-DAPI-1-40x-760ms.tif;NBL;0.0828;0.0828;118.9751;0.46;9.85;0.0381
2125;13-DAPI-1-40x-760ms.tif;NBL;0.0468;0.0468;116.7889;1.0603;5.4618;0.0496
2126;13-DAPI-1-40x-760ms.tif;NBL;0.0683;0.0683;96.5898;0.8553;6.5923;0.0584
2127;13-DAPI-1-40x-760ms.tif;NBL;0.1302;0.1302;42.8317;0.46;5.577;0.0599
2128;13-DAPI-1-40x-760ms.tif;NBL;0.0668;0.0668;109.8409;0.3555;7.3418;0.0238
2129;13-DAPI-1-40x-760ms.tif;NBL;0.0525;0.0525;115.0826;0.4174;6.0438;0.0219
2130;13-DAPI-1-40x-760ms.tif;NBL;0.0972;0.0972;83.6205;0.3281;8.1298;0.0319
2131;13-DAPI-1-40x-760ms.tif;NBL;0.0367;0.0367;82.8432;0.855;3.0383;0.0314
2132;13-DAPI-1-40x-760ms.tif;NBL;0.0943;0.0943;111.0909;0.7319;10.475;0.069
2133;13-DAPI-1-40x-760ms.tif;NBL;0.0484;0.0484;101.0852;1.1121;4.8919;0.0538
2134;13-DAPI-1-40x-760ms.tif;NBL;0.0938;0.0938;121.4398;1.2245;11.385;0.1148
2135;13-DAPI-1-40x-760ms.tif;NBL;0.0753;0.0753;111.5403;0.8069;8.3994;0.0608
2136;13-DAPI-1-40x-760ms.tif;NBL;0.0552;0.0552;117.0452;0.9136;6.4644;0.0505
2137;13-DAPI-1-40x-760ms.tif;NBL;0.0722;0.0722;121.1549;0.6962;8.7422;0.0502
2138;13-DAPI-1-40x-760ms.tif;NBL;0.0669;0.0669;111.3679;0.4457;7.4559;0.0298
2139;13-DAPI-1-40x-760ms.tif;NBL;0.0429;0.0429;77.6608;0.6051;3.3286;0.0259
2140;13-DAPI-1-40x-760ms.tif;NBL;0.0661;0.0661;49.7783;0.3859;3.2894;0.0255
2141;13-DAPI-1-40x-760ms.tif;NBL;0.0539;0.0539;53.4708;0.507;2.8836;0.0273
2142;13-DAPI-1-40x-760ms.tif;NBL;0.0526;0.0526;68.0784;0.2021;3.5827;0.0106
2143;13-DAPI-1-40x-760ms.tif;NBL;0.0825;0.0825;76.3408;0.3566;6.2955;0.0294
2144;13-DAPI-1-40x-760ms.tif;NBL;0.0258;0.0258;123.4286;0.7101;3.1875;0.0183
2145;13-DAPI-1-40x-760ms.tif;NBL;0.0211;0.0211;78.0619;1.3505;1.6432;0.0284
2146;13-DAPI-1-40x-760ms.tif;NBL;0.0761;0.0761;77;1.1084;5.8569;0.0843
2147;13-DAPI-1-40x-760ms.tif;NBL;0.0572;0.0572;110.463;1.3245;6.3166;0.0757
2148;13-DAPI-1-40x-760ms.tif;NBL;0.1247;0.1247;91.8808;1.3438;11.4552;0.1675
2149;13-DAPI-1-40x-760ms.tif;NBL;0.0575;0.0575;115.9;0.7717;6.6653;0.0444
2150;13-DAPI-1-40x-760ms.tif;NBL;0.1019;0.1019;122.5825;1.4143;12.4897;0.1441
2151;13-DAPI-1-40x-760ms.tif;NBL;0.0454;0.0454;121.8421;0.7775;5.5263;0.0353
2152;13-DAPI-1-40x-760ms.tif;NBL;0.0153;0.0153;96.2199;1.1135;1.4721;0.017
2153;13-DAPI-1-40x-760ms.tif;NBL;0.0256;0.0256;76.2669;0.9025;1.953;0.0231
2154;13-DAPI-1-40x-760ms.tif;NBL;0.0968;0.0968;116.9182;1.1099;11.3163;0.1074
2155;13-DAPI-1-40x-760ms.tif;NBL;0.128;0.128;84.1983;1.0364;10.7806;0.1327
2156;13-DAPI-1-40x-760ms.tif;NBL;0.0419;0.0419;58.9845;1.101;2.4705;0.0461
2157;13-DAPI-1-40x-760ms.tif;NBL;0.0525;0.0525;92.9587;0.814;4.8819;0.0428
2158;13-DAPI-1-40x-760ms.tif;NBL;0.0625;0.0625;109.3993;0.8681;6.8375;0.0543
2159;13-DAPI-1-40x-760ms.tif;NBL;0.035;0.035;114.4923;0.5108;4.0127;0.0179
2160;13-DAPI-1-40x-760ms.tif;NBL;0.0336;0.0336;84.6806;0.6935;2.8484;0.0233
2161;13-DAPI-1-40x-760ms.tif;NBL;0.0317;0.0317;97.9041;0.5342;3.102;0.0169
2162;13-DAPI-1-40x-760ms.tif;NBL;0.1107;0.1107;74.4108;0.5608;8.2356;0.0621
2163;13-DAPI-1-40x-760ms.tif;NBL;0.0714;0.0714;104.9924;0.9271;7.4962;0.0662
2164;13-DAPI-1-40x-760ms.tif;NBL;0.0785;0.0785;113.1231;1.13;8.8746;0.0887
2165;13-DAPI-1-40x-760ms.tif;NBL;0.0449;0.0449;107.913;1.1135;4.8477;0.05
2166;13-DAPI-1-40x-760ms.tif;NBL;0.1219;0.1219;113.1193;1.3598;13.784;0.1657
2167;13-DAPI-1-40x-760ms.tif;NBL;0.0955;0.0955;119.5818;1.3682;11.4184;0.1306
2168;13-DAPI-1-40x-760ms.tif;NBL;0.0711;0.0711;111.0916;0.6092;7.8955;0.0433
2169;13-DAPI-1-40x-760ms.tif;NBL;0.0643;0.0643;93.1298;0.8364;5.9924;0.0538
2170;13-DAPI-1-40x-760ms.tif;NBL;0.0726;0.0726;93.6278;0.7698;6.7965;0.0559
2171;13-DAPI-1-40x-760ms.tif;NBL;0.0975;0.0975;113.723;1.0701;11.0934;0.1044
2172;13-DAPI-1-40x-760ms.tif;NBL;0.0661;0.0661;105.1264;1.3005;6.9468;0.0859
2173;13-DAPI-1-40x-760ms.tif;NBL;0.0419;0.0419;114.3575;1.329;4.7897;0.0557
2174;13-DAPI-1-40x-760ms.tif;NBL;0.0526;0.0526;98.1876;1.2474;5.1672;0.0656
2175;13-DAPI-1-40x-760ms.tif;NBL;0.1075;0.1075;117.6751;1.2755;12.6536;0.1372
2176;13-DAPI-1-40x-760ms.tif;NBL;0.1064;0.1064;120.7554;1.3802;12.8538;0.1469
2177;13-DAPI-1-40x-760ms.tif;NBL;0.0151;0.0151;69.7554;1.2014;1.0521;0.0181
2178;13-DAPI-1-40x-760ms.tif;NBL;0.0795;0.0795;85.0232;1.0232;6.7624;0.0814
2179;13-DAPI-1-40x-760ms.tif;NBL;0.0359;0.0359;84.9758;0.9607;3.052;0.0345
2180;13-DAPI-1-40x-760ms.tif;NBL;0.0877;0.0877;97.0371;0.875;8.5076;0.0767
2181;13-DAPI-1-40x-760ms.tif;NBL;0.0539;0.0539;101.3823;0.6901;5.4673;0.0372
2182;13-DAPI-1-40x-760ms.tif;NBL;0.0865;0.0865;74.128;0.2836;6.4106;0.0245
2183;13-DAPI-1-40x-760ms.tif;NBL;0.0391;0.0391;52.7222;0.5417;2.0595;0.0212
2184;13-DAPI-1-40x-760ms.tif;NBL;0.0693;0.0693;93.6557;0.0923;6.4937;0.0064
2185;13-DAPI-1-40x-760ms.tif;NBL;0.0368;0.0368;105.8437;0.4159;3.8933;0.0153
2186;13-DAPI-1-40x-760ms.tif;NBL;0.0429;0.0429;115.8759;0.5165;4.9665;0.0221
2187;13-DAPI-1-40x-760ms.tif;NBL;0.0189;0.0189;82.6552;0.8046;1.5605;0.0152
2188;13-DAPI-1-40x-760ms.tif;NBL;0.0303;0.0303;70.8602;0.8853;2.1452;0.0268
2189;13-DAPI-1-40x-760ms.tif;NBL;0.0339;0.0339;118.0128;1.0994;3.9952;0.0372
2190;13-DAPI-1-40x-760ms.tif;NBL;0.1063;0.1063;96.7765;0.8724;10.2909;0.0928
2191;13-DAPI-1-40x-760ms.tif;NBL;0.0608;0.0608;108.8732;1.0304;6.6156;0.0626
2192;13-DAPI-1-40x-760ms.tif;NBL;0.0749;0.0749;102.2087;0.7826;7.6523;0.0586
2193;13-DAPI-1-40x-760ms.tif;NBL;0.1495;0.1495;75.9695;0.7373;11.3592;0.1102
2194;13-DAPI-1-40x-760ms.tif;NBL;0.0921;0.0921;106.9152;0.7397;9.8493;0.0681
2195;13-DAPI-1-40x-760ms.tif;NBL;0.0262;0.0262;110.6888;0.9627;2.8945;0.0252
2196;13-DAPI-1-40x-760ms.tif;NBL;0.035;0.035;87.3467;0.7461;3.0613;0.0262
2197;13-DAPI-1-40x-760ms.tif;NBL;0.0706;0.0706;112.1398;0.3779;7.9213;0.0267
2198;13-DAPI-1-40x-760ms.tif;NBL;0.0628;0.0628;97.1416;0.3264;6.103;0.0205
2199;14-DAPI-1-40x-760ms.tif;NBL;0.0514;0.0514;88.0654;0.7806;4.5294;0.0401
2200;14-DAPI-1-40x-760ms.tif;NBL;0.0395;0.0395;101.0522;0.9615;3.9912;0.038
2201;14-DAPI-1-40x-760ms.tif;NBL;0.0569;0.0569;63.687;0.6947;3.6211;0.0395
2202;14-DAPI-1-40x-760ms.tif;NBL;0.0571;0.0571;83.1483;0.6521;4.7457;0.0372
2203;14-DAPI-1-40x-760ms.tif;NBL;0.0622;0.0622;48.2234;0.4049;2.9983;0.0252
2204;14-DAPI-1-40x-760ms.tif;NBL;0.0754;0.0754;44.977;0.4561;3.3918;0.0344
2205;14-DAPI-1-40x-760ms.tif;NBL;0.0727;0.0727;74.3299;0.5836;5.4038;0.0424
2206;14-DAPI-1-40x-760ms.tif;NBL;0.0505;0.0505;73.7054;0.6559;3.7189;0.0331
2207;14-DAPI-1-40x-760ms.tif;NBL;0.0594;0.0594;78.6435;0.7514;4.6678;0.0446
2208;14-DAPI-1-40x-760ms.tif;NBL;0.074;0.074;95.5323;0.8299;7.0696;0.0614
2209;14-DAPI-1-40x-760ms.tif;NBL;0.0609;0.0609;70.9483;0.7522;4.3188;0.0458
2210;14-DAPI-1-40x-760ms.tif;NBL;0.0516;0.0516;96.9055;1.2605;5.0051;0.0651
2211;14-DAPI-1-40x-760ms.tif;NBL;0.0409;0.0409;90.6976;1.13;3.7102;0.0462
2212;14-DAPI-1-40x-760ms.tif;NBL;0.037;0.037;100.0293;1.2111;3.7012;0.0448
2213;14-DAPI-1-40x-760ms.tif;NBL;0.0417;0.0417;73.5521;0.7526;3.0647;0.0314
2214;14-DAPI-1-40x-760ms.tif;NBL;0.0436;0.0436;93.893;0.7512;4.0956;0.0328
2215;14-DAPI-1-40x-760ms.tif;NBL;0.0939;0.0939;50.059;0.4624;4.6985;0.0434
2216;14-DAPI-1-40x-760ms.tif;NBL;0.0436;0.0436;45.7463;0.408;1.9954;0.0178
2217;14-DAPI-1-40x-760ms.tif;NBL;0.0421;0.0421;55.3531;0.5284;2.3304;0.0222
2218;14-DAPI-1-40x-760ms.tif;NBL;0.0252;0.0252;49.5129;0.4914;1.2464;0.0124
2219;14-DAPI-1-40x-760ms.tif;NBL;0.0526;0.0526;78.099;0.5113;4.11;0.0269
2220;14-DAPI-1-40x-760ms.tif;NBL;0.0522;0.0522;99.2848;0.5967;5.1819;0.0311
2221;14-DAPI-1-40x-760ms.tif;NBL;0.0533;0.0533;66.0061;1.6456;3.5166;0.0877
2222;14-DAPI-1-40x-760ms.tif;NBL;0.0178;0.0178;99.9695;0.9268;1.779;0.0165
2223;14-DAPI-1-40x-760ms.tif;NBL;0.0277;0.0277;78.349;1.1451;2.1679;0.0317
2224;14-DAPI-1-40x-760ms.tif;NBL;0.0307;0.0307;96.2686;0.9894;2.9562;0.0304
2225;14-DAPI-1-40x-760ms.tif;NBL;0.0532;0.0532;78.8143;1.1143;4.1904;0.0592
2226;14-DAPI-1-40x-760ms.tif;NBL;0.0412;0.0412;103.8526;1.4737;4.2821;0.0608
2227;14-DAPI-1-40x-760ms.tif;NBL;0.0165;0.0165;91.3487;1.1711;1.5066;0.0193
2228;14-DAPI-1-40x-760ms.tif;NBL;0.0332;0.0332;98.5588;1.2484;3.2725;0.0414
2229;14-DAPI-1-40x-760ms.tif;NBL;0.0365;0.0365;86.8274;0.756;3.1656;0.0276
2230;14-DAPI-1-40x-760ms.tif;NBL;0.0498;0.0498;98.2505;1.1983;4.8933;0.0597
2231;14-DAPI-1-40x-760ms.tif;NBL;0.0382;0.0382;92.2074;0.8153;3.5218;0.0311
2232;14-DAPI-1-40x-760ms.tif;NBL;0.0559;0.0559;96.7786;0.835;5.4081;0.0467
2233;14-DAPI-1-40x-760ms.tif;NBL;0.0392;0.0392;64.4294;0.6205;2.5238;0.0243
2234;14-DAPI-1-40x-760ms.tif;NBL;0.0544;0.0544;65.5629;0.5349;3.5641;0.0291
2235;14-DAPI-1-40x-760ms.tif;NBL;0.0908;0.0908;59.2306;0.2652;5.3793;0.0241
2236;14-DAPI-1-40x-760ms.tif;NBL;0.0601;0.0601;67.426;0.8087;4.0532;0.0486
2237;14-DAPI-1-40x-760ms.tif;NBL;0.0294;0.0294;63.2546;0.893;1.86;0.0263
2238;14-DAPI-1-40x-760ms.tif;NBL;0.077;0.077;56.4592;0.4028;4.3496;0.031
2239;14-DAPI-1-40x-760ms.tif;NBL;0.0607;0.0607;78.4114;0.5063;4.7561;0.0307
2240;14-DAPI-1-40x-760ms.tif;NBL;0.0573;0.0573;77.6591;1.3371;4.4492;0.0766
2241;14-DAPI-1-40x-760ms.tif;NBL;0.0722;0.0722;96.8812;2.3985;6.9907;0.1731
2242;14-DAPI-1-40x-760ms.tif;NBL;0.0647;0.0647;100.4178;1.7315;6.494;0.112
2243;14-DAPI-1-40x-760ms.tif;NBL;0.0711;0.0711;86.374;1.4122;6.1388;0.1004
2244;14-DAPI-1-40x-760ms.tif;NBL;0.0354;0.0354;77.8313;1.4202;2.7531;0.0502
2245;14-DAPI-1-40x-760ms.tif;NBL;0.0451;0.0451;68.8053;1.5168;3.1058;0.0685
2246;14-DAPI-1-40x-760ms.tif;NBL;0.0633;0.0633;52.3345;1.5883;3.3107;0.1005
2247;14-DAPI-1-40x-760ms.tif;NBL;0.0457;0.0457;93.6888;1.5891;4.2798;0.0726
2248;14-DAPI-1-40x-760ms.tif;NBL;0.0418;0.0418;86.4156;1.5636;3.61;0.0653
2249;14-DAPI-1-40x-760ms.tif;NBL;0.0393;0.0393;59.511;1.2403;2.3376;0.0487
2250;14-DAPI-1-40x-760ms.tif;NBL;0.039;0.039;64.5738;1.3788;2.5154;0.0537
2251;14-DAPI-1-40x-760ms.tif;NBL;0.0599;0.0599;59.4601;1.1395;3.5614;0.0683
2252;14-DAPI-1-40x-760ms.tif;NBL;0.036;0.036;64.1687;0.9819;2.3116;0.0354
2253;14-DAPI-1-40x-760ms.tif;NBL;0.0348;0.0348;98.9626;1.2741;3.4469;0.0444
2254;14-DAPI-1-40x-760ms.tif;NBL;0.0256;0.0256;101.5508;2.0254;2.6005;0.0519
2255;14-DAPI-1-40x-760ms.tif;NBL;0.0435;0.0435;103.8803;1.7431;4.52;0.0758
2256;14-DAPI-1-40x-760ms.tif;NBL;0.0355;0.0355;101.633;1.7462;3.6061;0.062
2257;14-DAPI-1-40x-760ms.tif;NBL;0.0214;0.0214;90.4873;1.401;1.9342;0.0299
2258;14-DAPI-1-40x-760ms.tif;NBL;0.0224;0.0224;81.9854;1.3981;1.8326;0.0312
2259;14-DAPI-1-40x-760ms.tif;NBL;0.0386;0.0386;88.7163;1.5;3.427;0.0579
2260;14-DAPI-1-40x-760ms.tif;NBL;0.0434;0.0434;89.9425;1.3325;3.9038;0.0578
2261;14-DAPI-1-40x-760ms.tif;NBL;0.0256;0.0256;82.9873;1.4237;2.1251;0.0365
2262;14-DAPI-1-40x-760ms.tif;NBL;0.0437;0.0437;96.4169;1.6873;4.2161;0.0738
2263;14-DAPI-1-40x-760ms.tif;NBL;0.0329;0.0329;96.4851;1.3069;3.1722;0.043
2264;14-DAPI-1-40x-760ms.tif;NBL;0.0183;0.0183;95.6923;1.4142;1.7548;0.0259
2265;14-DAPI-1-40x-760ms.tif;NBL;0.0373;0.0373;86.6279;1.6395;3.2335;0.0612
2266;14-DAPI-1-40x-760ms.tif;NBL;0.0342;0.0342;94.4857;1.8127;3.2295;0.062
2267;14-DAPI-1-40x-760ms.tif;NBL;0.0282;0.0282;88.5308;1.5654;2.4976;0.0442
2268;14-DAPI-1-40x-760ms.tif;NBL;0.0457;0.0457;85.9216;0.8171;3.925;0.0373
2269;14-DAPI-1-40x-760ms.tif;NBL;0.0294;0.0294;92.786;0.8007;2.7284;0.0235
2270;14-DAPI-1-40x-760ms.tif;NBL;0.0383;0.0383;89.2578;0.9037;3.4188;0.0346
2271;14-DAPI-1-40x-760ms.tif;NBL;0.0741;0.0741;79.0044;1.6896;5.855;0.1252
2272;14-DAPI-1-40x-760ms.tif;NBL;0.055;0.055;68.4872;1.9882;3.7677;0.1094
2273;14-DAPI-1-40x-760ms.tif;NBL;0.0685;0.0685;104.1807;2.3518;7.133;0.161
2274;14-DAPI-1-40x-760ms.tif;NBL;0.0369;0.0369;65.1176;1.4441;2.4023;0.0533
2275;14-DAPI-1-40x-760ms.tif;NBL;0.0493;0.0493;110.2577;2.5374;5.4315;0.125
2276;14-DAPI-1-40x-760ms.tif;NBL;0.0245;0.0245;76.177;1.6239;1.8681;0.0398
2277;14-DAPI-1-40x-760ms.tif;NBL;0.0439;0.0439;65.9654;1.6025;2.8989;0.0704
2278;14-DAPI-1-40x-760ms.tif;NBL;0.0641;0.0641;48.9357;0.956;3.1381;0.0613
2279;14-DAPI-1-40x-760ms.tif;NBL;0.0456;0.0456;77.3952;1.7262;3.5271;0.0787
2280;14-DAPI-1-40x-760ms.tif;NBL;0.0308;0.0308;74.3556;1.6514;2.2913;0.0509
2281;14-DAPI-1-40x-760ms.tif;NBL;0.0602;0.0602;94.809;2.1892;5.7095;0.1318
2282;14-DAPI-1-40x-760ms.tif;NBL;0.0433;0.0433;92.1479;1.2581;3.9895;0.0545
2283;14-DAPI-1-40x-760ms.tif;NBL;0.0248;0.0248;98.0349;1.1878;2.436;0.0295
2284;14-DAPI-1-40x-760ms.tif;NBL;0.0572;0.0572;81.1954;2.2296;4.643;0.1275
2285;14-DAPI-1-40x-760ms.tif;NBL;0.0356;0.0356;102.75;2.2348;3.6569;0.0795
2286;14-DAPI-1-40x-760ms.tif;NBL;0.0553;0.0553;102.3255;2.1863;5.6625;0.121
2287;14-DAPI-1-40x-760ms.tif;NBL;0.0465;0.0465;84.7716;1.3846;3.9461;0.0645
2288;14-DAPI-1-40x-760ms.tif;NBL;0.0588;0.0588;89.1587;1.3598;5.2435;0.08
2289;14-DAPI-1-40x-760ms.tif;NBL;0.0463;0.0463;113.2319;2.1101;5.2463;0.0978
2290;14-DAPI-1-40x-760ms.tif;NBL;0.0775;0.0775;98.2479;2.2353;7.6117;0.1732
2291;14-DAPI-1-40x-760ms.tif;NBL;0.0291;0.0291;88.1194;1.4478;2.5625;0.0421
2292;14-DAPI-1-40x-760ms.tif;NBL;0.0323;0.0323;86.4463;1.0537;2.7952;0.0341
2293;14-DAPI-1-40x-760ms.tif;NBL;0.04;0.04;100.8157;1.8347;4.0366;0.0735
2294;14-DAPI-1-40x-760ms.tif;NBL;0.0449;0.0449;99.7271;2;4.4799;0.0898
2295;14-DAPI-1-40x-760ms.tif;NBL;0.0486;0.0486;101.7098;1.8795;4.9442;0.0914
2296;14-DAPI-1-40x-760ms.tif;NBL;0.0271;0.0271;105.3;1.944;2.8564;0.0527
2297;14-DAPI-1-40x-760ms.tif;NBL;0.035;0.035;101.2693;1.8638;3.5493;0.0653
2298;14-DAPI-1-40x-760ms.tif;NBL;0.0419;0.0419;88.9171;1.7591;3.7242;0.0737
2299;14-DAPI-1-40x-760ms.tif;NBL;0.0451;0.0451;95.3053;1.8101;4.302;0.0817
2300;14-DAPI-1-40x-760ms.tif;NBL;0.045;0.045;106.1952;3.9494;4.782;0.1778
2301;14-DAPI-1-40x-760ms.tif;NBL;0.0267;0.0267;83.8008;1.5691;2.2369;0.0419
2302;14-DAPI-1-40x-760ms.tif;NBL;0.0285;0.0285;94.1483;1.1255;2.6867;0.0321
2303;14-DAPI-1-40x-760ms.tif;NBL;0.028;0.028;97.938;1.3605;2.7418;0.0381
2304;14-DAPI-1-40x-760ms.tif;NBL;0.0332;0.0332;98.3072;2.0261;3.2641;0.0673
2305;14-DAPI-1-40x-760ms.tif;NBL;0.0403;0.0403;97.1186;1.434;3.9096;0.0577
2306;14-DAPI-1-40x-760ms.tif;NBL;0.036;0.036;102.9187;1.7259;3.7076;0.0622
2307;14-DAPI-1-40x-760ms.tif;NBL;0.0582;0.0582;95.8228;1.1959;5.573;0.0696
2308;14-DAPI-1-40x-760ms.tif;NBL;0.0418;0.0418;96.7429;1.3792;4.0414;0.0576
2309;14-DAPI-1-40x-760ms.tif;NBL;0.0464;0.0464;102.9977;1.7033;4.7833;0.0791
2310;14-DAPI-1-40x-760ms.tif;NBL;0.0545;0.0545;97.7769;1.8068;5.326;0.0984
2311;14-DAPI-1-40x-760ms.tif;NBL;0.052;0.052;109.7933;3.0877;5.7065;0.1605
2312;14-DAPI-1-40x-760ms.tif;NBL;0.1188;0.1188;66.5306;1.7406;7.9048;0.2068
2313;14-DAPI-1-40x-760ms.tif;NBL;0.0934;0.0934;64.7816;1.7329;6.0522;0.1619
2314;14-DAPI-1-40x-760ms.tif;NBL;0.0943;0.0943;98.3797;1.1864;9.2765;0.1119
2315;14-DAPI-1-40x-760ms.tif;NBL;0.0871;0.0871;79.1694;1.6214;6.8981;0.1413
2316;14-DAPI-1-40x-760ms.tif;NBL;0.0884;0.0884;86.6356;1.9202;7.6615;0.1698
2317;14-DAPI-1-40x-760ms.tif;NBL;0.094;0.094;72.6455;1.6905;6.8263;0.1589
2318;14-DAPI-1-40x-760ms.tif;NBL;0.0913;0.0913;57.5541;1.4423;5.2521;0.1316
2319;14-DAPI-1-40x-760ms.tif;NBL;0.0774;0.0774;87.7195;1.4194;6.7865;0.1098
2320;14-DAPI-1-40x-760ms.tif;NBL;0.0522;0.0522;103.2682;2.0229;5.3898;0.1056
2321;14-DAPI-1-40x-760ms.tif;NBL;0.0766;0.0766;105.1119;2.4221;8.0522;0.1855
2322;14-DAPI-1-40x-760ms.tif;NBL;0.0884;0.0884;88.4883;1.9043;7.8253;0.1684
2323;14-DAPI-1-40x-760ms.tif;NBL;0.0312;0.0312;61.5174;1.6111;1.9224;0.0503
2324;14-DAPI-1-40x-760ms.tif;NBL;0.0539;0.0539;89.9256;1.4406;4.8495;0.0777
2325;14-DAPI-1-40x-760ms.tif;NBL;0.0538;0.0538;87.7843;1.7056;4.7245;0.0918
2326;14-DAPI-1-40x-760ms.tif;NBL;0.0443;0.0443;86.6422;1.723;3.8357;0.0763
2327;14-DAPI-1-40x-760ms.tif;NBL;0.072;0.072;83.4744;1.7575;6.0142;0.1266
2328;14-DAPI-1-40x-760ms.tif;NBL;0.0732;0.0732;91.8311;1.7081;6.7259;0.1251
2329;14-DAPI-1-40x-760ms.tif;NBL;0.0802;0.0802;102.0582;2.0771;8.1837;0.1666
2330;14-DAPI-1-40x-760ms.tif;NBL;0.0532;0.0532;107.5143;2.5653;5.7164;0.1364
2331;14-DAPI-1-40x-760ms.tif;NBL;0.0545;0.0545;112.4024;2.9143;6.1226;0.1587
2332;14-DAPI-1-40x-760ms.tif;NBL;0.035;0.035;120.1858;2.8483;4.2122;0.0998
2333;14-DAPI-1-40x-760ms.tif;NBL;0.0556;0.0556;99.9062;2.3945;5.5503;0.133
2334;14-DAPI-1-40x-760ms.tif;NBL;0.0724;0.0724;98.2084;2.0735;7.1077;0.1501
2335;14-DAPI-1-40x-760ms.tif;NBL;0.054;0.054;94.2108;1.9036;5.0908;0.1029
2336;14-DAPI-1-40x-760ms.tif;NBL;0.0399;0.0399;97.6168;1.6087;3.8979;0.0642
2337;14-DAPI-1-40x-760ms.tif;NBL;0.0265;0.0265;97.5902;1.5697;2.5838;0.0416
2338;14-DAPI-1-40x-760ms.tif;NBL;0.0243;0.0243;91.2411;1.3348;2.2177;0.0324
2339;14-DAPI-1-40x-760ms.tif;NBL;0.0455;0.0455;95.4368;1.7422;4.339;0.0792
2340;14-DAPI-1-40x-760ms.tif;NBL;0.0513;0.0513;78.3763;1.2114;4.0226;0.0622
2341;14-DAPI-1-40x-760ms.tif;NBL;0.0445;0.0445;84.7707;1.839;3.7713;0.0818
2342;14-DAPI-1-40x-760ms.tif;NBL;0.0494;0.0494;92.3407;2.1209;4.5589;0.1047
2343;14-DAPI-1-40x-760ms.tif;NBL;0.0321;0.0321;88.1926;1.9189;2.8326;0.0616
2344;14-DAPI-1-40x-760ms.tif;NBL;0.0482;0.0482;81.4009;1.6644;3.9217;0.0802
2345;14-DAPI-1-40x-760ms.tif;NBL;0.0503;0.0503;85.2651;1.7306;4.2929;0.0871
2346;14-DAPI-1-40x-760ms.tif;NBL;0.0794;0.0794;96.4713;1.5027;7.6624;0.1194
2347;14-DAPI-1-40x-760ms.tif;NBL;0.0385;0.0385;90.8423;1.1493;3.4992;0.0443
2348;14-DAPI-1-40x-760ms.tif;NBL;0.0272;0.0272;103.6215;1.8884;2.8222;0.0514
2349;14-DAPI-1-40x-760ms.tif;NBL;0.0196;0.0196;93.0055;1.558;1.8266;0.0306
2350;14-DAPI-1-40x-760ms.tif;NBL;0.0556;0.0556;96.0332;1.5918;5.3352;0.0884
2351;14-DAPI-1-40x-760ms.tif;NBL;0.054;0.054;102.2369;2.2871;5.5245;0.1236
2352;14-DAPI-1-40x-760ms.tif;NBL;0.0266;0.0266;102.8612;3.102;2.7345;0.0825
2353;14-DAPI-1-40x-760ms.tif;NBL;0.0271;0.0271;103.42;2.524;2.8054;0.0685
2354;14-DAPI-1-40x-760ms.tif;NBL;0.035;0.035;98.8854;2.0372;3.4657;0.0714
2355;14-DAPI-1-40x-760ms.tif;NBL;0.0485;0.0485;86.1902;1.5772;4.1804;0.0765
2356;14-DAPI-1-40x-760ms.tif;NBL;0.0685;0.0685;80.1284;1.9984;5.4862;0.1368
2357;14-DAPI-1-40x-760ms.tif;NBL;0.0387;0.0387;94.9972;1.3165;3.6799;0.051
2358;14-DAPI-1-40x-760ms.tif;NBL;0.0239;0.0239;77.8182;1.3136;1.8576;0.0314
2359;14-DAPI-1-40x-760ms.tif;NBL;0.0225;0.0225;87.4348;1.5749;1.9639;0.0354
2360;14-DAPI-1-40x-760ms.tif;NBL;0.0459;0.0459;92.8747;1.0142;4.2628;0.0465
2361;14-DAPI-1-40x-760ms.tif;NBL;0.0639;0.0639;93.0475;1.6316;5.9467;0.1043
2362;14-DAPI-1-40x-760ms.tif;NBL;0.0182;0.0182;75.0536;1.2143;1.3682;0.0221
2363;14-DAPI-1-40x-760ms.tif;NBL;0.0455;0.0455;90.0072;1.4749;4.0921;0.0671
2364;14-DAPI-1-40x-760ms.tif;NBL;0.05;0.05;95.6443;1.2538;4.7843;0.0627
2365;14-DAPI-1-40x-760ms.tif;NBL;0.032;0.032;92.3186;1.6068;2.9551;0.0514
2366;14-DAPI-1-40x-760ms.tif;NBL;0.0492;0.0492;92.6909;1.4525;4.5561;0.0714
2367;14-DAPI-1-40x-760ms.tif;NBL;0.0289;0.0289;93.5188;1.2068;2.6992;0.0348
2368;14-DAPI-1-40x-760ms.tif;NBL;0.0341;0.0341;91.7197;1.3917;3.125;0.0474
2369;14-DAPI-1-40x-760ms.tif;NBL;0.0371;0.0371;91.7281;1.3772;3.404;0.0511
2370;14-DAPI-1-40x-760ms.tif;NBL;0.0276;0.0276;87.4921;0.7677;2.4113;0.0212
2371;14-DAPI-1-40x-760ms.tif;NBL;0.053;0.053;87.3033;1.4344;4.6228;0.076
2372;14-DAPI-1-40x-760ms.tif;NBL;0.0398;0.0398;92.248;1.9673;3.6735;0.0783
2373;14-DAPI-1-40x-760ms.tif;NBL;0.0368;0.0368;93.2006;2.1976;3.4283;0.0808
2374;14-DAPI-1-40x-760ms.tif;NBL;0.0418;0.0418;85.6338;1.5455;3.5774;0.0646
2375;14-DAPI-1-40x-760ms.tif;NBL;0.0302;0.0302;80.6403;0.946;2.4325;0.0285
2376;14-DAPI-1-40x-760ms.tif;NBL;0.0241;0.0241;100.0541;1.6171;2.4102;0.039
2377;14-DAPI-1-40x-760ms.tif;NBL;0.035;0.035;92.4675;1.4985;3.2408;0.0525
2378;14-DAPI-1-40x-760ms.tif;NBL;0.035;0.035;98.4211;1.4644;3.4494;0.0513
2379;14-DAPI-1-40x-760ms.tif;NBL;0.0386;0.0386;96.4354;1.4354;3.7252;0.0554
2380;14-DAPI-1-40x-760ms.tif;NBL;0.0371;0.0371;94.2749;1.3889;3.4985;0.0515
2381;14-DAPI-1-40x-760ms.tif;NBL;0.0413;0.0413;90.9974;1.231;3.7619;0.0509
2382;14-DAPI-1-40x-760ms.tif;NBL;0.0511;0.0511;64.6115;1.0297;3.3021;0.0526
2383;14-DAPI-1-40x-760ms.tif;NBL;0.028;0.028;87.845;1.4496;2.4592;0.0406
2384;14-DAPI-1-40x-760ms.tif;NBL;0.0458;0.0458;87.4526;1.5332;4.0044;0.0702
2385;14-DAPI-1-40x-760ms.tif;NBL;0.0272;0.0272;92.1952;1.6215;2.511;0.0442
2386;14-DAPI-1-40x-760ms.tif;NBL;0.0495;0.0495;92.068;1.1952;4.5554;0.0591
2387;14-DAPI-1-40x-760ms.tif;NBL;0.059;0.059;86.5864;1.5368;5.111;0.0907
2388;14-DAPI-1-40x-760ms.tif;NBL;0.0414;0.0414;84.6937;1.5105;3.5105;0.0626
2389;14-DAPI-1-40x-760ms.tif;NBL;0.0334;0.0334;83.237;1.9286;2.7818;0.0645
2390;14-DAPI-1-40x-760ms.tif;NBL;0.0627;0.0627;86.0813;1.2526;5.3988;0.0786
2391;14-DAPI-1-40x-760ms.tif;NBL;0.0365;0.0365;55.3631;1.4851;2.0184;0.0541
2392;14-DAPI-1-40x-760ms.tif;NBL;0.0676;0.0676;87.8218;1.5795;5.9367;0.1068
2393;14-DAPI-1-40x-760ms.tif;NBL;0.0382;0.0382;75.6477;1.2898;2.8893;0.0493
2394;14-DAPI-1-40x-760ms.tif;NBL;0.0634;0.0634;87.5462;1.5702;5.5476;0.0995
2395;14-DAPI-1-40x-760ms.tif;NBL;0.0465;0.0465;104;1.7576;4.8411;0.0818
2396;14-DAPI-1-40x-760ms.tif;NBL;0.0467;0.0467;93.6186;1.7558;4.3681;0.0819
2397;14-DAPI-1-40x-760ms.tif;NBL;0.0548;0.0548;106.5822;3.297;5.8403;0.1807
2398;14-DAPI-1-40x-760ms.tif;NBL;0.0678;0.0678;109.1392;4.3184;7.4015;0.2929
2399;14-DAPI-1-40x-760ms.tif;NBL;0.0457;0.0457;81.6675;1.9074;3.7307;0.0871
2400;14-DAPI-1-40x-760ms.tif;NBL;0.0515;0.0515;86.4295;2.5853;4.4546;0.1332
2401;14-DAPI-1-40x-760ms.tif;NBL;0.0761;0.0761;100.2739;1.689;7.6272;0.1285
2402;14-DAPI-1-40x-760ms.tif;NBL;0.0482;0.0482;102.2432;2.0158;4.9258;0.0971
2403;14-DAPI-1-40x-760ms.tif;NBL;0.0404;0.0404;90.3763;1.7876;3.648;0.0722
2404;14-DAPI-1-40x-760ms.tif;NBL;0.0367;0.0367;84.9586;2.6509;3.1159;0.0972
2405;14-DAPI-1-40x-760ms.tif;NBL;0.0423;0.0423;94.5256;2.3718;4.0001;0.1004
2406;14-DAPI-1-40x-760ms.tif;NBL;0.0587;0.0587;76.9908;2.0887;4.5195;0.1226
2407;14-DAPI-1-40x-760ms.tif;NBL;0.0522;0.0522;98.0832;2.1123;5.1191;0.1102
2408;14-DAPI-1-40x-760ms.tif;NBL;0.0458;0.0458;79.3863;1.782;3.6351;0.0816
2409;14-DAPI-1-40x-760ms.tif;NBL;0.047;0.047;91.5381;1.9007;4.3008;0.0893
2410;14-DAPI-1-40x-760ms.tif;NBL;0.0337;0.0337;75.2797;1.5949;2.5404;0.0538
2411;14-DAPI-1-40x-760ms.tif;NBL;0.0182;0.0182;81.5893;1.6548;1.4873;0.0302
2412;14-DAPI-1-40x-760ms.tif;NBL;0.0492;0.0492;84.6623;1.6689;4.1615;0.082
2413;14-DAPI-1-40x-760ms.tif;NBL;0.0373;0.0373;93.0698;1.8372;3.474;0.0686
2414;14-DAPI-1-40x-760ms.tif;NBL;0.0335;0.0335;83.4304;1.8414;2.7973;0.0617
2415;14-DAPI-1-40x-760ms.tif;NBL;0.0361;0.0361;89.2282;1.8679;3.2241;0.0675
2416;14-DAPI-1-40x-760ms.tif;NBL;0.0349;0.0349;92.1522;1.7547;3.2197;0.0613
2417;14-DAPI-1-40x-760ms.tif;NBL;0.0222;0.0222;80.0098;1.4927;1.7797;0.0332
2418;14-DAPI-1-40x-760ms.tif;NBL;0.0484;0.0484;87.8094;1.222;4.2495;0.0591
2419;14-DAPI-1-40x-760ms.tif;NBL;0.0578;0.0578;98.182;1.5553;5.6783;0.09
2420;14-DAPI-1-40x-760ms.tif;NBL;0.0221;0.0221;98.3578;3.3235;2.1772;0.0736
2421;14-DAPI-1-40x-760ms.tif;NBL;0.0276;0.0276;88.4094;1.8307;2.4366;0.0505
2422;14-DAPI-1-40x-760ms.tif;NBL;0.0356;0.0356;95.3689;2.4116;3.3942;0.0858
2423;14-DAPI-1-40x-760ms.tif;NBL;0.0344;0.0344;104.4984;3.8107;3.5944;0.1311
2424;14-DAPI-1-40x-760ms.tif;NBL;0.0345;0.0345;105.3742;3.1698;3.636;0.1094
2425;14-DAPI-1-40x-760ms.tif;NBL;0.0596;0.0596;58.7505;2.7978;3.4998;0.1667
2426;14-DAPI-1-40x-760ms.tif;NBL;0.0767;0.0767;68.2376;2.6167;5.2348;0.2007
2427;14-DAPI-1-40x-760ms.tif;NBL;0.0616;0.0616;77.3134;3.2324;4.765;0.1992
2428;14-DAPI-1-40x-760ms.tif;NBL;0.0458;0.0458;70.6659;3.9242;3.2358;0.1797
2429;14-DAPI-1-40x-760ms.tif;NBL;0.0311;0.0311;82.8571;2.2439;2.5803;0.0699
2430;14-DAPI-1-40x-760ms.tif;NBL;0.02;0.02;59.3804;2.0598;1.1855;0.0411
2431;14-DAPI-1-40x-760ms.tif;NBL;0.0251;0.0251;73.7403;1.8009;1.8483;0.0451
2432;14-DAPI-1-40x-760ms.tif;NBL;0.035;0.035;90.4334;1.4768;3.1695;0.0518
2433;14-DAPI-1-40x-760ms.tif;NBL;0.0526;0.0526;86.8392;1.501;4.57;0.079
2434;14-DAPI-1-40x-760ms.tif;NBL;0.033;0.033;78.5395;1.7303;2.5907;0.0571
2435;14-DAPI-1-40x-760ms.tif;NBL;0.0497;0.0497;92.7838;1.4498;4.611;0.072
2436;14-DAPI-1-40x-760ms.tif;NBL;0.0452;0.0452;90.1199;1.295;4.0777;0.0586
2437;14-DAPI-1-40x-760ms.tif;NBL;0.0383;0.0383;98.4051;2.3286;3.7692;0.0892
2438;14-DAPI-1-40x-760ms.tif;NBL;0.037;0.037;98.0235;1.7009;3.627;0.0629
2439;14-DAPI-1-40x-760ms.tif;NBL;0.038;0.038;93.0571;1.0543;3.5341;0.04
2440;14-DAPI-1-40x-760ms.tif;NBL;0.0429;0.0429;94.2228;1.0861;4.0384;0.0465
2441;14-DAPI-1-40x-760ms.tif;NBL;0.0434;0.0434;98.0975;1.2925;4.2577;0.0561
2442;14-DAPI-1-40x-760ms.tif;NBL;0.0221;0.0221;90.2059;1.0882;1.9967;0.0241
2443;14-DAPI-1-40x-760ms.tif;NBL;0.0398;0.0398;81.9891;1.455;3.265;0.0579
2444;14-DAPI-1-40x-760ms.tif;NBL;0.0297;0.0297;86.1533;1.3942;2.5614;0.0414
2445;14-DAPI-1-40x-760ms.tif;NBL;0.0581;0.0581;92.6636;3.086;5.3792;0.1791
2446;14-DAPI-1-40x-760ms.tif;NBL;0.0241;0.0241;72.3108;1.3784;1.7419;0.0332
2447;14-DAPI-1-40x-760ms.tif;NBL;0.0363;0.0363;81.2478;1.5821;2.9533;0.0575
2448;14-DAPI-1-40x-760ms.tif;NBL;0.0444;0.0444;73.6601;1.6626;3.269;0.0738
2449;14-DAPI-1-40x-760ms.tif;NBL;0.0643;0.0643;101.9241;3.6779;6.5583;0.2367
