 ;Image;Region;Area-B;Area-G;Mean-B;Mean-G;IntDen-B;IntDen-G
1;01-DAPI-1-40x-402ms.tif;NBL;0.0519;0.0519;86.7741;0.9854;4.5007;0.0511
2;01-DAPI-1-40x-402ms.tif;NBL;0.034;0.034;79.5272;1.0767;2.701;0.0366
3;01-DAPI-1-40x-402ms.tif;NBL;0.0413;0.0413;77.4987;1.5591;3.2039;0.0645
4;01-DAPI-1-40x-402ms.tif;NBL;0.0135;0.0135;78.3145;1.5565;1.0537;0.0209
5;01-DAPI-1-40x-402ms.tif;NBL;0.0337;0.0337;81.6109;1.8553;2.754;0.0626
6;01-DAPI-1-40x-402ms.tif;NBL;0.022;0.022;104.6897;1.0148;2.306;0.0224
7;01-DAPI-1-40x-402ms.tif;NBL;0.0267;0.0267;98.1626;2.7317;2.6202;0.0729
8;01-DAPI-1-40x-402ms.tif;NBL;0.0587;0.0587;73.9649;1.6118;4.3419;0.0946
9;01-DAPI-1-40x-402ms.tif;NBL;0.0336;0.0336;88.5581;1.2935;2.9788;0.0435
10;01-DAPI-1-40x-402ms.tif;NBL;0.0397;0.0397;55.3607;0.9973;2.1986;0.0396
11;01-DAPI-1-40x-402ms.tif;NBL;0.0356;0.0356;60.9695;1.503;2.1699;0.0535
12;01-DAPI-1-40x-402ms.tif;NBL;0.0479;0.0479;89.7483;1.2268;4.2946;0.0587
13;01-DAPI-1-40x-402ms.tif;NBL;0.0352;0.0352;76.5556;1.1728;2.6914;0.0412
14;01-DAPI-1-40x-402ms.tif;NBL;0.0368;0.0368;73.0767;1.1475;2.688;0.0422
15;01-DAPI-1-40x-402ms.tif;NBL;0.0454;0.0454;75.1675;1.4211;3.4093;0.0645
16;01-DAPI-1-40x-402ms.tif;NBL;0.032;0.032;79.1254;1.6373;2.5328;0.0524
17;01-DAPI-1-40x-402ms.tif;NBL;0.0448;0.0448;90.4504;0.7554;4.0534;0.0339
18;01-DAPI-1-40x-402ms.tif;NBL;0.0273;0.0273;62.8016;1.0198;1.7172;0.0279
19;01-DAPI-1-40x-402ms.tif;NBL;0.0384;0.0384;71.8559;1.2062;2.7601;0.0463
20;01-DAPI-1-40x-402ms.tif;NBL;0.0401;0.0401;76.7054;2.0405;3.0795;0.0819
21;01-DAPI-1-40x-402ms.tif;NBL;0.0282;0.0282;89.7885;2.1038;2.5331;0.0594
22;01-DAPI-1-40x-402ms.tif;NBL;0.0189;0.0189;88;1.4253;1.6615;0.0269
23;01-DAPI-1-40x-402ms.tif;NBL;0.0331;0.0331;100.6984;1.3279;3.3326;0.0439
24;01-DAPI-1-40x-402ms.tif;NBL;0.0407;0.0407;106.696;1.696;4.3415;0.069
25;01-DAPI-1-40x-402ms.tif;NBL;0.0421;0.0421;71.2861;1.6649;3.0012;0.0701
26;01-DAPI-1-40x-402ms.tif;NBL;0.0289;0.0289;110.188;1.5639;3.1803;0.0451
27;01-DAPI-1-40x-402ms.tif;NBL;0.052;0.052;81.1795;1.7056;4.2193;0.0887
28;01-DAPI-1-40x-402ms.tif;NBL;0.0511;0.0511;71.4055;1.3503;3.6493;0.069
29;01-DAPI-1-40x-402ms.tif;NBL;0.0188;0.0188;114.5029;0.8613;2.1494;0.0162
30;01-DAPI-1-40x-402ms.tif;NBL;0.018;0.018;78.8554;1.4518;1.4204;0.0262
31;01-DAPI-1-40x-402ms.tif;NBL;0.0286;0.0286;82.4356;1.0606;2.3614;0.0304
32;01-DAPI-1-40x-402ms.tif;NBL;0.0253;0.0253;85.9828;1.3519;2.1738;0.0342
33;01-DAPI-1-40x-402ms.tif;NBL;0.0329;0.0329;89.9571;1.571;2.9576;0.0516
34;01-DAPI-1-40x-402ms.tif;NBL;0.0294;0.0294;79.4982;0.9077;2.3377;0.0267
35;01-DAPI-1-40x-402ms.tif;NBL;0.0472;0.0472;86.7931;1.2529;4.0967;0.0591
36;01-DAPI-1-40x-402ms.tif;NBL;0.0348;0.0348;65.4611;1.7414;2.2801;0.0607
37;01-DAPI-1-40x-402ms.tif;NBL;0.0267;0.0267;65.6138;1.7805;1.7514;0.0475
38;01-DAPI-1-40x-402ms.tif;NBL;0.0375;0.0375;52.1879;2.1792;1.9593;0.0818
39;01-DAPI-1-40x-402ms.tif;NBL;0.0344;0.0344;81.9905;2.0379;2.8202;0.0701
40;01-DAPI-1-40x-402ms.tif;NBL;0.0349;0.0349;68.9845;1.7174;2.4103;0.06
41;01-DAPI-1-40x-402ms.tif;NBL;0.0213;0.0213;112.0663;1.7653;2.3834;0.0375
42;01-DAPI-1-40x-402ms.tif;NBL;0.035;0.035;54.7214;1.4118;1.9179;0.0495
43;01-DAPI-1-40x-402ms.tif;NBL;0.0109;0.0109;80.92;1.55;0.878;0.0168
44;01-DAPI-1-40x-402ms.tif;NBL;0.0361;0.0361;66.7688;2.1862;2.4125;0.079
45;01-DAPI-1-40x-402ms.tif;NBL;0.0253;0.0253;107.0129;2.2704;2.7055;0.0574
46;01-DAPI-1-40x-402ms.tif;NBL;0.0245;0.0245;56.1062;1.5;1.3759;0.0368
47;01-DAPI-1-40x-402ms.tif;NBL;0.0289;0.0289;114.4962;1.7068;3.3047;0.0493
48;01-DAPI-1-40x-402ms.tif;NBL;0.0403;0.0403;85.6226;1.2884;3.4468;0.0519
49;01-DAPI-1-40x-402ms.tif;NBL;0.0291;0.0291;67.7052;0.6567;1.9689;0.0191
50;01-DAPI-1-40x-402ms.tif;NBL;0.0655;0.0655;103.4007;1.053;6.7767;0.069
51;01-DAPI-1-40x-402ms.tif;NBL;0.0273;0.0273;88.8373;1.6786;2.4291;0.0459
52;01-DAPI-1-40x-402ms.tif;NBL;0.0341;0.0341;106.1019;1.9172;3.615;0.0653
53;01-DAPI-1-40x-402ms.tif;NBL;0.0292;0.0292;86.6543;2.3903;2.5293;0.0698
54;01-DAPI-1-40x-402ms.tif;NBL;0.0444;0.0444;81.3203;1.6137;3.6089;0.0716
55;01-DAPI-1-40x-402ms.tif;NBL;0.0432;0.0432;74.6709;1.6658;3.2247;0.0719
56;01-DAPI-1-40x-402ms.tif;NBL;0.0454;0.0454;80.012;1.1124;3.629;0.0505
57;01-DAPI-1-40x-402ms.tif;NBL;0.0462;0.0462;70.7676;1.2066;3.2712;0.0558
58;01-DAPI-1-40x-402ms.tif;NBL;0.0319;0.0319;65.1939;1.119;2.0798;0.0357
59;01-DAPI-1-40x-402ms.tif;NBL;0.0263;0.0263;61.2851;0.9463;1.6093;0.0248
60;01-DAPI-1-40x-402ms.tif;NBL;0.0498;0.0498;90.6492;1.342;4.5148;0.0668
61;01-DAPI-1-40x-402ms.tif;NBL;0.0481;0.0481;67.702;1.4628;3.2543;0.0703
62;01-DAPI-1-40x-402ms.tif;NBL;0.0549;0.0549;79.8933;1.0059;4.3865;0.0552
63;01-DAPI-1-40x-402ms.tif;NBL;0.0413;0.0413;62.5984;1.1496;2.5879;0.0475
64;01-DAPI-1-40x-402ms.tif;NBL;0.0398;0.0398;104.3052;0.9755;4.1536;0.0388
65;01-DAPI-1-40x-402ms.tif;NBL;0.0515;0.0515;70.1242;1.0295;3.6143;0.0531
66;01-DAPI-1-40x-402ms.tif;NBL;0.0521;0.0521;101.0521;1.3083;5.2631;0.0681
67;01-DAPI-1-40x-402ms.tif;NBL;0.0337;0.0337;84.2444;1.5177;2.8429;0.0512
68;01-DAPI-1-40x-402ms.tif;NBL;0.0537;0.0537;51.901;1.5576;2.7877;0.0837
69;01-DAPI-1-40x-402ms.tif;NBL;0.0481;0.0481;72.4808;1.4379;3.484;0.0691
70;01-DAPI-1-40x-402ms.tif;NBL;0.0117;0.0117;55.8148;1.3056;0.6541;0.0153
71;01-DAPI-1-40x-402ms.tif;NBL;0.0407;0.0407;75.1653;2.2533;3.0585;0.0917
72;01-DAPI-1-40x-402ms.tif;NBL;0.0485;0.0485;70.7606;1.5235;3.4321;0.0739
73;01-DAPI-1-40x-402ms.tif;NBL;0.0284;0.0284;85.1145;1.4389;2.4197;0.0409
74;01-DAPI-1-40x-402ms.tif;NBL;0.0334;0.0334;82.9448;1.3961;2.772;0.0467
75;01-DAPI-1-40x-402ms.tif;NBL;0.0199;0.0199;56.7486;1.5191;1.1268;0.0302
76;01-DAPI-1-40x-402ms.tif;NBL;0.0282;0.0282;60.3846;1.6885;1.7036;0.0476
77;01-DAPI-1-40x-402ms.tif;NBL;0.0197;0.0197;55.9341;1.6703;1.1046;0.033
78;01-DAPI-1-40x-402ms.tif;NBL;0.016;0.016;49.3061;2.2721;0.7865;0.0362
79;01-DAPI-1-40x-402ms.tif;NBL;0.0163;0.0163;58.9067;1.1267;0.9588;0.0183
80;01-DAPI-1-40x-402ms.tif;NBL;0.0306;0.0306;63.078;1.4681;1.9301;0.0449
81;01-DAPI-1-40x-402ms.tif;NBL;0.0153;0.0153;75.7518;1.1844;1.159;0.0181
82;01-DAPI-1-40x-402ms.tif;NBL;0.0182;0.0182;78.1964;1.3214;1.4255;0.0241
83;01-DAPI-1-40x-402ms.tif;NBL;0.0225;0.0225;83.0145;1.0242;1.8646;0.023
84;01-DAPI-1-40x-402ms.tif;NBL;0.0419;0.0419;82.2591;1.4585;3.4453;0.0611
85;01-DAPI-1-40x-402ms.tif;NBL;0.0687;0.0687;60.2812;2.3254;4.1404;0.1597
86;01-DAPI-1-40x-402ms.tif;NBL;0.0738;0.0738;85.7721;1.7529;6.3287;0.1293
87;01-DAPI-1-40x-402ms.tif;NBL;0.0509;0.0509;78.3092;1.6333;3.9851;0.0831
88;01-DAPI-1-40x-402ms.tif;NBL;0.0294;0.0294;72.6384;1.69;2.136;0.0497
89;01-DAPI-1-40x-402ms.tif;NBL;0.0431;0.0431;88.995;1.1108;3.8337;0.0479
90;01-DAPI-1-40x-402ms.tif;NBL;0.031;0.031;71.6993;1.6294;2.225;0.0506
91;01-DAPI-1-40x-402ms.tif;NBL;0.0477;0.0477;67.825;0.9341;3.2382;0.0446
92;01-DAPI-1-40x-402ms.tif;NBL;0.0549;0.0549;73.2708;1.1917;4.0229;0.0654
93;01-DAPI-1-40x-402ms.tif;NBL;0.0218;0.0218;51.3085;1.5572;1.119;0.034
94;01-DAPI-1-40x-402ms.tif;NBL;0.0656;0.0656;86.4281;1.1818;5.6737;0.0776
95;01-DAPI-1-40x-402ms.tif;NBL;0.0393;0.0393;87.826;1.011;3.4498;0.0397
96;01-DAPI-1-40x-402ms.tif;NBL;0.0296;0.0296;48.8095;1.5714;1.4459;0.0465
97;01-DAPI-1-40x-402ms.tif;NBL;0.0444;0.0444;62.2861;1.7164;2.7642;0.0762
98;01-DAPI-1-40x-402ms.tif;NBL;0.0142;0.0142;65.0687;0.8321;0.9249;0.0118
99;01-DAPI-1-40x-402ms.tif;NBL;0.0407;0.0407;60.3733;1.384;2.4566;0.0563
100;01-DAPI-1-40x-402ms.tif;NBL;0.0399;0.0399;60;1.4701;2.3958;0.0587
101;01-DAPI-1-40x-402ms.tif;NBL;0.0403;0.0403;53.7871;1.1914;2.1653;0.048
102;01-DAPI-1-40x-402ms.tif;NBL;0.0452;0.0452;63.5468;1.271;2.8753;0.0575
103;01-DAPI-1-40x-402ms.tif;NBL;0.0419;0.0419;79.7979;1.5337;3.3422;0.0642
104;01-DAPI-1-40x-402ms.tif;NBL;0.0595;0.0595;99.4234;1.2336;5.9119;0.0734
105;01-DAPI-1-40x-402ms.tif;NBL;0.0315;0.0315;88.0966;1.5241;2.7721;0.048
106;01-DAPI-1-40x-402ms.tif;NBL;0.0569;0.0569;97.6279;1.2958;5.5509;0.0737
107;01-DAPI-1-40x-402ms.tif;NBL;0.045;0.045;67.7422;1.3614;3.0505;0.0613
108;01-DAPI-1-40x-402ms.tif;NBL;0.047;0.047;72.6097;1.6882;3.4115;0.0793
109;01-DAPI-1-40x-402ms.tif;NBL;0.0739;0.0739;92.5771;1.0176;6.8408;0.0752
110;01-DAPI-1-40x-402ms.tif;NBL;0.054;0.054;84.5643;1.0602;4.5696;0.0573
111;01-DAPI-1-40x-402ms.tif;NBL;0.0658;0.0658;53.4191;1.3482;3.5126;0.0887
112;01-DAPI-1-40x-402ms.tif;NBL;0.071;0.071;78.7752;1.1667;5.5902;0.0828
113;01-DAPI-1-40x-402ms.tif;NBL;0.072;0.072;83.9593;1.2319;6.0492;0.0888
114;01-DAPI-1-40x-402ms.tif;NBL;0.0546;0.0546;93.9861;1.0119;5.1297;0.0552
115;01-DAPI-1-40x-402ms.tif;NBL;0.0521;0.0521;83.3938;1.3625;4.3434;0.071
116;01-DAPI-1-40x-402ms.tif;NBL;0.0547;0.0547;75.0972;1.2698;4.1069;0.0694
117;01-DAPI-1-40x-402ms.tif;NBL;0.0377;0.0377;58.781;1.3256;2.2132;0.0499
118;01-DAPI-1-40x-402ms.tif;NBL;0.0971;0.0971;104.8838;1.1207;10.1857;0.1088
119;01-DAPI-1-40x-402ms.tif;NBL;0.0514;0.0514;104.635;1.2848;5.3816;0.0661
120;01-DAPI-1-40x-402ms.tif;NBL;0.0686;0.0686;106.7785;1.6313;7.3225;0.1119
121;01-DAPI-1-40x-402ms.tif;NBL;0.042;0.042;85.1137;1.7158;3.5741;0.072
122;01-DAPI-1-40x-402ms.tif;NBL;0.0372;0.0372;105.1837;0.9446;3.9147;0.0352
123;01-DAPI-1-40x-402ms.tif;NBL;0.0369;0.0369;74.1206;0.9176;2.7345;0.0339
124;01-DAPI-1-40x-402ms.tif;NBL;0.0596;0.0596;91.3898;0.9326;5.4441;0.0556
125;01-DAPI-1-40x-402ms.tif;NBL;0.0312;0.0312;87.1181;0.8715;2.7224;0.0272
126;01-DAPI-1-40x-402ms.tif;NBL;0.0711;0.0711;82.345;0.9603;5.8524;0.0683
127;01-DAPI-1-40x-402ms.tif;NBL;0.0432;0.0432;96.9799;1.0754;4.1882;0.0464
128;01-DAPI-1-40x-402ms.tif;NBL;0.0486;0.0486;77.4107;1.4732;3.763;0.0716
129;01-DAPI-1-40x-402ms.tif;NBL;0.0366;0.0366;80.4481;1.2789;2.9417;0.0468
130;01-DAPI-1-40x-402ms.tif;NBL;0.0333;0.0333;87.2671;1.6156;2.907;0.0538
131;01-DAPI-1-40x-402ms.tif;NBL;0.0575;0.0575;103.0113;1.1698;5.924;0.0673
132;01-DAPI-1-40x-402ms.tif;NBL;0.0443;0.0443;114.8897;1.2794;5.0863;0.0566
133;01-DAPI-1-40x-402ms.tif;NBL;0.0702;0.0702;99.476;1.1963;6.9836;0.084
134;01-DAPI-1-40x-402ms.tif;NBL;0.032;0.032;80.1797;1.2068;2.5665;0.0386
135;01-DAPI-1-40x-402ms.tif;NBL;0.0543;0.0543;82.904;1.016;4.4978;0.0551
136;01-DAPI-1-40x-402ms.tif;NBL;0.0263;0.0263;97.2769;2.7975;2.5544;0.0735
137;01-DAPI-1-40x-402ms.tif;NBL;0.0296;0.0296;89.4982;1.2857;2.6512;0.0381
138;01-DAPI-1-40x-402ms.tif;NBL;0.0494;0.0494;96.189;0.9692;4.7489;0.0479
139;01-DAPI-1-40x-402ms.tif;NBL;0.0436;0.0436;81.1791;1.3109;3.541;0.0572
140;01-DAPI-1-40x-402ms.tif;NBL;0.0408;0.0408;78.9548;1.0638;3.2212;0.0434
141;01-DAPI-1-40x-402ms.tif;NBL;0.037;0.037;77.739;1.4985;2.8764;0.0554
142;01-DAPI-1-40x-402ms.tif;NBL;0.0421;0.0421;97.8918;1.5593;4.1213;0.0656
143;01-DAPI-1-40x-402ms.tif;NBL;0.0353;0.0353;104.8277;1.6892;3.6967;0.0596
144;01-DAPI-1-40x-402ms.tif;NBL;0.0201;0.0201;89.8216;1.1676;1.8031;0.0234
145;01-DAPI-1-40x-402ms.tif;NBL;0.0251;0.0251;86.5065;1.1558;2.1683;0.029
146;01-DAPI-1-40x-402ms.tif;NBL;0.0326;0.0326;94.3033;1.2067;3.0698;0.0393
147;01-DAPI-1-40x-402ms.tif;NBL;0.0276;0.0276;74.0236;1.2441;2.0401;0.0343
148;01-DAPI-1-40x-402ms.tif;NBL;0.0178;0.0178;107.2073;0.9146;1.9078;0.0163
149;01-DAPI-1-40x-402ms.tif;NBL;0.0503;0.0503;78.6034;1.4116;3.9575;0.0711
150;01-DAPI-1-40x-402ms.tif;NBL;0.0571;0.0571;85.1274;1.6046;4.8586;0.0916
151;01-DAPI-1-40x-402ms.tif;NBL;0.0433;0.0433;75.9198;0.9148;3.2869;0.0396
152;01-DAPI-1-40x-402ms.tif;NBL;0.0709;0.0709;94.3201;1.5345;6.6831;0.1087
153;01-DAPI-1-40x-402ms.tif;NBL;0.0353;0.0353;94.7723;1.4462;3.3421;0.051
154;01-DAPI-1-40x-402ms.tif;NBL;0.0379;0.0379;85.7536;1.6361;3.2474;0.062
155;01-DAPI-1-40x-402ms.tif;NBL;0.0246;0.0246;82.3656;1.0132;2.0288;0.025
156;01-DAPI-1-40x-402ms.tif;NBL;0.0271;0.0271;80.512;1.14;2.184;0.0309
157;01-DAPI-1-40x-402ms.tif;NBL;0.0262;0.0262;98.0871;2.278;2.565;0.0596
158;01-DAPI-1-40x-402ms.tif;NBL;0.0246;0.0246;60.4626;1.7137;1.4893;0.0422
159;01-DAPI-1-40x-402ms.tif;NBL;0.0353;0.0353;89.6708;0.9354;3.1622;0.033
160;01-DAPI-1-40x-402ms.tif;NBL;0.0299;0.0299;87.3732;0.9565;2.6166;0.0286
161;01-DAPI-1-40x-402ms.tif;NBL;0.0279;0.0279;60.3891;1.3385;1.684;0.0373
162;01-DAPI-1-40x-402ms.tif;NBL;0.0234;0.0234;105.3889;1.2315;2.4701;0.0289
163;01-DAPI-1-40x-402ms.tif;NBL;0.0211;0.0211;84.8299;1.8866;1.7857;0.0397
164;01-DAPI-1-40x-402ms.tif;NBL;0.0238;0.0238;67.6164;1.242;1.6068;0.0295
165;01-DAPI-1-40x-402ms.tif;NBL;0.0377;0.0377;66.5447;1.4726;2.5055;0.0554
166;01-DAPI-1-40x-402ms.tif;NBL;0.0228;0.0228;49.8381;1.7667;1.1356;0.0403
167;01-DAPI-1-40x-402ms.tif;NBL;0.0407;0.0407;59.0853;1.632;2.4042;0.0664
168;01-DAPI-1-40x-402ms.tif;NBL;0.0611;0.0611;79.1687;1.3641;4.8364;0.0833
169;01-DAPI-1-40x-402ms.tif;NBL;0.0356;0.0356;63.1799;1.1128;2.2486;0.0396
170;01-DAPI-1-40x-402ms.tif;NBL;0.0431;0.0431;74.2972;1.5365;3.2005;0.0662
171;01-DAPI-1-40x-402ms.tif;NBL;0.0423;0.0423;78.2333;1.4359;3.3107;0.0608
172;01-DAPI-1-40x-402ms.tif;NBL;0.0388;0.0388;70.4804;0.6872;2.7378;0.0267
173;01-DAPI-1-40x-402ms.tif;NBL;0.0269;0.0269;59.0605;1.6169;1.5893;0.0435
174;01-DAPI-1-40x-402ms.tif;NBL;0.0264;0.0264;69.5062;1.4774;1.8327;0.039
175;01-DAPI-1-40x-402ms.tif;NBL;0.039;0.039;65.8969;1.5404;2.5669;0.06
176;02-DAPI-1-40x-402ms.tif;NBL;0.0481;0.0481;51.7359;0.0316;2.4869;0.0015
177;02-DAPI-1-40x-402ms.tif;NBL;0.057;0.057;56.6286;0.1067;3.2259;0.0061
178;02-DAPI-1-40x-402ms.tif;NBL;0.0411;0.0411;62.1161;0.0607;2.5545;0.0025
179;02-DAPI-1-40x-402ms.tif;NBL;0.0787;0.0787;66.829;0.0745;5.2573;0.0059
180;02-DAPI-1-40x-402ms.tif;NBL;0.0383;0.0383;26.4023;0.0198;1.0113;0.0008
181;02-DAPI-1-40x-402ms.tif;NBL;0.0372;0.0372;39.9038;0.0262;1.4851;0.001
182;02-DAPI-1-40x-402ms.tif;NBL;0.0397;0.0397;36.5546;0.1366;1.4517;0.0054
183;02-DAPI-1-40x-402ms.tif;NBL;0.0331;0.0331;54.4295;0.023;1.8013;0.0008
184;02-DAPI-1-40x-402ms.tif;NBL;0.0384;0.0384;68.5904;0.0367;2.6347;0.0014
185;02-DAPI-1-40x-402ms.tif;NBL;0.0646;0.0646;65.8992;0.0672;4.2546;0.0043
186;02-DAPI-1-40x-402ms.tif;NBL;0.0461;0.0461;51.5435;0.0282;2.377;0.0013
187;02-DAPI-1-40x-402ms.tif;NBL;0.051;0.051;71.2702;0.0213;3.6347;0.0011
188;02-DAPI-1-40x-402ms.tif;NBL;0.0459;0.0459;55.3783;0.0307;2.5418;0.0014
189;02-DAPI-1-40x-402ms.tif;NBL;0.0418;0.0418;58.226;0.0286;2.4324;0.0012
190;02-DAPI-1-40x-402ms.tif;NBL;0.0385;0.0385;50.6282;0.0479;1.9502;0.0018
191;02-DAPI-1-40x-402ms.tif;NBL;0.0276;0.0276;53.685;0.0827;1.4796;0.0023
192;02-DAPI-1-40x-402ms.tif;NBL;0.0353;0.0353;69.0585;0.1108;2.4353;0.0039
193;02-DAPI-1-40x-402ms.tif;NBL;0.0656;0.0656;62.5107;0.195;4.1036;0.0128
194;02-DAPI-1-40x-402ms.tif;NBL;0.0449;0.0449;53.0531;0.1643;2.3832;0.0074
195;02-DAPI-1-40x-402ms.tif;NBL;0.0306;0.0306;94.8369;0.7447;2.9019;0.0228
196;02-DAPI-1-40x-402ms.tif;NBL;0.0403;0.0403;80.1806;0.4394;3.2278;0.0177
197;02-DAPI-1-40x-402ms.tif;NBL;0.0433;0.0433;72.9499;0.1328;3.1583;0.0058
198;02-DAPI-1-40x-402ms.tif;NBL;0.0442;0.0442;76.6437;0.145;3.3848;0.0064
199;02-DAPI-1-40x-402ms.tif;NBL;0.0341;0.0341;69.4395;0.0541;2.3659;0.0018
200;02-DAPI-1-40x-402ms.tif;NBL;0.0441;0.0441;57.2833;0.0517;2.5235;0.0023
201;02-DAPI-1-40x-402ms.tif;NBL;0.0498;0.0498;63.5773;0.8366;3.1664;0.0417
202;02-DAPI-1-40x-402ms.tif;NBL;0.0486;0.0486;84.8571;0.6228;4.125;0.0303
203;02-DAPI-1-40x-402ms.tif;NBL;0.0312;0.0312;52.6667;0.5868;1.6458;0.0183
204;02-DAPI-1-40x-402ms.tif;NBL;0.0214;0.0214;48.6244;0.467;1.0394;0.01
205;02-DAPI-1-40x-402ms.tif;NBL;0.0719;0.0719;58.543;0.7707;4.2116;0.0554
206;02-DAPI-1-40x-402ms.tif;NBL;0.0701;0.0701;73.9783;0.6223;5.1855;0.0436
207;02-DAPI-1-40x-402ms.tif;NBL;0.0503;0.0503;81.0216;0.2909;4.0792;0.0146
208;02-DAPI-1-40x-402ms.tif;NBL;0.0683;0.0683;86.3593;0.9157;5.8941;0.0625
209;02-DAPI-1-40x-402ms.tif;NBL;0.0832;0.0832;66.0952;1.1708;5.5008;0.0974
210;02-DAPI-1-40x-402ms.tif;NBL;0.0659;0.0659;90.6425;0.6936;5.9701;0.0457
211;02-DAPI-1-40x-402ms.tif;NBL;0.0609;0.0609;59.9055;0.9394;3.6466;0.0572
212;02-DAPI-1-40x-402ms.tif;NBL;0.0656;0.0656;68.3504;0.714;4.487;0.0469
213;02-DAPI-1-40x-402ms.tif;NBL;0.0794;0.0794;61.9686;1.1339;4.922;0.0901
214;02-DAPI-1-40x-402ms.tif;NBL;0.0516;0.0516;60.771;0.6618;3.1388;0.0342
215;02-DAPI-1-40x-402ms.tif;NBL;0.0609;0.0609;66.2638;0.5472;4.0336;0.0333
216;02-DAPI-1-40x-402ms.tif;NBL;0.0652;0.0652;58.9052;0.1115;3.8414;0.0073
217;02-DAPI-1-40x-402ms.tif;NBL;0.0564;0.0564;59.0327;0.225;3.3308;0.0127
218;02-DAPI-1-40x-402ms.tif;NBL;0.0246;0.0246;93.1718;0.5242;2.2949;0.0129
219;02-DAPI-1-40x-402ms.tif;NBL;0.0459;0.0459;58.6312;0.9291;2.6911;0.0426
220;02-DAPI-1-40x-402ms.tif;NBL;0.0531;0.0531;52.1554;0.9611;2.7674;0.051
221;02-DAPI-1-40x-402ms.tif;NBL;0.0545;0.0545;91.3008;0.8586;4.9732;0.0468
222;02-DAPI-1-40x-402ms.tif;NBL;0.0713;0.0713;98.4688;0.9498;7.0197;0.0677
223;02-DAPI-1-40x-402ms.tif;NBL;0.0471;0.0471;41.4977;1.0899;1.9542;0.0513
224;02-DAPI-1-40x-402ms.tif;NBL;0.0828;0.0828;84.8165;1.0079;7.022;0.0834
225;02-DAPI-1-40x-402ms.tif;NBL;0.0503;0.0503;65.6681;0.8836;3.3062;0.0445
226;02-DAPI-1-40x-402ms.tif;NBL;0.0884;0.0884;88.2393;1.1411;7.8033;0.1009
227;02-DAPI-1-40x-402ms.tif;NBL;0.1517;0.1517;93.4685;0.8705;14.1785;0.1321
228;02-DAPI-1-40x-402ms.tif;NBL;0.0674;0.0674;62.6602;0.8647;4.2222;0.0583
229;02-DAPI-1-40x-402ms.tif;NBL;0.0936;0.0936;82.7914;0.7126;7.7527;0.0667
230;02-DAPI-1-40x-402ms.tif;NBL;0.063;0.063;73.4372;0.9243;4.6297;0.0583
231;02-DAPI-1-40x-402ms.tif;NBL;0.086;0.086;69.348;0.7844;5.9671;0.0675
232;02-DAPI-1-40x-402ms.tif;NBL;0.0547;0.0547;72.4048;0.9067;3.9596;0.0496
233;02-DAPI-1-40x-402ms.tif;NBL;0.0561;0.0561;70.3694;0.9632;3.9476;0.054
234;02-DAPI-1-40x-402ms.tif;NBL;0.0891;0.0891;85.2278;0.9756;7.5924;0.0869
235;02-DAPI-1-40x-402ms.tif;NBL;0.0483;0.0483;84.5416;1.027;4.0821;0.0496
236;02-DAPI-1-40x-402ms.tif;NBL;0.0761;0.0761;81.9957;1.3381;6.2369;0.1018
237;02-DAPI-1-40x-402ms.tif;NBL;0.0651;0.0651;86.0183;1.1883;5.6002;0.0774
238;02-DAPI-1-40x-402ms.tif;NBL;0.0864;0.0864;58.2286;1.1671;5.0293;0.1008
239;02-DAPI-1-40x-402ms.tif;NBL;0.0954;0.0954;76.0865;1.0853;7.2569;0.1035
240;02-DAPI-1-40x-402ms.tif;NBL;0.08;0.08;100.6852;0.9186;8.0518;0.0735
241;02-DAPI-1-40x-402ms.tif;NBL;0.1003;0.1003;69.7284;0.8994;6.991;0.0902
242;02-DAPI-1-40x-402ms.tif;NBL;0.0204;0.0204;71.9734;0.9734;1.4682;0.0199
243;02-DAPI-1-40x-402ms.tif;NBL;0.1166;0.1166;98.7237;1.0437;11.5156;0.1217
244;02-DAPI-1-40x-402ms.tif;NBL;0.117;0.117;73.7866;1.0686;8.6309;0.125
245;02-DAPI-1-40x-402ms.tif;NBL;0.0773;0.0773;94.3567;1.1025;7.2897;0.0852
246;02-DAPI-1-40x-402ms.tif;NBL;0.101;0.101;91.8711;1.1536;9.2808;0.1165
247;02-DAPI-1-40x-402ms.tif;NBL;0.0803;0.0803;87.1351;0.9865;6.9965;0.0792
248;02-DAPI-1-40x-402ms.tif;NBL;0.0515;0.0515;69.7411;0.9368;3.5945;0.0483
249;02-DAPI-1-40x-402ms.tif;NBL;0.0836;0.0836;79.961;1.0688;6.6808;0.0893
250;02-DAPI-1-40x-402ms.tif;NBL;0.1021;0.1021;84.3316;0.9894;8.6107;0.101
251;02-DAPI-1-40x-402ms.tif;NBL;0.0418;0.0418;68.7117;1.0494;2.8704;0.0438
252;02-DAPI-1-40x-402ms.tif;NBL;0.0385;0.0385;63.1042;1.0113;2.4308;0.039
253;02-DAPI-1-40x-402ms.tif;NBL;0.0671;0.0671;98.7395;0.9434;6.6212;0.0633
254;02-DAPI-1-40x-402ms.tif;NBL;0.0771;0.0771;100.3741;0.917;7.7437;0.0707
255;02-DAPI-1-40x-402ms.tif;NBL;0.0678;0.0678;95.1312;0.8672;6.4515;0.0588
256;02-DAPI-1-40x-402ms.tif;NBL;0.0596;0.0596;82.7286;0.9727;4.9282;0.0579
257;02-DAPI-1-40x-402ms.tif;NBL;0.0638;0.0638;111.2092;1.352;7.0954;0.0863
258;02-DAPI-1-40x-402ms.tif;NBL;0.0498;0.0498;95.6601;1.1808;4.7643;0.0588
259;02-DAPI-1-40x-402ms.tif;NBL;0.0852;0.0852;81.3185;0.9669;6.9265;0.0824
260;02-DAPI-1-40x-402ms.tif;NBL;0.0924;0.0924;85.2031;1.1467;7.8768;0.106
261;02-DAPI-1-40x-402ms.tif;NBL;0.0813;0.0813;78.2977;1.2069;6.3634;0.0981
262;02-DAPI-1-40x-402ms.tif;NBL;0.0731;0.0731;75.7641;1.1929;5.5409;0.0872
263;02-DAPI-1-40x-402ms.tif;NBL;0.0754;0.0754;104.8806;1.0029;7.9093;0.0756
264;02-DAPI-1-40x-402ms.tif;NBL;0.0443;0.0443;84.326;1.3039;3.7332;0.0577
265;02-DAPI-1-40x-402ms.tif;NBL;0.0747;0.0747;106.0145;1.3561;7.9143;0.1012
266;02-DAPI-1-40x-402ms.tif;NBL;0.0852;0.0852;83.5452;1.3975;7.1162;0.119
267;02-DAPI-1-40x-402ms.tif;NBL;0.0496;0.0496;90.5492;1.2298;4.4901;0.061
268;02-DAPI-1-40x-402ms.tif;NBL;0.0751;0.0751;62.9639;1.3324;4.7278;0.1
269;02-DAPI-1-40x-402ms.tif;NBL;0.0534;0.0534;75.3923;1.0549;4.0248;0.0563
270;02-DAPI-1-40x-402ms.tif;NBL;0.0796;0.0796;81.4401;0.9837;6.4862;0.0783
271;02-DAPI-1-40x-402ms.tif;NBL;0.0743;0.0743;78.9139;1.0905;5.8655;0.0811
272;02-DAPI-1-40x-402ms.tif;NBL;0.0814;0.0814;87.1107;0.936;7.0891;0.0762
273;02-DAPI-1-40x-402ms.tif;NBL;0.0381;0.0381;71.1624;0.8177;2.7103;0.0311
274;02-DAPI-1-40x-402ms.tif;NBL;0.0927;0.0927;82.6546;1.0152;7.6592;0.0941
275;02-DAPI-1-40x-402ms.tif;NBL;0.0583;0.0583;67.108;1.0261;3.9103;0.0598
276;02-DAPI-1-40x-402ms.tif;NBL;0.0617;0.0617;84.5202;0.9824;5.2183;0.0607
277;02-DAPI-1-40x-402ms.tif;NBL;0.0421;0.0421;73.701;1.0747;3.1029;0.0452
278;02-DAPI-1-40x-402ms.tif;NBL;0.0308;0.0308;56.2394;1.0176;1.7331;0.0314
279;02-DAPI-1-40x-402ms.tif;NBL;0.0523;0.0523;101.6203;0.917;5.3148;0.048
280;02-DAPI-1-40x-402ms.tif;NBL;0.024;0.024;62.819;0.7195;1.5064;0.0173
281;02-DAPI-1-40x-402ms.tif;NBL;0.0271;0.0271;75.036;0.836;2.0355;0.0227
282;02-DAPI-1-40x-402ms.tif;NBL;0.0368;0.0368;79.885;1.0088;2.9385;0.0371
283;02-DAPI-1-40x-402ms.tif;NBL;0.1143;0.1143;94.1871;0.7474;10.7616;0.0854
284;02-DAPI-1-40x-402ms.tif;NBL;0.07;0.07;98.2605;0.8078;6.877;0.0565
285;02-DAPI-1-40x-402ms.tif;NBL;0.0459;0.0459;77.4586;0.5839;3.5552;0.0268
286;02-DAPI-1-40x-402ms.tif;NBL;0.0514;0.0514;70.5696;0.827;3.6296;0.0425
287;02-DAPI-1-40x-402ms.tif;NBL;0.0749;0.0749;87.0812;0.7522;6.5197;0.0563
288;02-DAPI-1-40x-402ms.tif;NBL;0.0532;0.0532;80.0122;0.6184;4.2541;0.0329
289;02-DAPI-1-40x-402ms.tif;NBL;0.0742;0.0742;83.7398;0.6404;6.2151;0.0475
290;02-DAPI-1-40x-402ms.tif;NBL;0.0787;0.0787;85.5021;0.9297;6.7262;0.0731
291;02-DAPI-1-40x-402ms.tif;NBL;0.0432;0.0432;53.809;0.9146;2.3238;0.0395
292;02-DAPI-1-40x-402ms.tif;NBL;0.045;0.045;56.0771;0.8627;2.5252;0.0388
293;02-DAPI-1-40x-402ms.tif;NBL;0.0665;0.0665;100.2414;0.69;6.6675;0.0459
294;02-DAPI-1-40x-402ms.tif;NBL;0.075;0.075;77.246;0.5528;5.7918;0.0414
295;02-DAPI-1-40x-402ms.tif;NBL;0.0272;0.0272;57.5378;0.6733;1.5671;0.0183
296;02-DAPI-1-40x-402ms.tif;NBL;0.0711;0.0711;82.4076;0.4519;5.8569;0.0321
297;02-DAPI-1-40x-402ms.tif;NBL;0.0741;0.0741;86.0703;0.6193;6.3787;0.0459
298;02-DAPI-1-40x-402ms.tif;NBL;0.0567;0.0567;79.8834;0.6616;4.5333;0.0375
299;02-DAPI-1-40x-402ms.tif;NBL;0.1049;0.1049;68.7073;0.7084;7.2092;0.0743
300;02-DAPI-1-40x-402ms.tif;NBL;0.0531;0.0531;60.4908;0.863;3.2096;0.0458
301;02-DAPI-1-40x-402ms.tif;NBL;0.056;0.056;66.6415;0.8605;3.7312;0.0482
302;02-DAPI-1-40x-402ms.tif;NBL;0.1053;0.1053;82.0639;0.8144;8.6374;0.0857
303;02-DAPI-1-40x-402ms.tif;NBL;0.072;0.072;72.9623;0.9503;5.2568;0.0685
304;02-DAPI-1-40x-402ms.tif;NBL;0.0728;0.0728;80.7869;1.1535;5.8819;0.084
305;02-DAPI-1-40x-402ms.tif;NBL;0.0703;0.0703;97.8858;1.196;6.8826;0.0841
306;02-DAPI-1-40x-402ms.tif;NBL;0.0652;0.0652;86.4493;1.3045;5.6376;0.0851
307;02-DAPI-1-40x-402ms.tif;NBL;0.0537;0.0537;99.5111;1.5798;5.3448;0.0849
308;02-DAPI-1-40x-402ms.tif;NBL;0.0559;0.0559;104.3825;1.0874;5.833;0.0608
309;02-DAPI-1-40x-402ms.tif;NBL;0.0547;0.0547;67.0655;1.4087;3.6676;0.077
310;02-DAPI-1-40x-402ms.tif;NBL;0.1162;0.1162;87.5929;0.6069;10.1793;0.0705
311;02-DAPI-1-40x-402ms.tif;NBL;0.0743;0.0743;94.5299;0.7737;7.0262;0.0575
312;02-DAPI-1-40x-402ms.tif;NBL;0.0655;0.0655;82.5464;0.9404;5.4099;0.0616
313;02-DAPI-1-40x-402ms.tif;NBL;0.0354;0.0354;66.4387;0.908;2.3502;0.0321
314;02-DAPI-1-40x-402ms.tif;NBL;0.0794;0.0794;74.1202;1.0861;5.8872;0.0863
315;02-DAPI-1-40x-402ms.tif;NBL;0.065;0.065;89.0902;0.8481;5.7905;0.0551
316;02-DAPI-1-40x-402ms.tif;NBL;0.0401;0.0401;66.9973;1;2.6898;0.0401
317;02-DAPI-1-40x-402ms.tif;NBL;0.0448;0.0448;80.8475;1.0581;3.623;0.0474
318;02-DAPI-1-40x-402ms.tif;NBL;0.0605;0.0605;91.2688;0.8692;5.526;0.0526
319;02-DAPI-1-40x-402ms.tif;NBL;0.0698;0.0698;74.2986;0.6267;5.1838;0.0437
320;02-DAPI-1-40x-402ms.tif;NBL;0.0479;0.0479;68.1633;0.7052;3.2617;0.0337
321;02-DAPI-1-40x-402ms.tif;NBL;0.0689;0.0689;73.7811;0.452;5.0837;0.0311
322;02-DAPI-1-40x-402ms.tif;NBL;0.0777;0.0777;76.6187;0.4637;5.9526;0.036
323;02-DAPI-1-40x-402ms.tif;NBL;0.0584;0.0584;77.8513;0.5595;4.5447;0.0327
324;02-DAPI-1-40x-402ms.tif;NBL;0.034;0.034;65.9457;0.655;2.2397;0.0222
325;02-DAPI-1-40x-402ms.tif;NBL;0.0913;0.0913;73.2889;0.7824;6.6879;0.0714
326;02-DAPI-1-40x-402ms.tif;NBL;0.0379;0.0379;52.6332;0.6762;1.9932;0.0256
327;02-DAPI-1-40x-402ms.tif;NBL;0.0879;0.0879;81.2086;0.5049;7.1375;0.0444
328;02-DAPI-1-40x-402ms.tif;NBL;0.0649;0.0649;73.806;0.6505;4.7891;0.0422
329;02-DAPI-1-40x-402ms.tif;NBL;0.0474;0.0474;49.7986;0.6636;2.3613;0.0315
330;02-DAPI-1-40x-402ms.tif;NBL;0.0407;0.0407;62.6293;0.6133;2.5484;0.025
331;02-DAPI-1-40x-402ms.tif;NBL;0.055;0.055;65.7278;0.4063;3.6159;0.0224
332;02-DAPI-1-40x-402ms.tif;NBL;0.0675;0.0675;57.918;0.4807;3.909;0.0324
333;02-DAPI-1-40x-402ms.tif;NBL;0.0559;0.0559;69.3845;0.5709;3.8773;0.0319
334;02-DAPI-1-40x-402ms.tif;NBL;0.0875;0.0875;73.6799;0.5261;6.4438;0.046
335;02-DAPI-1-40x-402ms.tif;NBL;0.0764;0.0764;73.1761;0.7216;5.5898;0.0551
336;02-DAPI-1-40x-402ms.tif;NBL;0.0643;0.0643;62.0894;0.7521;3.9951;0.0484
337;02-DAPI-1-40x-402ms.tif;NBL;0.0669;0.0669;72.3582;0.4814;4.8443;0.0322
338;02-DAPI-1-40x-402ms.tif;NBL;0.0537;0.0537;67.7111;0.7657;3.6368;0.0411
339;02-DAPI-1-40x-402ms.tif;NBL;0.0654;0.0654;92.403;0.3731;6.0459;0.0244
340;02-DAPI-1-40x-402ms.tif;NBL;0.0559;0.0559;70.5883;0.3165;3.9446;0.0177
341;02-DAPI-1-40x-402ms.tif;NBL;0.0794;0.0794;60.9235;0.5628;4.839;0.0447
342;02-DAPI-1-40x-402ms.tif;NBL;0.0535;0.0535;90.854;0.4665;4.8601;0.025
343;02-DAPI-1-40x-402ms.tif;NBL;0.0565;0.0565;58.119;0.5144;3.2856;0.0291
344;02-DAPI-1-40x-402ms.tif;NBL;0.0456;0.0456;64.4881;0.531;2.9389;0.0242
345;02-DAPI-1-40x-402ms.tif;NBL;0.0729;0.0729;67.628;0.4003;4.9312;0.0292
346;02-DAPI-1-40x-402ms.tif;NBL;0.0637;0.0637;74.908;0.2112;4.7712;0.0135
347;02-DAPI-1-40x-402ms.tif;NBL;0.0863;0.0863;86.5736;0.6591;7.4681;0.0569
348;02-DAPI-1-40x-402ms.tif;NBL;0.0709;0.0709;66.2098;0.856;4.6913;0.0607
349;02-DAPI-1-40x-402ms.tif;NBL;0.0319;0.0319;66.7823;0.8605;2.1304;0.0275
350;02-DAPI-1-40x-402ms.tif;NBL;0.0366;0.0366;44.2522;0.819;1.6182;0.0299
351;02-DAPI-1-40x-402ms.tif;NBL;0.0431;0.0431;78.5743;0.8489;3.3848;0.0366
352;02-DAPI-1-40x-402ms.tif;NBL;0.0299;0.0299;100.8551;0.9565;3.0204;0.0286
353;02-DAPI-1-40x-402ms.tif;NBL;0.0434;0.0434;97.3425;1.1325;4.2249;0.0492
354;02-DAPI-1-40x-402ms.tif;NBL;0.0456;0.0456;100.1476;1.4048;4.564;0.064
355;02-DAPI-1-40x-402ms.tif;NBL;0.0588;0.0588;97.3432;1.1697;5.7248;0.0688
356;02-DAPI-1-40x-402ms.tif;NBL;0.0454;0.0454;53.055;1.1722;2.4064;0.0532
357;02-DAPI-1-40x-402ms.tif;NBL;0.0214;0.0214;72.0355;1.2487;1.5398;0.0267
358;02-DAPI-1-40x-402ms.tif;NBL;0.0211;0.0211;73.8866;1.2113;1.5553;0.0255
359;02-DAPI-1-40x-402ms.tif;NBL;0.0723;0.0723;85.4204;1.2012;6.173;0.0868
360;02-DAPI-1-40x-402ms.tif;NBL;0.0638;0.0638;82.0986;1.2007;5.2381;0.0766
361;02-DAPI-1-40x-402ms.tif;NBL;0.0927;0.0927;86.897;1.2295;8.0523;0.1139
362;02-DAPI-1-40x-402ms.tif;NBL;0.0375;0.0375;72.3988;1.1243;2.7181;0.0422
363;02-DAPI-1-40x-402ms.tif;NBL;0.0469;0.0469;70.4977;1.4722;3.3046;0.069
364;02-DAPI-1-40x-402ms.tif;NBL;0.0799;0.0799;81.2582;1.197;6.4894;0.0956
365;02-DAPI-1-40x-402ms.tif;NBL;0.0952;0.0952;87.0901;0.7822;8.2875;0.0744
366;02-DAPI-1-40x-402ms.tif;NBL;0.0621;0.0621;83.715;1.0122;5.1959;0.0628
367;02-DAPI-1-40x-402ms.tif;NBL;0.0554;0.0554;83.2994;0.7182;4.6187;0.0398
368;02-DAPI-1-40x-402ms.tif;NBL;0.0769;0.0769;70.3611;0.9111;5.413;0.0701
369;02-DAPI-1-40x-402ms.tif;NBL;0.0605;0.0605;72.8172;1.052;4.4089;0.0637
370;02-DAPI-1-40x-402ms.tif;NBL;0.0586;0.0586;77.5907;0.9574;4.5463;0.0561
371;02-DAPI-1-40x-402ms.tif;NBL;0.0342;0.0342;81.1397;0.8032;2.7733;0.0275
372;02-DAPI-1-40x-402ms.tif;NBL;0.0455;0.0455;46.2864;0.8592;2.1044;0.0391
373;02-DAPI-1-40x-402ms.tif;NBL;0.0783;0.0783;87.4169;0.6537;6.8484;0.0512
374;02-DAPI-1-40x-402ms.tif;NBL;0.0552;0.0552;68.556;0.5953;3.7863;0.0329
375;02-DAPI-1-40x-402ms.tif;NBL;0.0677;0.0677;75.4231;0.6218;5.1068;0.0421
376;02-DAPI-1-40x-402ms.tif;NBL;0.0262;0.0262;91.5643;1.2905;2.3944;0.0337
377;02-DAPI-1-40x-402ms.tif;NBL;0.0365;0.0365;89.5149;1.0744;3.2636;0.0392
378;02-DAPI-1-40x-402ms.tif;NBL;0.0353;0.0353;86.5538;1.1754;3.0523;0.0414
379;02-DAPI-1-40x-402ms.tif;NBL;0.089;0.089;88.5963;1.1976;7.8829;0.1066
380;02-DAPI-1-40x-402ms.tif;NBL;0.0711;0.0711;75.255;1.4427;5.3485;0.1025
381;02-DAPI-1-40x-402ms.tif;NBL;0.0521;0.0521;63.25;1.2458;3.2943;0.0649
382;02-DAPI-1-40x-402ms.tif;NBL;0.0258;0.0258;67.063;4.2269;1.7319;0.1092
383;02-DAPI-1-40x-402ms.tif;NBL;0.0617;0.0617;110.0492;1.3989;6.7945;0.0864
384;02-DAPI-1-40x-402ms.tif;NBL;0.0322;0.0322;64.2357;6.67;2.0701;0.215
385;02-DAPI-1-40x-402ms.tif;NBL;0.0365;0.0365;62.5685;1.3125;2.2811;0.0479
386;02-DAPI-1-40x-402ms.tif;NBL;0.057;0.057;58.3714;1.2248;3.3252;0.0698
387;02-DAPI-1-40x-402ms.tif;NBL;0.0547;0.0547;83.0198;1.2758;4.5401;0.0698
388;02-DAPI-1-40x-402ms.tif;NBL;0.059;0.059;57.4154;1.4136;3.3891;0.0834
389;02-DAPI-1-40x-402ms.tif;NBL;0.0589;0.0589;66.5157;1.3702;3.9191;0.0807
390;02-DAPI-1-40x-402ms.tif;NBL;0.0329;0.0329;80.6568;1.198;2.6518;0.0394
391;02-DAPI-1-40x-402ms.tif;NBL;0.056;0.056;103.9554;1.4438;5.8204;0.0808
392;02-DAPI-1-40x-402ms.tif;NBL;0.0344;0.0344;127.0536;1.5994;4.3702;0.055
393;02-DAPI-1-40x-402ms.tif;NBL;0.038;0.038;73.5629;1.5457;2.7937;0.0587
394;02-DAPI-1-40x-402ms.tif;NBL;0.0347;0.0347;76.7188;1.2594;2.6638;0.0437
395;02-DAPI-1-40x-402ms.tif;NBL;0.0503;0.0503;96.4332;1.278;4.8551;0.0643
396;02-DAPI-1-40x-402ms.tif;NBL;0.0331;0.0331;88.2885;1.3049;2.9219;0.0432
397;02-DAPI-1-40x-402ms.tif;NBL;0.0996;0.0996;57.842;0.4379;5.7616;0.0436
398;02-DAPI-1-40x-402ms.tif;NBL;0.0729;0.0729;61.8393;0.3482;4.5091;0.0254
399;02-DAPI-1-40x-402ms.tif;NBL;0.0446;0.0446;73.8905;0.4161;3.2952;0.0186
400;02-DAPI-1-40x-402ms.tif;NBL;0.0462;0.0462;51.5986;0.4249;2.3851;0.0196
401;02-DAPI-1-40x-402ms.tif;NBL;0.0667;0.0667;64.1951;0.3285;4.2839;0.0219
402;02-DAPI-1-40x-402ms.tif;NBL;0.0576;0.0576;73.9002;0.4124;4.2579;0.0238
403;02-DAPI-1-40x-402ms.tif;NBL;0.0946;0.0946;74.9048;0.6502;7.0873;0.0615
404;02-DAPI-1-40x-402ms.tif;NBL;0.0675;0.0675;68.8424;0.6881;4.6463;0.0464
405;02-DAPI-1-40x-402ms.tif;NBL;0.0693;0.0693;79.7371;1.4444;5.5286;0.1002
406;02-DAPI-1-40x-402ms.tif;NBL;0.0406;0.0406;112.3476;1.385;4.5592;0.0562
407;02-DAPI-1-40x-402ms.tif;NBL;0.0381;0.0381;48.792;1.4245;1.8583;0.0543
408;02-DAPI-1-40x-402ms.tif;NBL;0.0319;0.0319;66.6395;1.0816;2.1259;0.0345
409;02-DAPI-1-40x-402ms.tif;NBL;0.0538;0.0538;86.7661;1.123;4.6697;0.0604
410;02-DAPI-1-40x-402ms.tif;NBL;0.0537;0.0537;73.4141;1.1576;3.9431;0.0622
411;02-DAPI-1-40x-402ms.tif;NBL;0.0879;0.0879;88.4531;0.8469;7.7742;0.0744
412;02-DAPI-1-40x-402ms.tif;NBL;0.0865;0.0865;73.4542;0.8432;6.3523;0.0729
413;02-DAPI-1-40x-402ms.tif;NBL;0.0549;0.0549;85.8913;1.0099;4.7158;0.0554
414;02-DAPI-1-40x-402ms.tif;NBL;0.0498;0.0498;81.1525;0.7843;4.0418;0.0391
415;02-DAPI-1-40x-402ms.tif;NBL;0.0927;0.0927;85.6569;0.6651;7.9374;0.0616
416;02-DAPI-1-40x-402ms.tif;NBL;0.0537;0.0537;72.5152;0.5455;3.8949;0.0293
417;02-DAPI-1-40x-402ms.tif;NBL;0.0217;0.0217;61.23;0.81;1.3288;0.0176
418;02-DAPI-1-40x-402ms.tif;NBL;0.0503;0.0503;48.819;0.4784;2.4579;0.0241
419;02-DAPI-1-40x-402ms.tif;NBL;0.0319;0.0319;91.1735;0.9728;2.9085;0.031
420;02-DAPI-1-40x-402ms.tif;NBL;0.0339;0.0339;70.7692;1.3846;2.3958;0.0469
421;02-DAPI-1-40x-402ms.tif;NBL;0.0336;0.0336;76.9677;0.8742;2.589;0.0294
422;02-DAPI-1-40x-402ms.tif;NBL;0.0468;0.0468;71.7216;1.1926;3.3542;0.0558
423;02-DAPI-1-40x-402ms.tif;NBL;0.0347;0.0347;82.0938;0.7906;2.8505;0.0275
424;02-DAPI-1-40x-402ms.tif;NBL;0.0816;0.0816;76.3191;1.3737;6.2274;0.1121
425;02-DAPI-1-40x-402ms.tif;NBL;0.0692;0.0692;99.8197;1.5376;6.9103;0.1064
426;02-DAPI-1-40x-402ms.tif;NBL;0.0567;0.0567;116.6845;1.7151;6.6217;0.0973
427;02-DAPI-1-40x-402ms.tif;NBL;0.0256;0.0256;71.6822;1.0042;1.8356;0.0257
428;02-DAPI-1-40x-402ms.tif;NBL;0.035;0.035;96.6594;1.4365;3.3877;0.0503
429;02-DAPI-1-40x-402ms.tif;NBL;0.0629;0.0629;77.5621;0.8362;4.8813;0.0526
430;02-DAPI-1-40x-402ms.tif;NBL;0.0273;0.0273;82.1071;1.3135;2.2451;0.0359
431;02-DAPI-1-40x-402ms.tif;NBL;0.066;0.066;84.0049;0.602;5.542;0.0397
432;02-DAPI-1-40x-402ms.tif;NBL;0.0793;0.0793;68.6648;0.2271;5.4464;0.018
433;02-DAPI-1-40x-402ms.tif;NBL;0.0419;0.0419;60.658;0.2746;2.5406;0.0115
434;02-DAPI-1-40x-402ms.tif;NBL;0.0438;0.0438;82.2649;0.5173;3.6062;0.0227
435;02-DAPI-1-40x-402ms.tif;NBL;0.0367;0.0367;80.5947;1.1509;2.9558;0.0422
436;02-DAPI-1-40x-402ms.tif;NBL;0.0386;0.0386;57.2135;1.2612;2.2101;0.0487
437;02-DAPI-1-40x-402ms.tif;NBL;0.0342;0.0342;57.0063;1.2603;1.9485;0.0431
438;02-DAPI-1-40x-402ms.tif;NBL;0.0266;0.0266;78.0653;0.4653;2.0753;0.0124
439;02-DAPI-1-40x-402ms.tif;NBL;0.0659;0.0659;61.2092;0.3048;4.0315;0.0201
440;02-DAPI-1-40x-402ms.tif;NBL;0.0371;0.0371;53.3012;0.4503;1.978;0.0167
441;02-DAPI-1-40x-402ms.tif;NBL;0.0328;0.0328;64.5331;0.1093;2.1147;0.0036
442;02-DAPI-1-40x-402ms.tif;NBL;0.042;0.042;55.4212;0.0233;2.3273;0.001
443;02-DAPI-1-40x-402ms.tif;NBL;0.037;0.037;58.0557;0.0528;2.1481;0.002
444;02-DAPI-1-40x-402ms.tif;NBL;0.0273;0.0273;53.5238;0.7897;1.4635;0.0216
445;02-DAPI-1-40x-402ms.tif;NBL;0.0367;0.0367;49.7781;0.2633;1.8256;0.0097
446;02-DAPI-1-40x-402ms.tif;NBL;0.0355;0.0355;57.2936;0.3394;2.0329;0.012
447;03-DAPI-1-40x-402ms.tif;NBL;0.0558;0.0558;62.572;0.6109;3.4898;0.0341
448;03-DAPI-1-40x-402ms.tif;NBL;0.0416;0.0416;59.248;0.1018;2.4622;0.0042
449;03-DAPI-1-40x-402ms.tif;NBL;0.0605;0.0605;75.7115;0.2867;4.5841;0.0174
450;03-DAPI-1-40x-402ms.tif;NBL;0.0455;0.0455;58.6826;0.3413;2.668;0.0155
451;03-DAPI-1-40x-402ms.tif;NBL;0.0706;0.0706;64.6513;0.3825;4.5668;0.027
452;03-DAPI-1-40x-402ms.tif;NBL;0.0958;0.0958;86.5957;0.675;8.2969;0.0647
453;03-DAPI-1-40x-402ms.tif;NBL;0.0595;0.0595;77.2883;0.7391;4.5957;0.0439
454;03-DAPI-1-40x-402ms.tif;NBL;0.084;0.084;68.553;0.7481;5.7574;0.0628
455;03-DAPI-1-40x-402ms.tif;NBL;0.1463;0.1463;61.207;0.451;8.9526;0.066
456;03-DAPI-1-40x-402ms.tif;NBL;0.0723;0.0723;81.4459;0.8138;5.8857;0.0588
457;03-DAPI-1-40x-402ms.tif;NBL;0.0418;0.0418;66.6494;0.6961;2.7843;0.0291
458;03-DAPI-1-40x-402ms.tif;NBL;0.0611;0.0611;63.3694;0.9378;3.8712;0.0573
459;03-DAPI-1-40x-402ms.tif;NBL;0.065;0.065;89.2621;0.8447;5.8016;0.0549
460;03-DAPI-1-40x-402ms.tif;NBL;0.0462;0.0462;65.27;1.0047;3.017;0.0464
461;03-DAPI-1-40x-402ms.tif;NBL;0.0382;0.0382;59.2642;0.8636;2.2636;0.033
462;03-DAPI-1-40x-402ms.tif;NBL;0.0392;0.0392;36.7535;0.9668;1.4397;0.0379
463;03-DAPI-1-40x-402ms.tif;NBL;0.0613;0.0613;67.508;1.0088;4.1387;0.0618
464;03-DAPI-1-40x-402ms.tif;NBL;0.0512;0.0512;75.9216;0.8114;3.8883;0.0416
465;03-DAPI-1-40x-402ms.tif;NBL;0.0735;0.0735;66.9926;1.0709;4.9212;0.0787
466;03-DAPI-1-40x-402ms.tif;NBL;0.0687;0.0687;106.2907;1.1896;7.3006;0.0817
467;03-DAPI-1-40x-402ms.tif;NBL;0.0926;0.0926;89.0106;1.2356;8.2385;0.1144
468;03-DAPI-1-40x-402ms.tif;NBL;0.0428;0.0428;71.7487;1.0635;3.0674;0.0455
469;03-DAPI-1-40x-402ms.tif;NBL;0.0317;0.0317;71.8527;1.161;2.2766;0.0368
470;03-DAPI-1-40x-402ms.tif;NBL;0.0511;0.0511;81.862;0.828;4.1837;0.0423
471;03-DAPI-1-40x-402ms.tif;NBL;0.0645;0.0645;65.7795;0.8535;4.2397;0.055
472;03-DAPI-1-40x-402ms.tif;NBL;0.0724;0.0724;108.045;0.94;7.8197;0.068
473;03-DAPI-1-40x-402ms.tif;NBL;0.1097;0.1097;76.6162;0.8595;8.4048;0.0943
474;03-DAPI-1-40x-402ms.tif;NBL;0.0328;0.0328;62.3278;0.7715;2.0424;0.0253
475;03-DAPI-1-40x-402ms.tif;NBL;0.0844;0.0844;90.0501;0.5476;7.6019;0.0462
476;03-DAPI-1-40x-402ms.tif;NBL;0.0806;0.0806;93.8923;0.9583;7.5697;0.0773
477;03-DAPI-1-40x-402ms.tif;NBL;0.0539;0.0539;87.0946;0.8451;4.6968;0.0456
478;03-DAPI-1-40x-402ms.tif;NBL;0.0548;0.0548;56.5406;0.7663;3.0982;0.042
479;03-DAPI-1-40x-402ms.tif;NBL;0.0398;0.0398;88.6458;0.7084;3.5301;0.0282
480;03-DAPI-1-40x-402ms.tif;NBL;0.053;0.053;72.4467;0.8709;3.8362;0.0461
481;03-DAPI-1-40x-402ms.tif;NBL;0.0465;0.0465;72.049;0.8135;3.3538;0.0379
482;03-DAPI-1-40x-402ms.tif;NBL;0.0522;0.0522;72.2453;0.8399;3.7706;0.0438
483;03-DAPI-1-40x-402ms.tif;NBL;0.0456;0.0456;90.3548;1.0595;4.1177;0.0483
484;03-DAPI-1-40x-402ms.tif;NBL;0.046;0.046;84.7099;0.967;3.8972;0.0445
485;03-DAPI-1-40x-402ms.tif;NBL;0.0767;0.0767;91.5842;1.2221;7.0258;0.0937
486;03-DAPI-1-40x-402ms.tif;NBL;0.107;0.107;64.6562;1.3154;6.9174;0.1407
487;03-DAPI-1-40x-402ms.tif;NBL;0.059;0.059;87.8364;1.1618;5.1848;0.0686
488;03-DAPI-1-40x-402ms.tif;NBL;0.0638;0.0638;69.3724;0.9813;4.4261;0.0626
489;03-DAPI-1-40x-402ms.tif;NBL;0.062;0.062;74.4291;0.7023;4.6114;0.0435
490;03-DAPI-1-40x-402ms.tif;NBL;0.0509;0.0509;56.6226;1.0362;2.8815;0.0527
491;03-DAPI-1-40x-402ms.tif;NBL;0.0461;0.0461;74.8965;0.8588;3.4539;0.0396
492;03-DAPI-1-40x-402ms.tif;NBL;0.0459;0.0459;61.0922;1.0402;2.804;0.0477
493;03-DAPI-1-40x-402ms.tif;NBL;0.07;0.07;83.3535;0.9364;5.8337;0.0655
494;03-DAPI-1-40x-402ms.tif;NBL;0.0653;0.0653;84.9452;1.0532;5.5487;0.0688
495;03-DAPI-1-40x-402ms.tif;NBL;0.0443;0.0443;74.4804;1.0809;3.2973;0.0479
496;03-DAPI-1-40x-402ms.tif;NBL;0.0611;0.0611;78.0284;1.1634;4.7667;0.0711
497;03-DAPI-1-40x-402ms.tif;NBL;0.046;0.046;75.6533;1.0283;3.4806;0.0473
498;03-DAPI-1-40x-402ms.tif;NBL;0.0334;0.0334;89.9383;1.2662;3.0058;0.0423
499;03-DAPI-1-40x-402ms.tif;NBL;0.0367;0.0367;62.8521;1.2396;2.3051;0.0455
500;03-DAPI-1-40x-402ms.tif;NBL;0.057;0.057;89.08;1.2819;5.0745;0.073
501;03-DAPI-1-40x-402ms.tif;NBL;0.066;0.066;88.1283;1.5526;5.814;0.1024
502;03-DAPI-1-40x-402ms.tif;NBL;0.0372;0.0372;80.7726;1.5044;3.0062;0.056
503;03-DAPI-1-40x-402ms.tif;NBL;0.0503;0.0503;101.1746;1.3707;5.0939;0.069
504;03-DAPI-1-40x-402ms.tif;NBL;0.045;0.045;83.0651;1.1855;3.7405;0.0534
505;03-DAPI-1-40x-402ms.tif;NBL;0.0528;0.0528;96.4949;0.8398;5.0991;0.0444
506;03-DAPI-1-40x-402ms.tif;NBL;0.0501;0.0501;88.4199;1.1732;4.4325;0.0588
507;03-DAPI-1-40x-402ms.tif;NBL;0.0486;0.0486;66.2121;0.9911;3.2186;0.0482
508;03-DAPI-1-40x-402ms.tif;NBL;0.0262;0.0262;82.6515;1.2033;2.1613;0.0315
509;03-DAPI-1-40x-402ms.tif;NBL;0.0598;0.0598;73.8258;0.8784;4.4138;0.0525
510;03-DAPI-1-40x-402ms.tif;NBL;0.0691;0.0691;65.5369;0.9309;4.5298;0.0643
511;03-DAPI-1-40x-402ms.tif;NBL;0.0701;0.0701;79.9443;0.7678;5.6037;0.0538
512;03-DAPI-1-40x-402ms.tif;NBL;0.059;0.059;72.5809;0.6213;4.2843;0.0367
513;03-DAPI-1-40x-402ms.tif;NBL;0.0524;0.0524;78.2112;0.6356;4.099;0.0333
514;03-DAPI-1-40x-402ms.tif;NBL;0.0701;0.0701;65.5557;0.6161;4.5952;0.0432
515;03-DAPI-1-40x-402ms.tif;NBL;0.0826;0.0826;58.1143;0.6058;4.7987;0.05
516;03-DAPI-1-40x-402ms.tif;NBL;0.0754;0.0754;65.3367;0.6777;4.9272;0.0511
517;03-DAPI-1-40x-402ms.tif;NBL;0.0761;0.0761;75.7133;0.8787;5.759;0.0668
518;03-DAPI-1-40x-402ms.tif;NBL;0.0601;0.0601;71.157;0.8791;4.2775;0.0528
519;03-DAPI-1-40x-402ms.tif;NBL;0.0771;0.0771;90.7665;1.0028;7.0025;0.0774
520;03-DAPI-1-40x-402ms.tif;NBL;0.0724;0.0724;67.6222;1.03;4.8941;0.0745
521;03-DAPI-1-40x-402ms.tif;NBL;0.0728;0.0728;98.6542;0.9821;7.1828;0.0715
522;03-DAPI-1-40x-402ms.tif;NBL;0.0684;0.0684;75.154;0.7635;5.1375;0.0522
523;03-DAPI-1-40x-402ms.tif;NBL;0.0623;0.0623;81.77;0.777;5.0929;0.0484
524;03-DAPI-1-40x-402ms.tif;NBL;0.0589;0.0589;77.4365;0.7219;4.5625;0.0425
525;03-DAPI-1-40x-402ms.tif;NBL;0.1099;0.1099;71.6663;0.7483;7.8774;0.0822
526;03-DAPI-1-40x-402ms.tif;NBL;0.0602;0.0602;77.755;0.6865;4.6825;0.0413
527;03-DAPI-1-40x-402ms.tif;NBL;0.0713;0.0713;81.379;0.8113;5.8014;0.0578
528;03-DAPI-1-40x-402ms.tif;NBL;0.0755;0.0755;83.9037;0.6638;6.3365;0.0501
529;03-DAPI-1-40x-402ms.tif;NBL;0.0909;0.0909;85.1874;0.3902;7.746;0.0355
530;03-DAPI-1-40x-402ms.tif;NBL;0.0771;0.0771;74.3193;0.3854;5.7336;0.0297
531;03-DAPI-1-40x-402ms.tif;NBL;0.0755;0.0755;82.3506;0.4885;6.2192;0.0369
532;03-DAPI-1-40x-402ms.tif;NBL;0.1216;0.1216;90.0508;0.5495;10.9535;0.0668
533;03-DAPI-1-40x-402ms.tif;NBL;0.0868;0.0868;65.4887;0.625;5.6848;0.0543
534;03-DAPI-1-40x-402ms.tif;NBL;0.1184;0.1184;82.1091;0.6178;9.7202;0.0731
535;03-DAPI-1-40x-402ms.tif;NBL;0.0811;0.0811;78.8916;0.5234;6.3945;0.0424
536;03-DAPI-1-40x-402ms.tif;NBL;0.0747;0.0747;69.7718;0.6468;5.2087;0.0483
537;03-DAPI-1-40x-402ms.tif;NBL;0.0857;0.0857;68.8;0.7772;5.8976;0.0666
538;03-DAPI-1-40x-402ms.tif;NBL;0.0852;0.0852;86.679;0.8688;7.3831;0.074
539;03-DAPI-1-40x-402ms.tif;NBL;0.0574;0.0574;79.2155;0.7845;4.547;0.045
540;03-DAPI-1-40x-402ms.tif;NBL;0.0538;0.0538;82.248;1.1673;4.4265;0.0628
541;03-DAPI-1-40x-402ms.tif;NBL;0.0495;0.0495;94.3114;0.7697;4.6664;0.0381
542;03-DAPI-1-40x-402ms.tif;NBL;0.0794;0.0794;62.2227;0.9385;4.9422;0.0745
543;03-DAPI-1-40x-402ms.tif;NBL;0.0723;0.0723;55.2763;0.8964;3.9946;0.0648
544;03-DAPI-1-40x-402ms.tif;NBL;0.0548;0.0548;72.2851;0.8733;3.9609;0.0479
545;03-DAPI-1-40x-402ms.tif;NBL;0.0557;0.0557;98.9162;1.1092;5.5061;0.0617
546;03-DAPI-1-40x-402ms.tif;NBL;0.0726;0.0726;82.9806;1.0747;6.0237;0.078
547;03-DAPI-1-40x-402ms.tif;NBL;0.0539;0.0539;71.4185;1.0785;3.8515;0.0582
548;03-DAPI-1-40x-402ms.tif;NBL;0.0592;0.0592;78.5641;1.3132;4.6545;0.0778
549;03-DAPI-1-40x-402ms.tif;NBL;0.074;0.074;87.066;1.1877;6.443;0.0879
550;03-DAPI-1-40x-402ms.tif;NBL;0.0592;0.0592;67.3846;0.4853;3.9922;0.0288
551;03-DAPI-1-40x-402ms.tif;NBL;0.0436;0.0436;63.2463;0.5846;2.7588;0.0255
552;03-DAPI-1-40x-402ms.tif;NBL;0.0534;0.0534;69.311;0.4614;3.7002;0.0246
553;03-DAPI-1-40x-402ms.tif;NBL;0.0549;0.0549;71.1443;0.3735;3.9061;0.0205
554;03-DAPI-1-40x-402ms.tif;NBL;0.0662;0.0662;95.7803;1.1967;6.3396;0.0792
555;03-DAPI-1-40x-402ms.tif;NBL;0.0653;0.0653;103.5498;1.0066;6.764;0.0658
556;03-DAPI-1-40x-402ms.tif;NBL;0.0821;0.0821;90.4333;1.251;7.4282;0.1028
557;03-DAPI-1-40x-402ms.tif;NBL;0.0729;0.0729;92.1414;1.1176;6.7186;0.0815
558;03-DAPI-1-40x-402ms.tif;NBL;0.0425;0.0425;87.1301;1.1378;3.7061;0.0484
559;03-DAPI-1-40x-402ms.tif;NBL;0.0452;0.0452;83.9065;1.2182;3.7965;0.0551
560;03-DAPI-1-40x-402ms.tif;NBL;0.0371;0.0371;86.5965;1.2398;3.2135;0.046
561;03-DAPI-1-40x-402ms.tif;NBL;0.0893;0.0893;91.8032;1.1883;8.1981;0.1061
562;03-DAPI-1-40x-402ms.tif;NBL;0.055;0.055;93.9112;1.1105;5.1663;0.0611
563;03-DAPI-1-40x-402ms.tif;NBL;0.0783;0.0783;77.0319;1.3657;6.0348;0.107
564;03-DAPI-1-40x-402ms.tif;NBL;0.0714;0.0714;91.6292;1.348;6.5421;0.0962
565;03-DAPI-1-40x-402ms.tif;NBL;0.0605;0.0605;91.1129;1.1057;5.5166;0.0669
566;03-DAPI-1-40x-402ms.tif;NBL;0.0312;0.0312;104.6215;1.4444;3.2694;0.0451
567;03-DAPI-1-40x-402ms.tif;NBL;0.0582;0.0582;76.4795;1.4869;4.448;0.0865
568;03-DAPI-1-40x-402ms.tif;NBL;0.0501;0.0501;83.8939;1.2359;4.2056;0.062
569;03-DAPI-1-40x-402ms.tif;NBL;0.0711;0.0711;86.8397;1.3542;6.1719;0.0962
570;03-DAPI-1-40x-402ms.tif;NBL;0.0621;0.0621;99.7045;1.4493;6.1883;0.09
571;03-DAPI-1-40x-402ms.tif;NBL;0.0579;0.0579;91.0637;1.3801;5.2765;0.08
572;03-DAPI-1-40x-402ms.tif;NBL;0.0501;0.0501;81.9026;1.2013;4.1058;0.0602
573;03-DAPI-1-40x-402ms.tif;NBL;0.0366;0.0366;94.003;1.2433;3.4374;0.0455
574;03-DAPI-1-40x-402ms.tif;NBL;0.0426;0.0426;99.6031;1.2036;4.2474;0.0513
575;03-DAPI-1-40x-402ms.tif;NBL;0.0462;0.0462;105.6502;1.2817;4.8836;0.0592
576;03-DAPI-1-40x-402ms.tif;NBL;0.064;0.064;100.239;1.4424;6.4172;0.0923
577;03-DAPI-1-40x-402ms.tif;NBL;0.0696;0.0696;85.844;1.2434;5.9707;0.0865
578;03-DAPI-1-40x-402ms.tif;NBL;0.0515;0.0515;95.3768;1.2;4.9158;0.0618
579;03-DAPI-1-40x-402ms.tif;NBL;0.0541;0.0541;76.0561;1.3968;4.1181;0.0756
580;03-DAPI-1-40x-402ms.tif;NBL;0.0485;0.0485;73.3199;1.349;3.5562;0.0654
581;03-DAPI-1-40x-402ms.tif;NBL;0.0853;0.0853;97.8321;1.1285;8.3438;0.0962
582;03-DAPI-1-40x-402ms.tif;NBL;0.0636;0.0636;82.9334;1.4266;5.2733;0.0907
583;03-DAPI-1-40x-402ms.tif;NBL;0.0636;0.0636;95.8805;1.2884;6.0966;0.0819
584;03-DAPI-1-40x-402ms.tif;NBL;0.0586;0.0586;89.9093;1.45;5.2681;0.085
585;03-DAPI-1-40x-402ms.tif;NBL;0.0539;0.0539;88.0423;1.4507;4.7479;0.0782
586;03-DAPI-1-40x-402ms.tif;NBL;0.0584;0.0584;68.1338;1.4517;3.9774;0.0847
587;03-DAPI-1-40x-402ms.tif;NBL;0.0428;0.0428;72.4365;1.0914;3.0968;0.0467
588;03-DAPI-1-40x-402ms.tif;NBL;0.0734;0.0734;78.9423;1.0059;5.7905;0.0738
589;03-DAPI-1-40x-402ms.tif;NBL;0.0561;0.0561;96.9594;1.1219;5.4392;0.0629
590;03-DAPI-1-40x-402ms.tif;NBL;0.0719;0.0719;102.7843;1.0875;7.3943;0.0782
591;03-DAPI-1-40x-402ms.tif;NBL;0.0672;0.0672;82.0404;1.2779;5.5103;0.0858
592;03-DAPI-1-40x-402ms.tif;NBL;0.0738;0.0738;82.475;1.3074;6.0854;0.0965
593;03-DAPI-1-40x-402ms.tif;NBL;0.0658;0.0658;71.3812;1.3465;4.6937;0.0885
594;03-DAPI-1-40x-402ms.tif;NBL;0.0671;0.0671;69.8463;1.4984;4.6837;0.1005
595;03-DAPI-1-40x-402ms.tif;NBL;0.0859;0.0859;89.7992;1.2854;7.7171;0.1105
596;03-DAPI-1-40x-402ms.tif;NBL;0.072;0.072;90.1205;1.3223;6.4931;0.0953
597;03-DAPI-1-40x-402ms.tif;NBL;0.0516;0.0516;85.9643;1.3025;4.44;0.0673
598;03-DAPI-1-40x-402ms.tif;NBL;0.0359;0.0359;76.71;1.3263;2.7551;0.0476
599;03-DAPI-1-40x-402ms.tif;NBL;0.0359;0.0359;69.6556;1.1843;2.5017;0.0425
600;03-DAPI-1-40x-402ms.tif;NBL;0.0359;0.0359;88.3716;1.4804;3.1739;0.0532
601;03-DAPI-1-40x-402ms.tif;NBL;0.0458;0.0458;67.6374;1.0735;3.0971;0.0492
602;03-DAPI-1-40x-402ms.tif;NBL;0.0837;0.0837;88.585;0.8755;7.4109;0.0732
603;03-DAPI-1-40x-402ms.tif;NBL;0.0309;0.0309;82.5368;1.3088;2.5524;0.0405
604;03-DAPI-1-40x-402ms.tif;NBL;0.0347;0.0347;74.1031;1.2937;2.573;0.0449
605;03-DAPI-1-40x-402ms.tif;NBL;0.0379;0.0379;73.4986;1.2378;2.7833;0.0469
606;03-DAPI-1-40x-402ms.tif;NBL;0.0515;0.0515;78.0442;1.2084;4.0225;0.0623
607;03-DAPI-1-40x-402ms.tif;NBL;0.0615;0.0615;81.4092;1.3968;5.0086;0.0859
608;03-DAPI-1-40x-402ms.tif;NBL;0.046;0.046;82.9151;1.2193;3.8147;0.0561
609;03-DAPI-1-40x-402ms.tif;NBL;0.0248;0.0248;78.524;1.1179;1.9512;0.0278
610;03-DAPI-1-40x-402ms.tif;NBL;0.0348;0.0348;68.4984;1.6199;2.3859;0.0564
611;03-DAPI-1-40x-402ms.tif;NBL;0.0257;0.0257;86.4177;1.3755;2.2223;0.0354
612;03-DAPI-1-40x-402ms.tif;NBL;0.0252;0.0252;81.681;1.7586;2.0562;0.0443
613;03-DAPI-1-40x-402ms.tif;NBL;0.0296;0.0296;87.9744;1.5971;2.606;0.0473
614;03-DAPI-1-40x-402ms.tif;NBL;0.0371;0.0371;91.845;1.5526;3.4083;0.0576
615;03-DAPI-1-40x-402ms.tif;NBL;0.0279;0.0279;101.3969;1.2412;2.8276;0.0346
616;03-DAPI-1-40x-402ms.tif;NBL;0.028;0.028;81.6318;1.6395;2.2853;0.0459
617;03-DAPI-1-40x-402ms.tif;NBL;0.0411;0.0411;95.8813;1.2507;3.943;0.0514
618;03-DAPI-1-40x-402ms.tif;NBL;0.0449;0.0449;90.5048;1.5266;4.0656;0.0686
619;03-DAPI-1-40x-402ms.tif;NBL;0.0457;0.0457;99.8694;0.9549;4.5622;0.0436
620;03-DAPI-1-40x-402ms.tif;NBL;0.0458;0.0458;99.7322;1.6493;4.5667;0.0755
621;03-DAPI-1-40x-402ms.tif;NBL;0.0329;0.0329;102.0528;0.9604;3.3553;0.0316
622;03-DAPI-1-40x-402ms.tif;NBL;0.0373;0.0373;96.7384;1.6076;3.6109;0.06
623;03-DAPI-1-40x-402ms.tif;NBL;0.0337;0.0337;93.1994;1.3569;3.1451;0.0458
624;03-DAPI-1-40x-402ms.tif;NBL;0.0246;0.0246;85.3128;1.4097;2.1013;0.0347
625;03-DAPI-1-40x-402ms.tif;NBL;0.0422;0.0422;92.7198;1.2545;3.9136;0.053
626;03-DAPI-1-40x-402ms.tif;NBL;0.0622;0.0622;85.2094;1.1815;5.2979;0.0735
627;03-DAPI-1-40x-402ms.tif;NBL;0.0581;0.0581;87.5607;1.3383;5.083;0.0777
628;03-DAPI-1-40x-402ms.tif;NBL;0.0361;0.0361;101.2793;1.2643;3.6595;0.0457
629;03-DAPI-1-40x-402ms.tif;NBL;0.0369;0.0369;90.3353;1.4529;3.3327;0.0536
630;03-DAPI-1-40x-402ms.tif;NBL;0.0501;0.0501;82.9524;1.0952;4.1584;0.0549
631;03-DAPI-1-40x-402ms.tif;NBL;0.0625;0.0625;71.3247;2.9844;4.4578;0.1865
632;03-DAPI-1-40x-402ms.tif;NBL;0.0635;0.0635;53.2872;1.9077;3.3825;0.1211
633;03-DAPI-1-40x-402ms.tif;NBL;0.1019;0.1019;79.9595;1.0309;8.1469;0.105
634;03-DAPI-1-40x-402ms.tif;NBL;0.0692;0.0692;56.3574;1.185;3.9015;0.082
635;03-DAPI-1-40x-402ms.tif;NBL;0.0768;0.0768;63.2754;1.2415;4.861;0.0954
636;03-DAPI-1-40x-402ms.tif;NBL;0.0627;0.0627;78.2734;1.1384;4.9091;0.0714
637;03-DAPI-1-40x-402ms.tif;NBL;0.0711;0.0711;73.6153;1.5374;5.232;0.1093
638;03-DAPI-1-40x-402ms.tif;NBL;0.0691;0.0691;89.1821;1.4003;6.1642;0.0968
639;03-DAPI-1-40x-402ms.tif;NBL;0.0748;0.0748;84.5123;0.9855;6.3183;0.0737
640;03-DAPI-1-40x-402ms.tif;NBL;0.0445;0.0445;86.0488;1.4878;3.8281;0.0662
641;03-DAPI-1-40x-402ms.tif;NBL;0.0771;0.0771;84.083;1.3376;6.4869;0.1032
642;03-DAPI-1-40x-402ms.tif;NBL;0.0649;0.0649;87.0134;1.3344;5.6461;0.0866
643;03-DAPI-1-40x-402ms.tif;NBL;0.0535;0.0535;61.4219;1.0101;3.2857;0.054
644;03-DAPI-1-40x-402ms.tif;NBL;0.0422;0.0422;82.1722;1.4627;3.4684;0.0617
645;03-DAPI-1-40x-402ms.tif;NBL;0.0357;0.0357;85;1.8298;3.0344;0.0653
646;03-DAPI-1-40x-402ms.tif;NBL;0.0614;0.0614;56.2138;1.7756;3.4524;0.109
647;03-DAPI-1-40x-402ms.tif;NBL;0.0413;0.0413;89.4541;1.4777;3.6981;0.0611
648;03-DAPI-1-40x-402ms.tif;NBL;0.048;0.048;85.0045;1.2919;4.0768;0.062
649;03-DAPI-1-40x-402ms.tif;NBL;0.0554;0.0554;69.2387;1.2407;3.8391;0.0688
650;03-DAPI-1-40x-402ms.tif;NBL;0.0498;0.0498;92.9259;1.4837;4.6281;0.0739
651;03-DAPI-1-40x-402ms.tif;NBL;0.0442;0.0442;84.7813;1.4275;3.7441;0.063
652;03-DAPI-1-40x-402ms.tif;NBL;0.0468;0.0468;92.4594;1.2831;4.324;0.06
653;03-DAPI-1-40x-402ms.tif;NBL;0.039;0.039;57.5432;1.3538;2.2415;0.0527
654;03-DAPI-1-40x-402ms.tif;NBL;0.0272;0.0272;72.0398;1.4382;1.962;0.0392
655;03-DAPI-1-40x-402ms.tif;NBL;0.0701;0.0701;72.3916;1.2368;5.0743;0.0867
656;03-DAPI-1-40x-402ms.tif;NBL;0.0508;0.0508;91.8868;1.5064;4.6661;0.0765
657;03-DAPI-1-40x-402ms.tif;NBL;0.0502;0.0502;65.9438;1.8898;3.3129;0.0949
658;03-DAPI-1-40x-402ms.tif;NBL;0.0558;0.0558;76.2529;1.6595;4.2528;0.0926
659;03-DAPI-1-40x-402ms.tif;NBL;0.0511;0.0511;53.5541;1.5223;2.737;0.0778
660;03-DAPI-1-40x-402ms.tif;NBL;0.0558;0.0558;77.1167;1.2374;4.301;0.069
661;03-DAPI-1-40x-402ms.tif;NBL;0.0687;0.0687;63.6145;1.1848;4.3694;0.0814
662;03-DAPI-1-40x-402ms.tif;NBL;0.0775;0.0775;73.7269;1.2185;5.7119;0.0944
663;03-DAPI-1-40x-402ms.tif;NBL;0.06;0.06;77.0832;1.1519;4.6253;0.0691
664;03-DAPI-1-40x-402ms.tif;NBL;0.0546;0.0546;89.6799;1.1511;4.8946;0.0628
665;03-DAPI-1-40x-402ms.tif;NBL;0.0589;0.0589;82.6667;1.768;4.8707;0.1042
666;03-DAPI-1-40x-402ms.tif;NBL;0.0357;0.0357;83.5471;1.4498;2.9825;0.0518
667;03-DAPI-1-40x-402ms.tif;NBL;0.0429;0.0429;89.2861;1.4911;3.8268;0.0639
668;03-DAPI-1-40x-402ms.tif;NBL;0.0421;0.0421;74.7912;1.5541;3.1488;0.0654
669;03-DAPI-1-40x-402ms.tif;NBL;0.0534;0.0534;77.1402;1.5102;4.1182;0.0806
670;03-DAPI-1-40x-402ms.tif;NBL;0.0489;0.0489;91.357;1.6785;4.4707;0.0821
671;03-DAPI-1-40x-402ms.tif;NBL;0.0412;0.0412;99.4789;1.3842;4.1018;0.0571
672;03-DAPI-1-40x-402ms.tif;NBL;0.0447;0.0447;89.9175;1.0097;4.0197;0.0451
673;03-DAPI-1-40x-402ms.tif;NBL;0.0465;0.0465;103.5524;1.2401;4.8203;0.0577
674;03-DAPI-1-40x-402ms.tif;NBL;0.0398;0.0398;86.4469;1.4932;3.4425;0.0595
675;03-DAPI-1-40x-402ms.tif;NBL;0.0229;0.0229;104.9479;0.8768;2.4028;0.0201
676;03-DAPI-1-40x-402ms.tif;NBL;0.0449;0.0449;94.128;0.9614;4.2284;0.0432
677;03-DAPI-1-40x-402ms.tif;NBL;0.0375;0.0375;114.5231;1.3295;4.2996;0.0499
678;03-DAPI-1-40x-402ms.tif;NBL;0.0296;0.0296;90.3004;0.8645;2.6749;0.0256
679;03-DAPI-1-40x-402ms.tif;NBL;0.0318;0.0318;60.6348;1.2218;1.9277;0.0388
680;03-DAPI-1-40x-402ms.tif;NBL;0.0429;0.0429;60.4734;2.0557;2.5919;0.0881
681;03-DAPI-1-40x-402ms.tif;NBL;0.026;0.026;77.7167;1.5833;2.0239;0.0412
682;03-DAPI-1-40x-402ms.tif;NBL;0.027;0.027;86.8554;1.1566;2.3467;0.0312
683;03-DAPI-1-40x-402ms.tif;NBL;0.0235;0.0235;73.1382;1.6037;1.7221;0.0378
684;03-DAPI-1-40x-402ms.tif;NBL;0.0457;0.0457;77.5368;1.2423;3.542;0.0567
685;03-DAPI-1-40x-402ms.tif;NBL;0.0521;0.0521;63.7958;1.2188;3.3227;0.0635
686;03-DAPI-1-40x-402ms.tif;NBL;0.0574;0.0574;79.0113;1.4423;4.5353;0.0828
687;03-DAPI-1-40x-402ms.tif;NBL;0.0847;0.0847;67.1933;1.1588;5.6942;0.0982
688;03-DAPI-1-40x-402ms.tif;NBL;0.0826;0.0826;63.5782;1.2681;5.2499;0.1047
689;03-DAPI-1-40x-402ms.tif;NBL;0.0662;0.0662;70.6377;1.0344;4.6755;0.0685
690;03-DAPI-1-40x-402ms.tif;NBL;0.057;0.057;73.5924;1.0267;4.1923;0.0585
691;03-DAPI-1-40x-402ms.tif;NBL;0.0564;0.0564;69.1577;1.2923;3.9021;0.0729
692;03-DAPI-1-40x-402ms.tif;NBL;0.0675;0.0675;63.8232;1.1479;4.3075;0.0775
693;03-DAPI-1-40x-402ms.tif;NBL;0.0413;0.0413;84.9396;1.3753;3.5115;0.0569
694;03-DAPI-1-40x-402ms.tif;NBL;0.0302;0.0302;72.8489;1.3705;2.1975;0.0413
695;03-DAPI-1-40x-402ms.tif;NBL;0.048;0.048;51.9977;1.8869;2.4938;0.0905
696;03-DAPI-1-40x-402ms.tif;NBL;0.0465;0.0465;87.2984;1.5734;4.0637;0.0732
697;03-DAPI-1-40x-402ms.tif;NBL;0.1375;0.1375;81.6417;1.3694;11.224;0.1883
698;03-DAPI-1-40x-402ms.tif;NBL;0.0567;0.0567;67.8432;1.5163;3.85;0.086
699;03-DAPI-1-40x-402ms.tif;NBL;0.0573;0.0573;65.9659;1.2386;3.7793;0.071
700;03-DAPI-1-40x-402ms.tif;NBL;0.1044;0.1044;81.9096;1.2058;8.55;0.1259
701;03-DAPI-1-40x-402ms.tif;NBL;0.0495;0.0495;91.2895;1.2719;4.5169;0.0629
702;03-DAPI-1-40x-402ms.tif;NBL;0.0616;0.0616;87.0651;1.3873;5.366;0.0855
703;03-DAPI-1-40x-402ms.tif;NBL;0.0467;0.0467;68.6256;1.2302;3.2019;0.0574
704;03-DAPI-1-40x-402ms.tif;NBL;0.0405;0.0405;74.4236;1.2895;3.0122;0.0522
705;03-DAPI-1-40x-402ms.tif;NBL;0.0445;0.0445;92.2585;1.6244;4.1044;0.0723
706;03-DAPI-1-40x-402ms.tif;NBL;0.0702;0.0702;83.1113;2.3354;5.8347;0.164
707;03-DAPI-1-40x-402ms.tif;NBL;0.0628;0.0628;86.2487;1.5095;5.4186;0.0948
708;03-DAPI-1-40x-402ms.tif;NBL;0.0539;0.0539;83.0885;1.6318;4.4808;0.088
709;03-DAPI-1-40x-402ms.tif;NBL;0.063;0.063;63.5594;1.4527;4.0069;0.0916
710;03-DAPI-1-40x-402ms.tif;NBL;0.0384;0.0384;91.435;1.2853;3.5122;0.0494
711;03-DAPI-1-40x-402ms.tif;NBL;0.0507;0.0507;89.3148;1.4904;4.5258;0.0755
712;03-DAPI-1-40x-402ms.tif;NBL;0.0501;0.0501;79.9567;1.4416;4.0082;0.0723
713;03-DAPI-1-40x-402ms.tif;NBL;0.0449;0.0449;94.2488;1.3551;4.2338;0.0609
714;03-DAPI-1-40x-402ms.tif;NBL;0.0486;0.0486;87.3817;0.8304;4.2477;0.0404
715;03-DAPI-1-40x-402ms.tif;NBL;0.0458;0.0458;65.7464;1.6777;3.0105;0.0768
716;03-DAPI-1-40x-402ms.tif;NBL;0.0968;0.0968;92;1.2803;8.9045;0.1239
717;03-DAPI-1-40x-402ms.tif;NBL;0.0449;0.0449;79.3237;1.3841;3.5634;0.0622
718;03-DAPI-1-40x-402ms.tif;NBL;0.07;0.07;84.1008;1.5643;5.886;0.1095
719;03-DAPI-1-40x-402ms.tif;NBL;0.0505;0.0505;70.871;1.286;3.5758;0.0649
720;03-DAPI-1-40x-402ms.tif;NBL;0.0363;0.0363;76.2179;1.191;2.7705;0.0433
721;03-DAPI-1-40x-402ms.tif;NBL;0.1024;0.1024;64.2638;1.1155;6.5826;0.1143
722;03-DAPI-1-40x-402ms.tif;NBL;0.0562;0.0562;80.5637;1.3842;4.5282;0.0778
723;03-DAPI-1-40x-402ms.tif;NBL;0.0476;0.0476;59.4738;1.4989;2.833;0.0714
724;03-DAPI-1-40x-402ms.tif;NBL;0.0318;0.0318;80.1809;1.43;2.5492;0.0455
725;03-DAPI-1-40x-402ms.tif;NBL;0.0483;0.0483;71.0202;1.1079;3.4293;0.0535
726;03-DAPI-1-40x-402ms.tif;NBL;0.0382;0.0382;84.4091;1.5341;3.224;0.0586
727;03-DAPI-1-40x-402ms.tif;NBL;0.0558;0.0558;66.4066;0.9222;3.7037;0.0514
728;03-DAPI-1-40x-402ms.tif;NBL;0.0675;0.0675;69.1592;0.8698;4.6676;0.0587
729;03-DAPI-1-40x-402ms.tif;NBL;0.0316;0.0316;47;1.4811;1.484;0.0468
730;03-DAPI-1-40x-402ms.tif;NBL;0.0731;0.0731;70.5237;0.911;5.1577;0.0666
731;03-DAPI-1-40x-402ms.tif;NBL;0.0709;0.0709;64.4089;1.1072;4.5637;0.0785
732;03-DAPI-1-40x-402ms.tif;NBL;0.0779;0.0779;73.0446;1.2897;5.6908;0.1005
733;03-DAPI-1-40x-402ms.tif;NBL;0.0564;0.0564;63.6077;0.8346;3.589;0.0471
734;03-DAPI-1-40x-402ms.tif;NBL;0.0429;0.0429;46.8076;1.1089;2.0062;0.0475
735;03-DAPI-1-40x-402ms.tif;NBL;0.055;0.055;61.43;1.1519;3.3794;0.0634
736;03-DAPI-1-40x-402ms.tif;NBL;0.0592;0.0592;61.0165;1.0971;3.6149;0.065
737;03-DAPI-1-40x-402ms.tif;NBL;0.0399;0.0399;60.9864;1.0951;2.4352;0.0437
738;03-DAPI-1-40x-402ms.tif;NBL;0.041;0.041;70.5212;1.4153;2.8925;0.0581
739;03-DAPI-1-40x-402ms.tif;NBL;0.0794;0.0794;54.9235;1.4481;4.3624;0.115
740;03-DAPI-1-40x-402ms.tif;NBL;0.0475;0.0475;63.2123;1.3813;3.0042;0.0656
741;03-DAPI-1-40x-402ms.tif;NBL;0.0771;0.0771;62.9733;1.0113;4.8583;0.078
742;03-DAPI-1-40x-402ms.tif;NBL;0.071;0.071;53.8517;1.1636;3.8215;0.0826
743;03-DAPI-1-40x-402ms.tif;NBL;0.0531;0.0531;42.002;1.1043;2.2286;0.0586
744;03-DAPI-1-40x-402ms.tif;NBL;0.0769;0.0769;86.0339;1.1467;6.6187;0.0882
745;03-DAPI-1-40x-402ms.tif;NBL;0.0463;0.0463;66.8244;1.2131;3.0961;0.0562
746;03-DAPI-1-40x-402ms.tif;NBL;0.056;0.056;54.75;1.2868;3.0654;0.072
747;03-DAPI-1-40x-402ms.tif;NBL;0.0998;0.0998;75.1402;1.2935;7.501;0.1291
748;03-DAPI-1-40x-402ms.tif;NBL;0.0769;0.0769;66.8251;1.2482;5.141;0.096
749;03-DAPI-1-40x-402ms.tif;NBL;0.0641;0.0641;102.1354;1.2876;6.5497;0.0826
750;03-DAPI-1-40x-402ms.tif;NBL;0.0814;0.0814;90.3747;1.3067;7.3547;0.1063
751;03-DAPI-1-40x-402ms.tif;NBL;0.0862;0.0862;81.8589;1.0819;7.0525;0.0932
752;03-DAPI-1-40x-402ms.tif;NBL;0.0535;0.0535;81.9655;1.1481;4.3847;0.0614
753;03-DAPI-1-40x-402ms.tif;NBL;0.0541;0.0541;94.1483;1.1162;5.0977;0.0604
754;03-DAPI-1-40x-402ms.tif;NBL;0.0802;0.0802;78.7442;1.2192;6.3142;0.0978
755;03-DAPI-1-40x-402ms.tif;NBL;0.0419;0.0419;73.7461;0.9611;3.0888;0.0403
756;03-DAPI-1-40x-402ms.tif;NBL;0.0564;0.0564;52.2692;0.9596;2.9492;0.0541
757;03-DAPI-1-40x-402ms.tif;NBL;0.0918;0.0918;72.0059;0.727;6.6099;0.0667
758;03-DAPI-1-40x-402ms.tif;NBL;0.0608;0.0608;67.5839;0.4982;4.1067;0.0303
759;03-DAPI-1-40x-402ms.tif;NBL;0.0553;0.0553;62.1333;0.5216;3.4384;0.0289
760;03-DAPI-1-40x-402ms.tif;NBL;0.0414;0.0414;72.3168;0.8272;2.9975;0.0343
761;03-DAPI-1-40x-402ms.tif;NBL;0.0493;0.0493;51.6432;1.0881;2.5441;0.0536
762;03-DAPI-1-40x-402ms.tif;NBL;0.0594;0.0594;68.234;0.8446;4.0499;0.0501
763;03-DAPI-1-40x-402ms.tif;NBL;0.0598;0.0598;62.0944;0.9927;3.7125;0.0594
764;03-DAPI-1-40x-402ms.tif;NBL;0.0418;0.0418;62.6338;1;2.6165;0.0418
765;03-DAPI-1-40x-402ms.tif;NBL;0.0226;0.0226;63.1875;0.9135;1.4261;0.0206
766;03-DAPI-1-40x-402ms.tif;NBL;0.0533;0.0533;81.7312;0.3401;4.3544;0.0181
767;03-DAPI-1-40x-402ms.tif;NBL;0.0537;0.0537;76.5111;0.398;4.1095;0.0214
768;03-DAPI-1-40x-402ms.tif;NBL;0.041;0.041;94.6296;0.3122;3.8813;0.0128
769;03-DAPI-1-40x-402ms.tif;NBL;0.0496;0.0496;75.9409;0.5427;3.7657;0.0269
770;03-DAPI-1-40x-402ms.tif;NBL;0.0588;0.0588;80.9797;0.5775;4.7625;0.034
771;03-DAPI-1-40x-402ms.tif;NBL;0.0679;0.0679;78.5831;0.222;5.3378;0.0151
772;03-DAPI-1-40x-402ms.tif;NBL;0.0681;0.0681;81.7229;0.0908;5.5688;0.0062
773;03-DAPI-1-40x-402ms.tif;NBL;0.0471;0.0471;85.0023;0.4194;4.0029;0.0197
774;03-DAPI-1-40x-402ms.tif;NBL;0.043;0.043;64.9343;0.5455;2.7901;0.0234
775;03-DAPI-1-40x-402ms.tif;NBL;0.0391;0.0391;70.1556;0.5417;2.7405;0.0212
776;03-DAPI-1-40x-402ms.tif;NBL;0.077;0.077;64.4493;0.5324;4.9652;0.041
777;03-DAPI-1-40x-402ms.tif;NBL;0.0499;0.0499;51.35;0.95;2.563;0.0474
778;03-DAPI-1-40x-402ms.tif;NBL;0.0523;0.0523;73.2801;0.5643;3.8326;0.0295
779;03-DAPI-1-40x-402ms.tif;NBL;0.1132;0.1132;87.2895;0.6174;9.8788;0.0699
780;03-DAPI-1-40x-402ms.tif;NBL;0.063;0.063;87.2599;0.8778;5.5011;0.0553
781;03-DAPI-1-40x-402ms.tif;NBL;0.0714;0.0714;75.6261;0.9833;5.3995;0.0702
782;03-DAPI-1-40x-402ms.tif;NBL;0.0597;0.0597;62.7291;1.1309;3.7436;0.0675
783;03-DAPI-1-40x-402ms.tif;NBL;0.052;0.052;61.4154;0.9562;3.1921;0.0497
784;03-DAPI-1-40x-402ms.tif;NBL;0.1139;0.1139;85.4657;1.239;9.7373;0.1412
785;03-DAPI-1-40x-402ms.tif;NBL;0.0653;0.0653;79.0648;1.1495;5.1646;0.0751
786;03-DAPI-1-40x-402ms.tif;NBL;0.0915;0.0915;79.325;0.9454;7.256;0.0865
787;03-DAPI-1-40x-402ms.tif;NBL;0.115;0.115;70.1075;0.7019;8.0636;0.0807
788;03-DAPI-1-40x-402ms.tif;NBL;0.0655;0.0655;75.2119;0.5;4.9293;0.0328
789;03-DAPI-1-40x-402ms.tif;NBL;0.0458;0.0458;85.3957;0.5521;3.9103;0.0253
790;03-DAPI-1-40x-402ms.tif;NBL;0.0438;0.0438;77.5025;0.3762;3.3975;0.0165
791;03-DAPI-1-40x-402ms.tif;NBL;0.032;0.032;81.9492;0.5119;2.6232;0.0164
792;03-DAPI-1-40x-402ms.tif;NBL;0.0468;0.0468;74.8538;0.406;3.5007;0.019
793;03-DAPI-1-40x-402ms.tif;NBL;0.0697;0.0697;69.1246;0.4283;4.8153;0.0298
794;03-DAPI-1-40x-402ms.tif;NBL;0.0587;0.0587;74.4529;0.2717;4.3706;0.016
795;03-DAPI-1-40x-402ms.tif;NBL;0.0532;0.0532;85.6367;0.4469;4.5532;0.0238
796;03-DAPI-1-40x-402ms.tif;NBL;0.0316;0.0316;70.0034;0.5808;2.2104;0.0183
797;03-DAPI-1-40x-402ms.tif;NBL;0.0951;0.0951;56.7317;0.2169;5.3925;0.0206
798;03-DAPI-1-40x-402ms.tif;NBL;0.0445;0.0445;97.7683;0.7073;4.3495;0.0315
799;03-DAPI-1-40x-402ms.tif;NBL;0.0603;0.0603;73.518;0.3813;4.4353;0.023
800;03-DAPI-1-40x-402ms.tif;NBL;0.0871;0.0871;56.9377;0.4894;4.961;0.0426
801;03-DAPI-1-40x-402ms.tif;NBL;0.0603;0.0603;63.1313;0.4137;3.8087;0.025
802;03-DAPI-1-40x-402ms.tif;NBL;0.064;0.064;62.9831;0.1322;4.0321;0.0085
803;03-DAPI-1-40x-402ms.tif;NBL;0.0734;0.0734;76.5932;0.3402;5.6182;0.025
804;03-DAPI-1-40x-402ms.tif;NBL;0.0671;0.0671;64.8269;0.4045;4.3471;0.0271
805;03-DAPI-1-40x-402ms.tif;NBL;0.0866;0.0866;46.7607;0.1028;4.0489;0.0089
806;03-DAPI-1-40x-402ms.tif;NBL;0.0371;0.0371;74.5673;0.0789;2.7671;0.0029
807;03-DAPI-1-40x-402ms.tif;NBL;0.0516;0.0516;69.0315;0.0315;3.5654;0.0016
808;03-DAPI-1-40x-402ms.tif;NBL;0.078;0.078;62.3825;0.1349;4.8669;0.0105
809;03-DAPI-1-40x-402ms.tif;NBL;0.0713;0.0713;72.758;0.2131;5.1868;0.0152
810;03-DAPI-1-40x-402ms.tif;NBL;0.0535;0.0535;72.641;0.1359;3.8859;0.0073
811;03-DAPI-1-40x-402ms.tif;NBL;0.0495;0.0495;68.9386;0.1469;3.411;0.0073
812;03-DAPI-1-40x-402ms.tif;NBL;0.0552;0.0552;62.165;0.1611;3.4334;0.0089
813;03-DAPI-1-40x-402ms.tif;NBL;0.0435;0.0435;62.4988;0.202;2.7194;0.0088
814;03-DAPI-1-40x-402ms.tif;NBL;0.0525;0.0525;45.8161;0.1653;2.4061;0.0087
815;03-DAPI-1-40x-402ms.tif;NBL;0.0328;0.0328;68.904;0.0629;2.2579;0.0021
816;03-DAPI-1-40x-402ms.tif;NBL;0.0449;0.0449;65.1063;0.1739;2.9247;0.0078
817;03-DAPI-1-40x-402ms.tif;NBL;0.0548;0.0548;54.0574;0.0792;2.9621;0.0043
818;03-DAPI-1-40x-402ms.tif;NBL;0.0547;0.0547;67.9901;0.121;3.7182;0.0066
819;03-DAPI-1-40x-402ms.tif;NBL;0.0535;0.0535;57.6836;0.0629;3.0857;0.0034
820;03-DAPI-1-40x-402ms.tif;NBL;0.0638;0.0638;49.3333;0.0289;3.1476;0.0018
821;03-DAPI-1-40x-402ms.tif;NBL;0.08;0.08;71.4423;0.1506;5.7132;0.012
822;03-DAPI-1-40x-402ms.tif;NBL;0.0533;0.0533;63.4868;0.7984;3.3824;0.0425
823;03-DAPI-1-40x-402ms.tif;NBL;0.0633;0.0633;46.0875;0.6758;2.9155;0.0428
824;03-DAPI-1-40x-402ms.tif;NBL;0.0636;0.0636;62.4454;0.6143;3.9706;0.0391
825;03-DAPI-1-40x-402ms.tif;NBL;0.0488;0.0488;47.7756;0.5089;2.3328;0.0248
826;03-DAPI-1-40x-402ms.tif;NBL;0.066;0.066;39.0789;0.8257;2.5781;0.0545
827;03-DAPI-1-40x-402ms.tif;NBL;0.06;0.06;56.5443;0.6709;3.3929;0.0403
828;03-DAPI-1-40x-402ms.tif;NBL;0.0471;0.0471;48.6198;0.6544;2.2896;0.0308
829;03-DAPI-1-40x-402ms.tif;NBL;0.0487;0.0487;44.6125;0.4098;2.1735;0.02
830;03-DAPI-1-40x-402ms.tif;NBL;0.0392;0.0392;65.9668;0.0499;2.584;0.002
831;03-DAPI-1-40x-402ms.tif;NBL;0.073;0.073;57.7489;0.0817;4.2171;0.006
832;03-DAPI-1-40x-402ms.tif;NBL;0.0809;0.0809;55.3432;0.0603;4.4798;0.0049
833;03-DAPI-1-40x-402ms.tif;NBL;0.0805;0.0805;51.2561;0.0553;4.1267;0.0044
834;03-DAPI-1-40x-402ms.tif;NBL;0.0475;0.0475;64.8105;0.0228;3.0802;0.0011
835;03-DAPI-1-40x-402ms.tif;NBL;0.0598;0.0598;45.5481;0.0181;2.7232;0.0011
836;03-DAPI-1-40x-402ms.tif;NBL;0.0767;0.0767;37.3465;0.0212;2.865;0.0016
837;03-DAPI-1-40x-402ms.tif;NBL;0.0414;0.0414;53.788;0.3063;2.2295;0.0127
838;03-DAPI-1-40x-402ms.tif;NBL;0.0734;0.0734;59.074;0.1686;4.3331;0.0124
839;03-DAPI-1-40x-402ms.tif;NBL;0.0819;0.0819;51.8053;0.1748;4.244;0.0143
840;03-DAPI-1-40x-402ms.tif;NBL;0.0649;0.0649;49.5334;0.0251;3.2141;0.0016
841;03-DAPI-1-40x-402ms.tif;NBL;0.0978;0.0978;38.7336;0.0155;3.7868;0.0015
842;03-DAPI-1-40x-402ms.tif;NBL;0.0483;0.0483;44.3978;0.0067;2.1438;0.0003
843;03-DAPI-1-40x-402ms.tif;NBL;0.0761;0.0761;35.5007;0.0157;2.7003;0.0012
844;03-DAPI-1-40x-402ms.tif;NBL;0.0564;0.0564;68.8885;0.0558;3.8869;0.0031
845;03-DAPI-1-40x-402ms.tif;NBL;0.0279;0.0279;64.5798;0.4358;1.8009;0.0122
846;03-DAPI-1-40x-402ms.tif;NBL;0.0757;0.0757;62.8926;0.9226;4.7633;0.0699
847;03-DAPI-1-40x-402ms.tif;NBL;0.0757;0.0757;72.5415;0.6476;5.4941;0.049
848;04-DAPI-1-40x-402ms.tif;NBL;0.0549;0.0549;60.6937;0.1285;3.3324;0.0071
849;04-DAPI-1-40x-402ms.tif;NBL;0.0703;0.0703;83.5664;0.1543;5.8758;0.0109
850;04-DAPI-1-40x-402ms.tif;NBL;0.0785;0.0785;70.823;0.2033;5.5561;0.016
851;04-DAPI-1-40x-402ms.tif;NBL;0.0558;0.0558;67.6401;0.2121;3.7725;0.0118
852;04-DAPI-1-40x-402ms.tif;NBL;0.0488;0.0488;53.4356;0.2644;2.6092;0.0129
853;04-DAPI-1-40x-402ms.tif;NBL;0.0489;0.0489;53.204;0.3459;2.6036;0.0169
854;04-DAPI-1-40x-402ms.tif;NBL;0.0757;0.0757;66.8653;0.351;5.0642;0.0266
855;04-DAPI-1-40x-402ms.tif;NBL;0.0536;0.0536;81.5364;0.5547;4.3706;0.0297
856;04-DAPI-1-40x-402ms.tif;NBL;0.0595;0.0595;91.7226;0.6588;5.454;0.0392
857;04-DAPI-1-40x-402ms.tif;NBL;0.0594;0.0594;84.83;0.6435;5.0349;0.0382
858;04-DAPI-1-40x-402ms.tif;NBL;0.065;0.065;88.1185;0.9149;5.7273;0.0595
859;04-DAPI-1-40x-402ms.tif;NBL;0.0411;0.0411;103.6227;0.7731;4.2614;0.0318
860;04-DAPI-1-40x-402ms.tif;NBL;0.0599;0.0599;95.3732;0.8007;5.7125;0.048
861;04-DAPI-1-40x-402ms.tif;NBL;0.0829;0.0829;69.7893;0.5851;5.7855;0.0485
862;04-DAPI-1-40x-402ms.tif;NBL;0.0503;0.0503;99.7414;0.7931;5.0217;0.0399
863;04-DAPI-1-40x-402ms.tif;NBL;0.051;0.051;84.3851;0.7064;4.3035;0.036
864;04-DAPI-1-40x-402ms.tif;NBL;0.0751;0.0751;89.5983;0.8584;6.7276;0.0645
865;04-DAPI-1-40x-402ms.tif;NBL;0.0683;0.0683;87.2878;0.8045;5.9575;0.0549
866;04-DAPI-1-40x-402ms.tif;NBL;0.0446;0.0446;101.1119;1.0511;4.5092;0.0469
867;04-DAPI-1-40x-402ms.tif;NBL;0.0782;0.0782;73.8155;0.9626;5.7748;0.0753
868;04-DAPI-1-40x-402ms.tif;NBL;0.0727;0.0727;67.297;0.9313;4.8925;0.0677
869;04-DAPI-1-40x-402ms.tif;NBL;0.1543;0.1543;100.1589;1.1357;15.4542;0.1752
870;04-DAPI-1-40x-402ms.tif;NBL;0.0438;0.0438;88.7723;1.1361;3.8915;0.0498
871;04-DAPI-1-40x-402ms.tif;NBL;0.0868;0.0868;92.4;1.1413;8.0208;0.0991
872;04-DAPI-1-40x-402ms.tif;NBL;0.0983;0.0983;87.5309;1.1225;8.6049;0.1104
873;04-DAPI-1-40x-402ms.tif;NBL;0.0745;0.0745;84.4381;1.0597;6.2944;0.079
874;04-DAPI-1-40x-402ms.tif;NBL;0.0443;0.0443;85.8627;1.0539;3.8012;0.0467
875;04-DAPI-1-40x-402ms.tif;NBL;0.0986;0.0986;76.3388;1.1298;7.5295;0.1114
876;04-DAPI-1-40x-402ms.tif;NBL;0.0564;0.0564;88.4096;1.0981;4.9884;0.062
877;04-DAPI-1-40x-402ms.tif;NBL;0.0706;0.0706;87.5223;1.0369;6.1824;0.0732
878;04-DAPI-1-40x-402ms.tif;NBL;0.0824;0.0824;55.61;1.3083;4.5799;0.1077
879;04-DAPI-1-40x-402ms.tif;NBL;0.0825;0.0825;82.9382;0.8921;6.8395;0.0736
880;04-DAPI-1-40x-402ms.tif;NBL;0.0801;0.0801;86.8293;0.7656;6.9531;0.0613
881;04-DAPI-1-40x-402ms.tif;NBL;0.0919;0.0919;82.0319;0.8713;7.5392;0.0801
882;04-DAPI-1-40x-402ms.tif;NBL;0.0704;0.0704;69.3005;0.8644;4.8802;0.0609
883;04-DAPI-1-40x-402ms.tif;NBL;0.1024;0.1024;61.2119;0.803;6.27;0.0822
884;04-DAPI-1-40x-402ms.tif;NBL;0.0497;0.0497;65.3275;1.0197;3.2465;0.0507
885;04-DAPI-1-40x-402ms.tif;NBL;0.0693;0.0693;96.6933;0.9014;6.7043;0.0625
886;04-DAPI-1-40x-402ms.tif;NBL;0.0564;0.0564;88.8269;0.8404;5.0119;0.0474
887;04-DAPI-1-40x-402ms.tif;NBL;0.078;0.078;80.0167;0.847;6.2426;0.0661
888;04-DAPI-1-40x-402ms.tif;NBL;0.068;0.068;93.7576;0.8166;6.3787;0.0556
889;04-DAPI-1-40x-402ms.tif;NBL;0.0897;0.0897;68.6312;1.2624;6.1586;0.1133
890;04-DAPI-1-40x-402ms.tif;NBL;0.0889;0.0889;83.9341;1.2991;7.459;0.1155
891;04-DAPI-1-40x-402ms.tif;NBL;0.0492;0.0492;88.0088;1.1943;4.326;0.0587
892;04-DAPI-1-40x-402ms.tif;NBL;0.1;0.1;91.3254;1.2852;9.1365;0.1286
893;04-DAPI-1-40x-402ms.tif;NBL;0.1355;0.1355;91.5645;1.1281;12.4093;0.1529
894;04-DAPI-1-40x-402ms.tif;NBL;0.0997;0.0997;80.6344;1.0522;8.0407;0.1049
895;04-DAPI-1-40x-402ms.tif;NBL;0.0876;0.0876;64.4436;1.2045;5.643;0.1055
896;04-DAPI-1-40x-402ms.tif;NBL;0.0792;0.0792;101.3151;1.2151;8.0252;0.0962
897;04-DAPI-1-40x-402ms.tif;NBL;0.0846;0.0846;95.1154;0.9679;8.0501;0.0819
898;04-DAPI-1-40x-402ms.tif;NBL;0.1185;0.1185;98.9029;1.054;11.719;0.1249
899;04-DAPI-1-40x-402ms.tif;NBL;0.0594;0.0594;80.7788;0.947;4.7945;0.0562
900;04-DAPI-1-40x-402ms.tif;NBL;0.0583;0.0583;85.4693;1.0428;4.9801;0.0608
901;04-DAPI-1-40x-402ms.tif;NBL;0.0791;0.0791;98.1742;1.1852;7.7657;0.0938
902;04-DAPI-1-40x-402ms.tif;NBL;0.1227;0.1227;86.4041;1.1919;10.6036;0.1463
903;04-DAPI-1-40x-402ms.tif;NBL;0.0655;0.0655;76.4868;1.8344;5.0128;0.1202
904;04-DAPI-1-40x-402ms.tif;NBL;0.0938;0.0938;93.9942;1.2731;8.812;0.1194
905;04-DAPI-1-40x-402ms.tif;NBL;0.0895;0.0895;84.84;1.7455;7.5947;0.1562
906;04-DAPI-1-40x-402ms.tif;NBL;0.0696;0.0696;88.8081;1.3666;6.1769;0.0951
907;04-DAPI-1-40x-402ms.tif;NBL;0.0516;0.0516;103.8193;1.3403;5.3622;0.0692
908;04-DAPI-1-40x-402ms.tif;NBL;0.0743;0.0743;80.4745;1.2774;5.9814;0.0949
909;04-DAPI-1-40x-402ms.tif;NBL;0.0666;0.0666;95.3893;1.3876;6.3551;0.0924
910;04-DAPI-1-40x-402ms.tif;NBL;0.0573;0.0573;85.6136;1.3182;4.9049;0.0755
911;04-DAPI-1-40x-402ms.tif;NBL;0.0764;0.0764;96.2685;1.3693;7.3538;0.1046
912;04-DAPI-1-40x-402ms.tif;NBL;0.0548;0.0548;84.2416;1.0198;4.6161;0.0559
913;04-DAPI-1-40x-402ms.tif;NBL;0.0946;0.0946;83.547;1.2099;7.9051;0.1145
914;04-DAPI-1-40x-402ms.tif;NBL;0.0972;0.0972;82.2746;1.2121;7.9989;0.1178
915;04-DAPI-1-40x-402ms.tif;NBL;0.086;0.086;61.396;1.3026;5.2829;0.1121
916;04-DAPI-1-40x-402ms.tif;NBL;0.0554;0.0554;86.8063;1.3523;4.8132;0.075
917;04-DAPI-1-40x-402ms.tif;NBL;0.1207;0.1207;88.6951;1.1466;10.7019;0.1383
918;04-DAPI-1-40x-402ms.tif;NBL;0.1271;0.1271;90.5713;1.1546;11.5081;0.1467
919;04-DAPI-1-40x-402ms.tif;NBL;0.0688;0.0688;72.0931;1.3312;4.9595;0.0916
920;04-DAPI-1-40x-402ms.tif;NBL;0.0855;0.0855;93.7335;1.3909;8.0145;0.1189
921;04-DAPI-1-40x-402ms.tif;NBL;0.0948;0.0948;88.9828;1.4096;8.4387;0.1337
922;04-DAPI-1-40x-402ms.tif;NBL;0.0802;0.0802;103.8078;1.5602;8.324;0.1251
923;04-DAPI-1-40x-402ms.tif;NBL;0.0505;0.0505;98.557;1.3892;4.9728;0.0701
924;04-DAPI-1-40x-402ms.tif;NBL;0.094;0.094;100.9296;1.6293;9.484;0.1531
925;04-DAPI-1-40x-402ms.tif;NBL;0.1046;0.1046;94.834;1.5768;9.9197;0.1649
926;04-DAPI-1-40x-402ms.tif;NBL;0.0889;0.0889;91.7582;1.6899;8.1543;0.1502
927;04-DAPI-1-40x-402ms.tif;NBL;0.0817;0.0817;74.085;1.4754;6.0532;0.1206
928;04-DAPI-1-40x-402ms.tif;NBL;0.0755;0.0755;83.9655;1.4943;6.3411;0.1128
929;04-DAPI-1-40x-402ms.tif;NBL;0.0622;0.0622;104.986;1.3682;6.5275;0.0851
930;04-DAPI-1-40x-402ms.tif;NBL;0.068;0.068;85.3876;1.4673;5.8092;0.0998
931;04-DAPI-1-40x-402ms.tif;NBL;0.0691;0.0691;96.1915;1.763;6.6487;0.1219
932;04-DAPI-1-40x-402ms.tif;NBL;0.0938;0.0938;80.1076;1.559;7.5101;0.1462
933;04-DAPI-1-40x-402ms.tif;NBL;0.0853;0.0853;89.612;1.556;7.6427;0.1327
934;04-DAPI-1-40x-402ms.tif;NBL;0.0904;0.0904;85.2737;1.5666;7.7076;0.1416
935;04-DAPI-1-40x-402ms.tif;NBL;0.0866;0.0866;85.8872;1.1704;7.4368;0.1013
936;04-DAPI-1-40x-402ms.tif;NBL;0.0598;0.0598;89.3975;1.5136;5.3448;0.0905
937;04-DAPI-1-40x-402ms.tif;NBL;0.0457;0.0457;68.1188;1.3064;3.1118;0.0597
938;04-DAPI-1-40x-402ms.tif;NBL;0.0822;0.0822;86.2375;1.5013;7.0929;0.1235
939;04-DAPI-1-40x-402ms.tif;NBL;0.0665;0.0665;89.0848;1.4535;5.9255;0.0967
940;04-DAPI-1-40x-402ms.tif;NBL;0.0794;0.0794;82.9973;1.3169;6.5922;0.1046
941;04-DAPI-1-40x-402ms.tif;NBL;0.0567;0.0567;90.8298;1.2868;5.1545;0.073
942;04-DAPI-1-40x-402ms.tif;NBL;0.07;0.07;93.0496;1.5271;6.5123;0.1069
943;04-DAPI-1-40x-402ms.tif;NBL;0.1176;0.1176;94.9594;1.3542;11.1693;0.1593
944;04-DAPI-1-40x-402ms.tif;NBL;0.1026;0.1026;92.1173;1.2114;9.4556;0.1243
945;04-DAPI-1-40x-402ms.tif;NBL;0.1467;0.1467;103.375;1.3003;15.1653;0.1908
946;04-DAPI-1-40x-402ms.tif;NBL;0.119;0.119;93.4348;1.1231;11.1217;0.1337
947;04-DAPI-1-40x-402ms.tif;NBL;0.0535;0.0535;105.9108;1.3651;5.6656;0.073
948;04-DAPI-1-40x-402ms.tif;NBL;0.1012;0.1012;85.672;1.4427;8.6732;0.1461
949;04-DAPI-1-40x-402ms.tif;NBL;0.1236;0.1236;77.0694;1.3565;9.525;0.1676
950;04-DAPI-1-40x-402ms.tif;NBL;0.1288;0.1288;83.7304;1.3075;10.7843;0.1684
951;04-DAPI-1-40x-402ms.tif;NBL;0.0979;0.0979;94.5787;1.1286;9.2567;0.1105
952;04-DAPI-1-40x-402ms.tif;NBL;0.0761;0.0761;68.1812;1.1184;5.1861;0.0851
953;04-DAPI-1-40x-402ms.tif;NBL;0.0646;0.0646;72.6807;1.0521;4.6924;0.0679
954;04-DAPI-1-40x-402ms.tif;NBL;0.0833;0.0833;106.4219;1.1576;8.8685;0.0965
955;04-DAPI-1-40x-402ms.tif;NBL;0.0674;0.0674;87.3865;1.1047;5.8883;0.0744
956;04-DAPI-1-40x-402ms.tif;NBL;0.1034;0.1034;99.0252;1.703;10.2399;0.1761
957;04-DAPI-1-40x-402ms.tif;NBL;0.0649;0.0649;63.8328;1.4632;4.1419;0.0949
958;04-DAPI-1-40x-402ms.tif;NBL;0.0871;0.0871;68.9925;1.7634;6.0114;0.1536
959;04-DAPI-1-40x-402ms.tif;NBL;0.0794;0.0794;93.0929;1.4495;7.3941;0.1151
960;04-DAPI-1-40x-402ms.tif;NBL;0.1352;0.1352;87.6942;1.797;11.8562;0.2429
961;04-DAPI-1-40x-402ms.tif;NBL;0.0815;0.0815;101.8842;1.2277;8.3024;0.1
962;04-DAPI-1-40x-402ms.tif;NBL;0.088;0.088;72.7312;1.3194;6.4003;0.1161
963;04-DAPI-1-40x-402ms.tif;NBL;0.1031;0.1031;83.9779;1.1232;8.6566;0.1158
964;04-DAPI-1-40x-402ms.tif;NBL;0.0793;0.0793;98.9521;1.4254;7.8487;0.1131
965;04-DAPI-1-40x-402ms.tif;NBL;0.0539;0.0539;83.1851;1.0221;4.486;0.0551
966;04-DAPI-1-40x-402ms.tif;NBL;0.0494;0.0494;79.5099;1.2615;3.9255;0.0623
967;04-DAPI-1-40x-402ms.tif;NBL;0.0642;0.0642;68.3936;1.3767;4.3933;0.0884
968;04-DAPI-1-40x-402ms.tif;NBL;0.0551;0.0551;69.7815;1.2756;3.8465;0.0703
969;04-DAPI-1-40x-402ms.tif;NBL;0.0633;0.0633;95.482;1.4322;6.0401;0.0906
970;04-DAPI-1-40x-402ms.tif;NBL;0.0957;0.0957;93.2234;1.1825;8.9218;0.1132
971;04-DAPI-1-40x-402ms.tif;NBL;0.0853;0.0853;67.9593;1.0725;5.796;0.0915
972;04-DAPI-1-40x-402ms.tif;NBL;0.086;0.086;71.9243;1.2699;6.1888;0.1093
973;04-DAPI-1-40x-402ms.tif;NBL;0.0984;0.0984;86.0937;1.2525;8.473;0.1233
974;04-DAPI-1-40x-402ms.tif;NBL;0.0492;0.0492;89.2759;1.5033;4.3882;0.0739
975;04-DAPI-1-40x-402ms.tif;NBL;0.0342;0.0342;79.8381;1.8063;2.7288;0.0617
976;04-DAPI-1-40x-402ms.tif;NBL;0.0443;0.0443;93.6127;1.5637;4.1443;0.0692
977;04-DAPI-1-40x-402ms.tif;NBL;0.0263;0.0263;32.876;1.5331;0.8633;0.0403
978;04-DAPI-1-40x-402ms.tif;NBL;0.0431;0.0431;71.3577;1.9043;3.0739;0.082
979;04-DAPI-1-40x-402ms.tif;NBL;0.0524;0.0524;70.8116;1.323;3.7112;0.0693
980;04-DAPI-1-40x-402ms.tif;NBL;0.0451;0.0451;95.3918;1.2716;4.3059;0.0574
981;04-DAPI-1-40x-402ms.tif;NBL;0.049;0.049;41.542;1.2876;2.0374;0.0632
982;04-DAPI-1-40x-402ms.tif;NBL;0.0413;0.0413;57.6745;1.6404;2.3843;0.0678
983;04-DAPI-1-40x-402ms.tif;NBL;0.091;0.091;67.0107;0.8248;6.1005;0.0751
984;04-DAPI-1-40x-402ms.tif;NBL;0.0712;0.0712;77.7012;1.3796;5.5308;0.0982
985;04-DAPI-1-40x-402ms.tif;NBL;0.0497;0.0497;71.5284;1.3384;3.5547;0.0665
986;04-DAPI-1-40x-402ms.tif;NBL;0.0286;0.0286;101.2538;1.5114;2.9005;0.0433
987;04-DAPI-1-40x-402ms.tif;NBL;0.0527;0.0527;90.4136;0.6811;4.7679;0.0359
988;04-DAPI-1-40x-402ms.tif;NBL;0.0387;0.0387;91.7759;0.8039;3.5551;0.0311
989;04-DAPI-1-40x-402ms.tif;NBL;0.0277;0.0277;55.1176;1.2902;1.5251;0.0357
990;04-DAPI-1-40x-402ms.tif;NBL;0.0564;0.0564;62.7096;1.2;3.5383;0.0677
991;04-DAPI-1-40x-402ms.tif;NBL;0.0375;0.0375;63.4769;1.448;2.3831;0.0544
992;04-DAPI-1-40x-402ms.tif;NBL;0.0939;0.0939;75.378;1.0751;7.0749;0.1009
993;04-DAPI-1-40x-402ms.tif;NBL;0.0931;0.0931;95.8462;2.0326;8.9232;0.1892
994;04-DAPI-1-40x-402ms.tif;NBL;0.0942;0.0942;96.4896;0.9505;9.0878;0.0895
995;04-DAPI-1-40x-402ms.tif;NBL;0.0288;0.0288;108.6566;1.0415;3.1243;0.0299
996;04-DAPI-1-40x-402ms.tif;NBL;0.0727;0.0727;76.3;0.7582;5.547;0.0551
997;04-DAPI-1-40x-402ms.tif;NBL;0.0605;0.0605;91.1595;0.8065;5.5194;0.0488
998;04-DAPI-1-40x-402ms.tif;NBL;0.0626;0.0626;92.8475;0.6274;5.813;0.0393
999;04-DAPI-1-40x-402ms.tif;NBL;0.0626;0.0626;68.3778;0.8718;4.281;0.0546
1000;04-DAPI-1-40x-402ms.tif;NBL;0.0699;0.0699;76.4674;0.663;5.3434;0.0463
1001;04-DAPI-1-40x-402ms.tif;NBL;0.0755;0.0755;83.0115;0.7241;6.2691;0.0547
1002;04-DAPI-1-40x-402ms.tif;NBL;0.0608;0.0608;104.6357;0.7857;6.3581;0.0477
1003;04-DAPI-1-40x-402ms.tif;NBL;0.0742;0.0742;98.9503;1.405;7.344;0.1043
1004;04-DAPI-1-40x-402ms.tif;NBL;0.1171;0.1171;95.0992;1.1724;11.1341;0.1373
1005;04-DAPI-1-40x-402ms.tif;NBL;0.0756;0.0756;76.5653;1.0416;5.7906;0.0788
1006;04-DAPI-1-40x-402ms.tif;NBL;0.1048;0.1048;98.4348;1.1605;10.3177;0.1216
1007;04-DAPI-1-40x-402ms.tif;NBL;0.0796;0.0796;95.564;1.0572;7.6111;0.0842
1008;04-DAPI-1-40x-402ms.tif;NBL;0.0832;0.0832;89.6402;1.2295;7.4603;0.1023
1009;04-DAPI-1-40x-402ms.tif;NBL;0.0559;0.0559;65.3223;1.1767;3.6503;0.0658
1010;04-DAPI-1-40x-402ms.tif;NBL;0.062;0.062;66.0105;1.2627;4.0898;0.0782
1011;04-DAPI-1-40x-402ms.tif;NBL;0.0633;0.0633;91.7873;1.4099;5.8064;0.0892
1012;04-DAPI-1-40x-402ms.tif;NBL;0.1198;0.1198;97.9031;0.99;11.728;0.1186
1013;04-DAPI-1-40x-402ms.tif;NBL;0.0873;0.0873;78.3516;0.6832;6.8439;0.0597
1014;04-DAPI-1-40x-402ms.tif;NBL;0.0836;0.0836;103.4532;1.1039;8.6436;0.0922
1015;04-DAPI-1-40x-402ms.tif;NBL;0.0731;0.0731;65.8887;0.5045;4.8187;0.0369
1016;04-DAPI-1-40x-402ms.tif;NBL;0.0417;0.0417;71.8906;1.1641;2.9954;0.0485
1017;04-DAPI-1-40x-402ms.tif;NBL;0.0975;0.0975;60.3026;1.3849;5.8824;0.1351
1018;04-DAPI-1-40x-402ms.tif;NBL;0.076;0.076;81.7;1.1457;6.2055;0.087
1019;04-DAPI-1-40x-402ms.tif;NBL;0.0604;0.0604;86.6248;0.3752;5.2355;0.0227
1020;04-DAPI-1-40x-402ms.tif;NBL;0.1038;0.1038;44.3636;0.1317;4.6068;0.0137
1021;04-DAPI-1-40x-402ms.tif;NBL;0.1037;0.1037;52.5617;0.1684;5.4524;0.0175
1022;04-DAPI-1-40x-402ms.tif;NBL;0.0689;0.0689;69.0394;0.285;4.7569;0.0196
1023;04-DAPI-1-40x-402ms.tif;NBL;0.0802;0.0802;63.134;0.1989;5.0625;0.016
1024;04-DAPI-1-40x-402ms.tif;NBL;0.0556;0.0556;110.3789;0.8223;6.1322;0.0457
1025;04-DAPI-1-40x-402ms.tif;NBL;0.0666;0.0666;114.0896;1.0945;7.601;0.0729
1026;04-DAPI-1-40x-402ms.tif;NBL;0.0757;0.0757;66.2493;0.4771;5.0176;0.0361
1027;04-DAPI-1-40x-402ms.tif;NBL;0.0651;0.0651;78.235;0.4417;5.0934;0.0288
1028;04-DAPI-1-40x-402ms.tif;NBL;0.0626;0.0626;67.714;0.0659;4.2395;0.0041
1029;04-DAPI-1-40x-402ms.tif;NBL;0.1146;0.1146;72.4318;0.5;8.2995;0.0573
1030;04-DAPI-1-40x-402ms.tif;NBL;0.0813;0.0813;64.984;0.3912;5.2814;0.0318
1031;04-DAPI-1-40x-402ms.tif;NBL;0.0887;0.0887;68.8421;0.623;6.1029;0.0552
1032;04-DAPI-1-40x-402ms.tif;NBL;0.0815;0.0815;82.2996;0.6951;6.7065;0.0566
1033;04-DAPI-1-40x-402ms.tif;NBL;0.0654;0.0654;80.5456;0.7977;5.2701;0.0522
1034;04-DAPI-1-40x-402ms.tif;NBL;0.0715;0.0715;77.8604;0.7557;5.5675;0.054
1035;04-DAPI-1-40x-402ms.tif;NBL;0.0826;0.0826;80.6991;0.9251;6.6636;0.0764
1036;04-DAPI-1-40x-402ms.tif;NBL;0.0831;0.0831;102.6514;1.0248;8.532;0.0852
1037;04-DAPI-1-40x-402ms.tif;NBL;0.1314;0.1314;94.2948;1.2775;12.3905;0.1679
1038;04-DAPI-1-40x-402ms.tif;NBL;0.0667;0.0667;52.8309;1.0439;3.5255;0.0697
1039;04-DAPI-1-40x-402ms.tif;NBL;0.0941;0.0941;95.2895;1.1811;8.9644;0.1111
1040;04-DAPI-1-40x-402ms.tif;NBL;0.0966;0.0966;99.8348;1.1438;9.6412;0.1105
1041;04-DAPI-1-40x-402ms.tif;NBL;0.0929;0.0929;101.91;1.3154;9.4656;0.1222
1042;04-DAPI-1-40x-402ms.tif;NBL;0.0514;0.0514;102.673;1.3671;5.2807;0.0703
1043;04-DAPI-1-40x-402ms.tif;NBL;0.0836;0.0836;80.8753;0.8831;6.7572;0.0738
1044;04-DAPI-1-40x-402ms.tif;NBL;0.0533;0.0533;63.6864;0.7108;3.393;0.0379
1045;04-DAPI-1-40x-402ms.tif;NBL;0.0469;0.0469;82.1181;0.8079;3.8493;0.0379
1046;04-DAPI-1-40x-402ms.tif;NBL;0.0785;0.0785;98.3776;0.8368;7.7178;0.0656
1047;04-DAPI-1-40x-402ms.tif;NBL;0.1051;0.1051;85.7441;1.0516;9.0154;0.1106
1048;04-DAPI-1-40x-402ms.tif;NBL;0.1104;0.1104;70.2753;1.0157;7.755;0.1121
1049;04-DAPI-1-40x-402ms.tif;NBL;0.0806;0.0806;64.8466;0.7133;5.228;0.0575
1050;04-DAPI-1-40x-402ms.tif;NBL;0.0842;0.0842;71.3338;0.7152;6.0064;0.0602
1051;04-DAPI-1-40x-402ms.tif;NBL;0.0933;0.0933;69.7453;0.6605;6.5084;0.0616
1052;04-DAPI-1-40x-402ms.tif;NBL;0.0804;0.0804;69.8003;0.6046;5.6122;0.0486
1053;04-DAPI-1-40x-402ms.tif;NBL;0.0803;0.0803;80.323;0.4459;6.4495;0.0358
1054;04-DAPI-1-40x-402ms.tif;NBL;0.074;0.074;91.3328;0.3695;6.7588;0.0273
1055;04-DAPI-1-40x-402ms.tif;NBL;0.0603;0.0603;82.2824;0.0953;4.9641;0.0058
1056;04-DAPI-1-40x-402ms.tif;NBL;0.0697;0.0697;60.7632;0.0763;4.2329;0.0053
1057;04-DAPI-1-40x-402ms.tif;NBL;0.0839;0.0839;69.2937;0.2846;5.8121;0.0239
1058;04-DAPI-1-40x-402ms.tif;NBL;0.0769;0.0769;38.5599;0.6008;2.9665;0.0462
1059;04-DAPI-1-40x-402ms.tif;NBL;0.0982;0.0982;55.7967;0.0674;5.4792;0.0066
1060;04-DAPI-1-40x-402ms.tif;NBL;0.126;0.126;59.466;0.037;7.4913;0.0047
1061;04-DAPI-1-40x-402ms.tif;NBL;0.0607;0.0607;51.0161;0.0787;3.0944;0.0048
1062;04-DAPI-1-40x-402ms.tif;NBL;0.1047;0.1047;47.7824;0.0259;5.0033;0.0027
1063;04-DAPI-1-40x-402ms.tif;NBL;0.08;0.08;53.9674;0.0231;4.3158;0.0018
1064;04-DAPI-1-40x-402ms.tif;NBL;0.1252;0.1252;68.8423;0.1837;8.6202;0.023
1065;04-DAPI-1-40x-402ms.tif;NBL;0.0774;0.0774;66.575;0.0435;5.1506;0.0034
1066;04-DAPI-1-40x-402ms.tif;NBL;0.1153;0.1153;47.3612;0.0216;5.4628;0.0025
1067;04-DAPI-1-40x-402ms.tif;NBL;0.0857;0.0857;54.0772;0.7506;4.6355;0.0643
1068;04-DAPI-1-40x-402ms.tif;NBL;0.0662;0.0662;77.8328;0.4705;5.1517;0.0311
1069;04-DAPI-1-40x-402ms.tif;NBL;0.094;0.094;63.739;1.0808;5.9894;0.1016
1070;04-DAPI-1-40x-402ms.tif;NBL;0.1117;0.1117;97.5957;1.1312;10.8969;0.1263
1071;04-DAPI-1-40x-402ms.tif;NBL;0.0437;0.0437;67.531;1.4814;2.953;0.0648
1072;04-DAPI-1-40x-402ms.tif;NBL;0.0718;0.0718;90.9184;1.1314;6.5308;0.0813
1073;04-DAPI-1-40x-402ms.tif;NBL;0.1047;0.1047;90.1544;1.0632;9.44;0.1113
1074;04-DAPI-1-40x-402ms.tif;NBL;0.0749;0.0749;102.7594;1.1841;7.6936;0.0887
1075;04-DAPI-1-40x-402ms.tif;NBL;0.0791;0.0791;80.5638;1.0754;6.3727;0.0851
1076;04-DAPI-1-40x-402ms.tif;NBL;0.0707;0.0707;99.0613;1.1012;7.0082;0.0779
1077;04-DAPI-1-40x-402ms.tif;NBL;0.0875;0.0875;93.7097;1.0658;8.1955;0.0932
1078;04-DAPI-1-40x-402ms.tif;NBL;0.1355;0.1355;85.5629;1.1025;11.5959;0.1494
1079;04-DAPI-1-40x-402ms.tif;NBL;0.0347;0.0347;75.2313;0.8938;2.6122;0.031
1080;04-DAPI-1-40x-402ms.tif;NBL;0.0397;0.0397;76.8005;0.9836;3.05;0.0391
1081;04-DAPI-1-40x-402ms.tif;NBL;0.0489;0.0489;62.7938;0.9712;3.0729;0.0475
1082;05-DAPI-1-40x-402ms.tif;NBL;0.1079;0.1079;78.7676;0.494;8.4956;0.0533
1083;05-DAPI-1-40x-402ms.tif;NBL;0.1216;0.1216;99.6717;0.6253;12.1237;0.0761
1084;05-DAPI-1-40x-402ms.tif;NBL;0.0888;0.0888;90.1235;0.6944;7.9992;0.0616
1085;05-DAPI-1-40x-402ms.tif;NBL;0.0888;0.0888;94.7555;0.6736;8.4104;0.0598
1086;05-DAPI-1-40x-402ms.tif;NBL;0.0403;0.0403;90.345;0.6846;3.6369;0.0276
1087;05-DAPI-1-40x-402ms.tif;NBL;0.1049;0.1049;84.8842;0.637;8.9066;0.0668
1088;05-DAPI-1-40x-402ms.tif;NBL;0.0642;0.0642;73.3868;0.5963;4.7141;0.0383
1089;05-DAPI-1-40x-402ms.tif;NBL;0.068;0.068;95.2041;0.6013;6.4771;0.0409
1090;05-DAPI-1-40x-402ms.tif;NBL;0.0537;0.0537;66.404;0.7657;3.5666;0.0411
1091;05-DAPI-1-40x-402ms.tif;NBL;0.0671;0.0671;70.9628;0.6262;4.7586;0.042
1092;05-DAPI-1-40x-402ms.tif;NBL;0.048;0.048;64.457;0.6946;3.0914;0.0333
1093;05-DAPI-1-40x-402ms.tif;NBL;0.1106;0.1106;70.3562;0.6948;7.7792;0.0768
1094;05-DAPI-1-40x-402ms.tif;NBL;0.0686;0.0686;85.4193;0.7342;5.8577;0.0503
1095;05-DAPI-1-40x-402ms.tif;NBL;0.068;0.068;65.9011;0.7002;4.4835;0.0476
1096;05-DAPI-1-40x-402ms.tif;NBL;0.1072;0.1072;75.5253;0.6893;8.0967;0.0739
1097;05-DAPI-1-40x-402ms.tif;NBL;0.0513;0.0513;77.3383;0.6216;3.9693;0.0319
1098;05-DAPI-1-40x-402ms.tif;NBL;0.0775;0.0775;59.1036;0.7843;4.579;0.0608
1099;05-DAPI-1-40x-402ms.tif;NBL;0.0846;0.0846;93.4397;0.8846;7.9083;0.0749
1100;05-DAPI-1-40x-402ms.tif;NBL;0.0822;0.0822;81.4802;0.7533;6.7016;0.062
1101;05-DAPI-1-40x-402ms.tif;NBL;0.055;0.055;81.9034;1;4.5058;0.055
1102;05-DAPI-1-40x-402ms.tif;NBL;0.0665;0.0665;98.7781;0.9347;6.5702;0.0622
1103;05-DAPI-1-40x-402ms.tif;NBL;0.0632;0.0632;85.2904;0.7216;5.3862;0.0456
1104;05-DAPI-1-40x-402ms.tif;NBL;0.0782;0.0782;78.8779;0.4632;6.1709;0.0362
1105;05-DAPI-1-40x-402ms.tif;NBL;0.0755;0.0755;69.2112;0.6609;5.2269;0.0499
1106;05-DAPI-1-40x-402ms.tif;NBL;0.0557;0.0557;53.2476;0.8577;2.964;0.0477
1107;05-DAPI-1-40x-402ms.tif;NBL;0.0692;0.0692;45.4781;0.6317;3.1483;0.0437
1108;05-DAPI-1-40x-402ms.tif;NBL;0.0716;0.0716;73.1909;1.0258;5.2415;0.0735
1109;05-DAPI-1-40x-402ms.tif;NBL;0.0438;0.0438;90.7203;0.8366;3.9769;0.0367
1110;05-DAPI-1-40x-402ms.tif;NBL;0.0544;0.0544;102.8084;1.1916;5.5889;0.0648
1111;05-DAPI-1-40x-402ms.tif;NBL;0.0853;0.0853;71.7532;1.0064;6.1196;0.0858
1112;05-DAPI-1-40x-402ms.tif;NBL;0.0753;0.0753;92.3127;1.1787;6.9515;0.0888
1113;05-DAPI-1-40x-402ms.tif;NBL;0.0559;0.0559;85.8369;1.101;4.7967;0.0615
1114;05-DAPI-1-40x-402ms.tif;NBL;0.0745;0.0745;99.802;1.182;7.4397;0.0881
1115;05-DAPI-1-40x-402ms.tif;NBL;0.072;0.072;98.5331;1.2289;7.0992;0.0885
1116;05-DAPI-1-40x-402ms.tif;NBL;0.0736;0.0736;90.3982;1.233;6.6504;0.0907
1117;05-DAPI-1-40x-402ms.tif;NBL;0.1267;0.1267;66.2329;1.0882;8.3941;0.1379
1118;05-DAPI-1-40x-402ms.tif;NBL;0.0938;0.0938;85.4583;1.0498;8.0117;0.0984
1119;05-DAPI-1-40x-402ms.tif;NBL;0.0757;0.0757;101.3897;1.0888;7.679;0.0825
1120;05-DAPI-1-40x-402ms.tif;NBL;0.0973;0.0973;71.4604;0.7926;6.9553;0.0771
1121;05-DAPI-1-40x-402ms.tif;NBL;0.0429;0.0429;69.6101;0.9392;2.9835;0.0403
1122;05-DAPI-1-40x-402ms.tif;NBL;0.0345;0.0345;60.9088;0.805;2.1017;0.0278
1123;05-DAPI-1-40x-402ms.tif;NBL;0.0775;0.0775;61.958;0.7801;4.8001;0.0604
1124;05-DAPI-1-40x-402ms.tif;NBL;0.047;0.047;65.6882;0.7044;3.0863;0.0331
1125;05-DAPI-1-40x-402ms.tif;NBL;0.0863;0.0863;97.6994;1.1421;8.4278;0.0985
1126;05-DAPI-1-40x-402ms.tif;NBL;0.0576;0.0576;65.9623;1.2486;3.8006;0.0719
1127;05-DAPI-1-40x-402ms.tif;NBL;0.074;0.074;82.8094;1.2346;6.128;0.0914
1128;05-DAPI-1-40x-402ms.tif;NBL;0.0702;0.0702;71.2597;1.1236;5.0027;0.0789
1129;05-DAPI-1-40x-402ms.tif;NBL;0.0498;0.0498;53.1024;1.5708;2.6447;0.0782
1130;05-DAPI-1-40x-402ms.tif;NBL;0.0445;0.0445;119.039;1.8049;5.2958;0.0803
1131;05-DAPI-1-40x-402ms.tif;NBL;0.0383;0.0383;65.5722;1.7422;2.5116;0.0667
1132;05-DAPI-1-40x-402ms.tif;NBL;0.0565;0.0565;71.1017;1.1459;4.0195;0.0648
1133;05-DAPI-1-40x-402ms.tif;NBL;0.0436;0.0436;64.5672;1.3433;2.8164;0.0586
1134;05-DAPI-1-40x-402ms.tif;NBL;0.0443;0.0443;69.4608;1.5833;3.0751;0.0701
1135;05-DAPI-1-40x-402ms.tif;NBL;0.0457;0.0457;96.1306;1.4941;4.3914;0.0683
1136;05-DAPI-1-40x-402ms.tif;NBL;0.0654;0.0654;105.8143;1.3134;6.9234;0.0859
1137;05-DAPI-1-40x-402ms.tif;NBL;0.0643;0.0643;106.5902;1.5194;6.8585;0.0978
1138;05-DAPI-1-40x-402ms.tif;NBL;0.0583;0.0583;94.4115;1.3464;5.5012;0.0785
1139;05-DAPI-1-40x-402ms.tif;NBL;0.0625;0.0625;97.599;1.1181;6.0999;0.0699
1140;05-DAPI-1-40x-402ms.tif;NBL;0.0484;0.0484;86.2803;1.4036;4.1755;0.0679
1141;05-DAPI-1-40x-402ms.tif;NBL;0.1104;0.1104;90.9125;1.3235;10.0323;0.1461
1142;05-DAPI-1-40x-402ms.tif;NBL;0.0661;0.0661;90.3892;0.9425;5.973;0.0623
1143;05-DAPI-1-40x-402ms.tif;NBL;0.0488;0.0488;93.6067;1.2711;4.5706;0.0621
1144;05-DAPI-1-40x-402ms.tif;NBL;0.0783;0.0783;67.4792;1.4834;5.2865;0.1162
1145;05-DAPI-1-40x-402ms.tif;NBL;0.0516;0.0516;81.7836;1.3277;4.2241;0.0686
1146;05-DAPI-1-40x-402ms.tif;NBL;0.0559;0.0559;76.2874;1.3612;4.263;0.0761
1147;05-DAPI-1-40x-402ms.tif;NBL;0.0572;0.0572;104.6964;1.167;5.9869;0.0667
1148;05-DAPI-1-40x-402ms.tif;NBL;0.0962;0.0962;87.0056;0.9143;8.3739;0.088
1149;05-DAPI-1-40x-402ms.tif;NBL;0.0498;0.0498;78.5033;1.2919;3.9098;0.0643
1150;05-DAPI-1-40x-402ms.tif;NBL;0.0771;0.0771;71.4177;1.0633;5.5098;0.082
1151;05-DAPI-1-40x-402ms.tif;NBL;0.055;0.055;96.5542;1.2761;5.3117;0.0702
1152;05-DAPI-1-40x-402ms.tif;NBL;0.053;0.053;85.8791;1.3504;4.5474;0.0715
1153;05-DAPI-1-40x-402ms.tif;NBL;0.0543;0.0543;103.912;1.496;5.6376;0.0812
1154;05-DAPI-1-40x-402ms.tif;NBL;0.0583;0.0583;90.9367;1.2793;5.2987;0.0745
1155;05-DAPI-1-40x-402ms.tif;NBL;0.0818;0.0818;60.5889;1.0557;4.957;0.0864
1156;05-DAPI-1-40x-402ms.tif;NBL;0.0312;0.0312;55.8715;1.4792;1.746;0.0462
1157;05-DAPI-1-40x-402ms.tif;NBL;0.0519;0.0519;70.9812;1.5272;3.6815;0.0792
1158;05-DAPI-1-40x-402ms.tif;NBL;0.0701;0.0701;79.1254;1.1362;5.5463;0.0796
1159;05-DAPI-1-40x-402ms.tif;NBL;0.0498;0.0498;80.6514;1.6688;4.0168;0.0831
1160;05-DAPI-1-40x-402ms.tif;NBL;0.0492;0.0492;98.5298;1.4371;4.8431;0.0706
1161;05-DAPI-1-40x-402ms.tif;NBL;0.0507;0.0507;86.6274;1.2848;4.3896;0.0651
1162;05-DAPI-1-40x-402ms.tif;NBL;0.0851;0.0851;66.7219;1.3788;5.676;0.1173
1163;05-DAPI-1-40x-402ms.tif;NBL;0.0414;0.0414;54.8089;1.6623;2.2718;0.0689
1164;05-DAPI-1-40x-402ms.tif;NBL;0.0513;0.0513;50.1903;2.5497;2.576;0.1309
1165;05-DAPI-1-40x-402ms.tif;NBL;0.0877;0.0877;55.7686;1.3589;4.8894;0.1191
1166;05-DAPI-1-40x-402ms.tif;NBL;0.1148;0.1148;39.7174;0.9991;4.5596;0.1147
1167;05-DAPI-1-40x-402ms.tif;NBL;0.0527;0.0527;57.537;0.9012;3.0342;0.0475
1168;05-DAPI-1-40x-402ms.tif;NBL;0.0688;0.0688;73.9574;1.6483;5.0878;0.1134
1169;05-DAPI-1-40x-402ms.tif;NBL;0.0736;0.0736;68.3658;1.2876;5.0295;0.0947
1170;05-DAPI-1-40x-402ms.tif;NBL;0.0471;0.0471;118.1083;1.7788;5.562;0.0838
1171;05-DAPI-1-40x-402ms.tif;NBL;0.0536;0.0536;81.6356;1.2429;4.3759;0.0666
1172;05-DAPI-1-40x-402ms.tif;NBL;0.0633;0.0633;84.2144;1.3705;5.3274;0.0867
1173;05-DAPI-1-40x-402ms.tif;NBL;0.0813;0.0813;51.2056;1.2844;4.1616;0.1044
1174;05-DAPI-1-40x-402ms.tif;NBL;0.0987;0.0987;46.9187;1.5264;4.6328;0.1507
1175;05-DAPI-1-40x-402ms.tif;NBL;0.025;0.025;104.2957;1.3261;2.6029;0.0331
1176;05-DAPI-1-40x-402ms.tif;NBL;0.0455;0.0455;53.5131;1.5298;2.4329;0.0696
1177;05-DAPI-1-40x-402ms.tif;NBL;0.0498;0.0498;51.1786;1.5577;2.5489;0.0776
1178;05-DAPI-1-40x-402ms.tif;NBL;0.0252;0.0252;37.2759;1.1207;0.9384;0.0282
1179;05-DAPI-1-40x-402ms.tif;NBL;0.0264;0.0264;47.5267;1.8848;1.2531;0.0497
1180;05-DAPI-1-40x-402ms.tif;NBL;0.0243;0.0243;36.7857;1.9643;0.8941;0.0477
1181;05-DAPI-1-40x-402ms.tif;NBL;0.0142;0.0142;29.0992;0.771;0.4136;0.011
1182;05-DAPI-1-40x-402ms.tif;NBL;0.0579;0.0579;74.4007;1.2097;4.311;0.0701
1183;05-DAPI-1-40x-402ms.tif;NBL;0.0525;0.0525;64.6322;1.4587;3.3943;0.0766
1184;05-DAPI-1-40x-402ms.tif;NBL;0.0717;0.0717;52.5915;1.1346;3.772;0.0814
1185;05-DAPI-1-40x-402ms.tif;NBL;0.0143;0.0143;31.3712;1.5758;0.4493;0.0226
1186;05-DAPI-1-40x-402ms.tif;NBL;0.0412;0.0412;67.4026;1.0184;2.7792;0.042
1187;05-DAPI-1-40x-402ms.tif;NBL;0.0221;0.0221;62.1716;1.5735;1.3762;0.0348
1188;05-DAPI-1-40x-402ms.tif;NBL;0.0258;0.0258;40.1513;1.6387;1.0369;0.0423
1189;05-DAPI-1-40x-402ms.tif;NBL;0.0328;0.0328;27.6093;1.1722;0.9047;0.0384
1190;05-DAPI-1-40x-402ms.tif;NBL;0.0468;0.0468;35.5522;3.7958;1.6627;0.1775
1191;05-DAPI-1-40x-402ms.tif;NBL;0.0498;0.0498;93.8932;1.1939;4.6763;0.0595
1192;05-DAPI-1-40x-402ms.tif;NBL;0.0728;0.0728;80.6393;1.2742;5.8712;0.0928
1193;05-DAPI-1-40x-402ms.tif;NBL;0.0397;0.0397;70.6393;1.082;2.8053;0.043
1194;05-DAPI-1-40x-402ms.tif;NBL;0.0763;0.0763;57.0014;1.3414;4.3481;0.1023
1195;05-DAPI-1-40x-402ms.tif;NBL;0.0642;0.0642;60.6368;1.4054;3.8951;0.0903
1196;05-DAPI-1-40x-402ms.tif;NBL;0.0973;0.0973;85.6589;1.1237;8.3372;0.1094
1197;05-DAPI-1-40x-402ms.tif;NBL;0.0905;0.0905;89.2758;0.958;8.079;0.0867
1198;05-DAPI-1-40x-402ms.tif;NBL;0.1029;0.1029;65.5042;0.789;6.7381;0.0812
1199;05-DAPI-1-40x-402ms.tif;NBL;0.0617;0.0617;64.6924;1.0984;3.9941;0.0678
1200;05-DAPI-1-40x-402ms.tif;NBL;0.0576;0.0576;57.1921;1.2053;3.2952;0.0694
1201;05-DAPI-1-40x-402ms.tif;NBL;0.0709;0.0709;76.0597;0.781;5.3892;0.0553
1202;05-DAPI-1-40x-402ms.tif;NBL;0.1037;0.1037;78.1088;0.9613;8.1024;0.0997
1203;05-DAPI-1-40x-402ms.tif;NBL;0.1138;0.1138;97.409;1.0877;11.0875;0.1238
1204;05-DAPI-1-40x-402ms.tif;NBL;0.0592;0.0592;83.8168;1.3004;4.9657;0.077
1205;05-DAPI-1-40x-402ms.tif;NBL;0.1007;0.1007;67.8912;1.0679;6.8363;0.1075
1206;05-DAPI-1-40x-402ms.tif;NBL;0.0656;0.0656;77.2397;0.9455;5.0705;0.0621
1207;05-DAPI-1-40x-402ms.tif;NBL;0.0735;0.0735;55.7903;1.0473;4.0983;0.0769
1208;05-DAPI-1-40x-402ms.tif;NBL;0.0668;0.0668;49.8669;1.1526;3.3331;0.077
1209;05-DAPI-1-40x-402ms.tif;NBL;0.1086;0.1086;88.8392;1.021;9.6493;0.1109
1210;05-DAPI-1-40x-402ms.tif;NBL;0.0537;0.0537;70.2667;1.4626;3.7741;0.0786
1211;05-DAPI-1-40x-402ms.tif;NBL;0.0659;0.0659;69.2273;1.2471;4.5596;0.0821
1212;05-DAPI-1-40x-402ms.tif;NBL;0.0617;0.0617;57.2988;1.2443;3.5377;0.0768
1213;05-DAPI-1-40x-402ms.tif;NBL;0.1293;0.1293;80.4044;1.2626;10.3995;0.1633
1214;05-DAPI-1-40x-402ms.tif;NBL;0.0592;0.0592;67.511;0.4744;3.9997;0.0281
1215;05-DAPI-1-40x-402ms.tif;NBL;0.047;0.047;75.3187;0.6536;3.5387;0.0307
1216;05-DAPI-1-40x-402ms.tif;NBL;0.0553;0.0553;72.5745;1.1275;4.0162;0.0624
1217;05-DAPI-1-40x-402ms.tif;NBL;0.121;0.121;68.3892;0.8771;8.2741;0.1061
1218;05-DAPI-1-40x-402ms.tif;NBL;0.1062;0.1062;84.048;0.5393;8.9283;0.0573
1219;05-DAPI-1-40x-402ms.tif;NBL;0.1267;0.1267;64.5394;0.5257;8.1795;0.0666
1220;05-DAPI-1-40x-402ms.tif;NBL;0.0489;0.0489;47.3481;0.6519;2.3171;0.0319
1221;05-DAPI-1-40x-402ms.tif;NBL;0.0776;0.0776;44.5972;1.1161;3.46;0.0866
1222;05-DAPI-1-40x-402ms.tif;NBL;0.0744;0.0744;38.3921;0.8994;2.8577;0.0669
1223;05-DAPI-1-40x-402ms.tif;NBL;0.0385;0.0385;63.0592;0.5352;2.429;0.0206
1224;05-DAPI-1-40x-402ms.tif;NBL;0.0806;0.0806;55.5868;0.5532;4.4814;0.0446
1225;05-DAPI-1-40x-402ms.tif;NBL;0.0475;0.0475;60.2648;0.6781;2.8641;0.0322
1226;05-DAPI-1-40x-402ms.tif;NBL;0.0761;0.0761;72.1427;0.1227;5.4874;0.0093
1227;05-DAPI-1-40x-402ms.tif;NBL;0.1583;0.1583;27.562;0.1241;4.3634;0.0196
1228;05-DAPI-1-40x-402ms.tif;NBL;0.0545;0.0545;38.2151;0.4462;2.0816;0.0243
1229;05-DAPI-1-40x-402ms.tif;NBL;0.0407;0.0407;67.7093;0.576;2.7551;0.0234
1230;05-DAPI-1-40x-402ms.tif;NBL;0.0392;0.0392;67.7701;0.3989;2.6546;0.0156
1231;05-DAPI-1-40x-402ms.tif;NBL;0.0494;0.0494;39.5077;0.4;1.9505;0.0197
1232;05-DAPI-1-40x-402ms.tif;NBL;0.072;0.072;62.5256;0.3163;4.5049;0.0228
1233;05-DAPI-1-40x-402ms.tif;NBL;0.1012;0.1012;75.1683;0.612;7.6098;0.062
1234;05-DAPI-1-40x-402ms.tif;NBL;0.0444;0.0444;54.9609;0.7604;2.4391;0.0337
1235;05-DAPI-1-40x-402ms.tif;NBL;0.1215;0.1215;77.55;1.0071;9.4245;0.1224
1236;05-DAPI-1-40x-402ms.tif;NBL;0.0533;0.0533;83.0183;1.277;4.423;0.068
1237;05-DAPI-1-40x-402ms.tif;NBL;0.1013;0.1013;61.5675;1.0396;6.2396;0.1054
1238;05-DAPI-1-40x-402ms.tif;NBL;0.0993;0.0993;86.718;0.9519;8.6097;0.0945
1239;05-DAPI-1-40x-402ms.tif;NBL;0.2423;0.2423;85.6529;0.9051;20.7534;0.2193
1240;05-DAPI-1-40x-402ms.tif;NBL;0.1519;0.1519;71.4329;0.8793;10.8513;0.1336
1241;05-DAPI-1-40x-402ms.tif;NBL;0.1019;0.1019;71.4111;0.8019;7.2759;0.0817
1242;05-DAPI-1-40x-402ms.tif;NBL;0.0763;0.0763;83.8976;0.7411;6.3997;0.0565
1243;05-DAPI-1-40x-402ms.tif;NBL;0.0802;0.0802;93.092;0.6522;7.4647;0.0523
1244;05-DAPI-1-40x-402ms.tif;NBL;0.0627;0.0627;74.3529;0.4446;4.6632;0.0279
1245;05-DAPI-1-40x-402ms.tif;NBL;0.0696;0.0696;93.6162;0.4945;6.5113;0.0344
1246;05-DAPI-1-40x-402ms.tif;NBL;0.0744;0.0744;32.379;1.1822;2.4102;0.088
1247;05-DAPI-1-40x-402ms.tif;NBL;0.138;0.138;76.6698;0.5259;10.582;0.0726
1248;05-DAPI-1-40x-402ms.tif;NBL;0.1609;0.1609;69.174;0.4107;11.1312;0.0661
1249;05-DAPI-1-40x-402ms.tif;NBL;0.1007;0.1007;61.7468;0.486;6.2176;0.0489
1250;05-DAPI-1-40x-402ms.tif;NBL;0.0747;0.0747;56.0843;0.1977;4.1868;0.0148
1251;05-DAPI-1-40x-402ms.tif;NBL;0.1035;0.1035;41.3637;0.0744;4.2818;0.0077
1252;05-DAPI-1-40x-402ms.tif;NBL;0.0659;0.0659;77.0708;0.1367;5.0762;0.009
1253;05-DAPI-1-40x-402ms.tif;NBL;0.0884;0.0884;71.184;0.1104;6.295;0.0098
1254;05-DAPI-1-40x-402ms.tif;NBL;0.0928;0.0928;43.0456;0.0749;3.9935;0.0069
1255;05-DAPI-1-40x-402ms.tif;NBL;0.0745;0.0745;67.7787;0.083;5.0525;0.0062
1256;05-DAPI-1-40x-402ms.tif;NBL;0.0573;0.0573;44.5511;0.0568;2.5524;0.0033
1257;05-DAPI-1-40x-402ms.tif;NBL;0.1033;0.1033;66.292;0.5116;6.8479;0.0528
1258;05-DAPI-1-40x-402ms.tif;NBL;0.0552;0.0552;97.8566;0.5147;5.4046;0.0284
1259;05-DAPI-1-40x-402ms.tif;NBL;0.131;0.131;89.6703;0.2444;11.7439;0.032
1260;05-DAPI-1-40x-402ms.tif;NBL;0.102;0.102;59.7926;0.2383;6.0986;0.0243
1261;05-DAPI-1-40x-402ms.tif;NBL;0.079;0.079;49.397;0.1168;3.902;0.0092
1262;05-DAPI-1-40x-402ms.tif;NBL;0.0358;0.0358;29.8576;0.1727;1.0691;0.0062
1263;05-DAPI-1-40x-402ms.tif;NBL;0.063;0.063;41.401;0.0654;2.61;0.0041
1264;05-DAPI-1-40x-402ms.tif;NBL;0.1436;0.1436;45.4868;0.0348;6.5298;0.005
1265;05-DAPI-1-40x-402ms.tif;NBL;0.0457;0.0457;63.8195;0.0665;2.9154;0.003
1266;05-DAPI-1-40x-402ms.tif;NBL;0.0703;0.0703;70.1867;0.0278;4.935;0.002
1267;05-DAPI-1-40x-402ms.tif;NBL;0.0358;0.0358;57.3212;0.0303;2.0525;0.0011
1268;05-DAPI-1-40x-402ms.tif;NBL;0.057;0.057;53.3105;0.0229;3.0369;0.0013
1269;05-DAPI-1-40x-402ms.tif;NBL;0.0779;0.0779;34.1978;0.0474;2.6643;0.0037
1270;05-DAPI-1-40x-402ms.tif;NBL;0.0625;0.0625;29.3611;0.0469;1.8351;0.0029
1271;05-DAPI-1-40x-402ms.tif;NBL;0.0306;0.0306;47.3156;0.0213;1.4478;0.0007
1272;05-DAPI-1-40x-402ms.tif;NBL;0.0983;0.0983;46.4581;0.0254;4.5672;0.0025
1273;05-DAPI-1-40x-402ms.tif;NBL;0.0802;0.0802;49.9986;0.0528;4.0092;0.0042
1274;05-DAPI-1-40x-402ms.tif;NBL;0.0479;0.0479;37.1451;0.0295;1.7775;0.0014
1275;05-DAPI-1-40x-402ms.tif;NBL;0.0531;0.0531;35.3313;0.0736;1.8747;0.0039
1276;05-DAPI-1-40x-402ms.tif;NBL;0.105;0.105;57.4773;0.0424;6.0371;0.0044
1277;05-DAPI-1-40x-402ms.tif;NBL;0.0838;0.0838;45.0415;0.1528;3.773;0.0128
1278;05-DAPI-1-40x-402ms.tif;NBL;0.1087;0.1087;58.9222;0.1756;6.4062;0.0191
1279;05-DAPI-1-40x-402ms.tif;NBL;0.1144;0.1144;61.5104;0.2211;7.0347;0.0253
1280;05-DAPI-1-40x-402ms.tif;NBL;0.0801;0.0801;61.0799;0.1287;4.8912;0.0103
1281;05-DAPI-1-40x-402ms.tif;NBL;0.072;0.072;71.241;0.4096;5.1328;0.0295
1282;05-DAPI-1-40x-402ms.tif;NBL;0.0658;0.0658;58.5396;0.3762;3.8493;0.0247
1283;05-DAPI-1-40x-402ms.tif;NBL;0.0964;0.0964;54.5484;0.1892;5.256;0.0182
1284;05-DAPI-1-40x-402ms.tif;NBL;0.066;0.066;59.2089;0.1612;3.9061;0.0106
1285;05-DAPI-1-40x-402ms.tif;NBL;0.1039;0.1039;77.7349;0.1357;8.0805;0.0141
1286;05-DAPI-1-40x-402ms.tif;NBL;0.0561;0.0561;56.8104;0.1509;3.187;0.0085
1287;05-DAPI-1-40x-402ms.tif;NBL;0.0747;0.0747;73.8794;0.3895;5.5153;0.0291
1288;05-DAPI-1-40x-402ms.tif;NBL;0.09;0.09;92.6815;0.6405;8.3369;0.0576
1289;05-DAPI-1-40x-402ms.tif;NBL;0.0984;0.0984;80.8082;0.8236;7.9528;0.0811
1290;05-DAPI-1-40x-402ms.tif;NBL;0.0728;0.0728;96.9896;0.4754;7.0616;0.0346
1291;05-DAPI-1-40x-402ms.tif;NBL;0.0685;0.0685;51.6212;0.336;3.5344;0.023
1292;05-DAPI-1-40x-402ms.tif;NBL;0.0662;0.0662;74.3541;0.2918;4.9214;0.0193
1293;05-DAPI-1-40x-402ms.tif;NBL;0.0452;0.0452;64.9329;0.271;2.938;0.0123
1294;05-DAPI-1-40x-402ms.tif;NBL;0.0611;0.0611;53.119;0.5009;3.245;0.0306
1295;05-DAPI-1-40x-402ms.tif;NBL;0.0602;0.0602;72.3369;0.1063;4.3562;0.0064
1296;05-DAPI-1-40x-402ms.tif;NBL;0.107;0.107;72.5365;0.2809;7.7605;0.0301
1297;05-DAPI-1-40x-402ms.tif;NBL;0.0816;0.0816;71.2021;0.2327;5.8099;0.019
1298;05-DAPI-1-40x-402ms.tif;NBL;0.0821;0.0821;79.9221;0.2219;6.5648;0.0182
1299;05-DAPI-1-40x-402ms.tif;NBL;0.1286;0.1286;70.0861;0.2456;9.0117;0.0316
1300;05-DAPI-1-40x-402ms.tif;NBL;0.1325;0.1325;75.4881;0.439;10.0012;0.0582
1301;05-DAPI-1-40x-402ms.tif;NBL;0.1605;0.1605;69.5308;0.5003;11.1584;0.0803
1302;05-DAPI-1-40x-402ms.tif;NBL;0.1039;0.1039;83.2557;0.5919;8.6544;0.0615
1303;05-DAPI-1-40x-402ms.tif;NBL;0.0627;0.0627;62.3529;0.7405;3.9106;0.0464
1304;05-DAPI-1-40x-402ms.tif;NBL;0.1283;0.1283;57.9526;0.533;7.4327;0.0684
1305;05-DAPI-1-40x-402ms.tif;NBL;0.0813;0.0813;100.3378;1.0387;8.1546;0.0844
1306;05-DAPI-1-40x-402ms.tif;NBL;0.0971;0.0971;94.5922;0.9073;9.1862;0.0881
1307;05-DAPI-1-40x-402ms.tif;NBL;0.079;0.079;74.4148;0.8352;5.8783;0.066
1308;05-DAPI-1-40x-402ms.tif;NBL;0.0832;0.0832;100.1525;0.8331;8.3352;0.0693
1309;05-DAPI-1-40x-402ms.tif;NBL;0.0748;0.0748;96.939;0.7112;7.2473;0.0532
1310;05-DAPI-1-40x-402ms.tif;NBL;0.0866;0.0866;84.2506;0.8221;7.2951;0.0712
1311;05-DAPI-1-40x-402ms.tif;NBL;0.0845;0.0845;80.8947;0.715;6.8378;0.0604
1312;05-DAPI-1-40x-402ms.tif;NBL;0.0837;0.0837;91.2711;0.9909;7.6356;0.0829
1313;05-DAPI-1-40x-402ms.tif;NBL;0.0854;0.0854;91.4282;0.939;7.8075;0.0802
1314;05-DAPI-1-40x-402ms.tif;NBL;0.116;0.116;95.3611;1.1768;11.0613;0.1365
1315;05-DAPI-1-40x-402ms.tif;NBL;0.0676;0.0676;106.8186;0.9567;7.2209;0.0647
1316;05-DAPI-1-40x-402ms.tif;NBL;0.0465;0.0465;75.1002;1.0583;3.4959;0.0493
1317;05-DAPI-1-40x-402ms.tif;NBL;0.0663;0.0663;70.27;1.0016;4.6587;0.0664
1318;05-DAPI-1-40x-402ms.tif;NBL;0.0862;0.0862;91.4811;1.2821;7.8815;0.1105
1319;05-DAPI-1-40x-402ms.tif;NBL;0.0902;0.0902;66.3694;1.7978;5.9845;0.1621
1320;05-DAPI-1-40x-402ms.tif;NBL;0.0844;0.0844;76.5617;1.2108;6.4632;0.1022
1321;05-DAPI-1-40x-402ms.tif;NBL;0.0572;0.0572;101.6319;1.5882;5.8116;0.0908
1322;05-DAPI-1-40x-402ms.tif;NBL;0.0741;0.0741;90.2182;1.6794;6.6861;0.1245
1323;05-DAPI-1-40x-402ms.tif;NBL;0.0765;0.0765;89.878;1.0723;6.8754;0.082
1324;05-DAPI-1-40x-402ms.tif;NBL;0.0914;0.0914;93.8765;1.209;8.5768;0.1105
1325;05-DAPI-1-40x-402ms.tif;NBL;0.0741;0.0741;99.0805;1.3763;7.3429;0.102
1326;05-DAPI-1-40x-402ms.tif;NBL;0.0522;0.0522;64.9647;3.0811;3.3906;0.1608
1327;05-DAPI-1-40x-402ms.tif;NBL;0.0913;0.0913;98.6326;1.2556;9.0007;0.1146
1328;05-DAPI-1-40x-402ms.tif;NBL;0.0873;0.0873;89.4137;1.0696;7.8101;0.0934
1329;05-DAPI-1-40x-402ms.tif;NBL;0.0764;0.0764;73.5412;1.054;5.6177;0.0805
1330;05-DAPI-1-40x-402ms.tif;NBL;0.0909;0.0909;77.747;0.5656;7.0694;0.0514
1331;05-DAPI-1-40x-402ms.tif;NBL;0.1125;0.1125;87.4764;0.785;9.843;0.0883
1332;05-DAPI-1-40x-402ms.tif;NBL;0.0869;0.0869;96.1685;0.9076;8.3584;0.0789
1333;05-DAPI-1-40x-402ms.tif;NBL;0.0788;0.0788;72.3209;1.0331;5.6972;0.0814
1334;05-DAPI-1-40x-402ms.tif;NBL;0.1017;0.1017;96.4621;0.9488;9.8074;0.0965
1335;05-DAPI-1-40x-402ms.tif;NBL;0.1407;0.1407;63.6523;0.8851;8.958;0.1246
1336;05-DAPI-1-40x-402ms.tif;NBL;0.0532;0.0532;62.7918;1.1918;3.3385;0.0634
1337;05-DAPI-1-40x-402ms.tif;NBL;0.085;0.085;102.2669;0.7714;8.6887;0.0655
1338;05-DAPI-1-40x-402ms.tif;NBL;0.0816;0.0816;101.4402;0.9668;8.2772;0.0789
1339;05-DAPI-1-40x-402ms.tif;NBL;0.0872;0.0872;94.6331;0.8893;8.2558;0.0776
1340;05-DAPI-1-40x-402ms.tif;NBL;0.0825;0.0825;96.2329;1.2053;7.9359;0.0994
1341;05-DAPI-1-40x-402ms.tif;NBL;0.0435;0.0435;73.2743;1.0499;3.1883;0.0457
1342;05-DAPI-1-40x-402ms.tif;NBL;0.0771;0.0771;83.7792;0.775;6.4634;0.0598
1343;05-DAPI-1-40x-402ms.tif;NBL;0.0671;0.0671;98.8738;0.9741;6.6302;0.0653
1344;05-DAPI-1-40x-402ms.tif;NBL;0.0554;0.0554;77.7965;1.2387;4.3136;0.0687
1345;05-DAPI-1-40x-402ms.tif;NBL;0.0735;0.0735;62.1137;1.1182;4.5628;0.0821
1346;05-DAPI-1-40x-402ms.tif;NBL;0.1301;0.1301;92.955;1.1243;12.0934;0.1463
1347;05-DAPI-1-40x-402ms.tif;NBL;0.0719;0.0719;88.6214;1.1192;6.3754;0.0805
1348;05-DAPI-1-40x-402ms.tif;NBL;0.0604;0.0604;84.7092;0.86;5.1197;0.052
1349;05-DAPI-1-40x-402ms.tif;NBL;0.0897;0.0897;102.26;0.7727;9.1763;0.0693
1350;05-DAPI-1-40x-402ms.tif;NBL;0.0527;0.0527;69.3601;0.9527;3.6577;0.0502
1351;05-DAPI-1-40x-402ms.tif;NBL;0.0826;0.0826;61.7569;0.7582;5.0995;0.0626
1352;05-DAPI-1-40x-402ms.tif;NBL;0.1141;0.1141;87.8536;0.6987;10.0284;0.0798
1353;05-DAPI-1-40x-402ms.tif;NBL;0.0918;0.0918;105.1312;0.7305;9.6507;0.0671
1354;05-DAPI-1-40x-402ms.tif;NBL;0.1131;0.1131;80.2774;0.6161;9.0765;0.0697
1355;05-DAPI-1-40x-402ms.tif;NBL;0.0501;0.0501;65.3961;0.619;3.2783;0.031
1356;05-DAPI-1-40x-402ms.tif;NBL;0.0701;0.0701;100.8344;0.8529;7.068;0.0598
1357;05-DAPI-1-40x-402ms.tif;NBL;0.0865;0.0865;77.3425;0.2798;6.6886;0.0242
1358;05-DAPI-1-40x-402ms.tif;NBL;0.0337;0.0337;61.7749;0.6431;2.0846;0.0217
1359;05-DAPI-1-40x-402ms.tif;NBL;0.0488;0.0488;49.9867;0.1333;2.4408;0.0065
1360;05-DAPI-1-40x-402ms.tif;NBL;0.1007;0.1007;74.9019;0.264;7.5422;0.0266
1361;05-DAPI-1-40x-402ms.tif;NBL;0.0602;0.0602;75.755;0.3568;4.5621;0.0215
1362;05-DAPI-1-40x-402ms.tif;NBL;0.0813;0.0813;81.6555;0.3111;6.6363;0.0253
1363;05-DAPI-1-40x-402ms.tif;NBL;0.0973;0.0973;53.4582;0.4771;5.2031;0.0464
1364;05-DAPI-1-40x-402ms.tif;NBL;0.0844;0.0844;58.7584;0.2674;4.9603;0.0226
1365;05-DAPI-1-40x-402ms.tif;NBL;0.0724;0.0724;71.5022;0.2924;5.1749;0.0212
1366;05-DAPI-1-40x-402ms.tif;NBL;0.0891;0.0891;86.1437;0.7333;7.674;0.0653
1367;05-DAPI-1-40x-402ms.tif;NBL;0.0709;0.0709;72.8821;0.2879;5.1641;0.0204
1368;05-DAPI-1-40x-402ms.tif;NBL;0.0561;0.0561;57.4874;0.1199;3.2249;0.0067
1369;05-DAPI-1-40x-402ms.tif;NBL;0.0432;0.0432;73.4799;0.1633;3.1733;0.0071
1370;05-DAPI-1-40x-402ms.tif;NBL;0.0572;0.0572;69.6015;0.1708;3.98;0.0098
1371;05-DAPI-1-40x-402ms.tif;NBL;0.0849;0.0849;39.4182;0.0486;3.3447;0.0041
1372;08-DAPI-1-40x-402ms.tif;NBL;0.0515;0.0515;62.0168;0.7537;3.1964;0.0388
1373;08-DAPI-1-40x-402ms.tif;NBL;0.0723;0.0723;43.8709;1.4054;3.1704;0.1016
1374;08-DAPI-1-40x-402ms.tif;NBL;0.0969;0.0969;44.1534;1.056;4.2783;0.1023
1375;08-DAPI-1-40x-402ms.tif;NBL;0.0838;0.0838;45.9171;1.1334;3.8464;0.0949
1376;08-DAPI-1-40x-402ms.tif;NBL;0.0614;0.0614;72.9594;0.8922;4.4808;0.0548
1377;08-DAPI-1-40x-402ms.tif;NBL;0.074;0.074;61.9736;1.2581;4.5862;0.0931
1378;08-DAPI-1-40x-402ms.tif;NBL;0.0786;0.0786;88.5635;1.5028;6.9575;0.1181
1379;08-DAPI-1-40x-402ms.tif;NBL;0.0764;0.0764;42.2741;0.9276;3.2293;0.0709
1380;08-DAPI-1-40x-402ms.tif;NBL;0.0341;0.0341;78.6178;0.7484;2.6786;0.0255
1381;08-DAPI-1-40x-402ms.tif;NBL;0.0347;0.0347;58.8937;1.5844;2.0449;0.055
1382;08-DAPI-1-40x-402ms.tif;NBL;0.0826;0.0826;45.3693;1.2865;3.7463;0.1062
1383;08-DAPI-1-40x-402ms.tif;NBL;0.0447;0.0447;84.2864;1.5267;3.768;0.0683
1384;08-DAPI-1-40x-402ms.tif;NBL;0.04;0.04;69.3767;0.935;2.7778;0.0374
1385;08-DAPI-1-40x-402ms.tif;NBL;0.0264;0.0264;86.3416;0.9218;2.2766;0.0243
1386;08-DAPI-1-40x-402ms.tif;NBL;0.06;0.06;52.1483;1.1863;3.1291;0.0712
1387;08-DAPI-1-40x-402ms.tif;NBL;0.0405;0.0405;47.8499;1.8257;1.9366;0.0739
1388;08-DAPI-1-40x-402ms.tif;NBL;0.0943;0.0943;42.4384;1.4453;4.0016;0.1363
1389;08-DAPI-1-40x-402ms.tif;NBL;0.0775;0.0775;64.7871;1.2045;5.0193;0.0933
1390;08-DAPI-1-40x-402ms.tif;NBL;0.0808;0.0808;66.8376;1.0403;5.403;0.0841
1391;08-DAPI-1-40x-402ms.tif;NBL;0.0744;0.0744;80.3207;1.3528;5.9787;0.1007
1392;08-DAPI-1-40x-402ms.tif;NBL;0.0767;0.0767;76.8543;1.4342;5.8958;0.11
1393;08-DAPI-1-40x-402ms.tif;NBL;0.0608;0.0608;61.1607;1.3339;3.7164;0.0811
1394;08-DAPI-1-40x-402ms.tif;NBL;0.0822;0.0822;82.5567;0.9974;6.7901;0.082
1395;08-DAPI-1-40x-402ms.tif;NBL;0.089;0.089;91.2476;1.4988;8.1188;0.1334
1396;08-DAPI-1-40x-402ms.tif;NBL;0.0669;0.0669;65.4587;1.3857;4.3824;0.0928
1397;08-DAPI-1-40x-402ms.tif;NBL;0.0599;0.0599;89.279;1.2536;5.3474;0.0751
1398;08-DAPI-1-40x-402ms.tif;NBL;0.0574;0.0574;111.9433;1.6597;6.4256;0.0953
1399;08-DAPI-1-40x-402ms.tif;NBL;0.075;0.075;98.343;1.8032;7.3736;0.1352
1400;08-DAPI-1-40x-402ms.tif;NBL;0.033;0.033;82.273;1.1414;2.7139;0.0377
1401;08-DAPI-1-40x-402ms.tif;NBL;0.0519;0.0519;74.9456;0.8368;3.8872;0.0434
1402;08-DAPI-1-40x-402ms.tif;NBL;0.0537;0.0537;102.4343;1.1475;5.5018;0.0616
1403;08-DAPI-1-40x-402ms.tif;NBL;0.102;0.102;51.9191;1.516;5.2956;0.1546
1404;08-DAPI-1-40x-402ms.tif;NBL;0.0678;0.0678;72.432;1.4144;4.9121;0.0959
1405;08-DAPI-1-40x-402ms.tif;NBL;0.0413;0.0413;41.8005;1.7297;1.7281;0.0715
1406;08-DAPI-1-40x-402ms.tif;NBL;0.07;0.07;72.586;1.1953;5.0801;0.0837
1407;08-DAPI-1-40x-402ms.tif;NBL;0.0933;0.0933;53.8884;1.0802;5.0286;0.1008
1408;08-DAPI-1-40x-402ms.tif;NBL;0.0699;0.0699;83.1351;1.2919;5.8094;0.0903
1409;08-DAPI-1-40x-402ms.tif;NBL;0.0725;0.0725;95.4416;1.512;6.9179;0.1096
1410;08-DAPI-1-40x-402ms.tif;NBL;0.055;0.055;78.8205;1.4753;4.3362;0.0812
1411;08-DAPI-1-40x-402ms.tif;NBL;0.0645;0.0645;73.9579;1.1061;4.7668;0.0713
1412;08-DAPI-1-40x-402ms.tif;NBL;0.0543;0.0543;109.446;1.41;5.9378;0.0765
1413;08-DAPI-1-40x-402ms.tif;NBL;0.0998;0.0998;38.4402;1.213;3.8373;0.1211
1414;08-DAPI-1-40x-402ms.tif;NBL;0.0527;0.0527;100.8642;1.7119;5.319;0.0903
1415;08-DAPI-1-40x-402ms.tif;NBL;0.016;0.016;39.619;1.8707;0.6319;0.0298
1416;08-DAPI-1-40x-402ms.tif;NBL;0.0857;0.0857;66.1975;1.2241;5.6745;0.1049
1417;08-DAPI-1-40x-402ms.tif;NBL;0.0541;0.0541;72.5311;1.2285;3.9272;0.0665
1418;08-DAPI-1-40x-402ms.tif;NBL;0.0883;0.0883;48.1843;0.9803;4.2559;0.0866
1419;08-DAPI-1-40x-402ms.tif;NBL;0.0617;0.0617;59.717;1.3708;3.687;0.0846
1420;08-DAPI-1-40x-402ms.tif;NBL;0.1016;0.1016;41.1944;1.0053;4.1838;0.1021
1421;08-DAPI-1-40x-402ms.tif;NBL;0.0813;0.0813;52.725;1.3445;4.285;0.1093
1422;08-DAPI-1-40x-402ms.tif;NBL;0.0467;0.0467;49.2791;0.8721;2.2993;0.0407
1423;08-DAPI-1-40x-402ms.tif;NBL;0.1356;0.1356;42.8088;1.1752;5.8063;0.1594
1424;08-DAPI-1-40x-402ms.tif;NBL;0.0623;0.0623;43.1934;1.4042;2.6902;0.0875
1425;08-DAPI-1-40x-402ms.tif;NBL;0.0667;0.0667;59.7724;1.4862;3.9887;0.0992
1426;08-DAPI-1-40x-402ms.tif;NBL;0.101;0.101;74.6928;1.1063;7.5455;0.1118
1427;08-DAPI-1-40x-402ms.tif;NBL;0.0977;0.0977;64.7589;1.2644;6.3241;0.1235
1428;08-DAPI-1-40x-402ms.tif;NBL;0.0782;0.0782;55.4785;0.914;4.3403;0.0715
1429;08-DAPI-1-40x-402ms.tif;NBL;0.094;0.094;39.1293;1.2379;3.6769;0.1163
1430;08-DAPI-1-40x-402ms.tif;NBL;0.0333;0.0333;28.1954;1.2736;0.9392;0.0424
1431;08-DAPI-1-40x-402ms.tif;NBL;0.0496;0.0496;41.4442;1.3611;2.0551;0.0675
1432;08-DAPI-1-40x-402ms.tif;NBL;0.0824;0.0824;60.336;0.8999;4.9691;0.0741
1433;08-DAPI-1-40x-402ms.tif;NBL;0.0347;0.0347;90.9844;1.3125;3.1592;0.0456
1434;08-DAPI-1-40x-402ms.tif;NBL;0.1073;0.1073;41.4065;1.1941;4.4435;0.1281
1435;08-DAPI-1-40x-402ms.tif;NBL;0.057;0.057;78.6229;1.6095;4.4788;0.0917
1436;08-DAPI-1-40x-402ms.tif;NBL;0.0847;0.0847;52.3892;1.1985;4.4397;0.1016
1437;08-DAPI-1-40x-402ms.tif;NBL;0.0178;0.0178;40.4756;2.3659;0.7203;0.0421
1438;08-DAPI-1-40x-402ms.tif;NBL;0.0511;0.0511;75.7962;0.707;3.8737;0.0361
1439;08-DAPI-1-40x-402ms.tif;NBL;0.055;0.055;63.931;1.3018;3.517;0.0716
1440;08-DAPI-1-40x-402ms.tif;NBL;0.0545;0.0545;74.3944;1.2729;4.0523;0.0693
1441;08-DAPI-1-40x-402ms.tif;NBL;0.06;0.06;66.9729;1.0597;4.0187;0.0636
1442;08-DAPI-1-40x-402ms.tif;NBL;0.092;0.092;42.1274;1.3844;3.8763;0.1274
1443;08-DAPI-1-40x-402ms.tif;NBL;0.0505;0.0505;26.9462;1.2645;1.3596;0.0638
1444;08-DAPI-1-40x-402ms.tif;NBL;0.1155;0.1155;34.6128;2.0526;3.9961;0.237
1445;08-DAPI-1-40x-402ms.tif;NBL;0.0482;0.0482;31.3153;0.723;1.5087;0.0348
1446;08-DAPI-1-40x-402ms.tif;NBL;0.0598;0.0598;29.3194;0.8421;1.7529;0.0503
1447;08-DAPI-1-40x-402ms.tif;NBL;0.0972;0.0972;31.0357;0.1931;3.0174;0.0188
1448;08-DAPI-1-40x-402ms.tif;NBL;0.0734;0.0734;39.3846;0.5266;2.8889;0.0386
1449;08-DAPI-1-40x-402ms.tif;NBL;0.0816;0.0816;60.9681;0.4149;4.9748;0.0339
1450;08-DAPI-1-40x-402ms.tif;NBL;0.0408;0.0408;54.2952;0.8404;2.2152;0.0343
1451;08-DAPI-1-40x-402ms.tif;NBL;0.0594;0.0594;59.1828;0.7495;3.5127;0.0445
1452;08-DAPI-1-40x-402ms.tif;NBL;0.062;0.062;57.8844;0.5622;3.5864;0.0348
1453;08-DAPI-1-40x-402ms.tif;NBL;0.0597;0.0597;68.5;0.6582;4.088;0.0393
1454;08-DAPI-1-40x-402ms.tif;NBL;0.0828;0.0828;57.6671;0.5125;4.7743;0.0424
1455;08-DAPI-1-40x-402ms.tif;NBL;0.0484;0.0484;38.4619;0.8229;1.8613;0.0398
1456;08-DAPI-1-40x-402ms.tif;NBL;0.0846;0.0846;48.0897;0.3769;4.0701;0.0319
1457;08-DAPI-1-40x-402ms.tif;NBL;0.0681;0.0681;60.8822;0.4873;4.1487;0.0332
1458;08-DAPI-1-40x-402ms.tif;NBL;0.0597;0.0597;64.4418;0.5855;3.8458;0.0349
1459;08-DAPI-1-40x-402ms.tif;NBL;0.0581;0.0581;40.6467;0.5215;2.3596;0.0303
1460;08-DAPI-1-40x-402ms.tif;NBL;0.0705;0.0705;72.4492;0.5631;5.1098;0.0397
1461;08-DAPI-1-40x-402ms.tif;NBL;0.0422;0.0422;54.5039;0.6195;2.3006;0.0262
1462;08-DAPI-1-40x-402ms.tif;NBL;0.046;0.046;62.3703;0.5259;2.8695;0.0242
1463;08-DAPI-1-40x-402ms.tif;NBL;0.0494;0.0494;71.7736;0.9121;3.5435;0.045
1464;08-DAPI-1-40x-402ms.tif;NBL;0.0651;0.0651;67.93;0.7583;4.4225;0.0494
1465;08-DAPI-1-40x-402ms.tif;NBL;0.0729;0.0729;41.5119;1.0193;3.0269;0.0743
1466;08-DAPI-1-40x-402ms.tif;NBL;0.0572;0.0572;36.6186;0.9222;2.094;0.0527
1467;08-DAPI-1-40x-402ms.tif;NBL;0.0745;0.0745;60.4818;0.6492;4.5086;0.0484
1468;08-DAPI-1-40x-402ms.tif;NBL;0.074;0.074;49.4677;0.2053;3.6607;0.0152
1469;08-DAPI-1-40x-402ms.tif;NBL;0.0788;0.0788;30.8072;1.1364;2.4269;0.0895
1470;08-DAPI-1-40x-402ms.tif;NBL;0.0554;0.0554;50.9119;0.3562;2.8229;0.0197
1471;08-DAPI-1-40x-402ms.tif;NBL;0.056;0.056;58.0174;0.1066;3.2484;0.006
1472;08-DAPI-1-40x-402ms.tif;NBL;0.0672;0.0672;54.084;0.3086;3.6326;0.0207
1473;08-DAPI-1-40x-402ms.tif;NBL;0.0506;0.0506;55.6824;0.588;2.8155;0.0297
1474;08-DAPI-1-40x-402ms.tif;NBL;0.038;0.038;58.6657;0.5771;2.228;0.0219
1475;08-DAPI-1-40x-402ms.tif;NBL;0.0694;0.0694;59.3234;1.1;4.1197;0.0764
1476;08-DAPI-1-40x-402ms.tif;NBL;0.0508;0.0508;66.4338;0.891;3.3736;0.0452
1477;08-DAPI-1-40x-402ms.tif;NBL;0.0306;0.0306;45.8794;0.9007;1.4039;0.0276
1478;08-DAPI-1-40x-402ms.tif;NBL;0.0438;0.0438;68.9926;0.6807;3.0244;0.0298
1479;08-DAPI-1-40x-402ms.tif;NBL;0.0417;0.0417;60.0625;0.7526;2.5026;0.0314
1480;08-DAPI-1-40x-402ms.tif;NBL;0.0242;0.0242;70.6188;0.6592;1.7088;0.016
1481;08-DAPI-1-40x-402ms.tif;NBL;0.0608;0.0608;63.1768;0.9446;3.8389;0.0574
1482;08-DAPI-1-40x-402ms.tif;NBL;0.0334;0.0334;75.5227;0.8312;2.524;0.0278
1483;08-DAPI-1-40x-402ms.tif;NBL;0.0388;0.0388;81.3101;0.7793;3.1585;0.0303
1484;08-DAPI-1-40x-402ms.tif;NBL;0.0437;0.0437;65.8114;0.6104;2.8778;0.0267
1485;08-DAPI-1-40x-402ms.tif;NBL;0.034;0.034;61.853;0.7668;2.1007;0.026
1486;08-DAPI-1-40x-402ms.tif;NBL;0.0483;0.0483;74.591;1.2404;3.6017;0.0599
1487;08-DAPI-1-40x-402ms.tif;NBL;0.0438;0.0438;82.7574;0.7054;3.6278;0.0309
1488;08-DAPI-1-40x-402ms.tif;NBL;0.0763;0.0763;72.6643;0.7795;5.5429;0.0595
1489;08-DAPI-1-40x-402ms.tif;NBL;0.042;0.042;83.6899;0.5633;3.5143;0.0237
1490;08-DAPI-1-40x-402ms.tif;NBL;0.049;0.049;74.9889;0.6217;3.6778;0.0305
1491;08-DAPI-1-40x-402ms.tif;NBL;0.0303;0.0303;80.6738;0.4194;2.4423;0.0127
1492;08-DAPI-1-40x-402ms.tif;NBL;0.0405;0.0405;71.5362;0.2654;2.8953;0.0107
1493;08-DAPI-1-40x-402ms.tif;NBL;0.0554;0.0554;72.7613;0.6497;4.0344;0.036
1494;08-DAPI-1-40x-402ms.tif;NBL;0.0278;0.0278;61.0859;0.668;1.6968;0.0186
1495;08-DAPI-1-40x-402ms.tif;NBL;0.0685;0.0685;58.5357;0.7464;4.0078;0.0511
1496;08-DAPI-1-40x-402ms.tif;NBL;0.0584;0.0584;68.0297;0.7138;3.9714;0.0417
1497;08-DAPI-1-40x-402ms.tif;NBL;0.0395;0.0395;54.0879;0.3324;2.1363;0.0131
1498;08-DAPI-1-40x-402ms.tif;NBL;0.0285;0.0285;54.616;0.3954;1.5586;0.0113
1499;08-DAPI-1-40x-402ms.tif;NBL;0.022;0.022;53.8227;0.6897;1.1855;0.0152
1500;08-DAPI-1-40x-402ms.tif;NBL;0.0277;0.0277;40.8784;1.2431;1.1311;0.0344
1501;08-DAPI-1-40x-402ms.tif;NBL;0.0339;0.0339;52.8397;0.375;1.7888;0.0127
1502;08-DAPI-1-40x-402ms.tif;NBL;0.0333;0.0333;79.5309;0.5407;2.6493;0.018
1503;08-DAPI-1-40x-402ms.tif;NBL;0.0525;0.0525;56.0103;0.314;2.9415;0.0165
1504;08-DAPI-1-40x-402ms.tif;NBL;0.0306;0.0306;62.2518;0.1596;1.9048;0.0049
1505;08-DAPI-1-40x-402ms.tif;NBL;0.0448;0.0448;65.5932;0.7167;2.9395;0.0321
1506;08-DAPI-1-40x-402ms.tif;NBL;0.0407;0.0407;64.576;0.584;2.6276;0.0238
1507;08-DAPI-1-40x-402ms.tif;NBL;0.0358;0.0358;80.9303;0.5152;2.8979;0.0184
1508;08-DAPI-1-40x-402ms.tif;NBL;0.0436;0.0436;71.7363;0.4403;3.1291;0.0192
1509;08-DAPI-1-40x-402ms.tif;NBL;0.0346;0.0346;61.4263;0.5235;2.1262;0.0181
1510;08-DAPI-1-40x-402ms.tif;NBL;0.048;0.048;53.4231;0.2511;2.5622;0.012
1511;08-DAPI-1-40x-402ms.tif;NBL;0.0401;0.0401;75.5514;0.3919;3.0332;0.0157
1512;08-DAPI-1-40x-402ms.tif;NBL;0.0356;0.0356;82.8018;0.439;2.9469;0.0156
1513;08-DAPI-1-40x-402ms.tif;NBL;0.0587;0.0587;72.5268;0.4603;4.2575;0.027
1514;08-DAPI-1-40x-402ms.tif;NBL;0.0396;0.0396;84.9918;0.6164;3.3661;0.0244
1515;09-DAPI-1-40x-402ms.tif;NBL;0.0525;0.0525;84.4008;0.3264;4.4325;0.0171
1516;09-DAPI-1-40x-402ms.tif;NBL;0.068;0.068;94.9362;0.5837;6.4589;0.0397
1517;09-DAPI-1-40x-402ms.tif;NBL;0.0448;0.0448;78.7797;0.322;3.5304;0.0144
1518;09-DAPI-1-40x-402ms.tif;NBL;0.0561;0.0561;72.8375;0.5841;4.086;0.0328
1519;09-DAPI-1-40x-402ms.tif;NBL;0.0343;0.0343;80.7753;0.2943;2.7696;0.0101
1520;09-DAPI-1-40x-402ms.tif;NBL;0.064;0.064;89.3068;0.6847;5.7173;0.0438
1521;09-DAPI-1-40x-402ms.tif;NBL;0.0688;0.0688;82.123;0.5868;5.6495;0.0404
1522;09-DAPI-1-40x-402ms.tif;NBL;0.0224;0.0224;73.6117;0.3058;1.6454;0.0068
1523;09-DAPI-1-40x-402ms.tif;NBL;0.0577;0.0577;66.4323;0.4135;3.8349;0.0239
1524;09-DAPI-1-40x-402ms.tif;NBL;0.0579;0.0579;52.0955;0.0637;3.0186;0.0037
1525;09-DAPI-1-40x-402ms.tif;NBL;0.0502;0.0502;58.3909;0.406;2.9335;0.0204
1526;09-DAPI-1-40x-402ms.tif;NBL;0.0726;0.0726;37.9088;0.1644;2.7518;0.0119
1527;09-DAPI-1-40x-402ms.tif;NBL;0.045;0.045;42.9325;0.7566;1.9333;0.0341
1528;09-DAPI-1-40x-402ms.tif;NBL;0.0601;0.0601;44.9495;1.1588;2.702;0.0697
1529;09-DAPI-1-40x-402ms.tif;NBL;0.0358;0.0358;46.2606;1.1121;1.6565;0.0398
1530;09-DAPI-1-40x-402ms.tif;NBL;0.0397;0.0397;43.194;1.3169;1.7154;0.0523
1531;09-DAPI-1-40x-402ms.tif;NBL;0.05;0.05;56.1649;1.2256;2.8095;0.0613
1532;09-DAPI-1-40x-402ms.tif;NBL;0.0368;0.0368;55.8083;1.2212;2.0528;0.0449
1533;09-DAPI-1-40x-402ms.tif;NBL;0.0817;0.0817;52.2125;1.251;4.2661;0.1022
1534;09-DAPI-1-40x-402ms.tif;NBL;0.0525;0.0525;64.5;1.0579;3.3874;0.0556
1535;09-DAPI-1-40x-402ms.tif;NBL;0.04;0.04;72.0488;0.7317;2.8848;0.0293
1536;09-DAPI-1-40x-402ms.tif;NBL;0.0347;0.0347;49.8875;1.2094;1.7322;0.042
1537;09-DAPI-1-40x-402ms.tif;NBL;0.0921;0.0921;48.9717;0.8174;4.5114;0.0753
1538;09-DAPI-1-40x-402ms.tif;NBL;0.0723;0.0723;75.2733;1.3153;5.4397;0.0951
1539;09-DAPI-1-40x-402ms.tif;NBL;0.0541;0.0541;73.2104;0.8657;3.964;0.0469
1540;09-DAPI-1-40x-402ms.tif;NBL;0.0771;0.0771;58.9831;1.1463;4.5505;0.0884
1541;09-DAPI-1-40x-402ms.tif;NBL;0.0577;0.0577;88.797;1.1898;5.1259;0.0687
1542;09-DAPI-1-40x-402ms.tif;NBL;0.0713;0.0713;56.3866;1.2877;4.0197;0.0918
1543;09-DAPI-1-40x-402ms.tif;NBL;0.0723;0.0723;90.979;1.3724;6.5747;0.0992
1544;09-DAPI-1-40x-402ms.tif;NBL;0.076;0.076;56.9029;1.28;4.322;0.0972
1545;09-DAPI-1-40x-402ms.tif;NBL;0.0749;0.0749;95.4;1.3594;7.1426;0.1018
1546;09-DAPI-1-40x-402ms.tif;NBL;0.0524;0.0524;83.354;1.3975;4.3685;0.0732
1547;09-DAPI-1-40x-402ms.tif;NBL;0.0498;0.0498;78.3072;1.3377;3.9001;0.0666
1548;09-DAPI-1-40x-402ms.tif;NBL;0.0681;0.0681;52.3662;1.0111;3.5684;0.0689
1549;09-DAPI-1-40x-402ms.tif;NBL;0.0399;0.0399;52.6549;1.5408;2.1025;0.0615
1550;09-DAPI-1-40x-402ms.tif;NBL;0.0431;0.0431;60.4509;1.5164;2.6041;0.0653
1551;09-DAPI-1-40x-402ms.tif;NBL;0.0417;0.0417;43.4505;1.4453;1.8104;0.0602
1552;09-DAPI-1-40x-402ms.tif;NBL;0.0394;0.0394;76.0661;1.1598;2.9961;0.0457
1553;09-DAPI-1-40x-402ms.tif;NBL;0.0282;0.0282;69.6308;1.3808;1.9644;0.039
1554;09-DAPI-1-40x-402ms.tif;NBL;0.0548;0.0548;84.3901;0.7604;4.6242;0.0417
1555;09-DAPI-1-40x-402ms.tif;NBL;0.04;0.04;88.645;1.4634;3.5493;0.0586
1556;09-DAPI-1-40x-402ms.tif;NBL;0.0548;0.0548;81.5366;1.204;4.4679;0.066
1557;09-DAPI-1-40x-402ms.tif;NBL;0.0534;0.0534;93.2947;1.3679;4.9806;0.073
1558;09-DAPI-1-40x-402ms.tif;NBL;0.0425;0.0425;66.4413;1.5536;2.8261;0.0661
1559;09-DAPI-1-40x-402ms.tif;NBL;0.0472;0.0472;61.4138;1.2552;2.8988;0.0592
1560;09-DAPI-1-40x-402ms.tif;NBL;0.0471;0.0471;50.5829;1.6106;2.3821;0.0758
1561;09-DAPI-1-40x-402ms.tif;NBL;0.0878;0.0878;61.1372;1.3177;5.3668;0.1157
1562;09-DAPI-1-40x-402ms.tif;NBL;0.0528;0.0528;90.9035;1.6304;4.8036;0.0862
1563;09-DAPI-1-40x-402ms.tif;NBL;0.0446;0.0446;105.5693;1.5304;4.708;0.0683
1564;09-DAPI-1-40x-402ms.tif;NBL;0.0409;0.0409;89.7321;1.3528;3.6707;0.0553
1565;09-DAPI-1-40x-402ms.tif;NBL;0.0787;0.0787;87.7159;1.5352;6.9004;0.1208
1566;09-DAPI-1-40x-402ms.tif;NBL;0.0705;0.0705;76.1185;1.3954;5.3686;0.0984
1567;09-DAPI-1-40x-402ms.tif;NBL;0.0627;0.0627;74.308;1.3166;4.6604;0.0826
1568;09-DAPI-1-40x-402ms.tif;NBL;0.0864;0.0864;89.1633;1.5955;7.7012;0.1378
1569;09-DAPI-1-40x-402ms.tif;NBL;0.04;0.04;59.3659;1.3252;2.377;0.0531
1570;09-DAPI-1-40x-402ms.tif;NBL;0.035;0.035;80.3932;1.4087;2.8176;0.0494
1571;09-DAPI-1-40x-402ms.tif;NBL;0.0483;0.0483;69.5101;1.3663;3.3563;0.066
1572;09-DAPI-1-40x-402ms.tif;NBL;0.0409;0.0409;75.2122;1.2918;3.0767;0.0528
1573;09-DAPI-1-40x-402ms.tif;NBL;0.0304;0.0304;62.4786;0.7714;1.8982;0.0234
1574;09-DAPI-1-40x-402ms.tif;NBL;0.0941;0.0941;69.9885;1.1315;6.5842;0.1064
1575;09-DAPI-1-40x-402ms.tif;NBL;0.0573;0.0573;60.9205;1.3068;3.4902;0.0749
1576;09-DAPI-1-40x-402ms.tif;NBL;0.0337;0.0337;54.4469;1.2026;1.8373;0.0406
1577;09-DAPI-1-40x-402ms.tif;NBL;0.0474;0.0474;58.135;1.0481;2.7566;0.0497
1578;09-DAPI-1-40x-402ms.tif;NBL;0.0346;0.0346;48.7335;0.9969;1.6868;0.0345
1579;09-DAPI-1-40x-402ms.tif;NBL;0.0551;0.0551;70.3425;0.7343;3.8774;0.0405
1580;09-DAPI-1-40x-402ms.tif;NBL;0.0391;0.0391;78.5667;1.4528;3.069;0.0567
1581;09-DAPI-1-40x-402ms.tif;NBL;0.0417;0.0417;42.375;1.625;1.7656;0.0677
1582;09-DAPI-1-40x-402ms.tif;NBL;0.0562;0.0562;66.3147;0.9749;3.7273;0.0548
1583;09-DAPI-1-40x-402ms.tif;NBL;0.0423;0.0423;55.7897;1.141;2.3609;0.0483
1584;09-DAPI-1-40x-402ms.tif;NBL;0.0412;0.0412;72.5921;1.1842;2.9932;0.0488
1585;09-DAPI-1-40x-402ms.tif;NBL;0.043;0.043;96.096;1.197;4.1291;0.0514
1586;09-DAPI-1-40x-402ms.tif;NBL;0.0579;0.0579;84.6124;1.0787;4.9027;0.0625
1587;09-DAPI-1-40x-402ms.tif;NBL;0.0499;0.0499;74.45;1.5109;3.716;0.0754
1588;09-DAPI-1-40x-402ms.tif;NBL;0.0975;0.0975;77.4961;1.4572;7.5596;0.1421
1589;09-DAPI-1-40x-402ms.tif;NBL;0.0528;0.0528;79.7454;1.4805;4.214;0.0782
1590;09-DAPI-1-40x-402ms.tif;NBL;0.0665;0.0665;86.1958;1.1044;5.7333;0.0735
1591;09-DAPI-1-40x-402ms.tif;NBL;0.0503;0.0503;66.4461;1.306;3.3454;0.0658
1592;09-DAPI-1-40x-402ms.tif;NBL;0.0536;0.0536;57.7652;1.3866;3.0964;0.0743
1593;09-DAPI-1-40x-402ms.tif;NBL;0.0408;0.0408;87.141;1.2899;3.5552;0.0526
1594;09-DAPI-1-40x-402ms.tif;NBL;0.0591;0.0591;92.4734;1.4239;5.4685;0.0842
1595;09-DAPI-1-40x-402ms.tif;NBL;0.0324;0.0324;87.8662;1.2977;2.8507;0.0421
1596;09-DAPI-1-40x-402ms.tif;NBL;0.0345;0.0345;69.9717;1.3931;2.4144;0.0481
1597;09-DAPI-1-40x-402ms.tif;NBL;0.0544;0.0544;73.8583;1.2036;4.0151;0.0654
1598;09-DAPI-1-40x-402ms.tif;NBL;0.0343;0.0343;45.3608;1.5411;1.5553;0.0528
1599;09-DAPI-1-40x-402ms.tif;NBL;0.023;0.023;86.6415;1.2028;1.9931;0.0277
1600;09-DAPI-1-40x-402ms.tif;NBL;0.0578;0.0578;58.1032;1.1257;3.3604;0.0651
1601;09-DAPI-1-40x-402ms.tif;NBL;0.0401;0.0401;87.5486;0.9595;3.5149;0.0385
1602;09-DAPI-1-40x-402ms.tif;NBL;0.0681;0.0681;74.742;1.0446;5.0931;0.0712
1603;09-DAPI-1-40x-402ms.tif;NBL;0.0768;0.0768;66.0212;0.8814;5.0719;0.0677
1604;09-DAPI-1-40x-402ms.tif;NBL;0.0643;0.0643;88.7723;0.8246;5.712;0.0531
1605;09-DAPI-1-40x-402ms.tif;NBL;0.0637;0.0637;82.0017;0.6797;5.223;0.0433
1606;09-DAPI-1-40x-402ms.tif;NBL;0.0659;0.0659;87.2142;0.799;5.7442;0.0526
1607;09-DAPI-1-40x-402ms.tif;NBL;0.0762;0.0762;81.6125;0.6724;6.2166;0.0512
1608;09-DAPI-1-40x-402ms.tif;NBL;0.056;0.056;63.5601;0.626;3.5587;0.035
1609;09-DAPI-1-40x-402ms.tif;NBL;0.0638;0.0638;60.1735;0.8197;3.8392;0.0523
1610;09-DAPI-1-40x-402ms.tif;NBL;0.0465;0.0465;57.6084;0.8089;2.6816;0.0377
1611;09-DAPI-1-40x-402ms.tif;NBL;0.04;0.04;63.9702;0.8564;2.5613;0.0343
1612;09-DAPI-1-40x-402ms.tif;NBL;0.0295;0.0295;75.9926;1.114;2.2428;0.0329
1613;09-DAPI-1-40x-402ms.tif;NBL;0.0567;0.0567;74.8298;0.7782;4.2465;0.0442
1614;09-DAPI-1-40x-402ms.tif;NBL;0.0265;0.0265;66.0574;0.9016;1.7489;0.0239
1615;09-DAPI-1-40x-402ms.tif;NBL;0.0387;0.0387;68.1849;0.6218;2.6413;0.0241
1616;09-DAPI-1-40x-402ms.tif;NBL;0.0292;0.0292;63.6134;0.6543;1.8568;0.0191
1617;09-DAPI-1-40x-402ms.tif;NBL;0.0164;0.0164;60.1523;0.6755;0.9856;0.0111
1618;09-DAPI-1-40x-402ms.tif;NBL;0.0347;0.0347;51.7812;0.7281;1.798;0.0253
1619;09-DAPI-1-40x-402ms.tif;NBL;0.0505;0.0505;53.2258;0.828;2.6855;0.0418
1620;09-DAPI-1-40x-402ms.tif;NBL;0.0737;0.0737;79.0928;0.5317;5.8273;0.0392
1621;09-DAPI-1-40x-402ms.tif;NBL;0.0548;0.0548;41.3525;0.499;2.266;0.0273
1622;09-DAPI-1-40x-402ms.tif;NBL;0.0924;0.0924;41.48;0.4577;3.8347;0.0423
1623;09-DAPI-1-40x-402ms.tif;NBL;0.0592;0.0592;69.2527;0.4835;4.1029;0.0286
1624;09-DAPI-1-40x-402ms.tif;NBL;0.0704;0.0704;63.3313;0.6133;4.4599;0.0432
1625;09-DAPI-1-40x-402ms.tif;NBL;0.0378;0.0378;78.6552;0.8592;2.9701;0.0324
1626;09-DAPI-1-40x-402ms.tif;NBL;0.0443;0.0443;61.5196;1.4118;2.7235;0.0625
1627;09-DAPI-1-40x-402ms.tif;NBL;0.0599;0.0599;64.125;0.4149;3.8408;0.0248
1628;09-DAPI-1-40x-402ms.tif;NBL;0.0343;0.0343;60.5918;0.519;2.0776;0.0178
1629;09-DAPI-1-40x-402ms.tif;NBL;0.0342;0.0342;36.4222;0.8921;1.2449;0.0305
1630;09-DAPI-1-40x-402ms.tif;NBL;0.0571;0.0571;46.0171;0.6939;2.6264;0.0396
1631;09-DAPI-1-40x-402ms.tif;NBL;0.0755;0.0755;62.2299;0.2557;4.6997;0.0193
1632;09-DAPI-1-40x-402ms.tif;NBL;0.0778;0.0778;45.5481;0.1283;3.5436;0.01
1633;09-DAPI-1-40x-402ms.tif;NBL;0.0349;0.0349;63.6335;0.3571;2.2233;0.0125
1634;09-DAPI-1-40x-402ms.tif;NBL;0.0522;0.0522;46.5988;0.4116;2.4321;0.0215
1635;09-DAPI-1-40x-402ms.tif;NBL;0.0451;0.0451;52.7572;0.1923;2.3814;0.0087
1636;09-DAPI-1-40x-402ms.tif;NBL;0.0625;0.0625;90.8976;0.4167;5.6811;0.026
1637;09-DAPI-1-40x-402ms.tif;NBL;0.0424;0.0424;61.2813;0.3811;2.5999;0.0162
1638;09-DAPI-1-40x-402ms.tif;NBL;0.0388;0.0388;75.0698;0.3771;2.9161;0.0146
1639;09-DAPI-1-40x-402ms.tif;NBL;0.0396;0.0396;61.9808;0.6164;2.4548;0.0244
1640;09-DAPI-1-40x-402ms.tif;NBL;0.0407;0.0407;53.3547;0.32;2.171;0.013
1641;09-DAPI-1-40x-402ms.tif;NBL;0.0303;0.0303;42.8996;0.2079;1.2987;0.0063
1642;10-DAPI-1-40x-402ms.tif;NBL;0.0228;0.0228;79.581;0.8238;1.8134;0.0188
1643;10-DAPI-1-40x-402ms.tif;NBL;0.0336;0.0336;76.7484;0.7032;2.5816;0.0237
1644;10-DAPI-1-40x-402ms.tif;NBL;0.0231;0.0231;60.3333;0.6901;1.3944;0.016
1645;10-DAPI-1-40x-402ms.tif;NBL;0.0247;0.0247;96.4956;0.6447;2.3873;0.016
1646;10-DAPI-1-40x-402ms.tif;NBL;0.0212;0.0212;68.8667;0.6821;1.4571;0.0144
1647;10-DAPI-1-40x-402ms.tif;NBL;0.0306;0.0306;70.5461;0.8156;2.1586;0.025
1648;10-DAPI-1-40x-402ms.tif;NBL;0.0424;0.0424;81.9821;0.5396;3.4782;0.0229
1649;10-DAPI-1-40x-402ms.tif;NBL;0.025;0.025;79.2522;0.6304;1.9779;0.0157
1650;10-DAPI-1-40x-402ms.tif;NBL;0.0479;0.0479;75.7823;0.4422;3.6263;0.0212
1651;10-DAPI-1-40x-402ms.tif;NBL;0.0268;0.0268;67.0121;0.4251;1.796;0.0114
1652;10-DAPI-1-40x-402ms.tif;NBL;0.0515;0.0515;52.0505;0.2484;2.6827;0.0128
1653;10-DAPI-1-40x-402ms.tif;NBL;0.0375;0.0375;61.6792;0.4451;2.3156;0.0167
1654;10-DAPI-1-40x-402ms.tif;NBL;0.039;0.039;58.376;0.3955;2.274;0.0154
1655;10-DAPI-1-40x-402ms.tif;NBL;0.0594;0.0594;76.9013;0.4589;4.5643;0.0272
1656;10-DAPI-1-40x-402ms.tif;NBL;0.027;0.027;77.992;0.4659;2.1072;0.0126
1657;10-DAPI-1-40x-402ms.tif;NBL;0.0291;0.0291;71.4851;0.556;2.0788;0.0162
1658;10-DAPI-1-40x-402ms.tif;NBL;0.038;0.038;52.9714;0.4371;2.0117;0.0166
1659;10-DAPI-1-40x-402ms.tif;NBL;0.0312;0.0312;54.6076;0.2847;1.7065;0.0089
1660;10-DAPI-1-40x-402ms.tif;NBL;0.0577;0.0577;47.7387;0.3891;2.7558;0.0225
1661;10-DAPI-1-40x-402ms.tif;NBL;0.0442;0.0442;53.629;0.2555;2.3684;0.0113
1662;10-DAPI-1-40x-402ms.tif;NBL;0.0463;0.0463;62.1335;0.3724;2.8788;0.0173
1663;10-DAPI-1-40x-402ms.tif;NBL;0.0347;0.0347;48.5969;0.2906;1.6874;0.0101
1664;10-DAPI-1-40x-402ms.tif;NBL;0.042;0.042;53.3075;0.0827;2.2385;0.0035
1665;10-DAPI-1-40x-402ms.tif;NBL;0.0217;0.0217;50.69;0.48;1.1;0.0104
1666;10-DAPI-1-40x-402ms.tif;NBL;0.0217;0.0217;45.805;0.37;0.994;0.008
1667;10-DAPI-1-40x-402ms.tif;NBL;0.0349;0.0349;72.4441;0.4503;2.5311;0.0157
1668;10-DAPI-1-40x-402ms.tif;NBL;0.0264;0.0264;57.0206;0.4938;1.5035;0.013
1669;10-DAPI-1-40x-402ms.tif;NBL;0.0434;0.0434;63.77;0.1325;2.7678;0.0058
1670;10-DAPI-1-40x-402ms.tif;NBL;0.029;0.029;56.9026;0.0562;1.6485;0.0016
1671;10-DAPI-1-40x-402ms.tif;NBL;0.0372;0.0372;45.2216;0.1545;1.6831;0.0058
1672;10-DAPI-1-40x-402ms.tif;NBL;0.0574;0.0574;49.3233;0.1361;2.8312;0.0078
1673;10-DAPI-1-40x-402ms.tif;NBL;0.0546;0.0546;49.3837;0.1412;2.6953;0.0077
1674;10-DAPI-1-40x-402ms.tif;NBL;0.052;0.052;55.4405;0.1649;2.8815;0.0086
1675;10-DAPI-1-40x-402ms.tif;NBL;0.0512;0.0512;59.3708;0.2839;3.0407;0.0145
1676;10-DAPI-1-40x-402ms.tif;NBL;0.0419;0.0419;63.4171;0.1917;2.6561;0.008
1677;10-DAPI-1-40x-402ms.tif;NBL;0.0308;0.0308;65.993;0.2218;2.0336;0.0068
1678;10-DAPI-1-40x-402ms.tif;NBL;0.0462;0.0462;57.2347;0.277;2.6456;0.0128
1679;10-DAPI-1-40x-402ms.tif;NBL;0.0479;0.0479;67.0794;0.2245;3.2099;0.0107
1680;10-DAPI-1-40x-402ms.tif;NBL;0.0604;0.0604;49.8618;0.0718;3.0136;0.0043
1681;10-DAPI-1-40x-402ms.tif;NBL;0.0458;0.0458;71.7014;0.4242;3.2832;0.0194
1682;10-DAPI-1-40x-402ms.tif;NBL;0.054;0.054;55.8855;0.257;3.0199;0.0139
1683;10-DAPI-1-40x-402ms.tif;NBL;0.0528;0.0528;60.2361;0.3819;3.1831;0.0202
1684;10-DAPI-1-40x-402ms.tif;NBL;0.0661;0.0661;46.9704;0.2627;3.1038;0.0174
1685;10-DAPI-1-40x-402ms.tif;NBL;0.0431;0.0431;44.1587;0.0882;1.9022;0.0038
1686;10-DAPI-1-40x-402ms.tif;NBL;0.0487;0.0487;49.882;0.2472;2.4302;0.012
1687;10-DAPI-1-40x-402ms.tif;NBL;0.054;0.054;64.6747;0.2088;3.4948;0.0113
1688;10-DAPI-1-40x-402ms.tif;NBL;0.0269;0.0269;58.4839;0.25;1.5738;0.0067
1689;10-DAPI-1-40x-402ms.tif;NBL;0.028;0.028;41.2636;0.5;1.1552;0.014
1690;10-DAPI-1-40x-402ms.tif;NBL;0.0724;0.0724;60.018;0.2969;4.3437;0.0215
1691;10-DAPI-1-40x-402ms.tif;NBL;0.0399;0.0399;85.9864;0.5082;3.4335;0.0203
1692;10-DAPI-1-40x-402ms.tif;NBL;0.0741;0.0741;58.4129;0.1845;4.329;0.0137
1693;10-DAPI-1-40x-402ms.tif;NBL;0.0839;0.0839;52.4657;0.1617;4.4006;0.0136
1694;10-DAPI-1-40x-402ms.tif;NBL;0.0528;0.0528;57.7926;0.0534;3.0539;0.0028
1695;10-DAPI-1-40x-402ms.tif;NBL;0.0505;0.0505;39.8602;0.0258;2.0112;0.0013
1696;10-DAPI-1-40x-402ms.tif;NBL;0.049;0.049;56.6482;0.1084;2.7783;0.0053
1697;10-DAPI-1-40x-402ms.tif;NBL;0.0394;0.0394;50.741;0.022;1.9986;0.0009
1698;10-DAPI-1-40x-402ms.tif;NBL;0.0543;0.0543;54.198;0.122;2.9404;0.0066
1699;10-DAPI-1-40x-402ms.tif;NBL;0.0596;0.0596;38.6321;0.02;2.3013;0.0012
1700;10-DAPI-1-40x-402ms.tif;NBL;0.0464;0.0464;38.8832;0.0374;1.8058;0.0017
1701;10-DAPI-1-40x-402ms.tif;NBL;0.0341;0.0341;25.3248;0.0127;0.8628;0.0004
1702;10-DAPI-1-40x-402ms.tif;NBL;0.0191;0.0191;28.892;0.0227;0.5518;0.0004
1703;10-DAPI-1-40x-402ms.tif;NBL;0.0698;0.0698;29.21;0.0342;2.038;0.0024
1704;10-DAPI-1-40x-402ms.tif;NBL;0.0573;0.0573;34.1837;0.0379;1.9584;0.0022
1705;10-DAPI-1-40x-402ms.tif;NBL;0.0378;0.0378;41.5891;0.0144;1.5704;0.0005
1706;10-DAPI-1-40x-402ms.tif;NBL;0.0626;0.0626;36.766;0.0399;2.3019;0.0025
1707;10-DAPI-1-40x-402ms.tif;NBL;0.0571;0.0571;37.7167;0.038;2.1527;0.0022
1708;10-DAPI-1-40x-402ms.tif;NBL;0.0305;0.0305;33.6548;0.0641;1.0262;0.002
1709;10-DAPI-1-40x-402ms.tif;NBL;0.055;0.055;60.8817;0.14;3.3493;0.0077
1710;10-DAPI-1-40x-402ms.tif;NBL;0.0626;0.0626;68.5823;0.2409;4.2938;0.0151
1711;10-DAPI-1-40x-402ms.tif;NBL;0.0506;0.0506;44.5343;0.1459;2.2518;0.0074
1712;10-DAPI-1-40x-402ms.tif;NBL;0.0467;0.0467;47.5884;0.2907;2.2204;0.0136
1713;10-DAPI-1-40x-402ms.tif;NBL;0.0704;0.0704;84.1063;0.265;5.9229;0.0187
1714;10-DAPI-1-40x-402ms.tif;NBL;0.0643;0.0643;51.5295;0.2901;3.3156;0.0187
1715;10-DAPI-1-40x-402ms.tif;NBL;0.0739;0.0739;51.8429;0.207;3.8308;0.0153
1716;10-DAPI-1-40x-402ms.tif;NBL;0.0336;0.0336;60.4742;0.1161;2.0342;0.0039
1717;10-DAPI-1-40x-402ms.tif;NBL;0.0792;0.0792;26.1041;0.0452;2.0677;0.0036
1718;10-DAPI-1-40x-402ms.tif;NBL;0.0663;0.0663;30.5008;0.1113;2.0221;0.0074
1719;10-DAPI-1-40x-402ms.tif;NBL;0.0676;0.0676;53.6292;0.0738;3.6253;0.005
1720;10-DAPI-1-40x-402ms.tif;NBL;0.0264;0.0264;37.4321;0.0947;0.987;0.0025
1721;10-DAPI-1-40x-402ms.tif;NBL;0.0405;0.0405;46.7828;0.0483;1.8934;0.002
1722;10-DAPI-1-40x-402ms.tif;NBL;0.0663;0.0663;50.4288;0.2782;3.3433;0.0184
1723;10-DAPI-1-40x-402ms.tif;NBL;0.0519;0.0519;71.1527;0.3598;3.6904;0.0187
1724;10-DAPI-1-40x-402ms.tif;NBL;0.0298;0.0298;56.7964;0.4618;1.6948;0.0138
1725;10-DAPI-1-40x-402ms.tif;NBL;0.0489;0.0489;83.0687;0.5166;4.0651;0.0253
1726;10-DAPI-1-40x-402ms.tif;NBL;0.0743;0.0743;69.4365;0.5153;5.161;0.0383
1727;10-DAPI-1-40x-402ms.tif;NBL;0.0745;0.0745;66.147;0.5182;4.9309;0.0386
1728;10-DAPI-1-40x-402ms.tif;NBL;0.0356;0.0356;60.2622;0.2713;2.1447;0.0097
1729;10-DAPI-1-40x-402ms.tif;NBL;0.0461;0.0461;38.9435;0.2047;1.7959;0.0094
1730;10-DAPI-1-40x-402ms.tif;NBL;0.059;0.059;37.6121;0.4963;2.2202;0.0293
1731;10-DAPI-1-40x-402ms.tif;NBL;0.0264;0.0264;42.8971;0.4486;1.1311;0.0118
1732;10-DAPI-1-40x-402ms.tif;NBL;0.0467;0.0467;57.0884;0.2837;2.6636;0.0132
1733;10-DAPI-1-40x-402ms.tif;NBL;0.0509;0.0509;28.823;0.226;1.4668;0.0115
1734;10-DAPI-1-40x-402ms.tif;NBL;0.0144;0.0144;34.5489;0.391;0.4986;0.0056
1735;10-DAPI-1-40x-402ms.tif;NBL;0.0151;0.0151;32.1079;0.3957;0.4843;0.006
1736;10-DAPI-1-40x-402ms.tif;NBL;0.0335;0.0335;24.6375;0.4207;0.8261;0.0141
1737;10-DAPI-1-40x-402ms.tif;NBL;0.0291;0.0291;42.4403;0.4254;1.2342;0.0124
1738;10-DAPI-1-40x-402ms.tif;NBL;0.0798;0.0798;41.1347;0.2122;3.2806;0.0169
1739;10-DAPI-1-40x-402ms.tif;NBL;0.0495;0.0495;55.0219;0.5439;2.7224;0.0269
1740;10-DAPI-1-40x-402ms.tif;NBL;0.0302;0.0302;36.5827;0.5324;1.1035;0.0161
1741;10-DAPI-1-40x-402ms.tif;NBL;0.0743;0.0743;44.1912;0.3518;3.2846;0.0262
1742;10-DAPI-1-40x-402ms.tif;NBL;0.0827;0.0827;26.2152;0.3005;2.1675;0.0248
1743;10-DAPI-1-40x-402ms.tif;NBL;0.0559;0.0559;26.0932;0.6699;1.4581;0.0374
1744;10-DAPI-1-40x-402ms.tif;NBL;0.0485;0.0485;44.6957;0.264;2.1679;0.0128
1745;10-DAPI-1-40x-402ms.tif;NBL;0.0677;0.0677;35.625;0.875;2.4121;0.0592
1746;10-DAPI-1-40x-402ms.tif;NBL;0.0683;0.0683;34.7075;0.4165;2.3688;0.0284
1747;10-DAPI-1-40x-402ms.tif;NBL;0.0309;0.0309;30.7825;0.6667;0.9519;0.0206
1748;10-DAPI-1-40x-402ms.tif;NBL;0.0498;0.0498;60.207;0.6906;2.9986;0.0344
1749;10-DAPI-1-40x-402ms.tif;NBL;0.0716;0.0716;37.1121;0.697;2.6578;0.0499
1750;10-DAPI-1-40x-402ms.tif;NBL;0.0464;0.0464;47.8481;0.6729;2.2221;0.0312
1751;10-DAPI-1-40x-402ms.tif;NBL;0.0697;0.0697;57.6153;0.7009;4.0136;0.0488
1752;10-DAPI-1-40x-402ms.tif;NBL;0.0573;0.0573;60.3258;0.5322;3.4562;0.0305
1753;10-DAPI-1-40x-402ms.tif;NBL;0.0637;0.0637;52.2658;0.2198;3.329;0.014
1754;10-DAPI-1-40x-402ms.tif;NBL;0.0645;0.0645;35.5152;0.3047;2.2891;0.0196
1755;10-DAPI-1-40x-402ms.tif;NBL;0.0669;0.0669;32.3079;0.4603;2.163;0.0308
1756;10-DAPI-1-40x-402ms.tif;NBL;0.0348;0.0348;96.0903;1.0374;3.3469;0.0361
1757;10-DAPI-1-40x-402ms.tif;NBL;0.0546;0.0546;79.5964;0.9205;4.3443;0.0502
1758;10-DAPI-1-40x-402ms.tif;NBL;0.0418;0.0418;47.1636;0.8701;1.9703;0.0363
1759;10-DAPI-1-40x-402ms.tif;NBL;0.0536;0.0536;60.8482;1.0769;3.2616;0.0577
1760;10-DAPI-1-40x-402ms.tif;NBL;0.0668;0.0668;49.6851;0.625;3.321;0.0418
1761;10-DAPI-1-40x-402ms.tif;NBL;0.0341;0.0341;43.5732;0.9268;1.4846;0.0316
1762;10-DAPI-1-40x-402ms.tif;NBL;0.0634;0.0634;44.036;0.7723;2.7905;0.0489
1763;10-DAPI-1-40x-402ms.tif;NBL;0.0292;0.0292;46.6691;1.2862;1.3622;0.0375
1764;10-DAPI-1-40x-402ms.tif;NBL;0.0543;0.0543;43.972;1.134;2.3856;0.0615
1765;10-DAPI-1-40x-402ms.tif;NBL;0.0446;0.0446;49.5085;0.8662;2.2079;0.0386
1766;10-DAPI-1-40x-402ms.tif;NBL;0.0497;0.0497;42.0153;0.9476;2.088;0.0471
1767;10-DAPI-1-40x-402ms.tif;NBL;0.0826;0.0826;36.3587;0.8791;3.0023;0.0726
1768;10-DAPI-1-40x-402ms.tif;NBL;0.0372;0.0372;43.0787;0.8426;1.6033;0.0314
1769;10-DAPI-1-40x-402ms.tif;NBL;0.0683;0.0683;48.4881;1.1224;3.3094;0.0766
1770;10-DAPI-1-40x-402ms.tif;NBL;0.0518;0.0518;53.7736;0.87;2.7832;0.045
1771;10-DAPI-1-40x-402ms.tif;NBL;0.0397;0.0397;79.6038;1.2131;3.1613;0.0482
1772;10-DAPI-1-40x-402ms.tif;NBL;0.0574;0.0574;64.3119;1.1815;3.6915;0.0678
1773;10-DAPI-1-40x-402ms.tif;NBL;0.0591;0.0591;51.8183;0.9523;3.0643;0.0563
1774;10-DAPI-1-40x-402ms.tif;NBL;0.0676;0.0676;66.4912;1.2953;4.4948;0.0876
1775;10-DAPI-1-40x-402ms.tif;NBL;0.0778;0.0778;46.5565;1.0865;3.6221;0.0845
1776;10-DAPI-1-40x-402ms.tif;NBL;0.0367;0.0367;95.7189;1.4083;3.5105;0.0516
1777;10-DAPI-1-40x-402ms.tif;NBL;0.0379;0.0379;63.9226;0.9799;2.4207;0.0371
1778;10-DAPI-1-40x-402ms.tif;NBL;0.0625;0.0625;80.4809;1.0573;5.0301;0.0661
1779;10-DAPI-1-40x-402ms.tif;NBL;0.0752;0.0752;76.7128;1.3838;5.7684;0.1041
1780;10-DAPI-1-40x-402ms.tif;NBL;0.0424;0.0424;84.1151;1.202;3.5687;0.051
1781;10-DAPI-1-40x-402ms.tif;NBL;0.0547;0.0547;60.2698;0.9881;3.296;0.054
1782;10-DAPI-1-40x-402ms.tif;NBL;0.0614;0.0614;88.2809;1.3322;5.4218;0.0818
1783;10-DAPI-1-40x-402ms.tif;NBL;0.0414;0.0414;54.3901;1.2461;2.2544;0.0516
1784;10-DAPI-1-40x-402ms.tif;NBL;0.0578;0.0578;66.8574;1.2645;3.8666;0.0731
1785;10-DAPI-1-40x-402ms.tif;NBL;0.0669;0.0669;67.235;1.3809;4.5013;0.0924
1786;10-DAPI-1-40x-402ms.tif;NBL;0.0546;0.0546;62.0656;0.9861;3.3875;0.0538
1787;10-DAPI-1-40x-402ms.tif;NBL;0.0851;0.0851;80.8776;1.4133;6.8802;0.1202
1788;10-DAPI-1-40x-402ms.tif;NBL;0.0524;0.0524;75.2981;1.5259;3.9463;0.08
1789;10-DAPI-1-40x-402ms.tif;NBL;0.0431;0.0431;71.9496;1.3224;3.0994;0.057
1790;10-DAPI-1-40x-402ms.tif;NBL;0.0832;0.0832;69.4863;1.3116;5.783;0.1092
1791;10-DAPI-1-40x-402ms.tif;NBL;0.045;0.045;79.4699;1.4434;3.5786;0.065
1792;10-DAPI-1-40x-402ms.tif;NBL;0.0566;0.0566;76.523;1.3602;4.3343;0.077
1793;10-DAPI-1-40x-402ms.tif;NBL;0.043;0.043;89.4192;1.5253;3.8422;0.0655
1794;10-DAPI-1-40x-402ms.tif;NBL;0.0676;0.0676;61.305;1.3836;4.1442;0.0935
1795;10-DAPI-1-40x-402ms.tif;NBL;0.0298;0.0298;61.8982;0.7491;1.847;0.0224
1796;10-DAPI-1-40x-402ms.tif;NBL;0.0303;0.0303;103.0753;1.4875;3.1204;0.045
1797;10-DAPI-1-40x-402ms.tif;NBL;0.0999;0.0999;69.2649;1.3366;6.922;0.1336
1798;10-DAPI-1-40x-402ms.tif;NBL;0.0666;0.0666;50.1107;1.0668;3.3385;0.0711
1799;10-DAPI-1-40x-402ms.tif;NBL;0.0603;0.0603;50.1888;1.3129;3.0279;0.0792
1800;10-DAPI-1-40x-402ms.tif;NBL;0.0459;0.0459;90.5674;1.2624;4.1569;0.0579
1801;10-DAPI-1-40x-402ms.tif;NBL;0.0584;0.0584;63.3643;1.3959;3.699;0.0815
1802;10-DAPI-1-40x-402ms.tif;NBL;0.0574;0.0574;80.9509;1.3781;4.6466;0.0791
1803;10-DAPI-1-40x-402ms.tif;NBL;0.0904;0.0904;54.4382;1.2077;4.9205;0.1092
1804;10-DAPI-1-40x-402ms.tif;NBL;0.0786;0.0786;76.3135;1.3356;5.9951;0.1049
1805;10-DAPI-1-40x-402ms.tif;NBL;0.0731;0.0731;58.9347;1.3071;4.3101;0.0956
1806;10-DAPI-1-40x-402ms.tif;NBL;0.0778;0.0778;49.3738;0.9847;3.8413;0.0766
1807;10-DAPI-1-40x-402ms.tif;NBL;0.0436;0.0436;53.9279;0.995;2.3523;0.0434
1808;10-DAPI-1-40x-402ms.tif;NBL;0.0409;0.0409;47.7931;1.0424;1.9551;0.0426
1809;10-DAPI-1-40x-402ms.tif;NBL;0.0315;0.0315;48.7552;1.3414;1.5342;0.0422
1810;10-DAPI-1-40x-402ms.tif;NBL;0.0429;0.0429;74.119;1.2177;3.1768;0.0522
1811;10-DAPI-1-40x-402ms.tif;NBL;0.0306;0.0306;58.0993;1.2518;1.7778;0.0383
1812;10-DAPI-1-40x-402ms.tif;NBL;0.0541;0.0541;77.9699;1.1403;4.2217;0.0617
1813;10-DAPI-1-40x-402ms.tif;NBL;0.0537;0.0537;58.4667;0.9091;3.1403;0.0488
1814;10-DAPI-1-40x-402ms.tif;NBL;0.0642;0.0642;38.8801;0.9544;2.4975;0.0613
1815;10-DAPI-1-40x-402ms.tif;NBL;0.0482;0.0482;28.8176;1.4414;1.3883;0.0694
1816;10-DAPI-1-40x-402ms.tif;NBL;0.083;0.083;64.2301;1.2209;5.3316;0.1013
1817;10-DAPI-1-40x-402ms.tif;NBL;0.0798;0.0798;58.3116;1.2354;4.6505;0.0985
1818;10-DAPI-1-40x-402ms.tif;NBL;0.065;0.065;74.6561;1.3356;4.8523;0.0868
1819;10-DAPI-1-40x-402ms.tif;NBL;0.0572;0.0572;60.5712;1.2524;3.4637;0.0716
1820;10-DAPI-1-40x-402ms.tif;NBL;0.0549;0.0549;85.3241;1.3715;4.6847;0.0753
1821;10-DAPI-1-40x-402ms.tif;NBL;0.0472;0.0472;63.4207;1.3402;2.9935;0.0633
1822;10-DAPI-1-40x-402ms.tif;NBL;0.0563;0.0563;79.3622;1.2466;4.4693;0.0702
1823;10-DAPI-1-40x-402ms.tif;NBL;0.0371;0.0371;76.8041;1.3216;2.8502;0.049
1824;10-DAPI-1-40x-402ms.tif;NBL;0.0312;0.0312;69.8472;1.309;2.1827;0.0409
1825;10-DAPI-1-40x-402ms.tif;NBL;0.0321;0.0321;76.1115;1.3615;2.4446;0.0437
1826;10-DAPI-1-40x-402ms.tif;NBL;0.0492;0.0492;51.3444;1.3201;2.5238;0.0649
1827;10-DAPI-1-40x-402ms.tif;NBL;0.0561;0.0561;86.3733;1.3888;4.8454;0.0779
1828;10-DAPI-1-40x-402ms.tif;NBL;0.0808;0.0808;48.4;1.0497;3.9125;0.0849
1829;10-DAPI-1-40x-402ms.tif;NBL;0.0403;0.0403;51.4555;1.1644;2.0714;0.0469
1830;10-DAPI-1-40x-402ms.tif;NBL;0.0728;0.0728;63.5171;1.0477;4.6246;0.0763
1831;10-DAPI-1-40x-402ms.tif;NBL;0.0743;0.0743;57.9314;0.8219;4.3059;0.0611
1832;10-DAPI-1-40x-402ms.tif;NBL;0.0546;0.0546;45.6799;1.0875;2.4932;0.0594
1833;10-DAPI-1-40x-402ms.tif;NBL;0.0578;0.0578;35.4371;1.0619;2.0495;0.0614
1834;10-DAPI-1-40x-402ms.tif;NBL;0.0428;0.0428;45.3706;1.1954;1.9397;0.0511
1835;10-DAPI-1-40x-402ms.tif;NBL;0.0916;0.0916;27.782;0.5569;2.5443;0.051
1836;10-DAPI-1-40x-402ms.tif;NBL;0.0451;0.0451;34.4255;1.25;1.5539;0.0564
1837;10-DAPI-1-40x-402ms.tif;NBL;0.0679;0.0679;36.8738;0.7013;2.5047;0.0476
1838;10-DAPI-1-40x-402ms.tif;NBL;0.0556;0.0556;37.2168;0.7832;2.0676;0.0435
1839;10-DAPI-1-40x-402ms.tif;NBL;0.0511;0.0511;48.9533;0.518;2.5018;0.0265
1840;10-DAPI-1-40x-402ms.tif;NBL;0.0476;0.0476;62.3417;0.615;2.9696;0.0293
1841;10-DAPI-1-40x-402ms.tif;NBL;0.0268;0.0268;48.3117;0.9798;1.2948;0.0263
1842;10-DAPI-1-40x-402ms.tif;NBL;0.0535;0.0535;57.8763;1.2637;3.096;0.0676
1843;10-DAPI-1-40x-402ms.tif;NBL;0.0528;0.0528;59.6078;1.0513;3.1498;0.0556
1844;10-DAPI-1-40x-402ms.tif;NBL;0.0525;0.0525;41.5269;0.6012;2.1809;0.0316
1845;10-DAPI-1-40x-402ms.tif;NBL;0.0672;0.0672;30.0065;0.2827;2.0154;0.019
1846;10-DAPI-1-40x-402ms.tif;NBL;0.0646;0.0646;40.1412;0.4723;2.5916;0.0305
1847;10-DAPI-1-40x-402ms.tif;NBL;0.0482;0.0482;49.7455;0.7342;2.3966;0.0354
1848;10-DAPI-1-40x-402ms.tif;NBL;0.0583;0.0583;52.5251;0.2551;3.0605;0.0149
1849;10-DAPI-1-40x-402ms.tif;NBL;0.0422;0.0422;34.7969;0.2237;1.4687;0.0094
1850;10-DAPI-1-40x-402ms.tif;NBL;0.0461;0.0461;39.1882;0.2306;1.8072;0.0106
1851;10-DAPI-1-40x-402ms.tif;NBL;0.0472;0.0472;41.6299;0.492;1.965;0.0232
1852;10-DAPI-1-40x-402ms.tif;NBL;0.0417;0.0417;51.6693;0.2188;2.1529;0.0091
1853;10-DAPI-1-40x-402ms.tif;NBL;0.0585;0.0585;38.7811;0.256;2.2681;0.015
1854;10-DAPI-1-40x-402ms.tif;NBL;0.0451;0.0451;29.363;0.3918;1.3254;0.0177
1855;10-DAPI-1-40x-402ms.tif;NBL;0.0565;0.0565;36.7985;0.3935;2.0803;0.0222
1856;10-DAPI-1-40x-402ms.tif;NBL;0.0452;0.0452;36.6643;0.2542;1.659;0.0115
1857;10-DAPI-1-40x-402ms.tif;NBL;0.0406;0.0406;41.0615;0.5775;1.6663;0.0234
1858;10-DAPI-1-40x-402ms.tif;NBL;0.0497;0.0497;47.9017;0.3188;2.3805;0.0158
1859;10-DAPI-1-40x-402ms.tif;NBL;0.0454;0.0454;54.5048;0.1148;2.4721;0.0052
1860;10-DAPI-1-40x-402ms.tif;NBL;0.0157;0.0157;42.9862;0.1448;0.6763;0.0023
1861;10-DAPI-1-40x-402ms.tif;NBL;0.0583;0.0583;50.1061;0.3371;2.9196;0.0196
1862;10-DAPI-1-40x-402ms.tif;NBL;0.0446;0.0446;68.4355;0.2384;3.052;0.0106
1863;10-DAPI-1-40x-402ms.tif;NBL;0.076;0.076;58.65;0.5386;4.4548;0.0409
1864;10-DAPI-1-40x-402ms.tif;NBL;0.0489;0.0489;57.2727;0.2084;2.8027;0.0102
1865;10-DAPI-1-40x-402ms.tif;NBL;0.0502;0.0502;68.9525;0.5637;3.4641;0.0283
1866;10-DAPI-1-40x-402ms.tif;NBL;0.0553;0.0553;62.9118;0.6471;3.4814;0.0358
1867;10-DAPI-1-40x-402ms.tif;NBL;0.053;0.053;97.2172;0.6516;5.1478;0.0345
1868;10-DAPI-1-40x-402ms.tif;NBL;0.0442;0.0442;58.4889;0.5725;2.583;0.0253
1869;10-DAPI-1-40x-402ms.tif;NBL;0.0395;0.0395;49.2143;0.5082;1.9438;0.0201
1870;10-DAPI-1-40x-402ms.tif;NBL;0.0525;0.0525;69.0351;0.5083;3.6255;0.0267
1871;10-DAPI-1-40x-402ms.tif;NBL;0.0635;0.0635;80.9402;0.7094;5.1378;0.045
1872;10-DAPI-1-40x-402ms.tif;NBL;0.0518;0.0518;68.3166;0.7484;3.5359;0.0387
1873;10-DAPI-1-40x-402ms.tif;NBL;0.0356;0.0356;57.6128;1.0793;2.0505;0.0384
1874;10-DAPI-1-40x-402ms.tif;NBL;0.0439;0.0439;59.8741;0.2296;2.6312;0.0101
1875;10-DAPI-1-40x-402ms.tif;NBL;0.076;0.076;80.8171;0.5614;6.1385;0.0426
1876;10-DAPI-1-40x-402ms.tif;NBL;0.0563;0.0563;61.2543;0.6802;3.4495;0.0383
1877;10-DAPI-1-40x-402ms.tif;NBL;0.0581;0.0581;51.9252;0.5196;3.0143;0.0302
1878;10-DAPI-1-40x-402ms.tif;NBL;0.0522;0.0522;45.578;0.1601;2.3788;0.0084
1879;10-DAPI-1-40x-402ms.tif;NBL;0.0386;0.0386;43.8708;0.1152;1.6947;0.0044
1880;10-DAPI-1-40x-402ms.tif;NBL;0.0439;0.0439;43.079;0.1259;1.8931;0.0055
1881;10-DAPI-1-40x-402ms.tif;NBL;0.0284;0.0284;46.6756;0.5687;1.3269;0.0162
1882;10-DAPI-1-40x-402ms.tif;NBL;0.0426;0.0426;52.3588;0.5496;2.2327;0.0234
1883;10-DAPI-1-40x-402ms.tif;NBL;0.0268;0.0268;39.8947;0.6113;1.0692;0.0164
1884;10-DAPI-1-40x-402ms.tif;NBL;0.0422;0.0422;82.4165;0.3856;3.4787;0.0163
1885;12-DAPI-1-40x-402ms.tif;NBL;0.0518;0.0518;99.6226;0.3732;5.1562;0.0193
1886;12-DAPI-1-40x-402ms.tif;NBL;0.0816;0.0816;84.3777;0.1356;6.885;0.0111
1887;12-DAPI-1-40x-402ms.tif;NBL;0.0523;0.0523;63.3693;0.0851;3.3142;0.0044
1888;12-DAPI-1-40x-402ms.tif;NBL;0.0462;0.0462;56.0235;0.061;2.5896;0.0028
1889;12-DAPI-1-40x-402ms.tif;NBL;0.0554;0.0554;68.5812;0.2446;3.8026;0.0136
1890;12-DAPI-1-40x-402ms.tif;NBL;0.0637;0.0637;50.0511;0.4463;3.1879;0.0284
1891;12-DAPI-1-40x-402ms.tif;NBL;0.0579;0.0579;65.2603;0.7285;3.7814;0.0422
1892;12-DAPI-1-40x-402ms.tif;NBL;0.0368;0.0368;55.3776;0.2478;2.037;0.0091
1893;12-DAPI-1-40x-402ms.tif;NBL;0.0531;0.0531;66.7689;0.4499;3.5428;0.0239
1894;12-DAPI-1-40x-402ms.tif;NBL;0.0639;0.0639;42.1138;0.4771;2.6915;0.0305
1895;12-DAPI-1-40x-402ms.tif;NBL;0.0503;0.0503;103.4871;0.7457;5.2103;0.0375
1896;12-DAPI-1-40x-402ms.tif;NBL;0.0915;0.0915;94.4567;0.79;8.6401;0.0723
1897;12-DAPI-1-40x-402ms.tif;NBL;0.0419;0.0419;73.9508;0.7798;3.0973;0.0327
1898;12-DAPI-1-40x-402ms.tif;NBL;0.0323;0.0323;91.745;0.6208;2.9666;0.0201
1899;12-DAPI-1-40x-402ms.tif;NBL;0.042;0.042;96.5607;0.8243;4.0548;0.0346
1900;12-DAPI-1-40x-402ms.tif;NBL;0.0519;0.0519;61.4519;0.8828;3.1873;0.0458
1901;12-DAPI-1-40x-402ms.tif;NBL;0.0399;0.0399;78.0163;0.7092;3.1152;0.0283
1902;12-DAPI-1-40x-402ms.tif;NBL;0.0432;0.0432;75.2538;0.6683;3.2499;0.0289
1903;12-DAPI-1-40x-402ms.tif;NBL;0.0524;0.0524;100.6832;0.9793;5.2767;0.0513
1904;12-DAPI-1-40x-402ms.tif;NBL;0.0565;0.0565;113.9424;0.666;6.4414;0.0377
1905;12-DAPI-1-40x-402ms.tif;NBL;0.0292;0.0292;72.7621;0.4647;2.1238;0.0136
1906;12-DAPI-1-40x-402ms.tif;NBL;0.0292;0.0292;77.9591;0.1152;2.2755;0.0034
1907;12-DAPI-1-40x-402ms.tif;NBL;0.0583;0.0583;63.3669;0.0186;3.6923;0.0011
1908;12-DAPI-1-40x-402ms.tif;NBL;0.0329;0.0329;96.7195;0.3861;3.1799;0.0127
1909;12-DAPI-1-40x-402ms.tif;NBL;0.0521;0.0521;36.675;0.2208;1.9102;0.0115
1910;12-DAPI-1-40x-402ms.tif;NBL;0.0334;0.0334;78.3442;0.961;2.6183;0.0321
1911;12-DAPI-1-40x-402ms.tif;NBL;0.0652;0.0652;114.9468;0.9651;7.496;0.0629
1912;12-DAPI-1-40x-402ms.tif;NBL;0.0484;0.0484;97.5022;0.9865;4.7185;0.0477
1913;12-DAPI-1-40x-402ms.tif;NBL;0.0378;0.0378;94.181;0.8132;3.5563;0.0307
1914;12-DAPI-1-40x-402ms.tif;NBL;0.0656;0.0656;100.3785;0.7917;6.5895;0.052
1915;12-DAPI-1-40x-402ms.tif;NBL;0.0327;0.0327;91.6811;0.6844;2.9944;0.0224
1916;12-DAPI-1-40x-402ms.tif;NBL;0.0493;0.0493;92.033;0.8326;4.5337;0.041
1917;12-DAPI-1-40x-402ms.tif;NBL;0.051;0.051;91.2383;0.8596;4.653;0.0438
1918;12-DAPI-1-40x-402ms.tif;NBL;0.026;0.026;84.425;0.9125;2.1986;0.0238
1919;12-DAPI-1-40x-402ms.tif;NBL;0.0578;0.0578;77.1238;0.8143;4.4604;0.0471
1920;12-DAPI-1-40x-402ms.tif;NBL;0.0437;0.0437;98.1638;0.866;4.2925;0.0379
1921;12-DAPI-1-40x-402ms.tif;NBL;0.0479;0.0479;91.1156;1.0612;4.36;0.0508
1922;12-DAPI-1-40x-402ms.tif;NBL;0.0584;0.0584;75.5428;1.145;4.4099;0.0668
1923;12-DAPI-1-40x-402ms.tif;NBL;0.0501;0.0501;62.1861;0.9632;3.1174;0.0483
1924;12-DAPI-1-40x-402ms.tif;NBL;0.0372;0.0372;84.8455;0.9184;3.1578;0.0342
1925;12-DAPI-1-40x-402ms.tif;NBL;0.0486;0.0486;70.7589;0.7165;3.4397;0.0348
1926;12-DAPI-1-40x-402ms.tif;NBL;0.0348;0.0348;82.8162;0.8567;2.8845;0.0298
1927;12-DAPI-1-40x-402ms.tif;NBL;0.0429;0.0429;95.881;0.9873;4.1095;0.0423
1928;12-DAPI-1-40x-402ms.tif;NBL;0.043;0.043;82.1364;0.7879;3.5293;0.0339
1929;12-DAPI-1-40x-402ms.tif;NBL;0.0626;0.0626;51.0815;1.0191;3.1981;0.0638
1930;12-DAPI-1-40x-402ms.tif;NBL;0.0141;0.0141;94.5385;0.9615;1.3336;0.0136
1931;12-DAPI-1-40x-402ms.tif;NBL;0.0265;0.0265;97.3238;0.7541;2.5767;0.02
1932;12-DAPI-1-40x-402ms.tif;NBL;0.016;0.016;105.0544;0.7347;1.6757;0.0117
1933;12-DAPI-1-40x-402ms.tif;NBL;0.0347;0.0347;100.2125;0.9906;3.4796;0.0344
1934;12-DAPI-1-40x-402ms.tif;NBL;0.0483;0.0483;117.6157;0.9326;5.6791;0.045
1935;12-DAPI-1-40x-402ms.tif;NBL;0.0532;0.0532;86.8898;1.0796;4.6198;0.0574
1936;12-DAPI-1-40x-402ms.tif;NBL;0.0601;0.0601;106.7924;1.2816;6.4196;0.077
1937;12-DAPI-1-40x-402ms.tif;NBL;0.035;0.035;104.3746;1.1022;3.6581;0.0386
1938;12-DAPI-1-40x-402ms.tif;NBL;0.0571;0.0571;102.4943;1.1141;5.8498;0.0636
1939;12-DAPI-1-40x-402ms.tif;NBL;0.0294;0.0294;76.203;1.0849;2.2408;0.0319
1940;12-DAPI-1-40x-402ms.tif;NBL;0.0512;0.0512;99.2013;0.8729;5.0806;0.0447
1941;12-DAPI-1-40x-402ms.tif;NBL;0.0456;0.0456;104.6571;1.0048;4.7695;0.0458
1942;12-DAPI-1-40x-402ms.tif;NBL;0.0187;0.0187;86.0698;0.7674;1.6063;0.0143
1943;12-DAPI-1-40x-402ms.tif;NBL;0.0359;0.0359;82.4985;0.8278;2.963;0.0297
1944;12-DAPI-1-40x-402ms.tif;NBL;0.0399;0.0399;85.7799;0.788;3.4252;0.0315
1945;12-DAPI-1-40x-402ms.tif;NBL;0.0385;0.0385;90.9155;0.8197;3.5021;0.0316
1946;12-DAPI-1-40x-402ms.tif;NBL;0.0742;0.0742;107.4488;1.0541;7.9747;0.0782
1947;12-DAPI-1-40x-402ms.tif;NBL;0.0154;0.0154;34.8662;1.5986;0.5372;0.0246
1948;12-DAPI-1-40x-402ms.tif;NBL;0.0171;0.0171;51.7342;1.3101;0.8869;0.0225
1949;12-DAPI-1-40x-402ms.tif;NBL;0.0302;0.0302;47.5396;1.2806;1.434;0.0386
1950;12-DAPI-1-40x-402ms.tif;NBL;0.0205;0.0205;44.0847;1.3862;0.9041;0.0284
1951;12-DAPI-1-40x-402ms.tif;NBL;0.0131;0.0131;40.6198;1.562;0.5333;0.0205
1952;12-DAPI-1-40x-402ms.tif;NBL;0.0278;0.0278;35.2031;1.4727;0.9779;0.0409
1953;12-DAPI-1-40x-402ms.tif;NBL;0.0434;0.0434;81.2825;0.775;3.5279;0.0336
1954;12-DAPI-1-40x-402ms.tif;NBL;0.0464;0.0464;86.8692;0.6308;4.0343;0.0293
1955;12-DAPI-1-40x-402ms.tif;NBL;0.0391;0.0391;80.5778;0.9139;3.1476;0.0357
1956;12-DAPI-1-40x-402ms.tif;NBL;0.0319;0.0319;93.5442;0.7347;2.9842;0.0234
1957;12-DAPI-1-40x-402ms.tif;NBL;0.0233;0.0233;102.6605;0.8047;2.395;0.0188
1958;12-DAPI-1-40x-402ms.tif;NBL;0.0388;0.0388;108.1983;1.1117;4.203;0.0432
1959;12-DAPI-1-40x-402ms.tif;NBL;0.0509;0.0509;83.6759;0.7569;4.2582;0.0385
1960;12-DAPI-1-40x-402ms.tif;NBL;0.04;0.04;88.6043;0.9322;3.5476;0.0373
1961;12-DAPI-1-40x-402ms.tif;NBL;0.0459;0.0459;113.2175;1.1655;5.1965;0.0535
1962;12-DAPI-1-40x-402ms.tif;NBL;0.0329;0.0329;102.8317;0.7426;3.3809;0.0244
1963;12-DAPI-1-40x-402ms.tif;NBL;0.0703;0.0703;112.892;0.9676;7.9377;0.068
1964;12-DAPI-1-40x-402ms.tif;NBL;0.0502;0.0502;88.7927;0.8337;4.4608;0.0419
1965;12-DAPI-1-40x-402ms.tif;NBL;0.0315;0.0315;90.531;1.1172;2.8487;0.0352
1966;12-DAPI-1-40x-402ms.tif;NBL;0.0357;0.0357;86.8298;1.0274;3.0997;0.0367
1967;12-DAPI-1-40x-402ms.tif;NBL;0.0323;0.0323;98.0503;0.943;3.1705;0.0305
1968;12-DAPI-1-40x-402ms.tif;NBL;0.0467;0.0467;95.0558;0.9163;4.4351;0.0428
1969;12-DAPI-1-40x-402ms.tif;NBL;0.0598;0.0598;72.1125;1.2323;4.3114;0.0737
1970;12-DAPI-1-40x-402ms.tif;NBL;0.0377;0.0377;92.5389;0.7032;3.4843;0.0265
1971;12-DAPI-1-40x-402ms.tif;NBL;0.0563;0.0563;82.0135;0.7977;4.6186;0.0449
1972;12-DAPI-1-40x-402ms.tif;NBL;0.026;0.026;84.8125;0.6292;2.2087;0.0164
1973;12-DAPI-1-40x-402ms.tif;NBL;0.0465;0.0465;110.2494;0.8625;5.1321;0.0401
1974;12-DAPI-1-40x-402ms.tif;NBL;0.0339;0.0339;87.9712;1.0705;2.9782;0.0362
1975;12-DAPI-1-40x-402ms.tif;NBL;0.0222;0.0222;73.7366;1;1.6402;0.0222
1976;12-DAPI-1-40x-402ms.tif;NBL;0.0485;0.0485;102.8345;0.8881;4.9877;0.0431
1977;12-DAPI-1-40x-402ms.tif;NBL;0.049;0.049;84.4071;0.8053;4.1398;0.0395
1978;12-DAPI-1-40x-402ms.tif;NBL;0.0469;0.0469;107.4884;0.7523;5.0385;0.0353
1979;12-DAPI-1-40x-402ms.tif;NBL;0.0278;0.0278;85.7422;0.875;2.3817;0.0243
1980;12-DAPI-1-40x-402ms.tif;NBL;0.036;0.036;84.6717;0.6114;3.0502;0.022
1981;12-DAPI-1-40x-402ms.tif;NBL;0.07;0.07;89.9132;0.907;6.2928;0.0635
1982;12-DAPI-1-40x-402ms.tif;NBL;0.0486;0.0486;94.7433;0.6808;4.6056;0.0331
1983;12-DAPI-1-40x-402ms.tif;NBL;0.0391;0.0391;65.2861;1.1667;2.5502;0.0456
1984;12-DAPI-1-40x-402ms.tif;NBL;0.0414;0.0414;76.4346;0.5942;3.1682;0.0246
1985;12-DAPI-1-40x-402ms.tif;NBL;0.0321;0.0321;66.1014;1.1115;2.123;0.0357
1986;12-DAPI-1-40x-402ms.tif;NBL;0.0531;0.0531;77.7464;0.7137;4.1252;0.0379
1987;12-DAPI-1-40x-402ms.tif;NBL;0.0289;0.0289;70.4436;0.7481;2.0332;0.0216
1988;12-DAPI-1-40x-402ms.tif;NBL;0.0495;0.0495;61.6754;0.6535;3.0516;0.0323
1989;12-DAPI-1-40x-402ms.tif;NBL;0.025;0.025;86.0304;0.9696;2.147;0.0242
1990;12-DAPI-1-40x-402ms.tif;NBL;0.0365;0.0365;76.1399;0.9107;2.7759;0.0332
1991;12-DAPI-1-40x-402ms.tif;NBL;0.0375;0.0375;64.6965;0.5838;2.4289;0.0219
1992;12-DAPI-1-40x-402ms.tif;NBL;0.0175;0.0175;67.3665;0.4596;1.1769;0.008
1993;12-DAPI-1-40x-402ms.tif;NBL;0.0218;0.0218;70.1542;0.408;1.5301;0.0089
1994;12-DAPI-1-40x-402ms.tif;NBL;0.0224;0.0224;98.8447;0.966;2.2094;0.0216
1995;12-DAPI-1-40x-402ms.tif;NBL;0.0211;0.0211;81.9021;0.5103;1.7241;0.0107
1996;12-DAPI-1-40x-402ms.tif;NBL;0.0393;0.0393;84.5994;0.6851;3.323;0.0269
1997;12-DAPI-1-40x-402ms.tif;NBL;0.047;0.047;100.7852;0.5497;4.7352;0.0258
1998;12-DAPI-1-40x-402ms.tif;NBL;0.046;0.046;88.8608;0.6321;4.0882;0.0291
1999;12-DAPI-1-40x-402ms.tif;NBL;0.026;0.026;81.7458;0.6458;2.1288;0.0168
2000;12-DAPI-1-40x-402ms.tif;NBL;0.074;0.074;85.1686;0.6554;6.3026;0.0485
2001;12-DAPI-1-40x-402ms.tif;NBL;0.0269;0.0269;65.0726;0.5887;1.7511;0.0158
2002;12-DAPI-1-40x-402ms.tif;NBL;0.0534;0.0534;97.874;0.5671;5.225;0.0303
2003;12-DAPI-1-40x-402ms.tif;NBL;0.0373;0.0373;91.9419;0.2762;3.4319;0.0103
2004;12-DAPI-1-40x-402ms.tif;NBL;0.0238;0.0238;84.9452;0.4886;2.0186;0.0116
2005;12-DAPI-1-40x-402ms.tif;NBL;0.0303;0.0303;74.2939;0.4194;2.2491;0.0127
2006;12-DAPI-1-40x-402ms.tif;NBL;0.054;0.054;52.4478;0.6667;2.8341;0.036
2007;12-DAPI-1-40x-402ms.tif;NBL;0.0334;0.0334;45.2175;0.7662;1.5112;0.0256
2008;12-DAPI-1-40x-402ms.tif;NBL;0.0521;0.0521;59.7521;0.5167;3.1121;0.0269
2009;12-DAPI-1-40x-402ms.tif;NBL;0.0193;0.0193;66.2022;0.5449;1.2786;0.0105
2010;12-DAPI-1-40x-402ms.tif;NBL;0.0326;0.0326;62.0467;0.1567;2.0197;0.0051
2011;12-DAPI-1-40x-402ms.tif;NBL;0.0533;0.0533;80.499;0.1955;4.2887;0.0104
2012;12-DAPI-1-40x-402ms.tif;NBL;0.0366;0.0366;87.5401;0.2463;3.2011;0.009
2013;12-DAPI-1-40x-402ms.tif;NBL;0.0505;0.0505;50.8301;0.3204;2.5647;0.0162
2014;12-DAPI-1-40x-402ms.tif;NBL;0.0434;0.0434;77.0925;0.7925;3.346;0.0344
2015;12-DAPI-1-40x-402ms.tif;NBL;0.0498;0.0498;91.4749;0.9107;4.5559;0.0454
2016;12-DAPI-1-40x-402ms.tif;NBL;0.036;0.036;85.0964;0.6988;3.0655;0.0252
2017;12-DAPI-1-40x-402ms.tif;NBL;0.0484;0.0484;101.278;0.8318;4.9013;0.0403
2018;12-DAPI-1-40x-402ms.tif;NBL;0.034;0.034;55.9457;0.524;1.9001;0.0178
2019;12-DAPI-1-40x-402ms.tif;NBL;0.013;0.013;103.7833;0.7917;1.3513;0.0103
2020;12-DAPI-1-40x-402ms.tif;NBL;0.0358;0.0358;99.9242;0.6939;3.578;0.0248
2021;12-DAPI-1-40x-402ms.tif;NBL;0.0519;0.0519;100.6653;0.6444;5.2211;0.0334
2022;12-DAPI-1-40x-402ms.tif;NBL;0.0275;0.0275;101.4466;0.664;2.7849;0.0182
2023;12-DAPI-1-40x-402ms.tif;NBL;0.0435;0.0435;105.5711;0.7057;4.5935;0.0307
2024;12-DAPI-1-40x-402ms.tif;NBL;0.0449;0.0449;100.1763;0.6425;4.5001;0.0289
2025;12-DAPI-1-40x-402ms.tif;NBL;0.0437;0.0437;100.0546;0.6849;4.3752;0.0299
2026;12-DAPI-1-40x-402ms.tif;NBL;0.0413;0.0413;81.9081;0.5564;3.3862;0.023
2027;12-DAPI-1-40x-402ms.tif;NBL;0.0454;0.0454;100.1435;0.7895;4.5421;0.0358
2028;12-DAPI-1-40x-402ms.tif;NBL;0.0381;0.0381;96.7778;0.6325;3.6859;0.0241
2029;12-DAPI-1-40x-402ms.tif;NBL;0.0408;0.0408;73.7793;0.6569;3.0101;0.0268
2030;12-DAPI-1-40x-402ms.tif;NBL;0.0524;0.0524;77.1201;0.5176;4.0418;0.0271
2031;12-DAPI-1-40x-402ms.tif;NBL;0.0718;0.0718;105.9577;0.6344;7.6111;0.0456
2032;12-DAPI-1-40x-402ms.tif;NBL;0.0335;0.0335;60.9741;0.5663;2.0444;0.019
2033;12-DAPI-1-40x-402ms.tif;NBL;0.0607;0.0607;61.5045;0.5098;3.7306;0.0309
2034;12-DAPI-1-40x-402ms.tif;NBL;0.0331;0.0331;96.2754;0.3377;3.1862;0.0112
2035;12-DAPI-1-40x-402ms.tif;NBL;0.028;0.028;82.7364;0.3101;2.3162;0.0087
2036;12-DAPI-1-40x-402ms.tif;NBL;0.0337;0.0337;61.1286;0.3859;2.0628;0.013
2037;12-DAPI-1-40x-402ms.tif;NBL;0.0141;0.0141;65.2462;0.5;0.9204;0.0071
2038;12-DAPI-1-40x-402ms.tif;NBL;0.0361;0.0361;81.4414;0.3243;2.9427;0.0117
2039;12-DAPI-1-40x-402ms.tif;NBL;0.0265;0.0265;78.0287;0.3156;2.0659;0.0084
2040;12-DAPI-1-40x-402ms.tif;NBL;0.0497;0.0497;61.0349;0.1834;3.0332;0.0091
2041;12-DAPI-1-40x-402ms.tif;NBL;0.0369;0.0369;46.6353;0.3971;1.7205;0.0146
2042;12-DAPI-1-40x-402ms.tif;NBL;0.0694;0.0694;49.1406;0.2172;3.4125;0.0151
2043;12-DAPI-1-40x-402ms.tif;NBL;0.0666;0.0666;49.6042;0.0765;3.3048;0.0051
2044;12-DAPI-1-40x-402ms.tif;NBL;0.0391;0.0391;77.0861;0.1417;3.0112;0.0055
2045;12-DAPI-1-40x-402ms.tif;NBL;0.0395;0.0395;70.8049;0.2582;2.7965;0.0102
2046;12-DAPI-1-40x-402ms.tif;NBL;0.0193;0.0193;60.8708;0.1124;1.1757;0.0022
2047;12-DAPI-1-40x-402ms.tif;NBL;0.0177;0.0177;65.9448;0.0491;1.1663;0.0009
2048;12-DAPI-1-40x-402ms.tif;NBL;0.0255;0.0255;47.8085;0.5574;1.2191;0.0142
2049;12-DAPI-1-40x-402ms.tif;NBL;0.0413;0.0413;54.8504;0.3071;2.2676;0.0127
2050;12-DAPI-1-40x-402ms.tif;NBL;0.034;0.034;51.4952;0.3227;1.7489;0.011
2051;12-DAPI-1-40x-402ms.tif;NBL;0.0346;0.0346;76.0627;0.116;2.6328;0.004
2052;12-DAPI-1-40x-402ms.tif;NBL;0.041;0.041;73.2857;0.2407;3.0059;0.0099
2053;12-DAPI-1-40x-402ms.tif;NBL;0.0377;0.0377;100.7118;0.3112;3.792;0.0117
2054;12-DAPI-1-40x-402ms.tif;NBL;0.0169;0.0169;79.4295;0.5128;1.3445;0.0087
2055;12-DAPI-1-40x-402ms.tif;NBL;0.0391;0.0391;90.6833;0.1611;3.5423;0.0063
2056;12-DAPI-1-40x-402ms.tif;NBL;0.0302;0.0302;68.2014;0.1547;2.0573;0.0047
2057;12-DAPI-1-40x-402ms.tif;NBL;0.0154;0.0154;51.9225;0.5915;0.8;0.0091
2058;12-DAPI-1-40x-402ms.tif;NBL;0.0456;0.0456;54.5571;0.35;2.4863;0.016
2059;12-DAPI-1-40x-402ms.tif;NBL;0.0312;0.0312;86.3229;0.1562;2.6976;0.0049
2060;12-DAPI-1-40x-402ms.tif;NBL;0.0259;0.0259;51.8996;0.0586;1.3459;0.0015
2061;12-DAPI-1-40x-402ms.tif;NBL;0.052;0.052;52.3758;0.0313;2.7222;0.0016
2062;12-DAPI-1-40x-402ms.tif;NBL;0.0414;0.0414;52.199;0.2984;2.1636;0.0124
2063;12-DAPI-1-40x-402ms.tif;NBL;0.0358;0.0358;64.1818;0.1364;2.2982;0.0049
2064;12-DAPI-1-40x-402ms.tif;NBL;0.0226;0.0226;42.1154;0.1731;0.9505;0.0039
2065;12-DAPI-1-40x-402ms.tif;NBL;0.0226;0.0226;56.5288;0.5;1.2758;0.0113
2066;12-DAPI-1-40x-402ms.tif;NBL;0.0277;0.0277;96.5216;0.3961;2.6707;0.011
2067;12-DAPI-1-40x-402ms.tif;NBL;0.0244;0.0244;93.8622;0.4311;2.2916;0.0105
2068;12-DAPI-1-40x-402ms.tif;NBL;0.0434;0.0434;99.895;0.3975;4.3357;0.0173
2069;12-DAPI-1-40x-402ms.tif;NBL;0.0336;0.0336;87.6258;0.4032;2.9475;0.0136
2070;12-DAPI-1-40x-402ms.tif;NBL;0.0433;0.0433;72.6642;0.4185;3.1459;0.0181
2071;12-DAPI-1-40x-402ms.tif;NBL;0.0419;0.0419;90.3005;0.3731;3.7821;0.0156
2072;12-DAPI-1-40x-402ms.tif;NBL;0.0673;0.0673;113.5226;0.2839;7.6372;0.0191
2073;12-DAPI-1-40x-402ms.tif;NBL;0.0229;0.0229;78.4929;0.5308;1.7971;0.0122
2074;12-DAPI-1-40x-402ms.tif;NBL;0.0366;0.0366;62.0623;0.3531;2.2694;0.0129
2075;12-DAPI-1-40x-402ms.tif;NBL;0.0225;0.0225;65.0821;0.1353;1.4618;0.003
2076;12-DAPI-1-40x-402ms.tif;NBL;0.0439;0.0439;61.2494;0.1679;2.6916;0.0074
2077;12-DAPI-1-40x-402ms.tif;NBL;0.0197;0.0197;79.3626;0.5495;1.5673;0.0109
2078;12-DAPI-1-40x-402ms.tif;NBL;0.0357;0.0357;68.2553;0.1368;2.4366;0.0049
2079;12-DAPI-1-40x-402ms.tif;NBL;0.0179;0.0179;52.4667;0.303;0.9393;0.0054
2080;12-DAPI-1-40x-402ms.tif;NBL;0.0234;0.0234;44.963;0.0972;1.0538;0.0023
2081;13-DAPI-1-40x-402ms.tif;NBL;0.0537;0.0537;86.4384;0.4182;4.6427;0.0225
2082;13-DAPI-1-40x-402ms.tif;NBL;0.0849;0.0849;60.1944;0.1995;5.1076;0.0169
2083;13-DAPI-1-40x-402ms.tif;NBL;0.0785;0.0785;64.8423;0.3555;5.0869;0.0279
2084;13-DAPI-1-40x-402ms.tif;NBL;0.0711;0.0711;42.8473;0.2122;3.0452;0.0151
2085;13-DAPI-1-40x-402ms.tif;NBL;0.0326;0.0326;59.1167;0.65;1.9244;0.0212
2086;13-DAPI-1-40x-402ms.tif;NBL;0.0367;0.0367;56.1627;0.6953;2.0598;0.0255
2087;13-DAPI-1-40x-402ms.tif;NBL;0.0552;0.0552;64.8448;1.1572;3.5814;0.0639
2088;13-DAPI-1-40x-402ms.tif;NBL;0.0246;0.0246;37.8546;1.1278;0.9324;0.0278
2089;13-DAPI-1-40x-402ms.tif;NBL;0.0166;0.0166;39.8889;1.4771;0.6622;0.0245
2090;13-DAPI-1-40x-402ms.tif;NBL;0.0118;0.0118;19.2018;1.3028;0.2271;0.0154
2091;13-DAPI-1-40x-402ms.tif;NBL;0.0178;0.0178;13.0732;2.3963;0.2326;0.0426
2092;13-DAPI-1-40x-402ms.tif;NBL;0.0732;0.0732;60.683;1.3141;4.4446;0.0962
2093;13-DAPI-1-40x-402ms.tif;NBL;0.0608;0.0608;63.1786;0.8482;3.839;0.0515
2094;13-DAPI-1-40x-402ms.tif;NBL;0.0334;0.0334;48.8864;1.1299;1.6338;0.0378
2095;13-DAPI-1-40x-402ms.tif;NBL;0.0588;0.0588;66.797;0.6107;3.9284;0.0359
2096;13-DAPI-1-40x-402ms.tif;NBL;0.0742;0.0742;92.6901;1.0936;6.8793;0.0812
2097;13-DAPI-1-40x-402ms.tif;NBL;0.0614;0.0614;69.5265;0.8551;4.27;0.0525
2098;13-DAPI-1-40x-402ms.tif;NBL;0.051;0.051;98.6106;0.6957;5.029;0.0355
2099;13-DAPI-1-40x-402ms.tif;NBL;0.077;0.077;98.9479;0.8521;7.6229;0.0656
2100;13-DAPI-1-40x-402ms.tif;NBL;0.0701;0.0701;100.1981;1.0882;7.0234;0.0763
2101;13-DAPI-1-40x-402ms.tif;NBL;0.0486;0.0486;78.3996;0.7165;3.8111;0.0348
2102;13-DAPI-1-40x-402ms.tif;NBL;0.0368;0.0368;115.8289;0.8791;4.2606;0.0323
2103;13-DAPI-1-40x-402ms.tif;NBL;0.0634;0.0634;56.2723;0.8579;3.5659;0.0544
2104;13-DAPI-1-40x-402ms.tif;NBL;0.0433;0.0433;67.9373;0.8697;2.9413;0.0377
2105;13-DAPI-1-40x-402ms.tif;NBL;0.0467;0.0467;87.4372;1.0837;4.0796;0.0506
2106;13-DAPI-1-40x-402ms.tif;NBL;0.0489;0.0489;73.7827;0.7716;3.6107;0.0378
2107;13-DAPI-1-40x-402ms.tif;NBL;0.0437;0.0437;82.8809;0.6625;3.6242;0.029
2108;13-DAPI-1-40x-402ms.tif;NBL;0.0543;0.0543;91.064;0.854;4.9405;0.0463
2109;13-DAPI-1-40x-402ms.tif;NBL;0.0718;0.0718;103.7085;0.9305;7.4495;0.0668
2110;13-DAPI-1-40x-402ms.tif;NBL;0.0422;0.0422;114.0617;1.0566;4.8145;0.0446
2111;13-DAPI-1-40x-402ms.tif;NBL;0.0347;0.0347;107.0125;1.1062;3.7157;0.0384
2112;13-DAPI-1-40x-402ms.tif;NBL;0.0343;0.0343;102.1203;1.1614;3.5015;0.0398
2113;13-DAPI-1-40x-402ms.tif;NBL;0.0312;0.0312;69.1562;1.0139;2.1611;0.0317
2114;13-DAPI-1-40x-402ms.tif;NBL;0.0485;0.0485;109.4474;0.8613;5.3085;0.0418
2115;13-DAPI-1-40x-402ms.tif;NBL;0.0301;0.0301;84.5343;1.0903;2.5408;0.0328
2116;13-DAPI-1-40x-402ms.tif;NBL;0.0444;0.0444;96.7311;0.9315;4.2929;0.0413
2117;13-DAPI-1-40x-402ms.tif;NBL;0.0189;0.0189;87.4138;1.092;1.6504;0.0206
2118;13-DAPI-1-40x-402ms.tif;NBL;0.0409;0.0409;91.1432;1.2785;3.7284;0.0523
2119;13-DAPI-1-40x-402ms.tif;NBL;0.0332;0.0332;93.2843;0.8987;3.0973;0.0298
2120;13-DAPI-1-40x-402ms.tif;NBL;0.0416;0.0416;112.906;1.1567;4.6922;0.0481
2121;13-DAPI-1-40x-402ms.tif;NBL;0.0238;0.0238;93.4566;0.9452;2.2208;0.0225
2122;13-DAPI-1-40x-402ms.tif;NBL;0.051;0.051;85.4064;0.8043;4.3556;0.041
2123;13-DAPI-1-40x-402ms.tif;NBL;0.0391;0.0391;96.6222;1.0917;3.7743;0.0426
2124;13-DAPI-1-40x-402ms.tif;NBL;0.065;0.065;107.9766;1.1519;7.018;0.0749
2125;13-DAPI-1-40x-402ms.tif;NBL;0.0669;0.0669;73.3533;0.9254;4.9109;0.062
2126;13-DAPI-1-40x-402ms.tif;NBL;0.0339;0.0339;97.3942;0.9359;3.2972;0.0317
2127;13-DAPI-1-40x-402ms.tif;NBL;0.0513;0.0513;97.723;0.9852;5.0155;0.0506
2128;13-DAPI-1-40x-402ms.tif;NBL;0.0377;0.0377;110.4323;0.9049;4.158;0.0341
2129;13-DAPI-1-40x-402ms.tif;NBL;0.0234;0.0234;98.8565;0.8981;2.3169;0.0211
2130;13-DAPI-1-40x-402ms.tif;NBL;0.0193;0.0193;106.8596;0.927;2.0639;0.0179
2131;13-DAPI-1-40x-402ms.tif;NBL;0.0601;0.0601;75.3195;0.8989;4.5277;0.054
2132;13-DAPI-1-40x-402ms.tif;NBL;0.0516;0.0516;120.8508;1.2227;6.2419;0.0632
2133;13-DAPI-1-40x-402ms.tif;NBL;0.0369;0.0369;80.0206;0.8235;2.9521;0.0304
2134;13-DAPI-1-40x-402ms.tif;NBL;0.0302;0.0302;67.2374;1.3813;2.0282;0.0417
2135;13-DAPI-1-40x-402ms.tif;NBL;0.033;0.033;73.5921;1.2007;2.4275;0.0396
2136;13-DAPI-1-40x-402ms.tif;NBL;0.069;0.069;56.2531;0.8349;3.8821;0.0576
2137;13-DAPI-1-40x-402ms.tif;NBL;0.0342;0.0342;86.5048;1.1714;2.9567;0.04
2138;13-DAPI-1-40x-402ms.tif;NBL;0.0263;0.0263;87.9545;1.376;2.3096;0.0361
2139;13-DAPI-1-40x-402ms.tif;NBL;0.0598;0.0598;85.1579;1.1397;5.0914;0.0681
2140;13-DAPI-1-40x-402ms.tif;NBL;0.0282;0.0282;64.4038;1.3;1.8169;0.0367
2141;13-DAPI-1-40x-402ms.tif;NBL;0.0431;0.0431;103.8589;0.7834;4.474;0.0337
2142;13-DAPI-1-40x-402ms.tif;NBL;0.0433;0.0433;76.6591;1.1178;3.3189;0.0484
2143;13-DAPI-1-40x-402ms.tif;NBL;0.0583;0.0583;89.3277;1.1117;5.205;0.0648
2144;13-DAPI-1-40x-402ms.tif;NBL;0.0666;0.0666;83.0928;1.0098;5.5359;0.0673
2145;13-DAPI-1-40x-402ms.tif;NBL;0.0352;0.0352;100.5586;1.1481;3.5353;0.0404
2146;13-DAPI-1-40x-402ms.tif;NBL;0.0276;0.0276;107.2638;0.7559;2.9563;0.0208
2147;13-DAPI-1-40x-402ms.tif;NBL;0.0318;0.0318;84.4812;0.8601;2.6859;0.0273
2148;13-DAPI-1-40x-402ms.tif;NBL;0.0294;0.0294;78.6458;1.059;2.3126;0.0311
2149;13-DAPI-1-40x-402ms.tif;NBL;0.0445;0.0445;67.4098;1.0927;2.9989;0.0486
2150;13-DAPI-1-40x-402ms.tif;NBL;0.0449;0.0449;91.0121;1.1908;4.0884;0.0535
2151;13-DAPI-1-40x-402ms.tif;NBL;0.0375;0.0375;101.1705;0.7832;3.7983;0.0294
2152;13-DAPI-1-40x-402ms.tif;NBL;0.0456;0.0456;72.9357;1.4214;3.3239;0.0648
2153;13-DAPI-1-40x-402ms.tif;NBL;0.0825;0.0825;75.5171;0.9737;6.2275;0.0803
2154;13-DAPI-1-40x-402ms.tif;NBL;0.0515;0.0515;94.9495;0.8842;4.8938;0.0456
2155;13-DAPI-1-40x-402ms.tif;NBL;0.0714;0.0714;76.2416;0.9818;5.4435;0.0701
2156;13-DAPI-1-40x-402ms.tif;NBL;0.0391;0.0391;80.6167;1.075;3.1491;0.042
2157;13-DAPI-1-40x-402ms.tif;NBL;0.0489;0.0489;74.7295;0.9157;3.657;0.0448
2158;13-DAPI-1-40x-402ms.tif;NBL;0.0425;0.0425;84.1403;0.9949;3.5789;0.0423
2159;13-DAPI-1-40x-402ms.tif;NBL;0.0442;0.0442;88.6044;0.9312;3.913;0.0411
2160;13-DAPI-1-40x-402ms.tif;NBL;0.0539;0.0539;60.7948;0.7384;3.2785;0.0398
2161;13-DAPI-1-40x-402ms.tif;NBL;0.0548;0.0548;83.505;0.7604;4.5757;0.0417
2162;13-DAPI-1-40x-402ms.tif;NBL;0.0496;0.0496;60.6761;0.5186;3.0088;0.0257
2163;13-DAPI-1-40x-402ms.tif;NBL;0.0883;0.0883;46.8317;0.7961;4.1364;0.0703
2164;13-DAPI-1-40x-402ms.tif;NBL;0.0699;0.0699;75.2019;0.8634;5.255;0.0603
2165;13-DAPI-1-40x-402ms.tif;NBL;0.0544;0.0544;40.517;1.2036;2.2026;0.0654
2166;13-DAPI-1-40x-402ms.tif;NBL;0.0543;0.0543;81.416;0.698;4.4171;0.0379
2167;13-DAPI-1-40x-402ms.tif;NBL;0.0255;0.0255;57.6383;1.017;1.4697;0.0259
2168;13-DAPI-1-40x-402ms.tif;NBL;0.0426;0.0426;63.3206;0.8346;2.7002;0.0356
2169;13-DAPI-1-40x-402ms.tif;NBL;0.0119;0.0119;33.5182;1.4273;0.4001;0.017
2170;13-DAPI-1-40x-402ms.tif;NBL;0.0216;0.0216;75.1558;1.1055;1.6228;0.0239
2171;13-DAPI-1-40x-402ms.tif;NBL;0.0326;0.0326;78.1733;0.59;2.5447;0.0192
2172;13-DAPI-1-40x-402ms.tif;NBL;0.0367;0.0367;62.6598;0.6124;2.2981;0.0225
2173;13-DAPI-1-40x-402ms.tif;NBL;0.054;0.054;67.0582;0.4799;3.6236;0.0259
2174;13-DAPI-1-40x-402ms.tif;NBL;0.0562;0.0562;81.0058;0.6911;4.5531;0.0388
2175;13-DAPI-1-40x-402ms.tif;NBL;0.0795;0.0795;36.1733;0.296;2.8771;0.0235
2176;13-DAPI-1-40x-402ms.tif;NBL;0.0441;0.0441;57.6453;0.468;2.5395;0.0206
2177;13-DAPI-1-40x-402ms.tif;NBL;0.0565;0.0565;52.9808;0.6967;2.9951;0.0394
2178;13-DAPI-1-40x-402ms.tif;NBL;0.0511;0.0511;50.8726;1.276;2.5999;0.0652
2179;13-DAPI-1-40x-402ms.tif;NBL;0.0193;0.0193;57.073;0.8876;1.1023;0.0171
2180;13-DAPI-1-40x-402ms.tif;NBL;0.011;0.011;31.4554;1.2574;0.3447;0.0138
2181;13-DAPI-1-40x-402ms.tif;NBL;0.0448;0.0448;71.3656;0.4479;3.1981;0.0201
2182;13-DAPI-1-40x-402ms.tif;NBL;0.0689;0.0689;46.3969;0.2709;3.1968;0.0187
2183;13-DAPI-1-40x-402ms.tif;NBL;0.0675;0.0675;82.7797;0.5691;5.5869;0.0384
2184;13-DAPI-1-40x-402ms.tif;NBL;0.0518;0.0518;70.7652;0.6897;3.6627;0.0357
2185;13-DAPI-1-40x-402ms.tif;NBL;0.0494;0.0494;52.6;0.4637;2.5969;0.0229
2186;13-DAPI-1-40x-402ms.tif;NBL;0.0342;0.0342;59.5397;0.4413;2.035;0.0151
2187;13-DAPI-1-40x-402ms.tif;NBL;0.0602;0.0602;81.2559;0.3874;4.8933;0.0233
2188;13-DAPI-1-40x-402ms.tif;NBL;0.0398;0.0398;63.406;0.6567;2.525;0.0262
2189;13-DAPI-1-40x-402ms.tif;NBL;0.0655;0.0655;51.0331;0.2417;3.3446;0.0158
2190;13-DAPI-1-40x-402ms.tif;NBL;0.0285;0.0285;71.7985;0.6464;2.0489;0.0184
2191;13-DAPI-1-40x-402ms.tif;NBL;0.034;0.034;38.5048;0.5304;1.3077;0.018
2192;13-DAPI-1-40x-402ms.tif;NBL;0.0186;0.0186;32.1579;1.0526;0.5967;0.0195
2193;13-DAPI-1-40x-402ms.tif;NBL;0.0441;0.0441;57.7463;0.0862;2.5439;0.0038
2194;13-DAPI-1-40x-402ms.tif;NBL;0.0551;0.0551;37.0591;0.0906;2.0428;0.005
2195;13-DAPI-1-40x-402ms.tif;NBL;0.0553;0.0553;34.2804;0.0667;1.897;0.0037
2196;13-DAPI-1-40x-402ms.tif;NBL;0.0429;0.0429;53.3443;0.4051;2.2863;0.0174
2197;13-DAPI-1-40x-402ms.tif;NBL;0.0275;0.0275;59.2846;0.1344;1.6275;0.0037
2198;13-DAPI-1-40x-402ms.tif;NBL;0.0156;0.0156;32.0347;0.75;0.5005;0.0117
2199;13-DAPI-1-40x-402ms.tif;NBL;0.0599;0.0599;77.6014;0.3514;4.648;0.0211
2200;13-DAPI-1-40x-402ms.tif;NBL;0.0617;0.0617;49.4306;0.2988;3.0519;0.0184
2201;13-DAPI-1-40x-402ms.tif;NBL;0.027;0.027;42.5261;0.5582;1.149;0.0151
2202;13-DAPI-1-40x-402ms.tif;NBL;0.0587;0.0587;53.0481;0.1774;3.114;0.0104
2203;13-DAPI-1-40x-402ms.tif;NBL;0.0399;0.0399;53.5299;0.1685;2.1375;0.0067
2204;13-DAPI-1-40x-402ms.tif;NBL;0.0421;0.0421;44.3763;0.5412;1.8683;0.0228
2205;13-DAPI-1-40x-402ms.tif;NBL;0.0548;0.0548;54.1168;0.2356;2.9654;0.0129
2206;13-DAPI-1-40x-402ms.tif;NBL;0.0594;0.0594;66.7239;0.1517;3.9603;0.009
2207;13-DAPI-1-40x-402ms.tif;NBL;0.0276;0.0276;42.5906;0.2992;1.1738;0.0082
2208;13-DAPI-1-40x-402ms.tif;NBL;0.0558;0.0558;40.0817;0.0739;2.2355;0.0041
2209;13-DAPI-1-40x-402ms.tif;NBL;0.0246;0.0246;34.2555;0.4758;0.8437;0.0117
2210;13-DAPI-1-40x-402ms.tif;NBL;0.036;0.036;68.4699;0.1657;2.4666;0.006
2211;13-DAPI-1-40x-402ms.tif;NBL;0.0463;0.0463;88.2974;0.1358;4.091;0.0063
2212;13-DAPI-1-40x-402ms.tif;NBL;0.0609;0.0609;65.3868;0.1889;3.9803;0.0115
2213;13-DAPI-1-40x-402ms.tif;NBL;0.0525;0.0525;76.4959;0.1963;4.0174;0.0103
2214;13-DAPI-1-40x-402ms.tif;NBL;0.047;0.047;57.6882;0.2171;2.7104;0.0102
2215;13-DAPI-1-40x-402ms.tif;NBL;0.0519;0.0519;71.2992;0.1255;3.698;0.0065
2216;13-DAPI-1-40x-402ms.tif;NBL;0.0557;0.0557;59.5088;0.1111;3.3125;0.0062
2217;13-DAPI-1-40x-402ms.tif;NBL;0.0624;0.0624;77.4557;0.2365;4.8326;0.0148
2218;13-DAPI-1-40x-402ms.tif;NBL;0.0449;0.0449;66.1401;0.1014;2.9711;0.0046
2219;13-DAPI-1-40x-402ms.tif;NBL;0.0294;0.0294;37.321;0.2915;1.0974;0.0086
2220;13-DAPI-1-40x-402ms.tif;NBL;0.0744;0.0744;103.7347;0.3207;7.7216;0.0239
2221;13-DAPI-1-40x-402ms.tif;NBL;0.0503;0.0503;68;0.1099;3.4236;0.0055
2222;13-DAPI-1-40x-402ms.tif;NBL;0.0589;0.0589;74.5028;0.1308;4.3896;0.0077
2223;13-DAPI-1-40x-402ms.tif;NBL;0.0327;0.0327;66.1063;0.0199;2.1591;0.0007
2224;13-DAPI-1-40x-402ms.tif;NBL;0.0591;0.0591;65.5413;0.1284;3.8759;0.0076
2225;13-DAPI-1-40x-402ms.tif;NBL;0.0537;0.0537;38.2949;0.3293;2.0569;0.0177
2226;13-DAPI-1-40x-402ms.tif;NBL;0.0572;0.0572;46.37;0.2998;2.6516;0.0171
2227;13-DAPI-1-40x-402ms.tif;NBL;0.0465;0.0465;64.1585;0.1772;2.9865;0.0082
2228;14-DAPI-1-40x-402ms.tif;NBL;0.0567;0.0567;67.6883;0.5201;3.8413;0.0295
2229;14-DAPI-1-40x-402ms.tif;NBL;0.056;0.056;64.9399;0.3721;3.636;0.0208
2230;14-DAPI-1-40x-402ms.tif;NBL;0.0423;0.0423;92.5692;0.4949;3.9173;0.0209
2231;14-DAPI-1-40x-402ms.tif;NBL;0.0445;0.0445;76.7488;0.6317;3.4144;0.0281
2232;14-DAPI-1-40x-402ms.tif;NBL;0.0449;0.0449;77.843;0.6377;3.4969;0.0286
2233;14-DAPI-1-40x-402ms.tif;NBL;0.0281;0.0281;79.3166;0.2471;2.2291;0.0069
2234;14-DAPI-1-40x-402ms.tif;NBL;0.037;0.037;75.7478;0.1378;2.8027;0.0051
2235;14-DAPI-1-40x-402ms.tif;NBL;0.0678;0.0678;89.688;0.4208;6.0824;0.0285
2236;14-DAPI-1-40x-402ms.tif;NBL;0.0755;0.0755;68.2658;0.3807;5.1555;0.0288
2237;14-DAPI-1-40x-402ms.tif;NBL;0.0393;0.0393;88.4586;0.511;3.4746;0.0201
2238;14-DAPI-1-40x-402ms.tif;NBL;0.0655;0.0655;85.8311;0.7219;5.6252;0.0473
2239;14-DAPI-1-40x-402ms.tif;NBL;0.0456;0.0456;72.1548;0.4548;3.2883;0.0207
2240;14-DAPI-1-40x-402ms.tif;NBL;0.0306;0.0306;64.3333;0.7234;1.9685;0.0221
2241;14-DAPI-1-40x-402ms.tif;NBL;0.0461;0.0461;61.5035;0.6306;2.8363;0.0291
2242;14-DAPI-1-40x-402ms.tif;NBL;0.0674;0.0674;83.0177;0.4155;5.594;0.028
2243;14-DAPI-1-40x-402ms.tif;NBL;0.0393;0.0393;79.9227;0.1851;3.1393;0.0073
2244;14-DAPI-1-40x-402ms.tif;NBL;0.0259;0.0259;71.0795;0.159;1.8433;0.0041
2245;14-DAPI-1-40x-402ms.tif;NBL;0.0256;0.0256;74.4195;0.5551;1.9057;0.0142
2246;14-DAPI-1-40x-402ms.tif;NBL;0.0548;0.0548;76.7782;0.2;4.2071;0.011
2247;14-DAPI-1-40x-402ms.tif;NBL;0.0425;0.0425;51.5383;0.4464;2.1922;0.019
2248;14-DAPI-1-40x-402ms.tif;NBL;0.0424;0.0424;68.3734;0.1304;2.9008;0.0055
2249;14-DAPI-1-40x-402ms.tif;NBL;0.0216;0.0216;61.7839;0.3166;1.3341;0.0068
2250;14-DAPI-1-40x-402ms.tif;NBL;0.0929;0.0929;50.8306;0.3096;4.7212;0.0288
2251;14-DAPI-1-40x-402ms.tif;NBL;0.0354;0.0354;51.5429;0.684;1.8232;0.0242
2252;14-DAPI-1-40x-402ms.tif;NBL;0.0315;0.0315;78.2483;0.5345;2.4622;0.0168
2253;14-DAPI-1-40x-402ms.tif;NBL;0.0992;0.0992;89.9059;0.8217;8.9164;0.0815
2254;14-DAPI-1-40x-402ms.tif;NBL;0.0255;0.0255;77.2128;0.6043;1.9689;0.0154
2255;14-DAPI-1-40x-402ms.tif;NBL;0.032;0.032;61.2915;0.6542;1.9619;0.0209
2256;14-DAPI-1-40x-402ms.tif;NBL;0.0341;0.0341;55.8503;0.8408;1.9029;0.0286
2257;14-DAPI-1-40x-402ms.tif;NBL;0.0483;0.0483;97.2247;0.5708;4.6946;0.0276
2258;14-DAPI-1-40x-402ms.tif;NBL;0.034;0.034;109.6006;0.7188;3.7223;0.0244
2259;14-DAPI-1-40x-402ms.tif;NBL;0.0648;0.0648;88.8811;0.7856;5.7576;0.0509
2260;14-DAPI-1-40x-402ms.tif;NBL;0.0924;0.0924;89.3568;0.6068;8.2609;0.0561
2261;14-DAPI-1-40x-402ms.tif;NBL;0.0807;0.0807;66.0323;0.5188;5.3307;0.0419
2262;14-DAPI-1-40x-402ms.tif;NBL;0.0336;0.0336;79.8968;0.2677;2.6875;0.009
2263;14-DAPI-1-40x-402ms.tif;NBL;0.0536;0.0536;67.33;0.1964;3.609;0.0105
2264;14-DAPI-1-40x-402ms.tif;NBL;0.0655;0.0655;38.1556;0.202;2.5007;0.0132
2265;14-DAPI-1-40x-402ms.tif;NBL;0.0775;0.0775;49.9762;0.3375;3.8719;0.0262
2266;14-DAPI-1-40x-402ms.tif;NBL;0.0599;0.0599;73.8424;0.8478;4.4229;0.0508
2267;14-DAPI-1-40x-402ms.tif;NBL;0.0917;0.0917;77.5751;0.6438;7.1127;0.059
2268;14-DAPI-1-40x-402ms.tif;NBL;0.073;0.073;80.9629;0.948;5.9123;0.0692
2269;14-DAPI-1-40x-402ms.tif;NBL;0.0368;0.0368;81.9853;1.0767;3.0157;0.0396
2270;14-DAPI-1-40x-402ms.tif;NBL;0.0448;0.0448;53.7191;0.1259;2.4073;0.0056
2271;14-DAPI-1-40x-402ms.tif;NBL;0.0725;0.0725;52.4416;0.232;3.8011;0.0168
2272;14-DAPI-1-40x-402ms.tif;NBL;0.0399;0.0399;59.6304;0.2962;2.3811;0.0118
2273;14-DAPI-1-40x-402ms.tif;NBL;0.0114;0.0114;43.8476;0.6476;0.4996;0.0074
2274;14-DAPI-1-40x-402ms.tif;NBL;0.035;0.035;81.5015;0.4861;2.8564;0.017
2275;14-DAPI-1-40x-402ms.tif;NBL;0.0204;0.0204;37.2447;1.5585;0.7598;0.0318
2276;14-DAPI-1-40x-402ms.tif;NBL;0.0584;0.0584;52.5242;0.2472;3.0662;0.0144
2277;14-DAPI-1-40x-402ms.tif;NBL;0.0737;0.0737;72.408;0.4345;5.3347;0.032
2278;14-DAPI-1-40x-402ms.tif;NBL;0.0596;0.0596;79.1712;0.4463;4.7163;0.0266
2279;14-DAPI-1-40x-402ms.tif;NBL;0.0182;0.0182;68.8988;0.2976;1.256;0.0054
2280;14-DAPI-1-40x-402ms.tif;NBL;0.0674;0.0674;73.6876;0.4138;4.9653;0.0279
2281;14-DAPI-1-40x-402ms.tif;NBL;0.0259;0.0259;71.2092;0.841;1.8467;0.0218
2282;14-DAPI-1-40x-402ms.tif;NBL;0.0225;0.0225;69.7005;0.2802;1.5655;0.0063
2283;14-DAPI-1-40x-402ms.tif;NBL;0.0425;0.0425;89.7602;0.4923;3.8179;0.0209
2284;14-DAPI-1-40x-402ms.tif;NBL;0.0635;0.0635;90.1248;0.9692;5.7208;0.0615
2285;14-DAPI-1-40x-402ms.tif;NBL;0.0422;0.0422;98.6015;0.7635;4.1619;0.0322
2286;14-DAPI-1-40x-402ms.tif;NBL;0.0457;0.0457;55.2114;0.867;2.5221;0.0396
2287;14-DAPI-1-40x-402ms.tif;NBL;0.0738;0.0738;101.6691;0.8853;7.5016;0.0653
2288;14-DAPI-1-40x-402ms.tif;NBL;0.0802;0.0802;97.0135;0.8917;7.7792;0.0715
2289;14-DAPI-1-40x-402ms.tif;NBL;0.1136;0.1136;74.617;0.7985;8.477;0.0907
2290;14-DAPI-1-40x-402ms.tif;NBL;0.0397;0.0397;113.4563;0.959;4.5058;0.0381
2291;14-DAPI-1-40x-402ms.tif;NBL;0.0545;0.0545;61.1673;1.0199;3.3318;0.0556
2292;14-DAPI-1-40x-402ms.tif;NBL;0.0582;0.0582;61.1884;1.0896;3.5587;0.0634
2293;14-DAPI-1-40x-402ms.tif;NBL;0.0748;0.0748;43.119;0.7228;3.2236;0.054
2294;14-DAPI-1-40x-402ms.tif;NBL;0.0536;0.0536;52.5648;0.7834;2.8176;0.042
2295;14-DAPI-1-40x-402ms.tif;NBL;0.0591;0.0591;74.3394;0.7908;4.3962;0.0468
2296;14-DAPI-1-40x-402ms.tif;NBL;0.0842;0.0842;38.7603;0.3557;3.2637;0.0299
2297;14-DAPI-1-40x-402ms.tif;NBL;0.0563;0.0563;94.1946;0.6532;5.3046;0.0368
2298;14-DAPI-1-40x-402ms.tif;NBL;0.0655;0.0655;82.0811;0.5083;5.3794;0.0333
2299;14-DAPI-1-40x-402ms.tif;NBL;0.0579;0.0579;52.3446;0.4195;3.033;0.0243
2300;14-DAPI-1-40x-402ms.tif;NBL;0.0442;0.0442;85.2506;0.57;3.7649;0.0252
2301;14-DAPI-1-40x-402ms.tif;NBL;0.0343;0.0343;82.5253;0.5601;2.8296;0.0192
2302;14-DAPI-1-40x-402ms.tif;NBL;0.0564;0.0564;72.9077;0.6481;4.1137;0.0366
2303;14-DAPI-1-40x-402ms.tif;NBL;0.0573;0.0573;56.2917;0.3163;3.225;0.0181
2304;14-DAPI-1-40x-402ms.tif;NBL;0.0146;0.0146;56.1852;1.3407;0.823;0.0196
2305;14-DAPI-1-40x-402ms.tif;NBL;0.0105;0.0105;21.8763;1.4845;0.2303;0.0156
2306;14-DAPI-1-40x-402ms.tif;NBL;0.0333;0.0333;60.3453;0.987;2.0102;0.0329
2307;14-DAPI-1-40x-402ms.tif;NBL;0.0518;0.0518;95.9518;0.8239;4.9663;0.0426
2308;14-DAPI-1-40x-402ms.tif;NBL;0.0656;0.0656;104.4876;0.8595;6.8593;0.0564
2309;14-DAPI-1-40x-402ms.tif;NBL;0.0158;0.0158;60.6301;1.2329;0.9605;0.0195
2310;14-DAPI-1-40x-402ms.tif;NBL;0.0418;0.0418;112.5818;1.1455;4.7031;0.0479
2311;14-DAPI-1-40x-402ms.tif;NBL;0.0326;0.0326;103.5233;1.1467;3.3699;0.0373
2312;14-DAPI-1-40x-402ms.tif;NBL;0.0515;0.0515;88.5768;0.9705;4.5653;0.05
2313;14-DAPI-1-40x-402ms.tif;NBL;0.0468;0.0468;92.9234;1.0046;4.3457;0.047
2314;14-DAPI-1-40x-402ms.tif;NBL;0.0574;0.0574;86.0378;0.9319;4.9386;0.0535
2315;14-DAPI-1-40x-402ms.tif;NBL;0.0299;0.0299;99.9601;1.1304;2.9936;0.0339
2316;14-DAPI-1-40x-402ms.tif;NBL;0.0251;0.0251;26.2511;1.2944;0.658;0.0324
2317;14-DAPI-1-40x-402ms.tif;NBL;0.0421;0.0421;40.4485;0.9278;1.7029;0.0391
2318;14-DAPI-1-40x-402ms.tif;NBL;0.0443;0.0443;67.451;0.7304;2.9861;0.0323
2319;14-DAPI-1-40x-402ms.tif;NBL;0.0339;0.0339;56.609;0.5833;1.9164;0.0197
2320;14-DAPI-1-40x-402ms.tif;NBL;0.066;0.066;43.8865;0.8569;2.8953;0.0565
2321;14-DAPI-1-40x-402ms.tif;NBL;0.0813;0.0813;27.2296;0.251;2.213;0.0204
2322;14-DAPI-1-40x-402ms.tif;NBL;0.038;0.038;60.5229;0.58;2.2985;0.022
2323;14-DAPI-1-40x-402ms.tif;NBL;0.0509;0.0509;64.3539;0.9574;3.275;0.0487
2324;14-DAPI-1-40x-402ms.tif;NBL;0.0674;0.0674;67.1723;0.7375;4.5263;0.0497
2325;14-DAPI-1-40x-402ms.tif;NBL;0.0707;0.0707;47.4877;0.592;3.3596;0.0419
2326;14-DAPI-1-40x-402ms.tif;NBL;0.0686;0.0686;59.6804;0.6044;4.0927;0.0414
2327;14-DAPI-1-40x-402ms.tif;NBL;0.0411;0.0411;65.7493;0.715;2.7039;0.0294
2328;14-DAPI-1-40x-402ms.tif;NBL;0.0484;0.0484;79.935;0.639;3.8684;0.0309
2329;14-DAPI-1-40x-402ms.tif;NBL;0.0514;0.0514;73.9958;0.538;3.8058;0.0277
2330;14-DAPI-1-40x-402ms.tif;NBL;0.0597;0.0597;53.9073;0.5182;3.2171;0.0309
2331;14-DAPI-1-40x-402ms.tif;NBL;0.0243;0.0243;49.25;0.6071;1.197;0.0148
2332;14-DAPI-1-40x-402ms.tif;NBL;0.0535;0.0535;44.8925;0.3124;2.4015;0.0167
2333;14-DAPI-1-40x-402ms.tif;NBL;0.0557;0.0557;33.2437;0.5497;1.8505;0.0306
2334;14-DAPI-1-40x-402ms.tif;NBL;0.0475;0.0475;37.6461;0.6256;1.7892;0.0297
2335;14-DAPI-1-40x-402ms.tif;NBL;0.0464;0.0464;80.3785;1.1075;3.7329;0.0514
2336;14-DAPI-1-40x-402ms.tif;NBL;0.0484;0.0484;76.1726;1.0067;3.6863;0.0487
2337;14-DAPI-1-40x-402ms.tif;NBL;0.0661;0.0661;69.9704;0.9097;4.6237;0.0601
2338;14-DAPI-1-40x-402ms.tif;NBL;0.0347;0.0347;79.2969;0.6;2.7534;0.0208
2339;14-DAPI-1-40x-402ms.tif;NBL;0.0435;0.0435;52.1147;0.9177;2.2676;0.0399
2340;14-DAPI-1-40x-402ms.tif;NBL;0.0267;0.0267;38.9065;1.061;1.0385;0.0283
2341;14-DAPI-1-40x-402ms.tif;NBL;0.0397;0.0397;58.071;1.2432;2.3062;0.0494
2342;14-DAPI-1-40x-402ms.tif;NBL;0.0358;0.0358;80.9576;1.3576;2.8989;0.0486
2343;14-DAPI-1-40x-402ms.tif;NBL;0.0321;0.0321;79.0676;1.0101;2.5395;0.0324
2344;14-DAPI-1-40x-402ms.tif;NBL;0.0503;0.0503;76.9483;0.7866;3.8741;0.0396
2345;14-DAPI-1-40x-402ms.tif;NBL;0.0404;0.0404;88.3172;1.164;3.5649;0.047
2346;14-DAPI-1-40x-402ms.tif;NBL;0.0334;0.0334;65.3117;1.1071;2.1827;0.037
2347;14-DAPI-1-40x-402ms.tif;NBL;0.0403;0.0403;75.9137;1.0189;3.056;0.041
2348;14-DAPI-1-40x-402ms.tif;NBL;0.0399;0.0399;102.1984;1.2011;4.0808;0.048
2349;14-DAPI-1-40x-402ms.tif;NBL;0.0241;0.0241;70.2432;1.1216;1.6921;0.027
2350;14-DAPI-1-40x-402ms.tif;NBL;0.0763;0.0763;39.5789;0.8179;3.0191;0.0624
2351;14-DAPI-1-40x-402ms.tif;NBL;0.0409;0.0409;78.1777;0.9523;3.198;0.039
2352;14-DAPI-1-40x-402ms.tif;NBL;0.0723;0.0723;49.5045;0.5886;3.5775;0.0425
2353;14-DAPI-1-40x-402ms.tif;NBL;0.0358;0.0358;81.4667;0.9455;2.9171;0.0339
2354;14-DAPI-1-40x-402ms.tif;NBL;0.0445;0.0445;74.8902;0.9268;3.3317;0.0412
2355;14-DAPI-1-40x-402ms.tif;NBL;0.0446;0.0446;56.326;0.9684;2.5119;0.0432
2356;14-DAPI-1-40x-402ms.tif;NBL;0.0506;0.0506;100.7918;0.8712;5.0965;0.0441
2357;14-DAPI-1-40x-402ms.tif;NBL;0.0851;0.0851;87.2819;0.7602;7.425;0.0647
2358;14-DAPI-1-40x-402ms.tif;NBL;0.0439;0.0439;81.4963;0.8099;3.5814;0.0356
2359;14-DAPI-1-40x-402ms.tif;NBL;0.0495;0.0495;56.9868;0.807;2.8197;0.0399
2360;14-DAPI-1-40x-402ms.tif;NBL;0.0398;0.0398;82.485;0.8529;3.2847;0.034
2361;14-DAPI-1-40x-402ms.tif;NBL;0.0723;0.0723;83.0781;0.8198;6.0037;0.0592
2362;14-DAPI-1-40x-402ms.tif;NBL;0.0696;0.0696;62.3042;0.8658;4.3334;0.0602
2363;14-DAPI-1-40x-402ms.tif;NBL;0.0763;0.0763;102.7212;0.835;7.8356;0.0637
2364;14-DAPI-1-40x-402ms.tif;NBL;0.0205;0.0205;22.4656;1.7302;0.4607;0.0355
2365;14-DAPI-1-40x-402ms.tif;NBL;0.0429;0.0429;54.4532;0.7013;2.3339;0.0301
2366;14-DAPI-1-40x-402ms.tif;NBL;0.0546;0.0546;72.6839;0.8111;3.967;0.0443
2367;14-DAPI-1-40x-402ms.tif;NBL;0.0246;0.0246;38.9119;0.9559;0.9584;0.0235
2368;14-DAPI-1-40x-402ms.tif;NBL;0.0073;0.0073;23.403;0.8507;0.1701;0.0062
2369;14-DAPI-1-40x-402ms.tif;NBL;0.0222;0.0222;27.322;0.7512;0.6077;0.0167
2370;14-DAPI-1-40x-402ms.tif;NBL;0.0471;0.0471;36.1935;0.977;1.7044;0.046
2371;14-DAPI-1-40x-402ms.tif;NBL;0.0281;0.0281;67.1467;0.556;1.887;0.0156
2372;14-DAPI-1-40x-402ms.tif;NBL;0.0411;0.0411;63.5963;0.6227;2.6153;0.0256
2373;14-DAPI-1-40x-402ms.tif;NBL;0.0611;0.0611;55.7904;0.492;3.4082;0.0301
2374;14-DAPI-1-40x-402ms.tif;NBL;0.0509;0.0509;61.1514;0.5586;3.112;0.0284
2375;14-DAPI-1-40x-402ms.tif;NBL;0.066;0.066;67.3734;0.3964;4.4448;0.0262
2376;14-DAPI-1-40x-402ms.tif;NBL;0.0591;0.0591;61.9486;0.2936;3.6634;0.0174
2377;14-DAPI-1-40x-402ms.tif;NBL;0.0634;0.0634;62.6164;0.3493;3.9679;0.0221
2378;14-DAPI-1-40x-402ms.tif;NBL;0.0305;0.0305;57.4306;0.5374;1.7511;0.0164
2379;14-DAPI-1-40x-402ms.tif;NBL;0.0659;0.0659;69.4843;0.4217;4.5765;0.0278
2380;14-DAPI-1-40x-402ms.tif;NBL;0.0532;0.0532;76.0694;0.9082;4.0445;0.0483
2381;14-DAPI-1-40x-402ms.tif;NBL;0.036;0.036;88.3434;1.1476;3.1825;0.0413
2382;14-DAPI-1-40x-402ms.tif;NBL;0.0748;0.0748;99.672;0.82;7.4516;0.0613
2383;14-DAPI-1-40x-402ms.tif;NBL;0.0554;0.0554;62.9432;1.1977;3.49;0.0664
2384;14-DAPI-1-40x-402ms.tif;NBL;0.0413;0.0413;89.0866;0.8005;3.6829;0.0331
2385;14-DAPI-1-40x-402ms.tif;NBL;0.0493;0.0493;76.3987;0.87;3.7636;0.0429
2386;14-DAPI-1-40x-402ms.tif;NBL;0.0585;0.0585;81.564;0.7199;4.7703;0.0421
2387;14-DAPI-1-40x-402ms.tif;NBL;0.0357;0.0357;80.3708;0.8997;2.8691;0.0321
2388;14-DAPI-1-40x-402ms.tif;NBL;0.0288;0.0288;83.834;1.1019;2.4106;0.0317
2389;14-DAPI-1-40x-402ms.tif;NBL;0.019;0.019;82.3086;0.9486;1.5629;0.018
2390;14-DAPI-1-40x-402ms.tif;NBL;0.0664;0.0664;57.5458;0.7941;3.8214;0.0527
2391;14-DAPI-1-40x-402ms.tif;NBL;0.0577;0.0577;62.0244;0.7406;3.5804;0.0428
2392;14-DAPI-1-40x-402ms.tif;NBL;0.0677;0.0677;59.3237;0.7292;4.0167;0.0494
2393;14-DAPI-1-40x-402ms.tif;NBL;0.0362;0.0362;47.7784;0.8443;1.7316;0.0306
2394;14-DAPI-1-40x-402ms.tif;NBL;0.0564;0.0564;65.9904;0.975;3.7234;0.055
2395;14-DAPI-1-40x-402ms.tif;NBL;0.0299;0.0299;70.9891;0.8225;2.126;0.0246
2396;14-DAPI-1-40x-402ms.tif;NBL;0.0543;0.0543;57.206;0.756;3.1036;0.041
2397;14-DAPI-1-40x-402ms.tif;NBL;0.0469;0.0469;66.0602;0.7523;3.0966;0.0353
2398;14-DAPI-1-40x-402ms.tif;NBL;0.0546;0.0546;75.0417;0.8708;4.0957;0.0475
2399;14-DAPI-1-40x-402ms.tif;NBL;0.029;0.029;58.3408;0.7528;1.6902;0.0218
2400;14-DAPI-1-40x-402ms.tif;NBL;0.0199;0.0199;68.8197;1.2295;1.3665;0.0244
2401;14-DAPI-1-40x-402ms.tif;NBL;0.0496;0.0496;71.8074;0.8556;3.5608;0.0424
2402;14-DAPI-1-40x-402ms.tif;NBL;0.0458;0.0458;63.5474;0.5782;2.9098;0.0265
2403;14-DAPI-1-40x-402ms.tif;NBL;0.0429;0.0429;66.4709;0.7089;2.849;0.0304
2404;14-DAPI-1-40x-402ms.tif;NBL;0.0279;0.0279;106.9572;1.0389;2.9826;0.029
2405;14-DAPI-1-40x-402ms.tif;NBL;0.0483;0.0483;61.3685;0.6112;2.9632;0.0295
2406;14-DAPI-1-40x-402ms.tif;NBL;0.0598;0.0598;84.784;0.6897;5.069;0.0412
2407;14-DAPI-1-40x-402ms.tif;NBL;0.0841;0.0841;81.88;0.7794;6.8855;0.0655
2408;14-DAPI-1-40x-402ms.tif;NBL;0.0855;0.0855;76.2094;0.6599;6.5162;0.0564
2409;14-DAPI-1-40x-402ms.tif;NBL;0.0332;0.0332;37.7614;0.549;1.2538;0.0182
2410;14-DAPI-1-40x-402ms.tif;NBL;0.0409;0.0409;48.5809;0.3979;1.9873;0.0163
2411;14-DAPI-1-40x-402ms.tif;NBL;0.0481;0.0481;50.2009;0.4831;2.4131;0.0232
2412;14-DAPI-1-40x-402ms.tif;NBL;0.0412;0.0412;93.0579;0.5211;3.837;0.0215
2413;14-DAPI-1-40x-402ms.tif;NBL;0.0549;0.0549;63.9229;0.2905;3.5097;0.016
2414;14-DAPI-1-40x-402ms.tif;NBL;0.0819;0.0819;51.143;0.3801;4.1898;0.0311
2415;14-DAPI-1-40x-402ms.tif;NBL;0.0358;0.0358;59.7273;0.4455;2.1387;0.016
2416;14-DAPI-1-40x-402ms.tif;NBL;0.0558;0.0558;63.0661;0.5331;3.5174;0.0297
2417;14-DAPI-1-40x-402ms.tif;NBL;0.0684;0.0684;87.2571;0.3889;5.9648;0.0266
2418;14-DAPI-1-40x-402ms.tif;NBL;0.0583;0.0583;100.2309;0.4749;5.8403;0.0277
2419;14-DAPI-1-40x-402ms.tif;NBL;0.0685;0.0685;50.0127;0.2155;3.4243;0.0148
2420;14-DAPI-1-40x-402ms.tif;NBL;0.0587;0.0587;62.2662;0.2994;3.6552;0.0176
2421;14-DAPI-1-40x-402ms.tif;NBL;0.0414;0.0414;100.1675;0.5183;4.1519;0.0215
2422;14-DAPI-1-40x-402ms.tif;NBL;0.0523;0.0523;90.8174;0.3216;4.7498;0.0168
2423;14-DAPI-1-40x-402ms.tif;NBL;0.0463;0.0463;88.1265;0.3653;4.0831;0.0169
2424;14-DAPI-1-40x-402ms.tif;NBL;0.0473;0.0473;64.844;0.211;3.0677;0.01
2425;14-DAPI-1-40x-402ms.tif;NBL;0.0482;0.0482;87.3559;0.2973;4.2086;0.0143
2426;14-DAPI-1-40x-402ms.tif;NBL;0.0445;0.0445;69.1341;0.3732;3.0756;0.0166
2427;14-DAPI-1-40x-402ms.tif;NBL;0.0464;0.0464;66.5047;0.236;3.0885;0.011
2428;14-DAPI-1-40x-402ms.tif;NBL;0.0302;0.0302;47.0791;0.6295;1.4201;0.019
2429;14-DAPI-1-40x-402ms.tif;NBL;0.0471;0.0471;46.2995;0.3871;2.1803;0.0182
2430;14-DAPI-1-40x-402ms.tif;NBL;0.0336;0.0336;54.0968;0.4226;1.8197;0.0142
2431;14-DAPI-1-40x-402ms.tif;NBL;0.0269;0.0269;56.6089;0.2621;1.5233;0.0071
2432;14-DAPI-1-40x-402ms.tif;NBL;0.0591;0.0591;51.9872;0.189;3.0743;0.0112
2433;14-DAPI-1-40x-402ms.tif;NBL;0.0406;0.0406;67.5053;0.2299;2.7395;0.0093
2434;14-DAPI-1-40x-402ms.tif;NBL;0.0576;0.0576;67.774;0.1073;3.9049;0.0062
2435;14-DAPI-1-40x-402ms.tif;NBL;0.0398;0.0398;64.1035;0.267;2.5527;0.0106
2436;14-DAPI-1-40x-402ms.tif;NBL;0.071;0.071;56.6239;0.1774;4.0182;0.0126
2437;14-DAPI-1-40x-402ms.tif;NBL;0.0446;0.0446;73.0973;0.0584;3.2599;0.0026
2438;14-DAPI-1-40x-402ms.tif;NBL;0.0642;0.0642;86.4797;0.2264;5.5551;0.0145
2439;14-DAPI-1-40x-402ms.tif;NBL;0.06;0.06;65.6763;0.094;3.9409;0.0056
2440;14-DAPI-1-40x-402ms.tif;NBL;0.0398;0.0398;48.376;0.1717;1.9264;0.0068
2441;14-DAPI-1-40x-402ms.tif;NBL;0.0696;0.0696;72.1763;0.0702;5.0201;0.0049
2442;14-DAPI-1-40x-402ms.tif;NBL;0.0275;0.0275;36.7154;0.3281;1.0079;0.009
2443;14-DAPI-1-40x-402ms.tif;NBL;0.0729;0.0729;46.6458;0.2932;3.4013;0.0214
2444;14-DAPI-1-40x-402ms.tif;NBL;0.0153;0.0153;49.9716;0.3121;0.7645;0.0048
2445;14-DAPI-1-40x-402ms.tif;NBL;0.0323;0.0323;78.5906;0.1107;2.5412;0.0036
2446;14-DAPI-1-40x-402ms.tif;NBL;0.0408;0.0408;71.8165;0.2207;2.93;0.009
2447;14-DAPI-1-40x-402ms.tif;NBL;0.034;0.034;60.7604;0.1246;2.0636;0.0042
2448;14-DAPI-1-40x-402ms.tif;NBL;0.0283;0.0283;43.1111;0.6552;1.2209;0.0186
2449;14-DAPI-1-40x-402ms.tif;NBL;0.0569;0.0569;50.5763;0.1317;2.8757;0.0075
2450;14-DAPI-1-40x-402ms.tif;NBL;0.0328;0.0328;35.106;0.7417;1.1504;0.0243
2451;14-DAPI-1-40x-402ms.tif;NBL;0.0329;0.0329;41.7261;0.2244;1.3719;0.0074
2452;14-DAPI-1-40x-402ms.tif;NBL;0.051;0.051;71.1851;0.2596;3.6303;0.0132
2453;15-DAPI-1-40x-402ms.tif;NBL;0.0371;0.0371;50.6842;0.117;1.8809;0.0043
2454;15-DAPI-1-40x-402ms.tif;NBL;0.0461;0.0461;73.6282;0.1435;3.3954;0.0066
2455;15-DAPI-1-40x-402ms.tif;NBL;0.049;0.049;96.1438;0.3097;4.7154;0.0152
2456;15-DAPI-1-40x-402ms.tif;NBL;0.0803;0.0803;58.7581;0.2568;4.718;0.0206
2457;15-DAPI-1-40x-402ms.tif;NBL;0.0321;0.0321;47.7432;0.4426;1.5334;0.0142
2458;15-DAPI-1-40x-402ms.tif;NBL;0.0191;0.0191;73.5625;0.3011;1.4048;0.0058
2459;15-DAPI-1-40x-402ms.tif;NBL;0.0298;0.0298;66.1309;0.4618;1.9733;0.0138
2460;15-DAPI-1-40x-402ms.tif;NBL;0.0455;0.0455;57.8592;0.5131;2.6305;0.0233
2461;15-DAPI-1-40x-402ms.tif;NBL;0.0336;0.0336;69.7355;0.4613;2.3457;0.0155
2462;15-DAPI-1-40x-402ms.tif;NBL;0.0497;0.0497;74.2074;0.5262;3.6878;0.0262
2463;15-DAPI-1-40x-402ms.tif;NBL;0.0416;0.0416;82.7076;0.3708;3.4372;0.0154
2464;15-DAPI-1-40x-402ms.tif;NBL;0.0267;0.0267;58.8374;0.7114;1.5705;0.019
2465;15-DAPI-1-40x-402ms.tif;NBL;0.042;0.042;84.8165;0.7545;3.5616;0.0317
2466;15-DAPI-1-40x-402ms.tif;NBL;0.0378;0.0378;112.7672;1.0833;4.2581;0.0409
2467;15-DAPI-1-40x-402ms.tif;NBL;0.0382;0.0382;87.9205;0.858;3.3581;0.0328
2468;15-DAPI-1-40x-402ms.tif;NBL;0.0694;0.0694;63.1031;0.8828;4.3822;0.0613
2469;15-DAPI-1-40x-402ms.tif;NBL;0.0585;0.0585;79.6494;0.5232;4.6583;0.0306
2470;15-DAPI-1-40x-402ms.tif;NBL;0.0381;0.0381;58.114;0.8832;2.2133;0.0336
2471;15-DAPI-1-40x-402ms.tif;NBL;0.0457;0.0457;96.6603;0.6271;4.4156;0.0286
2472;15-DAPI-1-40x-402ms.tif;NBL;0.0703;0.0703;100.5448;0.713;7.0696;0.0501
2473;15-DAPI-1-40x-402ms.tif;NBL;0.0575;0.0575;89.3226;0.683;5.1368;0.0393
2474;15-DAPI-1-40x-402ms.tif;NBL;0.0637;0.0637;66.8177;0.5928;4.2559;0.0378
2475;15-DAPI-1-40x-402ms.tif;NBL;0.0388;0.0388;85.1927;0.5028;3.3094;0.0195
2476;15-DAPI-1-40x-402ms.tif;NBL;0.0561;0.0561;89.47;0.5029;5.0191;0.0282
2477;15-DAPI-1-40x-402ms.tif;NBL;0.0333;0.0333;91.241;0.3518;3.0394;0.0117
2478;15-DAPI-1-40x-402ms.tif;NBL;0.0638;0.0638;61.7925;0.2228;3.9425;0.0142
2479;15-DAPI-1-40x-402ms.tif;NBL;0.054;0.054;55.9116;0.1586;3.0213;0.0086
2480;15-DAPI-1-40x-402ms.tif;NBL;0.0761;0.0761;80.9387;0.4265;6.1565;0.0324
2481;15-DAPI-1-40x-402ms.tif;NBL;0.0357;0.0357;54.9666;0.4498;1.9622;0.0161
2482;15-DAPI-1-40x-402ms.tif;NBL;0.0681;0.0681;68.5653;0.6178;4.6722;0.0421
2483;15-DAPI-1-40x-402ms.tif;NBL;0.0429;0.0429;46.1241;0.4203;1.9769;0.018
2484;15-DAPI-1-40x-402ms.tif;NBL;0.0398;0.0398;67.7275;0.7003;2.697;0.0279
2485;15-DAPI-1-40x-402ms.tif;NBL;0.0444;0.0444;46.3105;0.7139;2.0552;0.0317
2486;15-DAPI-1-40x-402ms.tif;NBL;0.0401;0.0401;63.8946;0.4405;2.5652;0.0177
2487;15-DAPI-1-40x-402ms.tif;NBL;0.063;0.063;70.9828;0.1291;4.4749;0.0081
2488;15-DAPI-1-40x-402ms.tif;NBL;0.0346;0.0346;82.6364;0.0846;2.8604;0.0029
2489;15-DAPI-1-40x-402ms.tif;NBL;0.0413;0.0413;64.5722;0.126;2.6695;0.0052
2490;15-DAPI-1-40x-402ms.tif;NBL;0.0597;0.0597;48.8382;0.0782;2.9146;0.0047
2491;15-DAPI-1-40x-402ms.tif;NBL;0.0285;0.0285;47.6274;0.346;1.3592;0.0099
2492;15-DAPI-1-40x-402ms.tif;NBL;0.0505;0.0505;40.0344;0.2215;2.02;0.0112
2493;15-DAPI-1-40x-402ms.tif;NBL;0.0554;0.0554;65.3229;0.1272;3.622;0.0071
2494;15-DAPI-1-40x-402ms.tif;NBL;0.0461;0.0461;55.5741;0.0824;2.5628;0.0038
2495;15-DAPI-1-40x-402ms.tif;NBL;0.0557;0.0557;63.5809;0.2203;3.5392;0.0123
2496;15-DAPI-1-40x-402ms.tif;NBL;0.027;0.027;43.8072;0.5301;1.1836;0.0143
2497;15-DAPI-1-40x-402ms.tif;NBL;0.0167;0.0167;60;0.4675;1.0026;0.0078
2498;15-DAPI-1-40x-402ms.tif;NBL;0.034;0.034;71.5719;0.2077;2.4308;0.0071
2499;15-DAPI-1-40x-402ms.tif;NBL;0.0551;0.0551;62.0807;0.2579;3.422;0.0142
2500;15-DAPI-1-40x-402ms.tif;NBL;0.0388;0.0388;77.0698;0.5447;2.9938;0.0212
2501;15-DAPI-1-40x-402ms.tif;NBL;0.0187;0.0187;45.9186;1.1163;0.857;0.0208
2502;15-DAPI-1-40x-402ms.tif;NBL;0.0374;0.0374;28.1536;0.9826;1.0539;0.0368
2503;15-DAPI-1-40x-402ms.tif;NBL;0.0139;0.0139;17.6484;0.8516;0.2451;0.0118
2504;15-DAPI-1-40x-402ms.tif;NBL;0.0354;0.0354;96.3497;0.9202;3.4082;0.0326
2505;15-DAPI-1-40x-402ms.tif;NBL;0.0137;0.0137;20.119;1.127;0.2751;0.0154
2506;15-DAPI-1-40x-402ms.tif;NBL;0.0674;0.0674;64.686;0.8438;4.3587;0.0569
2507;15-DAPI-1-40x-402ms.tif;NBL;0.0483;0.0483;64.6899;0.6854;3.1236;0.0331
2508;15-DAPI-1-40x-402ms.tif;NBL;0.0516;0.0516;52.395;0.6113;2.7062;0.0316
2509;15-DAPI-1-40x-402ms.tif;NBL;0.0563;0.0563;78.1869;0.499;4.4031;0.0281
2510;15-DAPI-1-40x-402ms.tif;NBL;0.0457;0.0457;72.4988;0.5249;3.3118;0.024
2511;15-DAPI-1-40x-402ms.tif;NBL;0.0403;0.0403;97.6496;0.6954;3.931;0.028
2512;15-DAPI-1-40x-402ms.tif;NBL;0.0288;0.0288;87.117;0.8;2.505;0.023
2513;15-DAPI-1-40x-402ms.tif;NBL;0.0399;0.0399;86.8967;0.6984;3.4698;0.0279
2514;15-DAPI-1-40x-402ms.tif;NBL;0.0612;0.0612;43.0284;0.5514;2.6332;0.0337
2515;15-DAPI-1-40x-402ms.tif;NBL;0.0633;0.0633;94.2281;0.7993;5.9608;0.0506
2516;15-DAPI-1-40x-402ms.tif;NBL;0.0332;0.0332;53.402;0.549;1.7731;0.0182
2517;15-DAPI-1-40x-402ms.tif;NBL;0.0342;0.0342;56.3079;0.5111;1.9246;0.0175
2518;15-DAPI-1-40x-402ms.tif;NBL;0.0242;0.0242;43.8206;1.1435;1.0603;0.0277
2519;15-DAPI-1-40x-402ms.tif;NBL;0.018;0.018;39.0723;1.7169;0.7038;0.0309
2520;15-DAPI-1-40x-402ms.tif;NBL;0.0256;0.0256;48.0763;0.6059;1.2311;0.0155
2521;15-DAPI-1-40x-402ms.tif;NBL;0.0401;0.0401;59.1162;2.8757;2.3734;0.1155
2522;15-DAPI-1-40x-402ms.tif;NBL;0.0269;0.0269;81.9597;1.4879;2.2055;0.04
2523;15-DAPI-1-40x-402ms.tif;NBL;0.0425;0.0425;40.4643;1.5536;1.7211;0.0661
2524;15-DAPI-1-40x-402ms.tif;NBL;0.0502;0.0502;44.4255;1.2721;2.2319;0.0639
2525;15-DAPI-1-40x-402ms.tif;NBL;0.043;0.043;50.4343;1.3763;2.1671;0.0591
2526;15-DAPI-1-40x-402ms.tif;NBL;0.0202;0.0202;45.1344;1.0269;0.9109;0.0207
2527;15-DAPI-1-40x-402ms.tif;NBL;0.0638;0.0638;74.9558;0.8129;4.7823;0.0519
2528;15-DAPI-1-40x-402ms.tif;NBL;0.0633;0.0633;55.0995;0.801;3.4856;0.0507
2529;15-DAPI-1-40x-402ms.tif;NBL;0.0723;0.0723;70.3213;0.8483;5.0818;0.0613
2530;15-DAPI-1-40x-402ms.tif;NBL;0.068;0.068;53.5008;1.0909;3.6399;0.0742
2531;15-DAPI-1-40x-402ms.tif;NBL;0.0434;0.0434;35.38;1.105;1.5356;0.048
2532;15-DAPI-1-40x-402ms.tif;NBL;0.0727;0.0727;75.6716;0.9328;5.5013;0.0678
2533;15-DAPI-1-40x-402ms.tif;NBL;0.0476;0.0476;76.8656;0.8064;3.6615;0.0384
2534;15-DAPI-1-40x-402ms.tif;NBL;0.0532;0.0532;100.0306;0.9837;5.3185;0.0523
2535;15-DAPI-1-40x-402ms.tif;NBL;0.0971;0.0971;57.6838;1.1151;5.6019;0.1083
2536;15-DAPI-1-40x-402ms.tif;NBL;0.0844;0.0844;70.9679;0.7609;5.991;0.0642
2537;15-DAPI-1-40x-402ms.tif;NBL;0.0559;0.0559;69.5476;0.8194;3.8864;0.0458
2538;15-DAPI-1-40x-402ms.tif;NBL;0.0539;0.0539;96.1549;1.0825;5.1854;0.0584
2539;15-DAPI-1-40x-402ms.tif;NBL;0.0393;0.0393;66.5387;1.116;2.6136;0.0438
2540;15-DAPI-1-40x-402ms.tif;NBL;0.0543;0.0543;80.58;0.964;4.3717;0.0523
2541;15-DAPI-1-40x-402ms.tif;NBL;0.0781;0.0781;67.2278;1.0417;5.2522;0.0814
2542;15-DAPI-1-40x-402ms.tif;NBL;0.04;0.04;37.7805;0.9973;1.5127;0.0399
2543;15-DAPI-1-40x-402ms.tif;NBL;0.0662;0.0662;42.1361;1.1443;2.789;0.0757
2544;15-DAPI-1-40x-402ms.tif;NBL;0.0599;0.0599;66.7301;0.8587;3.9969;0.0514
2545;15-DAPI-1-40x-402ms.tif;NBL;0.051;0.051;82.7872;0.9298;4.222;0.0474
2546;15-DAPI-1-40x-402ms.tif;NBL;0.0782;0.0782;61.8502;0.6865;4.8388;0.0537
2547;15-DAPI-1-40x-402ms.tif;NBL;0.054;0.054;92.1225;0.9699;4.978;0.0524
2548;15-DAPI-1-40x-402ms.tif;NBL;0.0917;0.0917;55.5716;0.9905;5.0953;0.0908
2549;15-DAPI-1-40x-402ms.tif;NBL;0.0523;0.0523;94.6846;1.2386;4.952;0.0648
2550;15-DAPI-1-40x-402ms.tif;NBL;0.05;0.05;66.1714;1.0347;3.31;0.0518
2551;15-DAPI-1-40x-402ms.tif;NBL;0.0506;0.0506;81.4871;0.8112;4.1203;0.041
2552;15-DAPI-1-40x-402ms.tif;NBL;0.0537;0.0537;90.4768;1.2646;4.8596;0.0679
2553;15-DAPI-1-40x-402ms.tif;NBL;0.0482;0.0482;85.0968;1.1622;4.0997;0.056
2554;15-DAPI-1-40x-402ms.tif;NBL;0.0353;0.0353;109.4277;1.0615;3.8589;0.0374
2555;15-DAPI-1-40x-402ms.tif;NBL;0.0375;0.0375;77.1474;1.4971;2.8964;0.0562
2556;15-DAPI-1-40x-402ms.tif;NBL;0.045;0.045;41.9325;1.2145;1.8882;0.0547
2557;15-DAPI-1-40x-402ms.tif;NBL;0.0283;0.0283;68.387;1.2452;1.9367;0.0353
2558;15-DAPI-1-40x-402ms.tif;NBL;0.036;0.036;82.4367;1.1325;2.9697;0.0408
2559;15-DAPI-1-40x-402ms.tif;NBL;0.0347;0.0347;96.35;1.3344;3.3455;0.0463
2560;15-DAPI-1-40x-402ms.tif;NBL;0.0552;0.0552;107.3281;1.2279;5.9277;0.0678
2561;15-DAPI-1-40x-402ms.tif;NBL;0.0462;0.0462;109.0634;0.9531;5.0413;0.0441
2562;15-DAPI-1-40x-402ms.tif;NBL;0.0307;0.0307;88.6572;0.8304;2.7224;0.0255
2563;15-DAPI-1-40x-402ms.tif;NBL;0.0303;0.0303;85.1111;1.4014;2.5766;0.0424
2564;15-DAPI-1-40x-402ms.tif;NBL;0.0887;0.0887;77.2509;1.2032;6.8483;0.1067
2565;15-DAPI-1-40x-402ms.tif;NBL;0.0229;0.0229;60.7156;1.4123;1.3901;0.0323
2566;15-DAPI-1-40x-402ms.tif;NBL;0.0267;0.0267;73.2317;1.0203;1.9548;0.0272
2567;15-DAPI-1-40x-402ms.tif;NBL;0.0188;0.0188;68.9191;1.0983;1.2937;0.0206
2568;15-DAPI-1-40x-402ms.tif;NBL;0.0627;0.0627;100.4273;1.3478;6.2985;0.0845
2569;15-DAPI-1-40x-402ms.tif;NBL;0.0476;0.0476;75.6105;1.3576;3.6017;0.0647
2570;15-DAPI-1-40x-402ms.tif;NBL;0.0193;0.0193;78.6292;1.0337;1.5187;0.02
2571;15-DAPI-1-40x-402ms.tif;NBL;0.0282;0.0282;81.6885;1.1154;2.3046;0.0315
2572;15-DAPI-1-40x-402ms.tif;NBL;0.0811;0.0811;86.4203;1.1473;7.0048;0.093
2573;15-DAPI-1-40x-402ms.tif;NBL;0.0757;0.0757;79.8195;0.9814;6.0454;0.0743
2574;15-DAPI-1-40x-402ms.tif;NBL;0.0473;0.0473;108.4725;1.0619;5.1317;0.0502
2575;15-DAPI-1-40x-402ms.tif;NBL;0.0527;0.0527;110.5967;1.0535;5.8322;0.0556
2576;15-DAPI-1-40x-402ms.tif;NBL;0.0293;0.0293;100.9556;1.2704;2.9577;0.0372
2577;15-DAPI-1-40x-402ms.tif;NBL;0.0284;0.0284;88.7519;1.2137;2.5231;0.0345
2578;15-DAPI-1-40x-402ms.tif;NBL;0.0432;0.0432;88.4196;0.7839;3.8185;0.0339
2579;15-DAPI-1-40x-402ms.tif;NBL;0.0959;0.0959;103.2217;0.8982;9.901;0.0862
2580;15-DAPI-1-40x-402ms.tif;NBL;0.0479;0.0479;83.7098;1.1519;4.0056;0.0551
2581;15-DAPI-1-40x-402ms.tif;NBL;0.0409;0.0409;69.5491;1.2122;2.8451;0.0496
2582;15-DAPI-1-40x-402ms.tif;NBL;0.0666;0.0666;108.3111;0.8925;7.216;0.0595
2583;15-DAPI-1-40x-402ms.tif;NBL;0.053;0.053;60.2049;0.9959;3.1879;0.0527
2584;15-DAPI-1-40x-402ms.tif;NBL;0.051;0.051;72.3894;1.0106;3.6917;0.0515
2585;15-DAPI-1-40x-402ms.tif;NBL;0.0404;0.0404;75.2473;1.3898;3.0373;0.0561
2586;15-DAPI-1-40x-402ms.tif;NBL;0.0437;0.0437;98.2705;0.804;4.2972;0.0352
2587;15-DAPI-1-40x-402ms.tif;NBL;0.0615;0.0615;93.7302;1.3492;5.7666;0.083
2588;15-DAPI-1-40x-402ms.tif;NBL;0.0467;0.0467;84.0674;1.0744;3.9224;0.0501
2589;15-DAPI-1-40x-402ms.tif;NBL;0.0716;0.0716;83.2636;0.8561;5.9629;0.0613
2590;15-DAPI-1-40x-402ms.tif;NBL;0.0269;0.0269;73.3629;1.4839;1.9742;0.0399
2591;15-DAPI-1-40x-402ms.tif;NBL;0.0618;0.0618;81.1947;1.0211;5.0218;0.0632
2592;15-DAPI-1-40x-402ms.tif;NBL;0.0782;0.0782;54.0624;0.7129;4.2295;0.0558
2593;15-DAPI-1-40x-402ms.tif;NBL;0.0757;0.0757;50.1003;0.9527;3.7945;0.0722
2594;15-DAPI-1-40x-402ms.tif;NBL;0.0417;0.0417;55.7266;1.1406;2.3219;0.0475
2595;15-DAPI-1-40x-402ms.tif;NBL;0.0403;0.0403;49.1752;1.1995;1.9796;0.0483
2596;15-DAPI-1-40x-402ms.tif;NBL;0.055;0.055;82.0217;1.1341;4.5123;0.0624
2597;15-DAPI-1-40x-402ms.tif;NBL;0.0333;0.0333;71;1.4332;2.3651;0.0477
2598;15-DAPI-1-40x-402ms.tif;NBL;0.036;0.036;51.3404;1.3916;1.8495;0.0501
2599;15-DAPI-1-40x-402ms.tif;NBL;0.019;0.019;71.9543;1.0971;1.3663;0.0208
2600;15-DAPI-1-40x-402ms.tif;NBL;0.0302;0.0302;59.9353;1.446;1.8079;0.0436
2601;15-DAPI-1-40x-402ms.tif;NBL;0.0213;0.0213;32.8724;1.75;0.6991;0.0372
2602;15-DAPI-1-40x-402ms.tif;NBL;0.0344;0.0344;53.2082;1.1199;1.8302;0.0385
2603;15-DAPI-1-40x-402ms.tif;NBL;0.0464;0.0464;74.7804;1.2407;3.4729;0.0576
2604;15-DAPI-1-40x-402ms.tif;NBL;0.0189;0.0189;71.6207;1.2529;1.3522;0.0237
2605;15-DAPI-1-40x-402ms.tif;NBL;0.0304;0.0304;90.8143;0.8286;2.7591;0.0252
2606;15-DAPI-1-40x-402ms.tif;NBL;0.0247;0.0247;90.9474;0.6096;2.25;0.0151
2607;15-DAPI-1-40x-402ms.tif;NBL;0.037;0.037;77.5132;1.0235;2.8681;0.0379
2608;15-DAPI-1-40x-402ms.tif;NBL;0.0291;0.0291;46.6567;1.3284;1.3568;0.0386
2609;15-DAPI-1-40x-402ms.tif;NBL;0.0253;0.0253;101.4549;0.9828;2.565;0.0248
2610;15-DAPI-1-40x-402ms.tif;NBL;0.0627;0.0627;101.1972;1.2284;6.3468;0.077
2611;15-DAPI-1-40x-402ms.tif;NBL;0.0616;0.0616;51.4208;0.5915;3.1692;0.0365
2612;15-DAPI-1-40x-402ms.tif;NBL;0.0469;0.0469;74.9861;0.5394;3.515;0.0253
2613;15-DAPI-1-40x-402ms.tif;NBL;0.0392;0.0392;74.2798;0.7119;2.9096;0.0279
2614;15-DAPI-1-40x-402ms.tif;NBL;0.0543;0.0543;76.278;0.74;4.1383;0.0401
2615;15-DAPI-1-40x-402ms.tif;NBL;0.0461;0.0461;68.7082;0.7153;3.1685;0.033
2616;15-DAPI-1-40x-402ms.tif;NBL;0.0391;0.0391;64.1444;0.7139;2.5056;0.0279
2617;15-DAPI-1-40x-402ms.tif;NBL;0.0536;0.0536;50.2794;0.8684;2.6951;0.0465
2618;15-DAPI-1-40x-402ms.tif;NBL;0.0205;0.0205;86.8677;0.5661;1.7815;0.0116
2619;15-DAPI-1-40x-402ms.tif;NBL;0.0612;0.0612;50.9379;0.578;3.1173;0.0354
2620;15-DAPI-1-40x-402ms.tif;NBL;0.0394;0.0394;70.8512;0.5895;2.7907;0.0232
2621;15-DAPI-1-40x-402ms.tif;NBL;0.053;0.053;88.2029;0.9016;4.6705;0.0477
2622;15-DAPI-1-40x-402ms.tif;NBL;0.0359;0.0359;59.9335;0.8882;2.1526;0.0319
2623;15-DAPI-1-40x-402ms.tif;NBL;0.0344;0.0344;74.3091;0.8707;2.556;0.0299
2624;15-DAPI-1-40x-402ms.tif;NBL;0.0281;0.0281;56.8571;1.5792;1.5979;0.0444
2625;15-DAPI-1-40x-402ms.tif;NBL;0.0375;0.0375;39.5289;1.4335;1.484;0.0538
2626;15-DAPI-1-40x-402ms.tif;NBL;0.0056;0.0056;29.3846;1.0769;0.1658;0.0061
2627;15-DAPI-1-40x-402ms.tif;NBL;0.0162;0.0162;34.9396;1.2886;0.5649;0.0208
2628;15-DAPI-1-40x-402ms.tif;NBL;0.0255;0.0255;60.834;1.0766;1.5512;0.0275
2629;15-DAPI-1-40x-402ms.tif;NBL;0.0269;0.0269;65.25;0.625;1.7559;0.0168
2630;15-DAPI-1-40x-402ms.tif;NBL;0.0199;0.0199;54.4317;1.3607;1.0808;0.027
2631;15-DAPI-1-40x-402ms.tif;NBL;0.0158;0.0158;47.8425;1.3493;0.7579;0.0214
2632;15-DAPI-1-40x-402ms.tif;NBL;0.04;0.04;56.9024;0.6748;2.2783;0.027
2633;15-DAPI-1-40x-402ms.tif;NBL;0.0412;0.0412;57.0237;0.9105;2.3512;0.0375
2634;15-DAPI-1-40x-402ms.tif;NBL;0.0432;0.0432;68.1457;0.5327;2.9429;0.023
2635;15-DAPI-1-40x-402ms.tif;NBL;0.0599;0.0599;45.5507;0.3605;2.7283;0.0216
2636;15-DAPI-1-40x-402ms.tif;NBL;0.064;0.064;45.4898;0.6475;2.9122;0.0414
2637;15-DAPI-1-40x-402ms.tif;NBL;0.0687;0.0687;48.8815;0.4186;3.3574;0.0288
2638;15-DAPI-1-40x-402ms.tif;NBL;0.0807;0.0807;63.8629;0.6035;5.1556;0.0487
2639;15-DAPI-1-40x-402ms.tif;NBL;0.0549;0.0549;46.7806;0.664;2.5685;0.0365
2640;15-DAPI-1-40x-402ms.tif;NBL;0.0515;0.0515;50.6926;0.4253;2.6127;0.0219
2641;15-DAPI-1-40x-402ms.tif;NBL;0.0655;0.0655;57.6474;0.457;3.7781;0.0299
2642;15-DAPI-1-40x-402ms.tif;NBL;0.0611;0.0611;60.3837;0.4547;3.6888;0.0278
2643;15-DAPI-1-40x-402ms.tif;NBL;0.0734;0.0734;57.2663;0.2175;4.2005;0.016
2644;15-DAPI-1-40x-402ms.tif;NBL;0.0455;0.0455;64.4487;0.1002;2.9301;0.0046
2645;15-DAPI-1-40x-402ms.tif;NBL;0.0483;0.0483;63.8067;0.1551;3.0809;0.0075
2646;15-DAPI-1-40x-402ms.tif;NBL;0.0507;0.0507;53.0086;0.197;2.6861;0.01
2647;15-DAPI-1-40x-402ms.tif;NBL;0.0513;0.0513;54.3023;0.3362;2.787;0.0173
2648;15-DAPI-1-40x-402ms.tif;NBL;0.0421;0.0421;59.3325;0.6469;2.4979;0.0272
2649;15-DAPI-1-40x-402ms.tif;NBL;0.0616;0.0616;33.3028;0.3644;2.0525;0.0225
2650;15-DAPI-1-40x-402ms.tif;NBL;0.0493;0.0493;32.2004;0.3084;1.5863;0.0152
2651;15-DAPI-1-40x-402ms.tif;NBL;0.0541;0.0541;57.2886;0.1824;3.1019;0.0099
2652;15-DAPI-1-40x-402ms.tif;NBL;0.0142;0.0142;46.6718;1.4809;0.6634;0.0211
2653;15-DAPI-1-40x-402ms.tif;NBL;0.0177;0.0177;36.6074;1.454;0.6475;0.0257
2654;15-DAPI-1-40x-402ms.tif;NBL;0.0202;0.0202;52.0269;1.0484;1.05;0.0212
2655;15-DAPI-1-40x-402ms.tif;NBL;0.0197;0.0197;35.3571;1.0495;0.6982;0.0207
2656;15-DAPI-1-40x-402ms.tif;NBL;0.0484;0.0484;51.9439;0.2377;2.5138;0.0115
2657;15-DAPI-1-40x-402ms.tif;NBL;0.0228;0.0228;52.7762;0.2333;1.2026;0.0053
2658;15-DAPI-1-40x-402ms.tif;NBL;0.0208;0.0208;53.7031;0.8229;1.1188;0.0171
2659;15-DAPI-1-40x-402ms.tif;NBL;0.0334;0.0334;54.1623;0.5325;1.8101;0.0178
2660;15-DAPI-1-40x-402ms.tif;NBL;0.0867;0.0867;55.8748;0.2378;4.8442;0.0206
2661;15-DAPI-1-40x-402ms.tif;NBL;0.0591;0.0591;52.4697;0.1101;3.1029;0.0065
2662;15-DAPI-1-40x-402ms.tif;NBL;0.0616;0.0616;44.3433;0.1039;2.733;0.0064
2663;15-DAPI-1-40x-402ms.tif;NBL;0.0579;0.0579;46.2154;0.1255;2.6778;0.0073
2664;15-DAPI-1-40x-402ms.tif;NBL;0.0801;0.0801;31.5881;0.0447;2.5295;0.0036
2665;15-DAPI-1-40x-402ms.tif;NBL;0.0519;0.0519;50.7573;0.0816;2.6326;0.0042
2666;15-DAPI-1-40x-402ms.tif;NBL;0.0378;0.0378;27.0402;0.5029;1.0211;0.019
2667;15-DAPI-1-40x-402ms.tif;NBL;0.0496;0.0496;36.9147;0.2057;1.8305;0.0102
2668;15-DAPI-1-40x-402ms.tif;NBL;0.0726;0.0726;33.8655;0.1031;2.4583;0.0075
2669;15-DAPI-1-40x-402ms.tif;NBL;0.0718;0.0718;51.5408;0.0891;3.7023;0.0064
2670;15-DAPI-1-40x-402ms.tif;NBL;0.0421;0.0421;80.1031;0.3015;3.3724;0.0127
2671;15-DAPI-1-40x-402ms.tif;NBL;0.0191;0.0191;46.5511;0.5341;0.889;0.0102
2672;15-DAPI-1-40x-402ms.tif;NBL;0.0254;0.0254;44.9103;0.3974;1.1403;0.0101
2673;15-DAPI-1-40x-402ms.tif;NBL;0.0686;0.0686;67.1899;0.144;4.6076;0.0099
2674;15-DAPI-1-40x-402ms.tif;NBL;0.0103;0.0103;47.7684;0.6526;0.4924;0.0067
2675;15-DAPI-1-40x-402ms.tif;NBL;0.0283;0.0283;57.318;0.3678;1.6233;0.0104
2676;15-DAPI-1-40x-402ms.tif;NBL;0.0397;0.0397;59.9918;0.194;2.3825;0.0077
2677;15-DAPI-1-40x-402ms.tif;NBL;0.0535;0.0535;32.5497;0.1034;1.7412;0.0055
2678;15-DAPI-1-40x-402ms.tif;NBL;0.062;0.062;38.2697;0.0858;2.3711;0.0053
2679;15-DAPI-1-40x-402ms.tif;NBL;0.0347;0.0347;52.5438;0.0656;1.8244;0.0023
2680;15-DAPI-1-40x-402ms.tif;NBL;0.0425;0.0425;72.273;0.1531;3.0741;0.0065
2681;15-DAPI-1-40x-402ms.tif;NBL;0.0358;0.0358;73.6212;0.0364;2.6362;0.0013
2682;15-DAPI-1-40x-402ms.tif;NBL;0.0337;0.0337;48.537;0.0354;1.6379;0.0012
2683;15-DAPI-1-40x-402ms.tif;NBL;0.0256;0.0256;58.1271;0.0551;1.4885;0.0014
2684;15-DAPI-1-40x-402ms.tif;NBL;0.0627;0.0627;60.1453;0.1972;3.7721;0.0124
2685;15-DAPI-1-40x-402ms.tif;NBL;0.0585;0.0585;57.256;0.1967;3.3486;0.0115
2686;15-DAPI-1-40x-402ms.tif;NBL;0.057;0.057;82.7029;0.2781;4.7113;0.0158
2687;15-DAPI-1-40x-402ms.tif;NBL;0.0588;0.0588;57.0646;0.2085;3.356;0.0123
2688;15-DAPI-1-40x-402ms.tif;NBL;0.0758;0.0758;61.2403;0.1803;4.6449;0.0137
2689;15-DAPI-1-40x-402ms.tif;NBL;0.0693;0.0693;41.2504;0.0454;2.8601;0.0031
2690;15-DAPI-1-40x-402ms.tif;NBL;0.0283;0.0283;44.4176;0.1954;1.2579;0.0055
2691;15-DAPI-1-40x-402ms.tif;NBL;0.0345;0.0345;46.4151;0.022;1.6016;0.0008
2692;15-DAPI-1-40x-402ms.tif;NBL;0.0386;0.0386;66.6657;0.0197;2.5752;0.0008
2693;15-DAPI-1-40x-402ms.tif;NBL;0.0671;0.0671;52.9741;0.0761;3.5523;0.0051
2694;15-DAPI-1-40x-402ms.tif;NBL;0.0572;0.0572;40.2903;0.0323;2.3039;0.0018
2695;15-DAPI-1-40x-402ms.tif;NBL;0.0311;0.0311;43.8641;0.1742;1.366;0.0054
2696;15-DAPI-1-40x-402ms.tif;NBL;0.0599;0.0599;61.0507;0.1902;3.6567;0.0114
2697;15-DAPI-1-40x-402ms.tif;NBL;0.117;0.117;85.8998;0.166;10.0477;0.0194
2698;15-DAPI-1-40x-402ms.tif;NBL;0.0457;0.0457;56.9644;0.0618;2.6022;0.0028
2699;15-DAPI-1-40x-402ms.tif;NBL;0.0368;0.0368;54.6637;0.1947;2.0107;0.0072
2700;15-DAPI-1-40x-402ms.tif;NBL;0.0164;0.0164;63.5894;0.0993;1.0419;0.0016
2701;15-DAPI-1-40x-402ms.tif;NBL;0.0232;0.0232;44.9626;0.0981;1.0441;0.0023
2702;17-DAPI-1-40x-402ms.tif;NBL;0.0611;0.0611;65.929;0.3588;4.0276;0.0219
2703;17-DAPI-1-40x-402ms.tif;NBL;0.0343;0.0343;59.1646;0.2943;2.0286;0.0101
2704;17-DAPI-1-40x-402ms.tif;NBL;0.051;0.051;70.4255;0.2596;3.5916;0.0132
2705;17-DAPI-1-40x-402ms.tif;NBL;0.0369;0.0369;79.7824;0.3853;2.9434;0.0142
2706;17-DAPI-1-40x-402ms.tif;NBL;0.0295;0.0295;83.0368;0.375;2.4507;0.0111
2707;17-DAPI-1-40x-402ms.tif;NBL;0.0393;0.0393;68.2072;0.3812;2.6791;0.015
2708;17-DAPI-1-40x-402ms.tif;NBL;0.0505;0.0505;95.0667;0.6344;4.7967;0.032
2709;17-DAPI-1-40x-402ms.tif;NBL;0.0358;0.0358;110.0212;0.8606;3.9396;0.0308
2710;17-DAPI-1-40x-402ms.tif;NBL;0.0183;0.0183;79.8698;1.0178;1.4646;0.0187
2711;17-DAPI-1-40x-402ms.tif;NBL;0.0278;0.0278;66.8633;0.7461;1.8573;0.0207
2712;17-DAPI-1-40x-402ms.tif;NBL;0.0233;0.0233;49.8326;0.4233;1.1625;0.0099
2713;17-DAPI-1-40x-402ms.tif;NBL;0.0311;0.0311;73.6829;0.2822;2.2946;0.0088
2714;17-DAPI-1-40x-402ms.tif;NBL;0.0296;0.0296;65.9414;0.3443;1.9533;0.0102
2715;17-DAPI-1-40x-402ms.tif;NBL;0.0347;0.0347;72.6281;0.4562;2.5218;0.0158
2716;17-DAPI-1-40x-402ms.tif;NBL;0.0394;0.0394;93.7218;0.5289;3.6915;0.0208
2717;17-DAPI-1-40x-402ms.tif;NBL;0.0355;0.0355;68.8899;0.5535;2.4443;0.0196
2718;17-DAPI-1-40x-402ms.tif;NBL;0.0298;0.0298;84.7345;0.7055;2.5284;0.0211
2719;17-DAPI-1-40x-402ms.tif;NBL;0.0281;0.0281;104.2046;0.6486;2.9285;0.0182
2720;17-DAPI-1-40x-402ms.tif;NBL;0.0349;0.0349;89.264;0.6677;3.1188;0.0233
2721;17-DAPI-1-40x-402ms.tif;NBL;0.0276;0.0276;80.4055;0.8031;2.216;0.0221
2722;17-DAPI-1-40x-402ms.tif;NBL;0.0297;0.0297;54.6277;0.8175;1.6241;0.0243
2723;17-DAPI-1-40x-402ms.tif;NBL;0.0158;0.0158;72.9726;0.8562;1.156;0.0136
2724;17-DAPI-1-40x-402ms.tif;NBL;0.0161;0.0161;67.3446;1.0135;1.0815;0.0163
2725;17-DAPI-1-40x-402ms.tif;NBL;0.038;0.038;28.5029;0.7229;1.0825;0.0275
2726;17-DAPI-1-40x-402ms.tif;NBL;0.0118;0.0118;45.0826;0.5229;0.5332;0.0062
2727;17-DAPI-1-40x-402ms.tif;NBL;0.0306;0.0306;67.6915;0.7021;2.0713;0.0215
2728;17-DAPI-1-40x-402ms.tif;NBL;0.0428;0.0428;70;0.5457;2.9926;0.0233
2729;17-DAPI-1-40x-402ms.tif;NBL;0.0212;0.0212;78.9897;0.5077;1.6713;0.0107
2730;17-DAPI-1-40x-402ms.tif;NBL;0.039;0.039;46.7047;0.624;1.8193;0.0243
2731;17-DAPI-1-40x-402ms.tif;NBL;0.056;0.056;86.0252;0.686;4.8165;0.0384
2732;17-DAPI-1-40x-402ms.tif;NBL;0.0411;0.0411;97.6939;0.8654;4.0176;0.0356
2733;17-DAPI-1-40x-402ms.tif;NBL;0.0506;0.0506;100.5429;0.8176;5.0839;0.0413
2734;17-DAPI-1-40x-402ms.tif;NBL;0.059;0.059;68.1324;0.7151;4.0217;0.0422
2735;17-DAPI-1-40x-402ms.tif;NBL;0.0194;0.0194;72.0168;0.9888;1.3988;0.0192
2736;17-DAPI-1-40x-402ms.tif;NBL;0.0426;0.0426;87.883;0.5573;3.7476;0.0238
2737;17-DAPI-1-40x-402ms.tif;NBL;0.0403;0.0403;89.5822;1.0108;3.6062;0.0407
2738;17-DAPI-1-40x-402ms.tif;NBL;0.0306;0.0306;92.156;1.1206;2.8199;0.0343
2739;17-DAPI-1-40x-402ms.tif;NBL;0.0331;0.0331;100.2098;0.9967;3.3164;0.033
2740;17-DAPI-1-40x-402ms.tif;NBL;0.0367;0.0367;102.3136;1;3.7524;0.0367
2741;17-DAPI-1-40x-402ms.tif;NBL;0.0348;0.0348;81.134;0.7508;2.826;0.0262
2742;17-DAPI-1-40x-402ms.tif;NBL;0.0252;0.0252;81.7241;0.8491;2.0573;0.0214
2743;17-DAPI-1-40x-402ms.tif;NBL;0.0482;0.0482;86.6554;0.8761;4.1748;0.0422
2744;17-DAPI-1-40x-402ms.tif;NBL;0.0421;0.0421;94.1108;1.1495;3.9621;0.0484
2745;17-DAPI-1-40x-402ms.tif;NBL;0.0345;0.0345;107.4937;1.2484;3.7091;0.0431
2746;17-DAPI-1-40x-402ms.tif;NBL;0.0168;0.0168;84.1935;1.3871;1.416;0.0233
2747;17-DAPI-1-40x-402ms.tif;NBL;0.0307;0.0307;56.5724;1.0813;1.7372;0.0332
2748;17-DAPI-1-40x-402ms.tif;NBL;0.0522;0.0522;72.2869;0.8711;3.7728;0.0455
2749;17-DAPI-1-40x-402ms.tif;NBL;0.0411;0.0411;91.1847;0.8047;3.7499;0.0331
2750;17-DAPI-1-40x-402ms.tif;NBL;0.0302;0.0302;78.0755;1.1511;2.3551;0.0347
2751;17-DAPI-1-40x-402ms.tif;NBL;0.0484;0.0484;119.5359;1.0448;5.7848;0.0506
2752;17-DAPI-1-40x-402ms.tif;NBL;0.0518;0.0518;107.195;1.195;5.5482;0.0618
2753;17-DAPI-1-40x-402ms.tif;NBL;0.0481;0.0481;78.693;0.9278;3.7827;0.0446
2754;17-DAPI-1-40x-402ms.tif;NBL;0.0445;0.0445;74.5463;0.8122;3.3164;0.0361
2755;17-DAPI-1-40x-402ms.tif;NBL;0.0392;0.0392;63.3186;1.169;2.4803;0.0458
2756;17-DAPI-1-40x-402ms.tif;NBL;0.0297;0.0297;100.6241;1.0876;2.9916;0.0323
2757;17-DAPI-1-40x-402ms.tif;NBL;0.0602;0.0602;89.427;1.3532;5.3854;0.0815
2758;17-DAPI-1-40x-402ms.tif;NBL;0.0546;0.0546;95.5527;1.1769;5.2152;0.0642
2759;17-DAPI-1-40x-402ms.tif;NBL;0.0566;0.0566;66.4253;1.3621;3.7624;0.0771
2760;17-DAPI-1-40x-402ms.tif;NBL;0.0329;0.0329;50.9637;1.495;1.6756;0.0492
2761;17-DAPI-1-40x-402ms.tif;NBL;0.0312;0.0312;67.0417;1.5347;2.0951;0.048
2762;17-DAPI-1-40x-402ms.tif;NBL;0.0145;0.0145;83.2761;1.0896;1.2108;0.0158
2763;17-DAPI-1-40x-402ms.tif;NBL;0.0231;0.0231;80.831;1.2113;1.8682;0.028
2764;17-DAPI-1-40x-402ms.tif;NBL;0.0359;0.0359;70.0997;1.2085;2.5177;0.0434
2765;17-DAPI-1-40x-402ms.tif;NBL;0.0374;0.0374;87.1681;0.7594;3.2631;0.0284
2766;17-DAPI-1-40x-402ms.tif;NBL;0.0375;0.0375;75.896;1.3121;2.8494;0.0493
2767;17-DAPI-1-40x-402ms.tif;NBL;0.0333;0.0333;90.4593;1.2085;3.0133;0.0403
2768;17-DAPI-1-40x-402ms.tif;NBL;0.0362;0.0362;95.8323;1;3.4731;0.0362
2769;17-DAPI-1-40x-402ms.tif;NBL;0.0368;0.0368;112.5074;1.1386;4.1385;0.0419
2770;17-DAPI-1-40x-402ms.tif;NBL;0.0177;0.0177;65.4908;1.3865;1.1583;0.0245
2771;17-DAPI-1-40x-402ms.tif;NBL;0.0356;0.0356;59.5915;1.128;2.1209;0.0401
2772;17-DAPI-1-40x-402ms.tif;NBL;0.0304;0.0304;52.5857;1.4571;1.5977;0.0443
2773;17-DAPI-1-40x-402ms.tif;NBL;0.0413;0.0413;80.5144;1.4724;3.3286;0.0609
2774;17-DAPI-1-40x-402ms.tif;NBL;0.0438;0.0438;85.1634;1.099;3.7333;0.0482
2775;17-DAPI-1-40x-402ms.tif;NBL;0.0411;0.0411;105.4908;1.0818;4.3382;0.0445
2776;17-DAPI-1-40x-402ms.tif;NBL;0.0228;0.0228;102.8238;1.281;2.343;0.0292
2777;17-DAPI-1-40x-402ms.tif;NBL;0.0281;0.0281;109.2239;1.3398;3.0696;0.0377
2778;17-DAPI-1-40x-402ms.tif;NBL;0.0579;0.0579;88.5712;1.2753;5.1321;0.0739
2779;17-DAPI-1-40x-402ms.tif;NBL;0.0527;0.0527;93.4527;1.1872;4.9282;0.0626
2780;17-DAPI-1-40x-402ms.tif;NBL;0.0431;0.0431;86.0151;0.8866;3.7053;0.0382
2781;17-DAPI-1-40x-402ms.tif;NBL;0.0492;0.0492;106.3267;0.9227;5.2263;0.0454
2782;17-DAPI-1-40x-402ms.tif;NBL;0.0588;0.0588;83.476;1.1181;4.9093;0.0658
2783;17-DAPI-1-40x-402ms.tif;NBL;0.0442;0.0442;90.8329;0.9435;4.0114;0.0417
2784;17-DAPI-1-40x-402ms.tif;NBL;0.0332;0.0332;96.268;1.0163;3.1964;0.0337
2785;17-DAPI-1-40x-402ms.tif;NBL;0.0433;0.0433;75.3158;1.198;3.2607;0.0519
2786;17-DAPI-1-40x-402ms.tif;NBL;0.0578;0.0578;82.3171;1.2645;4.7607;0.0731
2787;17-DAPI-1-40x-402ms.tif;NBL;0.048;0.048;93.0158;1.3688;4.461;0.0656
2788;17-DAPI-1-40x-402ms.tif;NBL;0.0481;0.0481;83.3431;1.465;4.0062;0.0704
2789;17-DAPI-1-40x-402ms.tif;NBL;0.0298;0.0298;77.8364;1.3927;2.3226;0.0416
2790;17-DAPI-1-40x-402ms.tif;NBL;0.0571;0.0571;101.192;1.2072;5.7755;0.0689
2791;17-DAPI-1-40x-402ms.tif;NBL;0.0602;0.0602;96.8757;0.973;5.834;0.0586
2792;17-DAPI-1-40x-402ms.tif;NBL;0.0408;0.0408;99.3936;1.1197;4.0551;0.0457
2793;17-DAPI-1-40x-402ms.tif;NBL;0.0605;0.0605;96.8333;1.2007;5.863;0.0727
2794;17-DAPI-1-40x-402ms.tif;NBL;0.0543;0.0543;72.064;0.996;3.9097;0.054
2795;17-DAPI-1-40x-402ms.tif;NBL;0.018;0.018;85.3373;0.9337;1.5371;0.0168
2796;17-DAPI-1-40x-402ms.tif;NBL;0.0205;0.0205;122.6085;1.3492;2.5144;0.0277
2797;17-DAPI-1-40x-402ms.tif;NBL;0.0266;0.0266;103.5429;1.4735;2.7526;0.0392
2798;17-DAPI-1-40x-402ms.tif;NBL;0.0574;0.0574;57.8034;1.2439;3.3179;0.0714
2799;17-DAPI-1-40x-402ms.tif;NBL;0.0301;0.0301;97.6282;0.9206;2.9344;0.0277
2800;17-DAPI-1-40x-402ms.tif;NBL;0.0381;0.0381;67.151;1.2165;2.5575;0.0463
2801;17-DAPI-1-40x-402ms.tif;NBL;0.032;0.032;92.3322;0.8407;2.9555;0.0269
2802;17-DAPI-1-40x-402ms.tif;NBL;0.0475;0.0475;91.7763;1.089;4.3618;0.0518
2803;17-DAPI-1-40x-402ms.tif;NBL;0.048;0.048;59.7308;0.7308;2.8647;0.035
2804;17-DAPI-1-40x-402ms.tif;NBL;0.0678;0.0678;90.2944;1.1616;6.1235;0.0788
2805;17-DAPI-1-40x-402ms.tif;NBL;0.0632;0.0632;103.2543;1.0842;6.5206;0.0685
2806;17-DAPI-1-40x-402ms.tif;NBL;0.0628;0.0628;80.8411;0.5665;5.0789;0.0356
2807;17-DAPI-1-40x-402ms.tif;NBL;0.0414;0.0414;56.0288;0.9346;2.3224;0.0387
2808;17-DAPI-1-40x-402ms.tif;NBL;0.0319;0.0319;59.8673;0.9932;1.9098;0.0317
2809;17-DAPI-1-40x-402ms.tif;NBL;0.0444;0.0444;67.2127;0.5892;2.9829;0.0262
2810;17-DAPI-1-40x-402ms.tif;NBL;0.0581;0.0581;90.0617;0.8785;5.2282;0.051
2811;17-DAPI-1-40x-402ms.tif;NBL;0.0548;0.0548;49.8238;0.5881;2.7301;0.0322
2812;17-DAPI-1-40x-402ms.tif;NBL;0.0589;0.0589;61.442;0.5433;3.6201;0.032
2813;17-DAPI-1-40x-402ms.tif;NBL;0.0614;0.0614;103.9753;0.682;6.3856;0.0419
2814;17-DAPI-1-40x-402ms.tif;NBL;0.0661;0.0661;68.647;0.3399;4.5362;0.0225
2815;17-DAPI-1-40x-402ms.tif;NBL;0.0501;0.0501;60.2835;0.5996;3.022;0.0301
2816;17-DAPI-1-40x-402ms.tif;NBL;0.0613;0.0613;67.8478;0.4885;4.1595;0.0299
2817;17-DAPI-1-40x-402ms.tif;NBL;0.0431;0.0431;82.6977;0.7783;3.5624;0.0335
2818;17-DAPI-1-40x-402ms.tif;NBL;0.0483;0.0483;70.7483;0.7573;3.4161;0.0366
2819;17-DAPI-1-40x-402ms.tif;NBL;0.0409;0.0409;108.2971;1.3767;4.4301;0.0563
2820;17-DAPI-1-40x-402ms.tif;NBL;0.0713;0.0713;78.3623;0.9939;5.5864;0.0709
2821;17-DAPI-1-40x-402ms.tif;NBL;0.0486;0.0486;112.346;1.0915;5.4613;0.0531
2822;17-DAPI-1-40x-402ms.tif;NBL;0.0602;0.0602;97.182;1.355;5.8524;0.0816
2823;17-DAPI-1-40x-402ms.tif;NBL;0.0493;0.0493;66.0485;1.359;3.2537;0.0669
2824;17-DAPI-1-40x-402ms.tif;NBL;0.0628;0.0628;82.019;1.2953;5.1529;0.0814
2825;17-DAPI-1-40x-402ms.tif;NBL;0.0692;0.0692;82.0674;1.0455;5.6813;0.0724
2826;17-DAPI-1-40x-402ms.tif;NBL;0.0817;0.0817;104.5232;0.9668;8.5401;0.079
2827;17-DAPI-1-40x-402ms.tif;NBL;0.0485;0.0485;102.9306;1.0201;4.9924;0.0495
2828;17-DAPI-1-40x-402ms.tif;NBL;0.0505;0.0505;83.2559;1.0817;4.2007;0.0546
2829;17-DAPI-1-40x-402ms.tif;NBL;0.0336;0.0336;70.9839;1.0419;2.3877;0.035
2830;17-DAPI-1-40x-402ms.tif;NBL;0.0596;0.0596;87.796;0.98;5.23;0.0584
2831;17-DAPI-1-40x-402ms.tif;NBL;0.0468;0.0468;62.0557;1.5754;2.9021;0.0737
2832;17-DAPI-1-40x-402ms.tif;NBL;0.0616;0.0616;103.3433;1.2958;6.3692;0.0799
2833;17-DAPI-1-40x-402ms.tif;NBL;0.0726;0.0726;84.3079;1.2033;6.12;0.0873
2834;17-DAPI-1-40x-402ms.tif;NBL;0.0932;0.0932;66.6566;1.3551;6.2129;0.1263
2835;17-DAPI-1-40x-402ms.tif;NBL;0.0608;0.0608;54.4893;0.95;3.311;0.0577
2836;17-DAPI-1-40x-402ms.tif;NBL;0.056;0.056;58.8818;1.2306;3.2968;0.0689
2837;17-DAPI-1-40x-402ms.tif;NBL;0.0783;0.0783;47.7271;0.0166;3.739;0.0013
2838;17-DAPI-1-40x-402ms.tif;NBL;0.0879;0.0879;48.0099;0.0148;4.2196;0.0013
2839;17-DAPI-1-40x-402ms.tif;NBL;0.0433;0.0433;32.7469;0.015;1.4178;0.0007
2840;17-DAPI-1-40x-402ms.tif;NBL;0.061;0.061;44.4591;0.0178;2.7112;0.0011
2841;17-DAPI-1-40x-402ms.tif;NBL;0.0414;0.0414;62.5838;0.0157;2.5941;0.0007
2842;17-DAPI-1-40x-402ms.tif;NBL;0.0511;0.0511;54.2081;0.0276;2.7704;0.0014
2843;17-DAPI-1-40x-402ms.tif;NBL;0.0634;0.0634;65.0822;0.0154;4.1241;0.001
2844;17-DAPI-1-40x-402ms.tif;NBL;0.0383;0.0383;73.915;0.0142;2.8312;0.0005
2845;17-DAPI-1-40x-402ms.tif;NBL;0.0378;0.0378;68.1236;0.0402;2.5724;0.0015
2846;17-DAPI-1-40x-402ms.tif;NBL;0.0433;0.0433;77.4085;0.015;3.3513;0.0007
2847;17-DAPI-1-40x-402ms.tif;NBL;0.0266;0.0266;85.8939;0.0327;2.2834;0.0009
2848;17-DAPI-1-40x-402ms.tif;NBL;0.0549;0.0549;53.5455;0.1245;2.9399;0.0068
2849;17-DAPI-1-40x-402ms.tif;NBL;0.0315;0.0315;43.9655;0.4862;1.3835;0.0153
2850;17-DAPI-1-40x-402ms.tif;NBL;0.0802;0.0802;56.7483;0.0677;4.5505;0.0054
2851;17-DAPI-1-40x-402ms.tif;NBL;0.0328;0.0328;39.6589;0.2185;1.2996;0.0072
2852;17-DAPI-1-40x-402ms.tif;NBL;0.0409;0.0409;51.9708;0.1618;2.126;0.0066
2853;17-DAPI-1-40x-402ms.tif;NBL;0.0399;0.0399;79.7853;0.0625;3.1859;0.0025
2854;17-DAPI-1-40x-402ms.tif;NBL;0.0445;0.0445;57.9122;0.0902;2.5764;0.004
2855;17-DAPI-1-40x-402ms.tif;NBL;0.0738;0.0738;46.3529;0.2926;3.4201;0.0216
2856;17-DAPI-1-40x-402ms.tif;NBL;0.0811;0.0811;89.8581;0.4163;7.2834;0.0337
2857;17-DAPI-1-40x-402ms.tif;NBL;0.0211;0.0211;63.1701;0.7784;1.3298;0.0164
2858;17-DAPI-1-40x-402ms.tif;NBL;0.0507;0.0507;37.833;0.2698;1.9171;0.0137
2859;17-DAPI-1-40x-402ms.tif;NBL;0.0323;0.0323;82.6846;0.3456;2.6736;0.0112
2860;17-DAPI-1-40x-402ms.tif;NBL;0.0304;0.0304;37.3393;0.3107;1.1344;0.0094
2861;17-DAPI-1-40x-402ms.tif;NBL;0.05;0.05;32.5293;0.4252;1.6272;0.0213
2862;17-DAPI-1-40x-402ms.tif;NBL;0.0615;0.0615;31.0141;0.6384;1.9081;0.0393
2863;17-DAPI-1-40x-402ms.tif;NBL;0.0664;0.0664;54.1961;0.5343;3.599;0.0355
2864;17-DAPI-1-40x-402ms.tif;NBL;0.0878;0.0878;57.5192;0.5365;5.0492;0.0471
2865;17-DAPI-1-40x-402ms.tif;NBL;0.0859;0.0859;28.3611;0.3851;2.4373;0.0331
2866;17-DAPI-1-40x-402ms.tif;NBL;0.077;0.077;43.9282;0.331;3.3842;0.0255
2867;17-DAPI-1-40x-402ms.tif;NBL;0.0322;0.0322;62.4848;0.5455;2.0137;0.0176
2868;17-DAPI-1-40x-402ms.tif;NBL;0.0258;0.0258;64.1891;2.3529;1.6577;0.0608
2869;17-DAPI-1-40x-402ms.tif;NBL;0.0578;0.0578;74.9174;0.439;4.3328;0.0254
2870;17-DAPI-1-40x-402ms.tif;NBL;0.015;0.015;63.9493;0.4928;0.9576;0.0074
2871;17-DAPI-1-40x-402ms.tif;NBL;0.0316;0.0316;65.1443;0.5017;2.057;0.0158
2872;17-DAPI-1-40x-402ms.tif;NBL;0.0209;0.0209;61.6062;0.6477;1.2901;0.0136
2873;17-DAPI-1-40x-402ms.tif;NBL;0.0616;0.0616;56.2113;0.6637;3.4644;0.0409
2874;17-DAPI-1-40x-402ms.tif;NBL;0.0115;0.0115;37.8396;2.4057;0.4352;0.0277
2875;17-DAPI-1-40x-402ms.tif;NBL;0.0268;0.0268;18.8866;1.4777;0.5062;0.0396
2876;17-DAPI-1-40x-402ms.tif;NBL;0.0149;0.0149;25.3504;1.7664;0.3768;0.0263
2877;17-DAPI-1-40x-402ms.tif;NBL;0.0813;0.0813;65.0668;0.9186;5.2881;0.0747
2878;17-DAPI-1-40x-402ms.tif;NBL;0.037;0.037;58.9619;0.7625;2.1816;0.0282
2879;17-DAPI-1-40x-402ms.tif;NBL;0.0582;0.0582;99.4179;1.1138;5.7821;0.0648
2880;17-DAPI-1-40x-402ms.tif;NBL;0.0494;0.0494;27.7319;1.3978;1.3691;0.069
2881;17-DAPI-1-40x-402ms.tif;NBL;0.0327;0.0327;24.2724;1.402;0.7928;0.0458
2882;17-DAPI-1-40x-402ms.tif;NBL;0.0301;0.0301;20.5668;1.4549;0.6182;0.0437
2883;17-DAPI-1-40x-402ms.tif;NBL;0.0241;0.0241;20.6441;1.8423;0.4973;0.0444
2884;17-DAPI-1-40x-402ms.tif;NBL;0.0379;0.0379;64.4871;0.9742;2.4421;0.0369
2885;17-DAPI-1-40x-402ms.tif;NBL;0.0388;0.0388;61.1257;1.5894;2.3745;0.0617
2886;17-DAPI-1-40x-402ms.tif;NBL;0.052;0.052;68.1002;1.2672;3.5395;0.0659
2887;17-DAPI-1-40x-402ms.tif;NBL;0.0707;0.0707;35.1028;1.4693;2.4834;0.1039
2888;17-DAPI-1-40x-402ms.tif;NBL;0.0181;0.0181;48.2874;2.6527;0.875;0.0481
2889;17-DAPI-1-40x-402ms.tif;NBL;0.0098;0.0098;19.4778;0.8556;0.1902;0.0084
2890;17-DAPI-1-40x-402ms.tif;NBL;0.0195;0.0195;40.4167;1.5944;0.7894;0.0311
2891;17-DAPI-1-40x-402ms.tif;NBL;0.0194;0.0194;44.5475;2.7709;0.8652;0.0538
2892;17-DAPI-1-40x-402ms.tif;NBL;0.019;0.019;33.1829;1.3771;0.6301;0.0262
2893;17-DAPI-1-40x-402ms.tif;NBL;0.0844;0.0844;53.3599;0.8997;4.5046;0.076
2894;17-DAPI-1-40x-402ms.tif;NBL;0.0755;0.0755;40.7241;0.8089;3.0755;0.0611
2895;17-DAPI-1-40x-402ms.tif;NBL;0.0809;0.0809;56.4316;0.992;4.5679;0.0803
2896;17-DAPI-1-40x-402ms.tif;NBL;0.0877;0.0877;41.7092;1.1906;3.6568;0.1044
2897;17-DAPI-1-40x-402ms.tif;NBL;0.1011;0.1011;40.5644;1.4281;4.1022;0.1444
2898;17-DAPI-1-40x-402ms.tif;NBL;0.0457;0.0457;57.6793;0.5273;2.6349;0.0241
2899;17-DAPI-1-40x-402ms.tif;NBL;0.0661;0.0661;28.3399;1.2956;1.8727;0.0856
2900;17-DAPI-1-40x-402ms.tif;NBL;0.0574;0.0574;54.4707;0.7902;3.1266;0.0454
2901;17-DAPI-1-40x-402ms.tif;NBL;0.0369;0.0369;49.8853;1.1412;1.8404;0.0421
2902;17-DAPI-1-40x-402ms.tif;NBL;0.0532;0.0532;60.8388;0.8163;3.2347;0.0434
2903;17-DAPI-1-40x-402ms.tif;NBL;0.0582;0.0582;50.1082;1.1269;2.9143;0.0655
2904;17-DAPI-1-40x-402ms.tif;NBL;0.0343;0.0343;87.5949;1.4589;3.0035;0.05
2905;17-DAPI-1-40x-402ms.tif;NBL;0.0567;0.0567;96.3384;1.3958;5.4671;0.0792
2906;17-DAPI-1-40x-402ms.tif;NBL;0.0398;0.0398;58.4823;1.4169;2.3289;0.0564
2907;17-DAPI-1-40x-402ms.tif;NBL;0.0589;0.0589;92.6243;1.4696;5.4574;0.0866
2908;17-DAPI-1-40x-402ms.tif;NBL;0.0493;0.0493;110.3965;1.2004;5.4384;0.0591
2909;17-DAPI-1-40x-402ms.tif;NBL;0.062;0.062;100.5972;1.373;6.2327;0.0851
2910;17-DAPI-1-40x-402ms.tif;NBL;0.0762;0.0762;88.5556;1.3689;6.7454;0.1043
2911;17-DAPI-1-40x-402ms.tif;NBL;0.0724;0.0724;79.901;1.1349;5.7828;0.0821
2912;17-DAPI-1-40x-402ms.tif;NBL;0.0744;0.0744;61.656;0.8397;4.5894;0.0625
2913;17-DAPI-1-40x-402ms.tif;NBL;0.0798;0.0798;83.5184;0.8803;6.6608;0.0702
2914;17-DAPI-1-40x-402ms.tif;NBL;0.1143;0.1143;36.5423;0.8557;4.1752;0.0978
2915;17-DAPI-1-40x-402ms.tif;NBL;0.0909;0.0909;43.5084;0.8962;3.9562;0.0815
2916;17-DAPI-1-40x-402ms.tif;NBL;0.054;0.054;47.3434;0.9237;2.5583;0.0499
2917;17-DAPI-1-40x-402ms.tif;NBL;0.0613;0.0613;58.7292;0.892;3.6005;0.0547
2918;17-DAPI-1-40x-402ms.tif;NBL;0.0643;0.0643;42.1518;0.9949;2.7122;0.064
2919;17-DAPI-1-40x-402ms.tif;NBL;0.0768;0.0768;88.9153;0.6935;6.8307;0.0533
2920;17-DAPI-1-40x-402ms.tif;NBL;0.0501;0.0501;65.7489;0.8074;3.296;0.0405
2921;17-DAPI-1-40x-402ms.tif;NBL;0.0335;0.0335;65.0097;1.8803;2.1797;0.063
2922;17-DAPI-1-40x-402ms.tif;NBL;0.0533;0.0533;47.7413;1.1935;2.5435;0.0636
2923;17-DAPI-1-40x-402ms.tif;NBL;0.0857;0.0857;56.4696;1.0975;4.8406;0.0941
2924;17-DAPI-1-40x-402ms.tif;NBL;0.0639;0.0639;92.2343;1.034;5.8947;0.0661
2925;17-DAPI-1-40x-402ms.tif;NBL;0.08;0.08;60.6988;1.3609;4.8541;0.1088
2926;17-DAPI-1-40x-402ms.tif;NBL;0.0461;0.0461;69.1647;1.0306;3.1896;0.0475
2927;17-DAPI-1-40x-402ms.tif;NBL;0.0617;0.0617;111.362;1.0685;6.8755;0.066
2928;17-DAPI-1-40x-402ms.tif;NBL;0.0688;0.0688;54.6546;0.6972;3.7599;0.048
2929;17-DAPI-1-40x-402ms.tif;NBL;0.0862;0.0862;62.3552;0.995;5.3722;0.0857
2930;17-DAPI-1-40x-402ms.tif;NBL;0.0574;0.0574;75.6957;1.1267;4.3449;0.0647
2931;17-DAPI-1-40x-402ms.tif;NBL;0.0492;0.0492;57.0927;1.0684;2.8063;0.0525
2932;17-DAPI-1-40x-402ms.tif;NBL;0.0331;0.0331;84.7377;1.377;2.8044;0.0456
2933;17-DAPI-1-40x-402ms.tif;NBL;0.0291;0.0291;84.6455;1.4851;2.4615;0.0432
2934;17-DAPI-1-40x-402ms.tif;NBL;0.0854;0.0854;74.5731;1.3177;6.3682;0.1125
2935;17-DAPI-1-40x-402ms.tif;NBL;0.0898;0.0898;34.9481;0.9372;3.1399;0.0842
2936;17-DAPI-1-40x-402ms.tif;NBL;0.0846;0.0846;40.1244;0.7949;3.3959;0.0673
2937;17-DAPI-1-40x-402ms.tif;NBL;0.0709;0.0709;105.6432;0.8668;7.4854;0.0614
2938;17-DAPI-1-40x-402ms.tif;NBL;0.0278;0.0278;74.5078;3.1016;2.0697;0.0862
2939;17-DAPI-1-40x-402ms.tif;NBL;0.0806;0.0806;35.1561;1.1306;2.8343;0.0911
2940;17-DAPI-1-40x-402ms.tif;NBL;0.0476;0.0476;29.8337;1.4852;1.4211;0.0707
2941;17-DAPI-1-40x-402ms.tif;NBL;0.0151;0.0151;34.4317;2.6043;0.5193;0.0393
2942;17-DAPI-1-40x-402ms.tif;NBL;0.0155;0.0155;46.7063;1.4545;0.7247;0.0226
2943;17-DAPI-1-40x-402ms.tif;NBL;0.0404;0.0404;31.6075;1.4677;1.2758;0.0592
2944;17-DAPI-1-40x-402ms.tif;NBL;0.0524;0.0524;44.6066;0.8841;2.3378;0.0463
2945;17-DAPI-1-40x-402ms.tif;NBL;0.0234;0.0234;72.4074;0.4769;1.697;0.0112
2946;17-DAPI-1-40x-402ms.tif;NBL;0.0508;0.0508;78.7329;0.9679;3.9982;0.0492
2947;17-DAPI-1-40x-402ms.tif;NBL;0.0777;0.0777;76.2849;1.5335;5.9266;0.1191
2948;17-DAPI-1-40x-402ms.tif;NBL;0.0443;0.0443;78.3358;0.5735;3.468;0.0254
2949;17-DAPI-1-40x-402ms.tif;NBL;0.0938;0.0938;68.647;0.6435;6.4357;0.0603
2950;17-DAPI-1-40x-402ms.tif;NBL;0.0667;0.0667;79.5512;1.0374;5.3086;0.0692
2951;17-DAPI-1-40x-402ms.tif;NBL;0.0349;0.0349;60.6211;1.0311;2.1181;0.036
2952;17-DAPI-1-40x-402ms.tif;NBL;0.0773;0.0773;35.2809;0.927;2.7257;0.0716
2953;17-DAPI-1-40x-402ms.tif;NBL;0.0397;0.0397;51.0656;1.3388;2.028;0.0532
2954;18-DAPI-1-40x-402ms.tif;NBL;0.0622;0.0622;101.3717;0.3019;6.3027;0.0188
2955;18-DAPI-1-40x-402ms.tif;NBL;0.0449;0.0449;119.9807;1.029;5.3898;0.0462
2956;18-DAPI-1-40x-402ms.tif;NBL;0.0634;0.0634;110.0651;0.6884;6.9746;0.0436
2957;18-DAPI-1-40x-402ms.tif;NBL;0.0413;0.0413;110.9921;0.6457;4.5885;0.0267
2958;18-DAPI-1-40x-402ms.tif;NBL;0.0475;0.0475;102.468;0.5959;4.8699;0.0283
2959;18-DAPI-1-40x-402ms.tif;NBL;0.0332;0.0332;117.7516;0.4085;3.9097;0.0136
2960;18-DAPI-1-40x-402ms.tif;NBL;0.0288;0.0288;126.0075;0.6226;3.6233;0.0179
2961;18-DAPI-1-40x-402ms.tif;NBL;0.0312;0.0312;87.3403;0.6806;2.7294;0.0213
2962;18-DAPI-1-40x-402ms.tif;NBL;0.056;0.056;108.8159;0.4477;6.0926;0.0251
2963;18-DAPI-1-40x-402ms.tif;NBL;0.084;0.084;79.655;0.332;6.6898;0.0279
2964;18-DAPI-1-40x-402ms.tif;NBL;0.0615;0.0615;69.5026;0.6543;4.276;0.0403
2965;18-DAPI-1-40x-402ms.tif;NBL;0.052;0.052;89.2004;0.7599;4.6362;0.0395
2966;18-DAPI-1-40x-402ms.tif;NBL;0.0706;0.0706;88.5223;0.447;6.253;0.0316
2967;18-DAPI-1-40x-402ms.tif;NBL;0.0369;0.0369;84.6324;0.2824;3.1223;0.0104
2968;18-DAPI-1-40x-402ms.tif;NBL;0.0723;0.0723;90.1862;0.1622;6.5174;0.0117
2969;18-DAPI-1-40x-402ms.tif;NBL;0.0852;0.0852;42.5631;0.1121;3.6254;0.0095
2970;18-DAPI-1-40x-402ms.tif;NBL;0.0766;0.0766;76.7507;0.1218;5.8796;0.0093
2971;18-DAPI-1-40x-402ms.tif;NBL;0.0455;0.0455;72.4439;0.2148;3.2936;0.0098
2972;18-DAPI-1-40x-402ms.tif;NBL;0.0717;0.0717;52.0106;0.0439;3.7304;0.0031
2973;18-DAPI-1-40x-402ms.tif;NBL;0.0302;0.0302;85.1835;0.0791;2.5696;0.0024
2974;18-DAPI-1-40x-402ms.tif;NBL;0.0553;0.0553;61.0078;0.0627;3.3761;0.0035
2975;18-DAPI-1-40x-402ms.tif;NBL;0.0321;0.0321;73.1757;0.3953;2.3503;0.0127
2976;18-DAPI-1-40x-402ms.tif;NBL;0.0403;0.0403;86.5283;0.442;3.4833;0.0178
2977;18-DAPI-1-40x-402ms.tif;NBL;0.099;0.099;66.1239;0.6711;6.5435;0.0664
2978;18-DAPI-1-40x-402ms.tif;NBL;0.0539;0.0539;79.6559;0.9618;4.2957;0.0519
2979;18-DAPI-1-40x-402ms.tif;NBL;0.0996;0.0996;68.2908;0.7658;6.8024;0.0763
2980;18-DAPI-1-40x-402ms.tif;NBL;0.0564;0.0564;102.0923;0.7904;5.7604;0.0446
2981;18-DAPI-1-40x-402ms.tif;NBL;0.0419;0.0419;76.5803;0.7876;3.2075;0.033
2982;18-DAPI-1-40x-402ms.tif;NBL;0.0506;0.0506;102.4742;0.7318;5.1815;0.037
2983;18-DAPI-1-40x-402ms.tif;NBL;0.0431;0.0431;104.5542;0.8438;4.5039;0.0363
2984;18-DAPI-1-40x-402ms.tif;NBL;0.0628;0.0628;107.0535;0.6701;6.7257;0.0421
2985;18-DAPI-1-40x-402ms.tif;NBL;0.0289;0.0289;93.7744;0.9699;2.7066;0.028
2986;18-DAPI-1-40x-402ms.tif;NBL;0.0477;0.0477;114.7068;0.9091;5.4765;0.0434
2987;18-DAPI-1-40x-402ms.tif;NBL;0.0416;0.0416;104.3003;0.9713;4.3345;0.0404
2988;18-DAPI-1-40x-402ms.tif;NBL;0.0224;0.0224;113.835;1.0971;2.5445;0.0245
2989;18-DAPI-1-40x-402ms.tif;NBL;0.0486;0.0486;116.6272;1.1853;5.6694;0.0576
2990;18-DAPI-1-40x-402ms.tif;NBL;0.0409;0.0409;111.8939;0.6499;4.5773;0.0266
2991;18-DAPI-1-40x-402ms.tif;NBL;0.0251;0.0251;117.0433;0.632;2.9337;0.0158
2992;18-DAPI-1-40x-402ms.tif;NBL;0.0328;0.0328;68.6424;1.0033;2.2493;0.0329
2993;18-DAPI-1-40x-402ms.tif;NBL;0.0276;0.0276;79.1417;0.9173;2.1812;0.0253
2994;18-DAPI-1-40x-402ms.tif;NBL;0.0569;0.0569;84.5305;0.6088;4.8062;0.0346
2995;18-DAPI-1-40x-402ms.tif;NBL;0.0622;0.0622;99.7382;0.7016;6.2012;0.0436
2996;18-DAPI-1-40x-402ms.tif;NBL;0.0655;0.0655;89.4421;0.7732;5.8619;0.0507
2997;18-DAPI-1-40x-402ms.tif;NBL;0.0548;0.0548;75.4178;0.7822;4.1326;0.0429
2998;18-DAPI-1-40x-402ms.tif;NBL;0.0909;0.0909;48.969;0.1289;4.4527;0.0117
2999;18-DAPI-1-40x-402ms.tif;NBL;0.0432;0.0432;93.8543;0.4648;4.0532;0.0201
3000;18-DAPI-1-40x-402ms.tif;NBL;0.0879;0.0879;81.8173;0.721;7.191;0.0634
3001;18-DAPI-1-40x-402ms.tif;NBL;0.0666;0.0666;85.6873;1.0375;5.7088;0.0691
3002;18-DAPI-1-40x-402ms.tif;NBL;0.0575;0.0575;105.2377;1.1906;6.0521;0.0685
3003;18-DAPI-1-40x-402ms.tif;NBL;0.0452;0.0452;89.223;0.9041;4.0371;0.0409
3004;18-DAPI-1-40x-402ms.tif;NBL;0.0789;0.0789;47.5351;0.8198;3.7498;0.0647
3005;18-DAPI-1-40x-402ms.tif;NBL;0.0655;0.0655;67.5298;0.6656;4.4258;0.0436
3006;18-DAPI-1-40x-402ms.tif;NBL;0.1156;0.1156;42.57;0.4516;4.9194;0.0522
3007;18-DAPI-1-40x-402ms.tif;NBL;0.11;0.11;40.8215;0.3195;4.4914;0.0352
3008;18-DAPI-1-40x-402ms.tif;NBL;0.0652;0.0652;55.8602;0.5624;3.6428;0.0367
3009;18-DAPI-1-40x-402ms.tif;NBL;0.0383;0.0383;72.2493;0.5949;2.7674;0.0228
3010;18-DAPI-1-40x-402ms.tif;NBL;0.0583;0.0583;46.7486;1.2886;2.724;0.0751
3011;18-DAPI-1-40x-402ms.tif;NBL;0.0613;0.0613;77.2602;0.4195;4.7365;0.0257
3012;18-DAPI-1-40x-402ms.tif;NBL;0.0219;0.0219;97.3317;0.8317;2.1334;0.0182
3013;18-DAPI-1-40x-402ms.tif;NBL;0.0135;0.0135;34.629;1.5;0.4659;0.0202
3014;18-DAPI-1-40x-402ms.tif;NBL;0.06;0.06;54.9837;0.6365;3.2993;0.0382
3015;18-DAPI-1-40x-402ms.tif;NBL;0.0534;0.0534;64.3516;0.6504;3.4354;0.0347
3016;18-DAPI-1-40x-402ms.tif;NBL;0.0369;0.0369;67.1853;0.7088;2.4786;0.0262
3017;18-DAPI-1-40x-402ms.tif;NBL;0.038;0.038;60.9314;0.5771;2.314;0.0219
3018;18-DAPI-1-40x-402ms.tif;NBL;0.0437;0.0437;94.0471;0.4789;4.1125;0.0209
3019;18-DAPI-1-40x-402ms.tif;NBL;0.0536;0.0536;102.7895;0.7308;5.5098;0.0392
3020;18-DAPI-1-40x-402ms.tif;NBL;0.0508;0.0508;116.7051;0.9487;5.9264;0.0482
3021;18-DAPI-1-40x-402ms.tif;NBL;0.0653;0.0653;114.0498;0.8721;7.4499;0.057
3022;18-DAPI-1-40x-402ms.tif;NBL;0.0714;0.0714;118.9407;1.1231;8.4921;0.0802
3023;18-DAPI-1-40x-402ms.tif;NBL;0.0569;0.0569;77.25;1.0821;4.3923;0.0615
3024;18-DAPI-1-40x-402ms.tif;NBL;0.0497;0.0497;67.9803;0.9105;3.3784;0.0452
3025;18-DAPI-1-40x-402ms.tif;NBL;0.0429;0.0429;113.3544;0.9722;4.8584;0.0417
3026;18-DAPI-1-40x-402ms.tif;NBL;0.0411;0.0411;94.2586;1.2507;3.8763;0.0514
3027;18-DAPI-1-40x-402ms.tif;NBL;0.0622;0.0622;72.7941;1.3351;4.5259;0.083
3028;18-DAPI-1-40x-402ms.tif;NBL;0.0403;0.0403;103.4609;1.062;4.1649;0.0428
3029;18-DAPI-1-40x-402ms.tif;NBL;0.1033;0.1033;93.7584;1.2363;9.6851;0.1277
3030;18-DAPI-1-40x-402ms.tif;NBL;0.0358;0.0358;97.4636;0.703;3.4899;0.0252
3031;18-DAPI-1-40x-402ms.tif;NBL;0.039;0.039;84.5125;0.5404;3.2921;0.0211
3032;18-DAPI-1-40x-402ms.tif;NBL;0.0716;0.0716;48.1303;0.6803;3.4468;0.0487
3033;18-DAPI-1-40x-402ms.tif;NBL;0.0463;0.0463;65.1686;0.548;3.0194;0.0254
3034;18-DAPI-1-40x-402ms.tif;NBL;0.0204;0.0204;87.3404;0.8564;1.7817;0.0175
3035;18-DAPI-1-40x-402ms.tif;NBL;0.0267;0.0267;88.9878;0.5325;2.3753;0.0142
3036;18-DAPI-1-40x-402ms.tif;NBL;0.0509;0.0509;97.8124;0.7697;4.9776;0.0392
3037;18-DAPI-1-40x-402ms.tif;NBL;0.0691;0.0691;79.4411;0.8477;5.4909;0.0586
3038;18-DAPI-1-40x-402ms.tif;NBL;0.0513;0.0513;69.9133;1.1226;3.5882;0.0576
3039;18-DAPI-1-40x-402ms.tif;NBL;0.0798;0.0798;103.4435;0.7986;8.2499;0.0637
3040;18-DAPI-1-40x-402ms.tif;NBL;0.0607;0.0607;91.644;1.2683;5.5587;0.0769
3041;18-DAPI-1-40x-402ms.tif;NBL;0.0424;0.0424;90.179;0.6957;3.826;0.0295
3042;18-DAPI-1-40x-402ms.tif;NBL;0.048;0.048;98.4638;0.8575;4.7223;0.0411
3043;18-DAPI-1-40x-402ms.tif;NBL;0.0591;0.0591;83.1413;0.6917;4.9167;0.0409
3044;18-DAPI-1-40x-402ms.tif;NBL;0.0616;0.0616;54.8592;0.5616;3.3811;0.0346
3045;18-DAPI-1-40x-402ms.tif;NBL;0.0843;0.0843;44.2986;0.619;3.7348;0.0522
3046;18-DAPI-1-40x-402ms.tif;NBL;0.0614;0.0614;45.371;0.6519;2.7865;0.04
3047;18-DAPI-1-40x-402ms.tif;NBL;0.0722;0.0722;55.0391;0.5925;3.9715;0.0428
3048;18-DAPI-1-40x-402ms.tif;NBL;0.0513;0.0513;60.4736;0.4672;3.1037;0.024
3049;18-DAPI-1-40x-402ms.tif;NBL;0.0692;0.0692;65.9812;0.5047;4.5677;0.0349
3050;18-DAPI-1-40x-402ms.tif;NBL;0.0684;0.0684;63.9984;0.7794;4.3749;0.0533
3051;18-DAPI-1-40x-402ms.tif;NBL;0.0697;0.0697;51.2555;0.4346;3.5705;0.0303
3052;18-DAPI-1-40x-402ms.tif;NBL;0.0367;0.0367;86.2959;0.6183;3.1649;0.0227
3053;18-DAPI-1-40x-402ms.tif;NBL;0.0488;0.0488;63.62;0.5667;3.1064;0.0277
3054;18-DAPI-1-40x-402ms.tif;NBL;0.0509;0.0509;68.4307;0.516;3.4824;0.0263
3055;18-DAPI-1-40x-402ms.tif;NBL;0.0526;0.0526;77.3794;0.5856;4.0722;0.0308
3056;18-DAPI-1-40x-402ms.tif;NBL;0.0511;0.0511;98.5393;0.5966;5.036;0.0305
3057;18-DAPI-1-40x-402ms.tif;NBL;0.0412;0.0412;89.85;0.4368;3.7048;0.018
3058;18-DAPI-1-40x-402ms.tif;NBL;0.0331;0.0331;103.2656;0.6033;3.4175;0.02
3059;18-DAPI-1-40x-402ms.tif;NBL;0.0321;0.0321;68.6959;0.7162;2.2064;0.023
3060;18-DAPI-1-40x-402ms.tif;NBL;0.0622;0.0622;91.6021;0.5672;5.6953;0.0353
3061;18-DAPI-1-40x-402ms.tif;NBL;0.1194;0.1194;45.3718;0.4609;5.4155;0.055
3062;18-DAPI-1-40x-402ms.tif;NBL;0.0998;0.0998;51.3348;0.625;5.1246;0.0624
3063;18-DAPI-1-40x-402ms.tif;NBL;0.035;0.035;90.7152;0.4427;3.1794;0.0155
3064;18-DAPI-1-40x-402ms.tif;NBL;0.0668;0.0668;78.5032;0.6786;5.2472;0.0454
3065;18-DAPI-1-40x-402ms.tif;NBL;0.0462;0.0462;109.0563;0.6502;5.041;0.0301
3066;18-DAPI-1-40x-402ms.tif;NBL;0.0636;0.0636;106.0461;0.8959;6.7429;0.057
3067;18-DAPI-1-40x-402ms.tif;NBL;0.0509;0.0509;99.0853;1.0426;5.0424;0.0531
3068;18-DAPI-1-40x-402ms.tif;NBL;0.0417;0.0417;85.2917;1.0833;3.5538;0.0451
3069;18-DAPI-1-40x-402ms.tif;NBL;0.0709;0.0709;108.0934;0.8469;7.659;0.06
3070;18-DAPI-1-40x-402ms.tif;NBL;0.0503;0.0503;94.1379;1.125;4.7396;0.0566
3071;18-DAPI-1-40x-402ms.tif;NBL;0.0541;0.0541;83.3487;0.8297;4.5129;0.0449
3072;18-DAPI-1-40x-402ms.tif;NBL;0.0409;0.0409;103.1963;0.679;4.2215;0.0278
3073;18-DAPI-1-40x-402ms.tif;NBL;0.0448;0.0448;88.862;0.8426;3.9822;0.0378
3074;18-DAPI-1-40x-402ms.tif;NBL;0.0441;0.0441;92.3645;0.5911;4.069;0.026
3075;18-DAPI-1-40x-402ms.tif;NBL;0.049;0.049;61.5376;0.7965;3.0181;0.0391
3076;18-DAPI-1-40x-402ms.tif;NBL;0.0276;0.0276;77.7953;0.6299;2.1441;0.0174
3077;18-DAPI-1-40x-402ms.tif;NBL;0.043;0.043;104.1995;0.7677;4.4773;0.033
3078;18-DAPI-1-40x-402ms.tif;NBL;0.0669;0.0669;93.0989;0.8898;6.2329;0.0596
3079;18-DAPI-1-40x-402ms.tif;NBL;0.0967;0.0967;59.8171;0.8889;5.7831;0.0859
3080;18-DAPI-1-40x-402ms.tif;NBL;0.0326;0.0326;118.4367;0.8067;3.8554;0.0263
3081;18-DAPI-1-40x-402ms.tif;NBL;0.0798;0.0798;82.5469;0.6857;6.5833;0.0547
3082;18-DAPI-1-40x-402ms.tif;NBL;0.0347;0.0347;99.5906;0.8156;3.458;0.0283
3083;18-DAPI-1-40x-402ms.tif;NBL;0.0452;0.0452;67.7194;1.0671;3.0641;0.0483
3084;18-DAPI-1-40x-402ms.tif;NBL;0.0452;0.0452;65.7386;1.1415;2.9745;0.0516
3085;18-DAPI-1-40x-402ms.tif;NBL;0.0758;0.0758;46.9742;0.6266;3.5628;0.0475
3086;18-DAPI-1-40x-402ms.tif;NBL;0.0493;0.0493;90.359;0.4471;4.4513;0.022
3087;18-DAPI-1-40x-402ms.tif;NBL;0.08;0.08;67.1248;0.5197;5.3679;0.0416
3088;18-DAPI-1-40x-402ms.tif;NBL;0.0464;0.0464;86.9463;0.4673;4.0379;0.0217
3089;18-DAPI-1-40x-402ms.tif;NBL;0.0518;0.0518;87.7065;0.3354;4.5395;0.0174
3090;18-DAPI-1-40x-402ms.tif;NBL;0.0614;0.0614;73.424;0.2915;4.5093;0.0179
3091;18-DAPI-1-40x-402ms.tif;NBL;0.0524;0.0524;91.207;0.3043;4.7801;0.016
3092;18-DAPI-1-40x-402ms.tif;NBL;0.0528;0.0528;64.7166;0.2074;3.4198;0.011
3093;18-DAPI-1-40x-402ms.tif;NBL;0.057;0.057;54.36;0.4038;3.0967;0.023
3094;18-DAPI-1-40x-402ms.tif;NBL;0.0693;0.0693;34.9922;0.7731;2.4262;0.0536
3095;18-DAPI-1-40x-402ms.tif;NBL;0.0526;0.0526;85.266;0.8351;4.4872;0.0439
3096;18-DAPI-1-40x-402ms.tif;NBL;0.0395;0.0395;57.7088;1.0824;2.2793;0.0428
3097;18-DAPI-1-40x-402ms.tif;NBL;0.0428;0.0428;41.0533;1.1244;1.7551;0.0481
3098;18-DAPI-1-40x-402ms.tif;NBL;0.0892;0.0892;87.5706;0.5207;7.8107;0.0464
3099;18-DAPI-1-40x-402ms.tif;NBL;0.0331;0.0331;93.8623;0.2459;3.1063;0.0081
3100;18-DAPI-1-40x-402ms.tif;NBL;0.049;0.049;65.7788;1.0929;3.2261;0.0536
3101;18-DAPI-1-40x-402ms.tif;NBL;0.059;0.059;82.0276;0.8033;4.8419;0.0474
3102;18-DAPI-1-40x-402ms.tif;NBL;0.04;0.04;78.4228;0.8482;3.14;0.034
3103;18-DAPI-1-40x-402ms.tif;NBL;0.05;0.05;96.0195;1;4.8031;0.05
3104;18-DAPI-1-40x-402ms.tif;NBL;0.0327;0.0327;82.3289;0.8738;2.6889;0.0285
3105;18-DAPI-1-40x-402ms.tif;NBL;0.0527;0.0527;80.1852;1.0494;4.2285;0.0553
3106;18-DAPI-1-40x-402ms.tif;NBL;0.0353;0.0353;73.5692;1.0708;2.5944;0.0378
3107;18-DAPI-1-40x-402ms.tif;NBL;0.0322;0.0322;114.3131;0.9259;3.6839;0.0298
3108;18-DAPI-1-40x-402ms.tif;NBL;0.0609;0.0609;46.934;1.2264;2.857;0.0747
3109;18-DAPI-1-40x-402ms.tif;NBL;0.0303;0.0303;109.5699;0.9283;3.3171;0.0281
3110;18-DAPI-1-40x-402ms.tif;NBL;0.0369;0.0369;105.5324;0.8353;3.8933;0.0308
3111;18-DAPI-1-40x-402ms.tif;NBL;0.0243;0.0243;79.8482;1.0446;1.9408;0.0254
3112;18-DAPI-1-40x-402ms.tif;NBL;0.0406;0.0406;58.9465;0.7754;2.3921;0.0315
3113;18-DAPI-1-40x-402ms.tif;NBL;0.0248;0.0248;82.4105;0.6943;2.0477;0.0173
3114;18-DAPI-1-40x-402ms.tif;NBL;0.0251;0.0251;71.1688;0.987;1.7839;0.0247
3115;18-DAPI-1-40x-402ms.tif;NBL;0.0305;0.0305;73.4199;1.5053;2.2386;0.0459
3116;18-DAPI-1-40x-402ms.tif;NBL;0.0175;0.0175;46.6894;1.6398;0.8156;0.0286
3117;18-DAPI-1-40x-402ms.tif;NBL;0.0727;0.0727;47.0612;0.9343;3.4213;0.0679
3118;18-DAPI-1-40x-402ms.tif;NBL;0.0161;0.0161;41.973;0.9122;0.674;0.0146
3119;18-DAPI-1-40x-402ms.tif;NBL;0.0125;0.0125;33.7043;1.5304;0.4206;0.0191
3120;18-DAPI-1-40x-402ms.tif;NBL;0.0133;0.0133;61.748;1.2683;0.8241;0.0169
3121;18-DAPI-1-40x-402ms.tif;NBL;0.01;0.01;61.9674;0.8696;0.6186;0.0087
3122;18-DAPI-1-40x-402ms.tif;NBL;0.0571;0.0571;81.4068;0.6027;4.6463;0.0344
3123;18-DAPI-1-40x-402ms.tif;NBL;0.0319;0.0319;64.1769;0.4966;2.0473;0.0158
3124;18-DAPI-1-40x-402ms.tif;NBL;0.066;0.066;65.0164;0.648;4.2893;0.0428
3125;18-DAPI-1-40x-402ms.tif;NBL;0.0135;0.0135;85.5565;1.0887;1.1512;0.0146
3126;18-DAPI-1-40x-402ms.tif;NBL;0.036;0.036;50.6386;0.9548;1.8242;0.0344
3127;18-DAPI-1-40x-402ms.tif;NBL;0.0132;0.0132;79.0492;0.9016;1.0464;0.0119
3128;18-DAPI-1-40x-402ms.tif;NBL;0.0301;0.0301;52.9783;0.8087;1.5923;0.0243
3129;18-DAPI-1-40x-402ms.tif;NBL;0.023;0.023;77.5566;0.6934;1.7841;0.016
3130;18-DAPI-1-40x-402ms.tif;NBL;0.052;0.052;60.4342;0.7975;3.1411;0.0414
3131;18-DAPI-1-40x-402ms.tif;NBL;0.0519;0.0519;79.8222;0.2176;4.1401;0.0113
3132;18-DAPI-1-40x-402ms.tif;NBL;0.0618;0.0618;56.9298;0.2474;3.5211;0.0153
3133;18-DAPI-1-40x-402ms.tif;NBL;0.0679;0.0679;74.5799;0.2476;5.0659;0.0168
3134;18-DAPI-1-40x-402ms.tif;NBL;0.0404;0.0404;86.3387;0.6935;3.485;0.028
3135;18-DAPI-1-40x-402ms.tif;NBL;0.0217;0.0217;41.915;1.17;0.9096;0.0254
3136;18-DAPI-1-40x-402ms.tif;NBL;0.0123;0.0123;42.4602;1.1416;0.5206;0.014
3137;18-DAPI-1-40x-402ms.tif;NBL;0.0421;0.0421;70.3789;0.2423;2.963;0.0102
3138;18-DAPI-1-40x-402ms.tif;NBL;0.0233;0.0233;56.1116;0.1628;1.309;0.0038
3139;18-DAPI-1-40x-402ms.tif;NBL;0.071;0.071;65.6743;0.0979;4.6605;0.0069
3140;18-DAPI-1-40x-402ms.tif;NBL;0.0344;0.0344;71.0978;0.123;2.4455;0.0042
3141;18-DAPI-1-40x-402ms.tif;NBL;0.046;0.046;77.2854;0.0825;3.5557;0.0038
3142;18-DAPI-1-40x-402ms.tif;NBL;0.0399;0.0399;40.3995;0.8967;1.6132;0.0358
3143;18-DAPI-1-40x-402ms.tif;NBL;0.0153;0.0153;85.1489;0.383;1.3027;0.0059
3144;18-DAPI-1-40x-402ms.tif;NBL;0.0193;0.0193;57.0056;0.5955;1.101;0.0115
3145;18-DAPI-1-40x-402ms.tif;NBL;0.0166;0.0166;82.3856;0.902;1.3677;0.015
3146;18-DAPI-1-40x-402ms.tif;NBL;0.0297;0.0297;102.2993;0.1496;3.0414;0.0044
3147;18-DAPI-1-40x-402ms.tif;NBL;0.0195;0.0195;79.0056;0.05;1.5431;0.001
3148;18-DAPI-1-40x-402ms.tif;NBL;0.0368;0.0368;73.8673;0.0383;2.7171;0.0014
3149;18-DAPI-1-40x-402ms.tif;NBL;0.0562;0.0562;55.5135;0.0463;3.1202;0.0026
3150;18-DAPI-1-40x-402ms.tif;NBL;0.0885;0.0885;40.4044;0.0404;3.5775;0.0036
3151;18-DAPI-1-40x-402ms.tif;NBL;0.0269;0.0269;81.5202;0.0323;2.1937;0.0009
3152;18-DAPI-1-40x-402ms.tif;NBL;0.04;0.04;61.0461;0.0515;2.4442;0.0021
3153;18-DAPI-1-40x-402ms.tif;NBL;0.0346;0.0346;58.8934;0.0219;2.0385;0.0008
3154;18-DAPI-1-40x-402ms.tif;NBL;0.0439;0.0439;42.716;0.0667;1.8772;0.0029
3155;18-DAPI-1-40x-402ms.tif;NBL;0.0283;0.0283;40.0536;0.1877;1.1343;0.0053
3156;18-DAPI-1-40x-402ms.tif;NBL;0.0263;0.0263;74.8512;0.1364;1.9655;0.0036
3157;18-DAPI-1-40x-402ms.tif;NBL;0.0336;0.0336;56.5774;0.071;1.9031;0.0024
3158;18-DAPI-1-40x-402ms.tif;NBL;0.0408;0.0408;65.516;0.0399;2.673;0.0016
3159;18-DAPI-1-40x-402ms.tif;NBL;0.0282;0.0282;65.5038;0.0654;1.848;0.0018
3160;18-DAPI-1-40x-402ms.tif;NBL;0.048;0.048;59.4525;0.052;2.8513;0.0025
3161;18-DAPI-1-40x-402ms.tif;NBL;0.0503;0.0503;47.9612;0.0172;2.4147;0.0009
3162;19-DAPI-1-40x-402ms.tif;NBL;0.0413;0.0413;111.3885;0.6483;4.6049;0.0268
3163;19-DAPI-1-40x-402ms.tif;NBL;0.0324;0.0324;93.1906;0.2742;3.0234;0.0089
3164;19-DAPI-1-40x-402ms.tif;NBL;0.0489;0.0489;98.0155;0.4235;4.7965;0.0207
3165;19-DAPI-1-40x-402ms.tif;NBL;0.0292;0.0292;85.5502;0.5911;2.4971;0.0173
3166;19-DAPI-1-40x-402ms.tif;NBL;0.0464;0.0464;108.3692;0.5397;5.0328;0.0251
3167;19-DAPI-1-40x-402ms.tif;NBL;0.0243;0.0243;106.0357;0.5848;2.5773;0.0142
3168;19-DAPI-1-40x-402ms.tif;NBL;0.02;0.02;84.7717;0.4674;1.6925;0.0093
3169;19-DAPI-1-40x-402ms.tif;NBL;0.0444;0.0444;80.5648;0.5672;3.5754;0.0252
3170;19-DAPI-1-40x-402ms.tif;NBL;0.0337;0.0337;72.9775;0.4534;2.4627;0.0153
3171;19-DAPI-1-40x-402ms.tif;NBL;0.0205;0.0205;72.4444;0.2751;1.4857;0.0056
3172;19-DAPI-1-40x-402ms.tif;NBL;0.0378;0.0378;82.5316;0.1695;3.1164;0.0064
3173;19-DAPI-1-40x-402ms.tif;NBL;0.0341;0.0341;65.4108;0.2102;2.2286;0.0072
3174;19-DAPI-1-40x-402ms.tif;NBL;0.0306;0.0306;69.1879;0.5071;2.1171;0.0155
3175;19-DAPI-1-40x-402ms.tif;NBL;0.0293;0.0293;73.2037;0.2222;2.1446;0.0065
3176;19-DAPI-1-40x-402ms.tif;NBL;0.0539;0.0539;57.6056;0.2817;3.1066;0.0152
3177;19-DAPI-1-40x-402ms.tif;NBL;0.0464;0.0464;47.2173;0.3692;2.1928;0.0171
3178;19-DAPI-1-40x-402ms.tif;NBL;0.0494;0.0494;64.6022;0.0725;3.1895;0.0036
3179;19-DAPI-1-40x-402ms.tif;NBL;0.0305;0.0305;78.0676;0.1281;2.3803;0.0039
3180;19-DAPI-1-40x-402ms.tif;NBL;0.0289;0.0289;57.6805;0.1128;1.6648;0.0033
3181;19-DAPI-1-40x-402ms.tif;NBL;0.0323;0.0323;55.4329;0.1913;1.7924;0.0062
3182;19-DAPI-1-40x-402ms.tif;NBL;0.0395;0.0395;78.9505;0.2555;3.1183;0.0101
3183;19-DAPI-1-40x-402ms.tif;NBL;0.0246;0.0246;99.3172;0.4802;2.4463;0.0118
3184;19-DAPI-1-40x-402ms.tif;NBL;0.0281;0.0281;80.5483;0.4247;2.2637;0.0119
3185;19-DAPI-1-40x-402ms.tif;NBL;0.0452;0.0452;67.6403;0.1103;3.0605;0.005
3186;19-DAPI-1-40x-402ms.tif;NBL;0.0336;0.0336;48.0581;0.1968;1.6165;0.0066
3187;19-DAPI-1-40x-402ms.tif;NBL;0.033;0.033;35.5066;0.148;1.1712;0.0049
3188;19-DAPI-1-40x-402ms.tif;NBL;0.0319;0.0319;60.966;0.1837;1.9449;0.0059
3189;19-DAPI-1-40x-402ms.tif;NBL;0.0446;0.0446;112.2117;0.6302;5.0042;0.0281
3190;19-DAPI-1-40x-402ms.tif;NBL;0.093;0.093;65.7958;0.3466;6.1184;0.0322
3191;19-DAPI-1-40x-402ms.tif;NBL;0.0167;0.0167;70.3961;0.6234;1.1763;0.0104
3192;19-DAPI-1-40x-402ms.tif;NBL;0.0435;0.0435;59.1571;0.2843;2.574;0.0124
3193;19-DAPI-1-40x-402ms.tif;NBL;0.0181;0.0181;58.491;0.3653;1.0599;0.0066
3194;19-DAPI-1-40x-402ms.tif;NBL;0.0226;0.0226;45.1875;0.4423;1.0199;0.01
3195;19-DAPI-1-40x-402ms.tif;NBL;0.0174;0.0174;50.7437;0.5437;0.881;0.0094
3196;19-DAPI-1-40x-402ms.tif;NBL;0.0371;0.0371;61.7485;0.2135;2.2914;0.0079
3197;19-DAPI-1-40x-402ms.tif;NBL;0.0329;0.0329;98.8911;0.5776;3.2513;0.019
3198;19-DAPI-1-40x-402ms.tif;NBL;0.0285;0.0285;47.8669;0.6198;1.366;0.0177
3199;19-DAPI-1-40x-402ms.tif;NBL;0.0273;0.0273;73.5238;0.4087;2.0104;0.0112
3200;19-DAPI-1-40x-402ms.tif;NBL;0.0379;0.0379;72.3524;0.2292;2.7399;0.0087
3201;19-DAPI-1-40x-402ms.tif;NBL;0.0142;0.0142;65.1756;0.2672;0.9264;0.0038
3202;19-DAPI-1-40x-402ms.tif;NBL;0.0183;0.0183;51.6627;0.3787;0.9474;0.0069
3203;19-DAPI-1-40x-402ms.tif;NBL;0.0358;0.0358;69.2818;0.2182;2.4808;0.0078
3204;19-DAPI-1-40x-402ms.tif;NBL;0.0384;0.0384;76.8164;0.4774;2.9506;0.0183
3205;19-DAPI-1-40x-402ms.tif;NBL;0.0477;0.0477;63.4;0.3818;3.0269;0.0182
3206;19-DAPI-1-40x-402ms.tif;NBL;0.0247;0.0247;74.4254;0.4912;1.8413;0.0122
3207;19-DAPI-1-40x-402ms.tif;NBL;0.0314;0.0314;61.1522;0.3253;1.9176;0.0102
3208;19-DAPI-1-40x-402ms.tif;NBL;0.0369;0.0369;53.2618;0.5824;1.965;0.0215
3209;19-DAPI-1-40x-402ms.tif;NBL;0.0514;0.0514;59.4219;0.2975;3.0562;0.0153
3210;19-DAPI-1-40x-402ms.tif;NBL;0.0342;0.0342;55.1333;0.1905;1.8844;0.0065
3211;19-DAPI-1-40x-402ms.tif;NBL;0.0598;0.0598;65.8984;0.1488;3.9399;0.0089
3212;19-DAPI-1-40x-402ms.tif;NBL;0.0207;0.0207;60.0262;0.1099;1.244;0.0023
3213;19-DAPI-1-40x-402ms.tif;NBL;0.0441;0.0441;52.4778;0.1182;2.3118;0.0052
3214;19-DAPI-1-40x-402ms.tif;NBL;0.0323;0.0323;56.3758;0.2148;1.8229;0.0069
3215;19-DAPI-1-40x-402ms.tif;NBL;0.0264;0.0264;59.1605;0.1687;1.5599;0.0044
3216;19-DAPI-1-40x-402ms.tif;NBL;0.0258;0.0258;78.105;0.105;2.017;0.0027
3217;19-DAPI-1-40x-402ms.tif;NBL;0.0393;0.0393;53.8619;0.0773;2.1157;0.003
3218;19-DAPI-1-40x-402ms.tif;NBL;0.0603;0.0603;50.3777;0.1169;3.0393;0.0071
3219;19-DAPI-1-40x-402ms.tif;NBL;0.0431;0.0431;68.6071;0.1914;2.9554;0.0082
3220;19-DAPI-1-40x-402ms.tif;NBL;0.0569;0.0569;72.1298;0.1794;4.1011;0.0102
3221;19-DAPI-1-40x-402ms.tif;NBL;0.0543;0.0543;68.556;0.218;3.7194;0.0118
3222;19-DAPI-1-40x-402ms.tif;NBL;0.0282;0.0282;51.0077;0.4769;1.439;0.0135
3223;19-DAPI-1-40x-402ms.tif;NBL;0.0218;0.0218;65.6567;0.4129;1.432;0.009
3224;19-DAPI-1-40x-402ms.tif;NBL;0.0576;0.0576;63.3992;0.3446;3.6529;0.0199
3225;19-DAPI-1-40x-402ms.tif;NBL;0.038;0.038;72.5429;0.32;2.755;0.0122
3226;19-DAPI-1-40x-402ms.tif;NBL;0.0284;0.0284;60.1336;0.3969;1.7095;0.0113
3227;19-DAPI-1-40x-402ms.tif;NBL;0.0468;0.0468;57.6195;0.0974;2.6947;0.0046
3228;19-DAPI-1-40x-402ms.tif;NBL;0.0416;0.0416;69.3394;0.201;2.8816;0.0084
3229;19-DAPI-1-40x-402ms.tif;NBL;0.0461;0.0461;65.8518;0.2706;3.0368;0.0125
3230;19-DAPI-1-40x-402ms.tif;NBL;0.026;0.026;55.6333;0.2417;1.4488;0.0063
3231;19-DAPI-1-40x-402ms.tif;NBL;0.0314;0.0314;49.7128;0.3149;1.5589;0.0099
3232;19-DAPI-1-40x-402ms.tif;NBL;0.0506;0.0506;32.0644;0.0837;1.6213;0.0042
3233;19-DAPI-1-40x-402ms.tif;NBL;0.0343;0.0343;38.3608;0.0411;1.3153;0.0014
3234;19-DAPI-1-40x-402ms.tif;NBL;0.0494;0.0494;52.7341;0.0374;2.6035;0.0018
3235;19-DAPI-1-40x-402ms.tif;NBL;0.0462;0.0462;34.5962;0.0469;1.5992;0.0022
3236;19-DAPI-1-40x-402ms.tif;NBL;0.0226;0.0226;47.6971;0.5288;1.0765;0.0119
3237;19-DAPI-1-40x-402ms.tif;NBL;0.0596;0.0596;72.051;0.4463;4.2921;0.0266
3238;19-DAPI-1-40x-402ms.tif;NBL;0.0488;0.0488;52.2333;0.4667;2.5505;0.0228
3239;19-DAPI-1-40x-402ms.tif;NBL;0.0573;0.0573;91.3674;0.5871;5.2346;0.0336
3240;19-DAPI-1-40x-402ms.tif;NBL;0.078;0.078;38.2128;0.541;2.9812;0.0422
3241;19-DAPI-1-40x-402ms.tif;NBL;0.0748;0.0748;71.7402;0.7634;5.3634;0.0571
3242;19-DAPI-1-40x-402ms.tif;NBL;0.039;0.039;58.5682;0.4262;2.2815;0.0166
3243;19-DAPI-1-40x-402ms.tif;NBL;0.028;0.028;48.5969;0.3915;1.3605;0.011
3244;19-DAPI-1-40x-402ms.tif;NBL;0.0651;0.0651;38.6;0.495;2.513;0.0322
3245;19-DAPI-1-40x-402ms.tif;NBL;0.0468;0.0468;38.9768;0.5568;1.8228;0.026
3246;19-DAPI-1-40x-402ms.tif;NBL;0.0676;0.0676;31.0963;0.1573;2.1021;0.0106
3247;19-DAPI-1-40x-402ms.tif;NBL;0.0767;0.0767;20.8345;0.3904;1.5983;0.0299
3248;19-DAPI-1-40x-402ms.tif;NBL;0.0278;0.0278;61.8633;0.2344;1.7184;0.0065
3249;19-DAPI-1-40x-402ms.tif;NBL;0.0526;0.0526;26.6351;0.132;1.4017;0.0069
3250;19-DAPI-1-40x-402ms.tif;NBL;0.0452;0.0452;35.2014;0.1223;1.5928;0.0055
3251;19-DAPI-1-40x-402ms.tif;NBL;0.0393;0.0393;46.4088;0.1492;1.8229;0.0059
3252;19-DAPI-1-40x-402ms.tif;NBL;0.0333;0.0333;49.9251;0.0554;1.6631;0.0018
3253;19-DAPI-1-40x-402ms.tif;NBL;0.016;0.016;54.2721;0.2585;0.8657;0.0041
3254;19-DAPI-1-40x-402ms.tif;NBL;0.0137;0.0137;44.8651;0.127;0.6134;0.0017
3255;19-DAPI-1-40x-402ms.tif;NBL;0.0184;0.0184;61.1706;0.0765;1.1284;0.0014
3256;19-DAPI-1-40x-402ms.tif;NBL;0.0329;0.0329;69.5578;0.505;2.2869;0.0166
3257;19-DAPI-1-40x-402ms.tif;NBL;0.0536;0.0536;58.3785;0.249;3.1292;0.0133
3258;19-DAPI-1-40x-402ms.tif;NBL;0.0341;0.0341;68.621;0.2357;2.338;0.008
3259;19-DAPI-1-40x-402ms.tif;NBL;0.0436;0.0436;73.1617;0.51;3.1913;0.0222
3260;19-DAPI-1-40x-402ms.tif;NBL;0.0337;0.0337;68.836;0.2765;2.3229;0.0093
3261;19-DAPI-1-40x-402ms.tif;NBL;0.0155;0.0155;54.3077;0.2168;0.8427;0.0034
3262;19-DAPI-1-40x-402ms.tif;NBL;0.028;0.028;66.2868;0.2403;1.8557;0.0067
3263;19-DAPI-1-40x-402ms.tif;NBL;0.0297;0.0297;61.0255;0.1861;1.8143;0.0055
3264;19-DAPI-1-40x-402ms.tif;NBL;0.0484;0.0484;20.0987;0.1368;0.9727;0.0066
3265;19-DAPI-1-40x-402ms.tif;NBL;0.0197;0.0197;70.4231;0.4286;1.3907;0.0085
3266;19-DAPI-1-40x-402ms.tif;NBL;0.0488;0.0488;44.3689;0.1133;2.1664;0.0055
3267;19-DAPI-1-40x-402ms.tif;NBL;0.0458;0.0458;51.8412;0.1019;2.3738;0.0047
3268;19-DAPI-1-40x-402ms.tif;NBL;0.0507;0.0507;41.3662;0.0921;2.0961;0.0047
3269;19-DAPI-1-40x-402ms.tif;NBL;0.0391;0.0391;53.7611;0.1111;2.1;0.0043
3270;19-DAPI-1-40x-402ms.tif;NBL;0.0489;0.0489;46.6541;0.0909;2.2831;0.0044
3271;19-DAPI-1-40x-402ms.tif;NBL;0.0448;0.0448;35.0823;0.0412;1.5722;0.0018
3272;19-DAPI-1-40x-402ms.tif;NBL;0.0669;0.0669;36.2382;0.0924;2.4261;0.0062
3273;19-DAPI-1-40x-402ms.tif;NBL;0.0543;0.0543;34.756;0.232;1.8856;0.0126
3274;19-DAPI-1-40x-402ms.tif;NBL;0.0699;0.0699;28.4845;0.1102;1.9905;0.0077
3275;19-DAPI-1-40x-402ms.tif;NBL;0.0891;0.0891;20.592;0.2473;1.8344;0.022
3276;19-DAPI-1-40x-402ms.tif;NBL;0.1149;0.1149;23.0397;0.389;2.6475;0.0447
3277;19-DAPI-1-40x-402ms.tif;NBL;0.0284;0.0284;44.8893;0.2099;1.2762;0.006
3278;19-DAPI-1-40x-402ms.tif;NBL;0.0449;0.0449;57.2053;0.3043;2.5698;0.0137
3279;19-DAPI-1-40x-402ms.tif;NBL;0.0426;0.0426;58.3053;0.5369;2.4863;0.0229
3280;19-DAPI-1-40x-402ms.tif;NBL;0.0282;0.0282;63.9885;0.4269;1.8052;0.012
3281;19-DAPI-1-40x-402ms.tif;NBL;0.0627;0.0627;47.6038;0.2803;2.9856;0.0176
3282;19-DAPI-1-40x-402ms.tif;NBL;0.033;0.033;51.3618;0.7171;1.6942;0.0237
3283;19-DAPI-1-40x-402ms.tif;NBL;0.0419;0.0419;54.6503;0.4715;2.289;0.0197
3284;19-DAPI-1-40x-402ms.tif;NBL;0.0752;0.0752;33.0029;0.1558;2.4817;0.0117
3285;19-DAPI-1-40x-402ms.tif;NBL;0.0545;0.0545;43.0876;0.1813;2.347;0.0099
3286;19-DAPI-1-40x-402ms.tif;NBL;0.0286;0.0286;53.9848;0.4508;1.5464;0.0129
3287;19-DAPI-1-40x-402ms.tif;NBL;0.0808;0.0808;34.1826;0.2899;2.7632;0.0234
3288;19-DAPI-1-40x-402ms.tif;NBL;0.0508;0.0508;46.3611;0.1923;2.3543;0.0098
3289;19-DAPI-1-40x-402ms.tif;NBL;0.0567;0.0567;42.4054;0.3633;2.4065;0.0206
3290;19-DAPI-1-40x-402ms.tif;NBL;0.034;0.034;73.7604;0.7157;2.5051;0.0243
3291;19-DAPI-1-40x-402ms.tif;NBL;0.0385;0.0385;70.6563;0.3831;2.7217;0.0148
3292;19-DAPI-1-40x-402ms.tif;NBL;0.061;0.061;31.3203;0.2794;1.9099;0.017
3293;19-DAPI-1-40x-402ms.tif;NBL;0.028;0.028;64.9612;0.5233;1.8186;0.0146
3294;19-DAPI-1-40x-402ms.tif;NBL;0.0302;0.0302;43.054;0.1151;1.2987;0.0035
3295;19-DAPI-1-40x-402ms.tif;NBL;0.0341;0.0341;44.3057;0.2739;1.5095;0.0093
3296;19-DAPI-1-40x-402ms.tif;NBL;0.0341;0.0341;52.3631;0.1338;1.7841;0.0046
3297;19-DAPI-1-40x-402ms.tif;NBL;0.0411;0.0411;53.0079;0.2296;2.1799;0.0094
3298;19-DAPI-1-40x-402ms.tif;NBL;0.0232;0.0232;50.3271;0.0467;1.1686;0.0011
3299;19-DAPI-1-40x-402ms.tif;NBL;0.0711;0.0711;21.3344;0.1863;1.5163;0.0132
3300;19-DAPI-1-40x-402ms.tif;NBL;0.0751;0.0751;22.8887;0.5751;1.7186;0.0432
3301;19-DAPI-1-40x-402ms.tif;NBL;0.0882;0.0882;16.337;0.3592;1.4412;0.0317
3302;19-DAPI-1-40x-402ms.tif;NBL;0.0592;0.0592;44.5293;0.3773;2.6381;0.0224
3303;19-DAPI-1-40x-402ms.tif;NBL;0.0534;0.0534;29.0346;0.3679;1.55;0.0196
3304;19-DAPI-1-40x-402ms.tif;NBL;0.0302;0.0302;45.8993;0.3094;1.3845;0.0093
3305;19-DAPI-1-40x-402ms.tif;NBL;0.0195;0.0195;58.2611;0.4889;1.1379;0.0095
3306;19-DAPI-1-40x-402ms.tif;NBL;0.0176;0.0176;52.4444;0.3519;0.9219;0.0062
3307;19-DAPI-1-40x-402ms.tif;NBL;0.0732;0.0732;26.0059;0.1333;1.9047;0.0098
3308;19-DAPI-1-40x-402ms.tif;NBL;0.0304;0.0304;44.7143;0.1179;1.3585;0.0036
3309;19-DAPI-1-40x-402ms.tif;NBL;0.0361;0.0361;50.4024;0.1201;1.8212;0.0043
3310;19-DAPI-1-40x-402ms.tif;NBL;0.0775;0.0775;53.1961;0.7171;4.1213;0.0556
3311;19-DAPI-1-40x-402ms.tif;NBL;0.0768;0.0768;80.0071;0.5466;6.1464;0.042
3312;19-DAPI-1-40x-402ms.tif;NBL;0.0642;0.0642;66.2449;0.4476;4.2553;0.0288
3313;19-DAPI-1-40x-402ms.tif;NBL;0.053;0.053;40.0451;0.4119;2.1204;0.0218
3314;19-DAPI-1-40x-402ms.tif;NBL;0.0412;0.0412;46.2711;0.1579;1.9079;0.0065
3315;19-DAPI-1-40x-402ms.tif;NBL;0.0714;0.0714;45.1702;0.1733;3.225;0.0124
3316;19-DAPI-1-40x-402ms.tif;NBL;0.0314;0.0314;58.4187;0.3322;1.8319;0.0104
3317;19-DAPI-1-40x-402ms.tif;NBL;0.0403;0.0403;58.7574;0.5984;2.3653;0.0241
3318;19-DAPI-1-40x-402ms.tif;NBL;0.0327;0.0327;63.8538;0.5681;2.0855;0.0186
3319;19-DAPI-1-40x-402ms.tif;NBL;0.0681;0.0681;34.5016;0.3742;2.351;0.0255
3320;19-DAPI-1-40x-402ms.tif;NBL;0.0375;0.0375;27.9133;0.3208;1.048;0.012
3321;19-DAPI-1-40x-402ms.tif;NBL;0.0436;0.0436;47.3209;0.2562;2.0641;0.0112
3322;19-DAPI-1-40x-402ms.tif;NBL;0.0537;0.0537;37.497;0.1798;2.014;0.0097
3323;19-DAPI-1-40x-402ms.tif;NBL;0.0713;0.0713;53.3166;0.417;3.8009;0.0297
3324;19-DAPI-1-40x-402ms.tif;NBL;0.0335;0.0335;49.8641;0.754;1.6719;0.0253
3325;19-DAPI-1-40x-402ms.tif;NBL;0.0432;0.0432;32.3216;0.7462;1.3958;0.0322
3326;19-DAPI-1-40x-402ms.tif;NBL;0.0388;0.0388;74.7877;0.8575;2.9052;0.0333
3327;19-DAPI-1-40x-402ms.tif;NBL;0.015;0.015;88.2174;0.7826;1.321;0.0117
3328;19-DAPI-1-40x-402ms.tif;NBL;0.0398;0.0398;107.921;0.7711;4.2976;0.0307
3329;19-DAPI-1-40x-402ms.tif;NBL;0.0411;0.0411;98.5488;0.7704;4.0527;0.0317
3330;19-DAPI-1-40x-402ms.tif;NBL;0.04;0.04;83.4146;0.6775;3.3398;0.0271
3331;19-DAPI-1-40x-402ms.tif;NBL;0.0732;0.0732;48.7837;0.7985;3.573;0.0585
3332;19-DAPI-1-40x-402ms.tif;NBL;0.0242;0.0242;82.3543;0.6682;1.9927;0.0162
3333;19-DAPI-1-40x-402ms.tif;NBL;0.0523;0.0523;50.1535;0.6618;2.623;0.0346
3334;19-DAPI-1-40x-402ms.tif;NBL;0.036;0.036;77.1175;0.2771;2.7781;0.01
3335;19-DAPI-1-40x-402ms.tif;NBL;0.027;0.027;97.3815;0.4659;2.6311;0.0126
3336;19-DAPI-1-40x-402ms.tif;NBL;0.0564;0.0564;79.8038;0.5058;4.5028;0.0285
3337;19-DAPI-1-40x-402ms.tif;NBL;0.054;0.054;60.0361;0.3153;3.2441;0.017
3338;19-DAPI-1-40x-402ms.tif;NBL;0.063;0.063;56.0912;0.4217;3.5361;0.0266
3339;19-DAPI-1-40x-402ms.tif;NBL;0.0416;0.0416;86.3473;0.4961;3.5884;0.0206
3340;19-DAPI-1-40x-402ms.tif;NBL;0.0508;0.0508;79.1047;0.6111;4.017;0.031
3341;19-DAPI-1-40x-402ms.tif;NBL;0.0297;0.0297;67.8832;0.4562;2.0182;0.0136
3342;19-DAPI-1-40x-402ms.tif;NBL;0.0169;0.0169;29.6987;1.0192;0.5027;0.0173
3343;19-DAPI-1-40x-402ms.tif;NBL;0.0304;0.0304;62.2714;0.2321;1.8919;0.0071
3344;19-DAPI-1-40x-402ms.tif;NBL;0.0314;0.0314;71.173;0.7439;2.2319;0.0233
3345;19-DAPI-1-40x-402ms.tif;NBL;0.0441;0.0441;49.2562;0.4606;2.1699;0.0203
3346;19-DAPI-1-40x-402ms.tif;NBL;0.0356;0.0356;35.7043;1.3506;1.2707;0.0481
3347;19-DAPI-1-40x-402ms.tif;NBL;0.0307;0.0307;60.735;0.3675;1.865;0.0113
3348;19-DAPI-1-40x-402ms.tif;NBL;0.015;0.015;81.5;0.4058;1.2204;0.0061
3349;19-DAPI-1-40x-402ms.tif;NBL;0.064;0.064;44.5441;0.3949;2.8517;0.0253
3350;19-DAPI-1-40x-402ms.tif;NBL;0.0481;0.0481;82.7562;0.6321;3.978;0.0304
3351;19-DAPI-1-40x-402ms.tif;NBL;0.0464;0.0464;68.0117;0.7523;3.1585;0.0349
3352;19-DAPI-1-40x-402ms.tif;NBL;0.0535;0.0535;94.4746;0.6572;5.0538;0.0352
3353;19-DAPI-1-40x-402ms.tif;NBL;0.0563;0.0563;70.264;0.657;3.9569;0.037
3354;19-DAPI-1-40x-402ms.tif;NBL;0.0425;0.0425;78.2781;0.6633;3.3295;0.0282
3355;19-DAPI-1-40x-402ms.tif;NBL;0.054;0.054;67.4779;0.988;3.6463;0.0534
3356;19-DAPI-1-40x-402ms.tif;NBL;0.0297;0.0297;83.854;0.9416;2.4931;0.028
3357;19-DAPI-1-40x-402ms.tif;NBL;0.0377;0.0377;66.0951;1.1153;2.4886;0.042
3358;19-DAPI-1-40x-402ms.tif;NBL;0.035;0.035;88.3777;0.9009;3.0974;0.0316
3359;19-DAPI-1-40x-402ms.tif;NBL;0.0337;0.0337;92.4469;0.7235;3.1197;0.0244
3360;19-DAPI-1-40x-402ms.tif;NBL;0.0589;0.0589;86.9797;0.5322;5.1248;0.0314
3361;19-DAPI-1-40x-402ms.tif;NBL;0.0658;0.0658;87.0743;0.3746;5.7256;0.0246
3362;19-DAPI-1-40x-402ms.tif;NBL;0.0562;0.0562;71.5521;0.583;4.0217;0.0328
3363;19-DAPI-1-40x-402ms.tif;NBL;0.0411;0.0411;90.4169;0.5356;3.7183;0.022
3364;19-DAPI-1-40x-402ms.tif;NBL;0.0425;0.0425;47.9566;0.4872;2.0398;0.0207
3365;19-DAPI-1-40x-402ms.tif;NBL;0.0433;0.0433;97.4236;0.7193;4.2179;0.0311
3366;19-DAPI-1-40x-402ms.tif;NBL;0.0355;0.0355;81.1498;0.7217;2.8793;0.0256
3367;19-DAPI-1-40x-402ms.tif;NBL;0.0423;0.0423;53.8103;0.8718;2.2771;0.0369
3368;19-DAPI-1-40x-402ms.tif;NBL;0.0455;0.0455;71.4177;1;3.247;0.0455
3369;19-DAPI-1-40x-402ms.tif;NBL;0.0433;0.0433;72.1429;0.9348;3.1234;0.0405
3370;19-DAPI-1-40x-402ms.tif;NBL;0.0469;0.0469;56.1157;0.7847;2.6304;0.0368
3371;19-DAPI-1-40x-402ms.tif;NBL;0.027;0.027;65.3534;0.9558;1.7657;0.0258
3372;19-DAPI-1-40x-402ms.tif;NBL;0.0248;0.0248;84.1703;0.4847;2.0915;0.012
3373;19-DAPI-1-40x-402ms.tif;NBL;0.0609;0.0609;98.1551;0.4688;5.9749;0.0285
3374;19-DAPI-1-40x-402ms.tif;NBL;0.031;0.031;116.8147;0.9371;3.6251;0.0291
3375;19-DAPI-1-40x-402ms.tif;NBL;0.0872;0.0872;67.4353;0.8669;5.883;0.0756
3376;19-DAPI-1-40x-402ms.tif;NBL;0.0511;0.0511;98.4098;1.1656;5.0294;0.0596
3377;19-DAPI-1-40x-402ms.tif;NBL;0.0434;0.0434;95.035;1.15;4.1248;0.0499
3378;19-DAPI-1-40x-402ms.tif;NBL;0.0143;0.0143;87.0833;1.2348;1.2473;0.0177
3379;19-DAPI-1-40x-402ms.tif;NBL;0.0192;0.0192;108.9831;1.1412;2.0931;0.0219
3380;19-DAPI-1-40x-402ms.tif;NBL;0.0253;0.0253;108.1159;1.0601;2.7334;0.0268
3381;19-DAPI-1-40x-402ms.tif;NBL;0.0291;0.0291;75.5522;1.1716;2.197;0.0341
3382;19-DAPI-1-40x-402ms.tif;NBL;0.0423;0.0423;104.7128;0.9026;4.4312;0.0382
3383;19-DAPI-1-40x-402ms.tif;NBL;0.0551;0.0551;98.8878;1.0512;5.4508;0.0579
3384;19-DAPI-1-40x-402ms.tif;NBL;0.0798;0.0798;77.6612;0.9633;6.1937;0.0768
3385;19-DAPI-1-40x-402ms.tif;NBL;0.0413;0.0413;81.2651;0.5801;3.3596;0.024
3386;19-DAPI-1-40x-402ms.tif;NBL;0.0485;0.0485;84.868;0.7047;4.1163;0.0342
3387;19-DAPI-1-40x-402ms.tif;NBL;0.0383;0.0383;104.4249;0.7989;3.9998;0.0306
3388;19-DAPI-1-40x-402ms.tif;NBL;0.0334;0.0334;121.0065;0.7662;4.0441;0.0256
3389;19-DAPI-1-40x-402ms.tif;NBL;0.0137;0.0137;115.2778;0.5159;1.5761;0.0071
3390;19-DAPI-1-40x-402ms.tif;NBL;0.0296;0.0296;109.8608;0.4945;3.2543;0.0146
3391;19-DAPI-1-40x-402ms.tif;NBL;0.0228;0.0228;117.1333;0.6;2.6691;0.0137
3392;19-DAPI-1-40x-402ms.tif;NBL;0.0353;0.0353;90.6154;0.5508;3.1955;0.0194
3393;19-DAPI-1-40x-402ms.tif;NBL;0.0378;0.0378;66.4626;0.6667;2.5097;0.0252
3394;19-DAPI-1-40x-402ms.tif;NBL;0.0768;0.0768;70.4732;0.7655;5.414;0.0588
3395;19-DAPI-1-40x-402ms.tif;NBL;0.0282;0.0282;74.4577;0.5423;2.1006;0.0153
3396;19-DAPI-1-40x-402ms.tif;NBL;0.0663;0.0663;63.3273;0.4795;4.1985;0.0318
3397;19-DAPI-1-40x-402ms.tif;NBL;0.0641;0.0641;73.5736;0.0812;4.7181;0.0052
3398;19-DAPI-1-40x-402ms.tif;NBL;0.0627;0.0627;56.7093;0.308;3.5566;0.0193
3399;19-DAPI-1-40x-402ms.tif;NBL;0.0155;0.0155;76.4266;0.4755;1.1859;0.0074
3400;19-DAPI-1-40x-402ms.tif;NBL;0.0481;0.0481;70.1354;0.7449;3.3713;0.0358
3401;19-DAPI-1-40x-402ms.tif;NBL;0.0397;0.0397;32.7978;0.6148;1.3025;0.0244
3402;19-DAPI-1-40x-402ms.tif;NBL;0.0267;0.0267;72.5528;0.561;1.9366;0.015
3403;19-DAPI-1-40x-402ms.tif;NBL;0.0254;0.0254;50.2778;0.6068;1.2766;0.0154
3404;19-DAPI-1-40x-402ms.tif;NBL;0.0884;0.0884;55.3362;0.9546;4.8936;0.0844
3405;19-DAPI-1-40x-402ms.tif;NBL;0.02;0.02;98.5489;0.6141;1.9676;0.0123
3406;19-DAPI-1-40x-402ms.tif;NBL;0.0392;0.0392;99.2909;0.7784;3.8893;0.0305
3407;19-DAPI-1-40x-402ms.tif;NBL;0.0384;0.0384;102.113;0.6271;3.9223;0.0241
3408;19-DAPI-1-40x-402ms.tif;NBL;0.0192;0.0192;111.7232;0.678;2.1457;0.013
3409;19-DAPI-1-40x-402ms.tif;NBL;0.0297;0.0297;84.4927;0.573;2.512;0.017
3410;19-DAPI-1-40x-402ms.tif;NBL;0.0386;0.0386;78.9185;0.1854;3.0485;0.0072
3411;19-DAPI-1-40x-402ms.tif;NBL;0.0519;0.0519;95.249;0.387;4.9402;0.0201
3412;19-DAPI-1-40x-402ms.tif;NBL;0.0383;0.0383;83.9887;0.0793;3.217;0.003
3413;19-DAPI-1-40x-402ms.tif;NBL;0.0991;0.0991;65.0997;0.2913;6.4492;0.0289
3414;19-DAPI-1-40x-402ms.tif;NBL;0.0749;0.0749;39.2159;0.1174;2.9361;0.0088
3415;19-DAPI-1-40x-402ms.tif;NBL;0.0242;0.0242;87.6368;0.139;2.1206;0.0034
3416;19-DAPI-1-40x-402ms.tif;NBL;0.0452;0.0452;76.1631;0.0504;3.4462;0.0023
3417;19-DAPI-1-40x-402ms.tif;NBL;0.013;0.013;30.95;0.8333;0.403;0.0109
3418;19-DAPI-1-40x-402ms.tif;NBL;0.0224;0.0224;38.3835;0.6845;0.858;0.0153
3419;19-DAPI-1-40x-402ms.tif;NBL;0.0164;0.0164;49.8609;0.3576;0.8169;0.0059
3420;19-DAPI-1-40x-402ms.tif;NBL;0.0409;0.0409;50.4589;0.3793;2.0641;0.0155
3421;19-DAPI-1-40x-402ms.tif;NBL;0.0511;0.0511;54.9172;0.1783;2.8066;0.0091
3422;19-DAPI-1-40x-402ms.tif;NBL;0.039;0.039;56.0446;0.0836;2.1832;0.0033
3423;19-DAPI-1-40x-402ms.tif;NBL;0.0492;0.0492;98.8698;0.0309;4.8598;0.0015
3424;19-DAPI-1-40x-402ms.tif;NBL;0.033;0.033;67.227;0.3158;2.2176;0.0104
3425;19-DAPI-1-40x-402ms.tif;NBL;0.0271;0.0271;87.524;0.3;2.3742;0.0081
3426;19-DAPI-1-40x-402ms.tif;NBL;0.0549;0.0549;27.9111;0.9763;1.5324;0.0536
3427;19-DAPI-1-40x-402ms.tif;NBL;0.1007;0.1007;39.472;0.0614;3.9746;0.0062
3428;19-DAPI-1-40x-402ms.tif;NBL;0.0194;0.0194;35.9218;0.2737;0.6977;0.0053
3429;19-DAPI-1-40x-402ms.tif;NBL;0.0574;0.0574;52.5142;0.155;3.0143;0.0089
3430;19-DAPI-1-40x-402ms.tif;NBL;0.0577;0.0577;55.1974;0.6861;3.1863;0.0396
3431;19-DAPI-1-40x-402ms.tif;NBL;0.0333;0.0333;53.6319;0.6612;1.7866;0.022
3432;19-DAPI-1-40x-402ms.tif;NBL;0.0357;0.0357;69.1641;0.4438;2.4691;0.0158
3433;19-DAPI-1-40x-402ms.tif;NBL;0.0524;0.0524;45.7867;0.7743;2.3996;0.0406
3434;19-DAPI-1-40x-402ms.tif;NBL;0.0919;0.0919;43.6151;0.6068;4.0085;0.0558
3435;19-DAPI-1-40x-402ms.tif;NBL;0.0465;0.0465;39.2494;0.7716;1.827;0.0359
3436;19-DAPI-1-40x-402ms.tif;NBL;0.0469;0.0469;56.8565;0.4398;2.6651;0.0206
3437;19-DAPI-1-40x-402ms.tif;NBL;0.0288;0.0288;89.6717;0.8;2.5785;0.023
3438;19-DAPI-1-40x-402ms.tif;NBL;0.0658;0.0658;59.9043;0.4257;3.939;0.028
3439;19-DAPI-1-40x-402ms.tif;NBL;0.0352;0.0352;53.716;0.7932;1.8885;0.0279
3440;19-DAPI-1-40x-402ms.tif;NBL;0.0629;0.0629;78.8293;0.9034;4.961;0.0569
3441;19-DAPI-1-40x-402ms.tif;NBL;0.06;0.06;65.4231;0.6781;3.9257;0.0407
3442;19-DAPI-1-40x-402ms.tif;NBL;0.0592;0.0592;45.8956;1.1593;2.7191;0.0687
3443;19-DAPI-1-40x-402ms.tif;NBL;0.0788;0.0788;40.0303;0.2493;3.1534;0.0196
3444;19-DAPI-1-40x-402ms.tif;NBL;0.0775;0.0775;23.8389;0.2647;1.8469;0.0205
3445;19-DAPI-1-40x-402ms.tif;NBL;0.0763;0.0763;15.7582;0.2888;1.202;0.022
3446;19-DAPI-1-40x-402ms.tif;NBL;0.0648;0.0648;18.9112;0.2077;1.225;0.0135
3447;19-DAPI-1-40x-402ms.tif;NBL;0.0615;0.0615;29.6508;0.1323;1.8242;0.0081
3448;19-DAPI-1-40x-402ms.tif;NBL;0.0284;0.0284;22.6489;0.9313;0.6439;0.0265
3449;19-DAPI-1-40x-402ms.tif;NBL;0.0362;0.0362;40.3563;0.5629;1.4626;0.0204
3450;19-DAPI-1-40x-402ms.tif;NBL;0.0277;0.0277;49.1451;0.6627;1.3598;0.0183
3451;19-DAPI-1-40x-402ms.tif;NBL;0.025;0.025;29.9913;0.687;0.7485;0.0171
3452;19-DAPI-1-40x-402ms.tif;NBL;0.0539;0.0539;18.1187;0.1167;0.9771;0.0063
3453;19-DAPI-1-40x-402ms.tif;NBL;0.0373;0.0373;64.1715;0.1279;2.3953;0.0048
3454;19-DAPI-1-40x-402ms.tif;NBL;0.033;0.033;29.7566;0.0461;0.9816;0.0015
3455;19-DAPI-1-40x-402ms.tif;NBL;0.1043;0.1043;20.6545;0.0271;2.1538;0.0028
3456;19-DAPI-1-40x-402ms.tif;NBL;0.0222;0.0222;63.5366;0.0683;1.4133;0.0015
3457;19-DAPI-1-40x-402ms.tif;NBL;0.0486;0.0486;51.9129;0.5759;2.5235;0.028
3458;19-DAPI-1-40x-402ms.tif;NBL;0.0339;0.0339;41.3045;0.2147;1.3983;0.0073
3459;19-DAPI-1-40x-402ms.tif;NBL;0.0833;0.0833;63.1211;0.3958;5.2601;0.033
3460;19-DAPI-1-40x-402ms.tif;NBL;0.0469;0.0469;57.1389;0.7176;2.6784;0.0336
3461;19-DAPI-1-40x-402ms.tif;NBL;0.0398;0.0398;92.5313;0.6703;3.6848;0.0267
3462;19-DAPI-1-40x-402ms.tif;NBL;0.0368;0.0368;55.7847;0.5575;2.052;0.0205
3463;19-DAPI-1-40x-402ms.tif;NBL;0.0467;0.0467;54.8488;0.1535;2.5591;0.0072
3464;19-DAPI-1-40x-402ms.tif;NBL;0.0406;0.0406;63.3048;0.3342;2.569;0.0136
3465;19-DAPI-1-40x-402ms.tif;NBL;0.046;0.046;47.2005;0.1675;2.1715;0.0077
3466;19-DAPI-1-40x-402ms.tif;NBL;0.0288;0.0288;45.3698;0.3396;1.3046;0.0098
3467;19-DAPI-1-40x-402ms.tif;NBL;0.0307;0.0307;51.8021;0.4947;1.5907;0.0152
3468;19-DAPI-1-40x-402ms.tif;NBL;0.0547;0.0547;48.5337;0.0734;2.6542;0.004
3469;19-DAPI-1-40x-402ms.tif;NBL;0.0292;0.0292;87.1078;0.4015;2.5425;0.0117
3470;19-DAPI-1-40x-402ms.tif;NBL;0.0476;0.0476;64.3667;0.5285;3.0661;0.0252
3471;19-DAPI-1-40x-402ms.tif;NBL;0.0493;0.0493;50.9251;0.5308;2.5087;0.0262
