 ;Image;Region;Area-B;Area-G;Mean-B;Mean-G;IntDen-B;IntDen-G
1;01-DAPI-1-40x-485ms.tif;NBL;0.0604;0.0604;103.7235;0.781;6.2689;0.0472
2;01-DAPI-1-40x-485ms.tif;NBL;0.0316;0.0316;109.1168;1.0241;3.4454;0.0323
3;01-DAPI-1-40x-485ms.tif;NBL;0.1121;0.1121;119.8364;0.9226;13.4322;0.1034
4;01-DAPI-1-40x-485ms.tif;NBL;0.0448;0.0448;123.0218;0.8523;5.513;0.0382
5;01-DAPI-1-40x-485ms.tif;NBL;0.0492;0.0492;115.3046;0.8985;5.6676;0.0442
6;01-DAPI-1-40x-485ms.tif;NBL;0.0482;0.0482;73.3041;1.1261;3.5316;0.0543
7;01-DAPI-1-40x-485ms.tif;NBL;0.0603;0.0603;58.1835;1.2626;3.5102;0.0762
8;01-DAPI-1-40x-485ms.tif;NBL;0.045;0.045;115.4145;1.2458;5.1972;0.0561
9;01-DAPI-1-40x-485ms.tif;NBL;0.0086;0.0086;114.3544;0.7089;0.9803;0.0061
10;01-DAPI-1-40x-485ms.tif;NBL;0.0089;0.0089;111.8293;0.7073;0.995;0.0063
11;01-DAPI-1-40x-485ms.tif;NBL;0.0372;0.0372;85.0641;0.6706;3.1659;0.025
12;01-DAPI-1-40x-485ms.tif;NBL;0.0596;0.0596;42.1585;0.5774;2.5114;0.0344
13;01-DAPI-1-40x-485ms.tif;NBL;0.0805;0.0805;51.0863;0.9313;4.1131;0.075
14;01-DAPI-1-40x-485ms.tif;NBL;0.0747;0.0747;115.9985;1.0916;8.6596;0.0815
15;01-DAPI-1-40x-485ms.tif;NBL;0.0252;0.0252;113.7371;1.2802;2.8632;0.0322
16;01-DAPI-1-40x-485ms.tif;NBL;0.0662;0.0662;91.7279;1.3049;6.0714;0.0864
17;01-DAPI-1-40x-485ms.tif;NBL;0.0707;0.0707;87.8865;1.6518;6.2177;0.1169
18;01-DAPI-1-40x-485ms.tif;NBL;0.0605;0.0605;106.905;1.7975;6.4728;0.1088
19;01-DAPI-1-40x-485ms.tif;NBL;0.05;0.05;97.744;1.872;4.8893;0.0936
20;01-DAPI-1-40x-485ms.tif;NBL;0.0854;0.0854;110.6722;2.4079;9.4508;0.2056
21;01-DAPI-1-40x-485ms.tif;NBL;0.1096;0.1096;52.3782;3.1396;5.7402;0.3441
22;01-DAPI-1-40x-485ms.tif;NBL;0.1335;0.1335;71.4407;2.2813;9.5347;0.3045
23;01-DAPI-1-40x-485ms.tif;NBL;0.0477;0.0477;55.7477;3.4932;2.6616;0.1668
24;01-DAPI-1-40x-485ms.tif;NBL;0.0089;0.0089;114.7073;3.1341;1.0206;0.0279
25;01-DAPI-1-40x-485ms.tif;NBL;0.0584;0.0584;116.3922;1.9851;6.7946;0.1159
26;01-DAPI-1-40x-485ms.tif;NBL;0.0728;0.0728;120.7973;2.6364;8.795;0.1919
27;01-DAPI-1-40x-485ms.tif;NBL;0.0612;0.0612;125.1241;2.0638;7.6573;0.1263
28;01-DAPI-1-40x-485ms.tif;NBL;0.0557;0.0557;68.5224;2.655;3.8142;0.1478
29;01-DAPI-1-40x-485ms.tif;NBL;0.0702;0.0702;102.5008;3.5193;7.196;0.2471
30;01-DAPI-1-40x-485ms.tif;NBL;0.052;0.052;112.5992;1.8956;5.8523;0.0985
31;01-DAPI-1-40x-485ms.tif;NBL;0.0456;0.0456;109.9357;2.1405;5.0101;0.0975
32;01-DAPI-1-40x-485ms.tif;NBL;0.0965;0.0965;67.1192;1.6445;6.4745;0.1586
33;01-DAPI-1-40x-485ms.tif;NBL;0.0611;0.0611;101.9574;1.5986;6.2285;0.0977
34;01-DAPI-1-40x-485ms.tif;NBL;0.1023;0.1023;101.7147;1.1177;10.4077;0.1144
35;01-DAPI-1-40x-485ms.tif;NBL;0.1002;0.1002;57.8007;3.5016;5.7888;0.3507
36;01-DAPI-1-40x-485ms.tif;NBL;0.0875;0.0875;76.4268;3.0037;6.684;0.2627
37;01-DAPI-1-40x-485ms.tif;NBL;0.0718;0.0718;109.0559;0.9985;7.8337;0.0717
38;01-DAPI-1-40x-485ms.tif;NBL;0.0948;0.0948;92.5732;1.4817;8.7792;0.1405
39;01-DAPI-1-40x-485ms.tif;NBL;0.0432;0.0432;62.3417;2.5452;2.6923;0.1099
40;01-DAPI-1-40x-485ms.tif;NBL;0.1496;0.1496;77.1922;2.1363;11.5503;0.3197
41;01-DAPI-1-40x-485ms.tif;NBL;0.0929;0.0929;90.5888;1.6811;8.4141;0.1561
42;01-DAPI-1-40x-485ms.tif;NBL;0.0792;0.0792;100.9849;1.2274;7.999;0.0972
43;01-DAPI-1-40x-485ms.tif;NBL;0.0893;0.0893;73.6452;1.2321;6.5766;0.11
44;01-DAPI-1-40x-485ms.tif;NBL;0.0856;0.0856;90.7161;1.0355;7.7664;0.0887
45;01-DAPI-1-40x-485ms.tif;NBL;0.0678;0.0678;80.3808;1.2608;5.4512;0.0855
46;01-DAPI-1-40x-485ms.tif;NBL;0.0687;0.0687;104.3112;1.3602;7.1646;0.0934
47;01-DAPI-1-40x-485ms.tif;NBL;0.0769;0.0769;88.3766;1.653;6.7989;0.1272
48;01-DAPI-1-40x-485ms.tif;NBL;0.0347;0.0347;95.85;1.4125;3.3281;0.049
49;01-DAPI-1-40x-485ms.tif;NBL;0.1138;0.1138;87.1392;1.918;9.9185;0.2183
50;01-DAPI-1-40x-485ms.tif;NBL;0.0893;0.0893;102.6015;1.4301;9.1624;0.1277
51;01-DAPI-1-40x-485ms.tif;NBL;0.0803;0.0803;106.7041;1.5432;8.5678;0.1239
52;01-DAPI-1-40x-485ms.tif;NBL;0.0793;0.0793;73.3529;2.1874;5.8183;0.1735
53;01-DAPI-1-40x-485ms.tif;NBL;0.0401;0.0401;94.3514;2.1054;3.788;0.0845
54;01-DAPI-1-40x-485ms.tif;NBL;0.0496;0.0496;111.3917;1.8775;5.5237;0.0931
55;01-DAPI-1-40x-485ms.tif;NBL;0.0686;0.0686;107.0285;1.8101;7.3396;0.1241
56;01-DAPI-1-40x-485ms.tif;NBL;0.069;0.069;84.0142;1.2925;5.7979;0.0892
57;01-DAPI-1-40x-485ms.tif;NBL;0.0747;0.0747;77.1148;1.5858;5.7568;0.1184
58;01-DAPI-1-40x-485ms.tif;NBL;0.0685;0.0685;113.5959;1.1506;7.7777;0.0788
59;01-DAPI-1-40x-485ms.tif;NBL;0.0625;0.0625;108.6771;1.4618;6.7923;0.0914
60;01-DAPI-1-40x-485ms.tif;NBL;0.0502;0.0502;61.6501;1.1836;3.0972;0.0595
61;01-DAPI-1-40x-485ms.tif;NBL;0.0545;0.0545;98.7171;1.8008;5.3772;0.0981
62;01-DAPI-1-40x-485ms.tif;NBL;0.0563;0.0563;113.1252;1.5703;6.3707;0.0884
63;01-DAPI-1-40x-485ms.tif;NBL;0.0442;0.0442;96.0123;1.6978;4.2401;0.075
64;01-DAPI-1-40x-485ms.tif;NBL;0.0485;0.0485;83.4362;1.5257;4.0469;0.074
65;01-DAPI-1-40x-485ms.tif;NBL;0.0717;0.0717;81.0605;1.4871;5.8139;0.1067
66;01-DAPI-1-40x-485ms.tif;NBL;0.1151;0.1151;67.8728;2.3327;7.8139;0.2686
67;01-DAPI-1-40x-485ms.tif;NBL;0.047;0.047;92.7714;1.7252;4.3587;0.0811
68;01-DAPI-1-40x-485ms.tif;NBL;0.1498;0.1498;87.2737;2.0406;13.0778;0.3058
69;01-DAPI-1-40x-485ms.tif;NBL;0.0522;0.0522;70.6985;1.6071;3.6899;0.0839
70;01-DAPI-1-40x-485ms.tif;NBL;0.0602;0.0602;94.6234;1.1982;5.6984;0.0722
71;01-DAPI-1-40x-485ms.tif;NBL;0.0597;0.0597;49.8709;1.18;2.9762;0.0704
72;01-DAPI-1-40x-485ms.tif;NBL;0.0766;0.0766;74.0014;1.4136;5.6689;0.1083
73;01-DAPI-1-40x-485ms.tif;NBL;0.0685;0.0685;52.6339;1.019;3.6037;0.0698
74;01-DAPI-1-40x-485ms.tif;NBL;0.1118;0.1118;81.8175;1.2864;9.1441;0.1438
75;01-DAPI-1-40x-485ms.tif;NBL;0.1076;0.1076;92.0907;1.4153;9.9125;0.1523
76;01-DAPI-1-40x-485ms.tif;NBL;0.1329;0.1329;83.3127;1.4906;11.074;0.1981
77;01-DAPI-1-40x-485ms.tif;NBL;0.1118;0.1118;58.3864;1.4272;6.5254;0.1595
78;01-DAPI-1-40x-485ms.tif;NBL;0.1113;0.1113;85.7641;1.2173;9.548;0.1355
79;01-DAPI-1-40x-485ms.tif;NBL;0.0794;0.0794;109.2486;1.6694;8.6773;0.1326
80;01-DAPI-1-40x-485ms.tif;NBL;0.1018;0.1018;61.6045;1.5288;6.2701;0.1556
81;01-DAPI-1-40x-485ms.tif;NBL;0.0936;0.0936;39.6292;1.8331;3.7109;0.1717
82;01-DAPI-1-40x-485ms.tif;NBL;0.1439;0.1439;77.5784;1.6207;11.162;0.2332
83;01-DAPI-1-40x-485ms.tif;NBL;0.0934;0.0934;89.863;1.4309;8.3954;0.1337
84;01-DAPI-1-40x-485ms.tif;NBL;0.0702;0.0702;105.6785;0.9737;7.4191;0.0684
85;01-DAPI-1-40x-485ms.tif;NBL;0.0881;0.0881;71.0739;0.8953;6.2622;0.0789
86;01-DAPI-1-40x-485ms.tif;NBL;0.1064;0.1064;99.2243;1.2559;10.562;0.1337
87;01-DAPI-1-40x-485ms.tif;NBL;0.0528;0.0528;93.0862;1.8111;4.9189;0.0957
88;01-DAPI-1-40x-485ms.tif;NBL;0.0951;0.0951;86.4178;0.7922;8.2142;0.0753
89;01-DAPI-1-40x-485ms.tif;NBL;0.121;0.121;60.1399;0.7256;7.276;0.0878
90;01-DAPI-1-40x-485ms.tif;NBL;0.0776;0.0776;53.5497;0.7203;4.1545;0.0559
91;01-DAPI-1-40x-485ms.tif;NBL;0.1274;0.1274;64.9327;0.7232;8.2716;0.0921
92;01-DAPI-1-40x-485ms.tif;NBL;0.0727;0.0727;55.9881;0.7881;4.0703;0.0573
93;01-DAPI-1-40x-485ms.tif;NBL;0.1289;0.1289;70.7971;0.6515;9.1262;0.084
94;01-DAPI-1-40x-485ms.tif;NBL;0.0816;0.0816;96.0106;1.0479;7.8342;0.0855
95;01-DAPI-1-40x-485ms.tif;NBL;0.0752;0.0752;83.9509;1.4012;6.3127;0.1054
96;01-DAPI-1-40x-485ms.tif;NBL;0.0697;0.0697;69.0576;1.2601;4.8107;0.0878
97;01-DAPI-1-40x-485ms.tif;NBL;0.0561;0.0561;96.7582;0.7814;5.428;0.0438
98;01-DAPI-1-40x-485ms.tif;NBL;0.09;0.09;64.029;0.6273;5.7595;0.0564
99;01-DAPI-1-40x-485ms.tif;NBL;0.0851;0.0851;59.2347;0.5217;5.0391;0.0444
100;01-DAPI-1-40x-485ms.tif;NBL;0.1002;0.1002;78.5515;0.5525;7.8671;0.0553
101;01-DAPI-1-40x-485ms.tif;NBL;0.1033;0.1033;82.5326;0.375;8.5255;0.0387
102;01-DAPI-1-40x-485ms.tif;NBL;0.1312;0.1312;59.6195;0.4847;7.8212;0.0636
103;02-DAPI-1-40x-485ms.tif;NBL;0.0727;0.0727;56.1149;0.8522;4.0795;0.062
104;02-DAPI-1-40x-485ms.tif;NBL;0.074;0.074;28.7287;1.2962;2.126;0.0959
105;02-DAPI-1-40x-485ms.tif;NBL;0.0613;0.0613;41.5487;2.3257;2.5472;0.1426
106;02-DAPI-1-40x-485ms.tif;NBL;0.1263;0.1263;90.6667;1.134;11.4514;0.1432
107;02-DAPI-1-40x-485ms.tif;NBL;0.0669;0.0669;33.0243;1.0454;2.2109;0.07
108;02-DAPI-1-40x-485ms.tif;NBL;0.0629;0.0629;88.2966;0.55;5.5569;0.0346
109;02-DAPI-1-40x-485ms.tif;NBL;0.1063;0.1063;47.4663;0.2867;5.0474;0.0305
110;02-DAPI-1-40x-485ms.tif;NBL;0.037;0.037;46.522;0.5718;1.7214;0.0212
111;02-DAPI-1-40x-485ms.tif;NBL;0.1151;0.1151;69.2865;0.5674;7.9767;0.0653
112;02-DAPI-1-40x-485ms.tif;NBL;0.0586;0.0586;52.6556;0.9685;3.0853;0.0567
113;02-DAPI-1-40x-485ms.tif;NBL;0.0843;0.0843;62.6589;1.3102;5.2828;0.1105
114;02-DAPI-1-40x-485ms.tif;NBL;0.0679;0.0679;67.1645;1.5256;4.5622;0.1036
115;02-DAPI-1-40x-485ms.tif;NBL;0.1204;0.1204;94.5991;1.3982;11.3938;0.1684
116;02-DAPI-1-40x-485ms.tif;NBL;0.1377;0.1377;80.041;1.2994;11.0213;0.1789
117;02-DAPI-1-40x-485ms.tif;NBL;0.1329;0.1329;82.8678;1.4751;11.0149;0.1961
118;02-DAPI-1-40x-485ms.tif;NBL;0.1515;0.1515;86.2393;1.7013;13.0632;0.2577
119;02-DAPI-1-40x-485ms.tif;NBL;0.1494;0.1494;76.7654;1.7131;11.4698;0.256
120;02-DAPI-1-40x-485ms.tif;NBL;0.1424;0.1424;91.1479;1.5663;12.9759;0.223
121;02-DAPI-1-40x-485ms.tif;NBL;0.1508;0.1508;85.0115;1.3892;12.8218;0.2095
122;02-DAPI-1-40x-485ms.tif;NBL;0.1338;0.1338;95.5036;1.5045;12.7773;0.2013
123;02-DAPI-1-40x-485ms.tif;NBL;0.168;0.168;86.3043;1.0084;14.4964;0.1694
124;02-DAPI-1-40x-485ms.tif;NBL;0.1481;0.1481;92.5282;1.3172;13.7045;0.1951
125;02-DAPI-1-40x-485ms.tif;NBL;0.0995;0.0995;90.9368;1.385;9.0483;0.1378
126;02-DAPI-1-40x-485ms.tif;NBL;0.1405;0.1405;75.9807;1.7251;10.6765;0.2424
127;02-DAPI-1-40x-485ms.tif;NBL;0.1369;0.1369;75.1181;1.0848;10.2863;0.1485
128;02-DAPI-1-40x-485ms.tif;NBL;0.1262;0.1262;84.8676;2.1083;10.7097;0.2661
129;02-DAPI-1-40x-485ms.tif;NBL;0.1777;0.1777;48.5037;1.2674;8.6208;0.2253
130;02-DAPI-1-40x-485ms.tif;NBL;0.184;0.184;64.1044;1.8833;11.797;0.3466
131;02-DAPI-1-40x-485ms.tif;NBL;0.1386;0.1386;69.8403;1.242;9.6773;0.1721
132;02-DAPI-1-40x-485ms.tif;NBL;0.0984;0.0984;112.4829;1.8148;11.0701;0.1786
133;02-DAPI-1-40x-485ms.tif;NBL;0.0774;0.0774;60.7251;1.6143;4.698;0.1249
134;02-DAPI-1-40x-485ms.tif;NBL;0.0678;0.0678;110.992;2.1776;7.5271;0.1477
135;02-DAPI-1-40x-485ms.tif;NBL;0.1618;0.1618;61.9142;2.2488;10.0167;0.3638
136;02-DAPI-1-40x-485ms.tif;NBL;0.1686;0.1686;67.3398;2.0676;11.3548;0.3486
137;02-DAPI-1-40x-485ms.tif;NBL;0.1581;0.1581;112.7001;2.1016;17.8173;0.3322
138;02-DAPI-1-40x-485ms.tif;NBL;0.0762;0.0762;117.5484;1.5385;8.9539;0.1172
139;02-DAPI-1-40x-485ms.tif;NBL;0.1388;0.1388;96.76;1.645;13.4284;0.2283
140;02-DAPI-1-40x-485ms.tif;NBL;0.1572;0.1572;70.3168;1.57;11.0557;0.2469
141;02-DAPI-1-40x-485ms.tif;NBL;0.0918;0.0918;103.8806;1.5473;9.5359;0.142
142;02-DAPI-1-40x-485ms.tif;NBL;0.0853;0.0853;111.7481;1.7735;9.5306;0.1513
143;02-DAPI-1-40x-485ms.tif;NBL;0.1605;0.1605;88.5368;1.7742;14.2086;0.2847
144;02-DAPI-1-40x-485ms.tif;NBL;0.0796;0.0796;114.8052;1.8134;9.1436;0.1444
145;02-DAPI-1-40x-485ms.tif;NBL;0.1407;0.1407;87.6353;2.249;12.3332;0.3165
146;02-DAPI-1-40x-485ms.tif;NBL;0.1165;0.1165;99.2291;1.9283;11.5638;0.2247
147;02-DAPI-1-40x-485ms.tif;NBL;0.1198;0.1198;52.4447;2.7563;6.2824;0.3302
148;02-DAPI-1-40x-485ms.tif;NBL;0.0754;0.0754;112.9194;2.4964;8.5155;0.1883
149;02-DAPI-1-40x-485ms.tif;NBL;0.114;0.114;91.9638;1.5452;10.4876;0.1762
150;02-DAPI-1-40x-485ms.tif;NBL;0.1222;0.1222;94.1075;1.6492;11.4979;0.2015
151;02-DAPI-1-40x-485ms.tif;NBL;0.0996;0.0996;108.451;1.4684;10.8027;0.1463
152;02-DAPI-1-40x-485ms.tif;NBL;0.1087;0.1087;105.5529;1.4411;11.4761;0.1567
153;02-DAPI-1-40x-485ms.tif;NBL;0.0869;0.0869;111.6117;1.5019;9.7006;0.1305
154;02-DAPI-1-40x-485ms.tif;NBL;0.0932;0.0932;109.844;1.7125;10.2383;0.1596
155;02-DAPI-1-40x-485ms.tif;NBL;0.0907;0.0907;108.0203;1.299;9.7987;0.1178
156;02-DAPI-1-40x-485ms.tif;NBL;0.1043;0.1043;107.1915;1.5609;11.1774;0.1628
157;02-DAPI-1-40x-485ms.tif;NBL;0.165;0.165;92.0927;1.0414;15.1989;0.1719
158;02-DAPI-1-40x-485ms.tif;NBL;0.1072;0.1072;106.9241;1.6731;11.4628;0.1794
159;02-DAPI-1-40x-485ms.tif;NBL;0.1034;0.1034;112.7807;1.0881;11.6623;0.1125
160;02-DAPI-1-40x-485ms.tif;NBL;0.0755;0.0755;102.4009;1.5704;7.7334;0.1186
161;02-DAPI-1-40x-485ms.tif;NBL;0.1356;0.1356;92.8368;1.5696;12.5918;0.2129
162;02-DAPI-1-40x-485ms.tif;NBL;0.105;0.105;106.7944;1.3574;11.2171;0.1426
163;02-DAPI-1-40x-485ms.tif;NBL;0.0801;0.0801;96.6938;1.5474;7.7431;0.1239
164;02-DAPI-1-40x-485ms.tif;NBL;0.0581;0.0581;100.0168;1.4579;5.8061;0.0846
165;02-DAPI-1-40x-485ms.tif;NBL;0.0603;0.0603;117.3885;1.6115;7.082;0.0972
166;02-DAPI-1-40x-485ms.tif;NBL;0.0876;0.0876;102.4944;1.285;8.9749;0.1125
167;02-DAPI-1-40x-485ms.tif;NBL;0.1313;0.1313;88.5884;1.5463;11.6311;0.203
168;02-DAPI-1-40x-485ms.tif;NBL;0.1158;0.1158;102.0825;1.4649;11.8188;0.1696
169;02-DAPI-1-40x-485ms.tif;NBL;0.0908;0.0908;110.8734;1.589;10.0696;0.1443
170;02-DAPI-1-40x-485ms.tif;NBL;0.121;0.121;54.2054;1.452;6.5581;0.1757
171;02-DAPI-1-40x-485ms.tif;NBL;0.0732;0.0732;97.0178;1.3481;7.1058;0.0987
172;02-DAPI-1-40x-485ms.tif;NBL;0.1216;0.1216;80.4202;1.3836;9.782;0.1683
173;02-DAPI-1-40x-485ms.tif;NBL;0.1455;0.1455;67.2565;2.4519;9.7863;0.3568
174;02-DAPI-1-40x-485ms.tif;NBL;0.0571;0.0571;105.4221;1.5038;6.0169;0.0858
175;02-DAPI-1-40x-485ms.tif;NBL;0.1538;0.1538;78.4905;2.3331;12.0683;0.3587
176;02-DAPI-1-40x-485ms.tif;NBL;0.1183;0.1183;80.3817;2.0156;9.5069;0.2384
177;02-DAPI-1-40x-485ms.tif;NBL;0.0481;0.0481;56.0632;2.9526;2.6949;0.1419
178;02-DAPI-1-40x-485ms.tif;NBL;0.1135;0.1135;109.0153;1.5488;12.373;0.1758
179;02-DAPI-1-40x-485ms.tif;NBL;0.0664;0.0664;105.5882;1.3268;7.0117;0.0881
180;02-DAPI-1-40x-485ms.tif;NBL;0.1024;0.1024;105.7426;1.1239;10.8313;0.1151
181;02-DAPI-1-40x-485ms.tif;NBL;0.0664;0.0664;89.3922;1.4559;5.9362;0.0967
182;02-DAPI-1-40x-485ms.tif;NBL;0.1522;0.1522;89.3428;1.67;13.6011;0.2542
183;02-DAPI-1-40x-485ms.tif;NBL;0.157;0.157;67.1672;1.3248;10.5459;0.208
184;02-DAPI-1-40x-485ms.tif;NBL;0.1585;0.1585;84.5832;1.3388;13.4089;0.2122
185;02-DAPI-1-40x-485ms.tif;NBL;0.1272;0.1272;96.4753;1.4727;12.2688;0.1873
186;02-DAPI-1-40x-485ms.tif;NBL;0.148;0.148;84.6085;1.706;12.5224;0.2525
187;02-DAPI-1-40x-485ms.tif;NBL;0.1156;0.1156;103.8488;1.7249;12.0008;0.1993
188;02-DAPI-1-40x-485ms.tif;NBL;0.1895;0.1895;60.8139;1.6243;11.5214;0.3077
189;02-DAPI-1-40x-485ms.tif;NBL;0.1004;0.1004;64.2941;2.0735;6.4531;0.2081
190;02-DAPI-1-40x-485ms.tif;NBL;0.1442;0.1442;97.3604;1.4823;14.0399;0.2138
191;02-DAPI-1-40x-485ms.tif;NBL;0.1292;0.1292;98.2292;1.3938;12.6943;0.1801
192;02-DAPI-1-40x-485ms.tif;NBL;0.1315;0.1315;93.698;1.3028;12.3223;0.1713
193;02-DAPI-1-40x-485ms.tif;NBL;0.1491;0.1491;94.6579;1.5226;14.1124;0.227
194;02-DAPI-1-40x-485ms.tif;NBL;0.1043;0.1043;96.4121;1.4631;10.0534;0.1526
195;02-DAPI-1-40x-485ms.tif;NBL;0.1033;0.1033;86.8866;2.0074;8.9753;0.2074
196;02-DAPI-1-40x-485ms.tif;NBL;0.1492;0.1492;76.1455;1.5629;11.3607;0.2332
197;02-DAPI-1-40x-485ms.tif;NBL;0.1077;0.1077;54.1037;1.571;5.8295;0.1693
198;02-DAPI-1-40x-485ms.tif;NBL;0.1003;0.1003;67.7652;1.2662;6.7942;0.127
199;02-DAPI-1-40x-485ms.tif;NBL;0.1662;0.1662;59.8094;1.4445;9.9423;0.2401
200;02-DAPI-1-40x-485ms.tif;NBL;0.0339;0.0339;52.4487;1.2596;1.7756;0.0426
201;02-DAPI-1-40x-485ms.tif;NBL;0.0828;0.0828;47.1324;2.1035;3.9021;0.1742
202;02-DAPI-1-40x-485ms.tif;NBL;0.0697;0.0697;63.5888;1.81;4.4297;0.1261
203;02-DAPI-1-40x-485ms.tif;NBL;0.1545;0.1545;41.6868;1.6032;6.4412;0.2477
204;02-DAPI-1-40x-485ms.tif;NBL;0.1313;0.1313;47.4678;2.6545;6.2322;0.3485
205;02-DAPI-1-40x-485ms.tif;NBL;0.0869;0.0869;50.6742;1.6155;4.4043;0.1404
206;02-DAPI-1-40x-485ms.tif;NBL;0.1246;0.1246;53.2674;1.0801;6.6353;0.1345
207;02-DAPI-1-40x-485ms.tif;NBL;0.0602;0.0602;52.818;1.009;3.1808;0.0608
208;02-DAPI-1-40x-485ms.tif;NBL;0.1288;0.1288;81.1794;1.0463;10.4557;0.1348
209;02-DAPI-1-40x-485ms.tif;NBL;0.1613;0.1613;39.2273;1.4889;6.3293;0.2402
210;02-DAPI-1-40x-485ms.tif;NBL;0.1004;0.1004;58.3978;1.2205;5.8613;0.1225
211;02-DAPI-1-40x-485ms.tif;NBL;0.109;0.109;71.6866;0.5721;7.8174;0.0624
212;02-DAPI-1-40x-485ms.tif;NBL;0.0535;0.0535;43.8702;0.6694;2.3468;0.0358
213;02-DAPI-1-40x-485ms.tif;NBL;0.0667;0.0667;34.7967;0.7187;2.322;0.048
214;02-DAPI-1-40x-485ms.tif;NBL;0.1667;0.1667;54.2318;11.3353;9.0386;1.8892
215;03-DAPI-1-40x-485ms.tif;NBL;0.098;0.098;80.4563;0.2038;7.8832;0.02
216;03-DAPI-1-40x-485ms.tif;NBL;0.1049;0.1049;86.9349;0.5512;9.1217;0.0578
217;03-DAPI-1-40x-485ms.tif;NBL;0.1221;0.1221;53.304;0.4116;6.5068;0.0502
218;03-DAPI-1-40x-485ms.tif;NBL;0.127;0.127;56.5701;0.5393;7.1817;0.0685
219;03-DAPI-1-40x-485ms.tif;NBL;0.1226;0.1226;61.0708;0.7425;7.4881;0.091
220;03-DAPI-1-40x-485ms.tif;NBL;0.0941;0.0941;62.5121;0.4683;5.8809;0.0441
221;03-DAPI-1-40x-485ms.tif;NBL;0.0959;0.0959;43.2466;0.4095;4.1482;0.0393
222;03-DAPI-1-40x-485ms.tif;NBL;0.0581;0.0581;64.4;1.0393;3.7385;0.0603
223;03-DAPI-1-40x-485ms.tif;NBL;0.069;0.069;45.2469;1.4953;3.1225;0.1032
224;03-DAPI-1-40x-485ms.tif;NBL;0.064;0.064;105.5814;0.9508;6.7592;0.0609
225;03-DAPI-1-40x-485ms.tif;NBL;0.0634;0.0634;80.7568;1.5034;5.1174;0.0953
226;03-DAPI-1-40x-485ms.tif;NBL;0.0479;0.0479;44.0522;2.4853;2.108;0.1189
227;03-DAPI-1-40x-485ms.tif;NBL;0.06;0.06;98.7595;1.0127;5.926;0.0608
228;03-DAPI-1-40x-485ms.tif;NBL;0.0716;0.0716;69.0773;1.6636;4.9469;0.1191
229;03-DAPI-1-40x-485ms.tif;NBL;0.1495;0.1495;31.9775;1.1263;4.7814;0.1684
230;03-DAPI-1-40x-485ms.tif;NBL;0.0744;0.0744;24.4082;1.0787;1.8168;0.0803
231;03-DAPI-1-40x-485ms.tif;NBL;0.1368;0.1368;42.2109;1.8818;5.7756;0.2575
232;03-DAPI-1-40x-485ms.tif;NBL;0.1258;0.1258;53.9948;1.962;6.7904;0.2467
233;03-DAPI-1-40x-485ms.tif;NBL;0.1109;0.1109;97.1732;1.9168;10.7759;0.2126
234;03-DAPI-1-40x-485ms.tif;NBL;0.0368;0.0368;108.5959;1.7699;3.9946;0.0651
235;03-DAPI-1-40x-485ms.tif;NBL;0.0431;0.0431;110.6146;1.6322;4.765;0.0703
236;03-DAPI-1-40x-485ms.tif;NBL;0.0854;0.0854;82.3761;1.3316;7.0345;0.1137
237;03-DAPI-1-40x-485ms.tif;NBL;0.0818;0.0818;79.2109;1.5942;6.4806;0.1304
238;03-DAPI-1-40x-485ms.tif;NBL;0.1587;0.1587;57.8975;2.0273;9.191;0.3218
239;03-DAPI-1-40x-485ms.tif;NBL;0.0333;0.0333;64.3909;2.3713;2.145;0.079
240;03-DAPI-1-40x-485ms.tif;NBL;0.0438;0.0438;56.1188;1.6213;2.4601;0.0711
241;03-DAPI-1-40x-485ms.tif;NBL;0.031;0.031;99.986;1.486;3.1029;0.0461
242;03-DAPI-1-40x-485ms.tif;NBL;0.1155;0.1155;62.1579;1.6635;7.1762;0.1921
243;03-DAPI-1-40x-485ms.tif;NBL;0.07;0.07;111.645;1.7225;7.8137;0.1206
244;03-DAPI-1-40x-485ms.tif;NBL;0.0927;0.0927;104.6054;1.6253;9.6933;0.1506
245;03-DAPI-1-40x-485ms.tif;NBL;0.0487;0.0487;124.1737;2.5924;6.0497;0.1263
246;03-DAPI-1-40x-485ms.tif;NBL;0.0731;0.0731;108.4006;1.4585;7.9277;0.1067
247;03-DAPI-1-40x-485ms.tif;NBL;0.1015;0.1015;63.1219;1.1947;6.404;0.1212
248;03-DAPI-1-40x-485ms.tif;NBL;0.0698;0.0698;109.028;0.9798;7.6069;0.0684
249;03-DAPI-1-40x-485ms.tif;NBL;0.1449;0.1449;81.6082;1.5318;11.8215;0.2219
250;03-DAPI-1-40x-485ms.tif;NBL;0.0431;0.0431;53.6474;0.3854;2.311;0.0166
251;03-DAPI-1-40x-485ms.tif;NBL;0.1117;0.1117;61.8853;0.0914;6.9097;0.0102
252;03-DAPI-1-40x-485ms.tif;NBL;0.1325;0.1325;51.774;0.3857;6.8594;0.0511
253;03-DAPI-1-40x-485ms.tif;NBL;0.0418;0.0418;72.2;0.2623;3.0162;0.011
254;03-DAPI-1-40x-485ms.tif;NBL;0.0662;0.0662;37.9098;0.4787;2.5092;0.0317
255;03-DAPI-1-40x-485ms.tif;NBL;0.0953;0.0953;55.279;0.4886;5.2664;0.0465
256;03-DAPI-1-40x-485ms.tif;NBL;0.0959;0.0959;45.5781;0.4921;4.3719;0.0472
257;03-DAPI-1-40x-485ms.tif;NBL;0.0596;0.0596;76.0255;1.5774;4.5289;0.094
258;03-DAPI-1-40x-485ms.tif;NBL;0.0532;0.0532;61.6388;2.5184;3.2772;0.1339
259;03-DAPI-1-40x-485ms.tif;NBL;0.1445;0.1445;61.6329;1.8604;8.9079;0.2689
260;03-DAPI-1-40x-485ms.tif;NBL;0.1153;0.1153;59.0395;1.2888;6.8098;0.1487
261;03-DAPI-1-40x-485ms.tif;NBL;0.087;0.087;51.3367;1.0586;4.4674;0.0921
262;03-DAPI-1-40x-485ms.tif;NBL;0.0857;0.0857;41.8899;1.2418;3.5908;0.1064
263;03-DAPI-1-40x-485ms.tif;NBL;0.1149;0.1149;54.6213;0.7573;6.2765;0.087
264;03-DAPI-1-40x-485ms.tif;NBL;0.1013;0.1013;53.6381;0.9636;5.436;0.0977
265;03-DAPI-1-40x-485ms.tif;NBL;0.097;0.097;84.5369;1.2293;8.2005;0.1192
266;03-DAPI-1-40x-485ms.tif;NBL;0.1077;0.1077;65.0252;1.284;7.0063;0.1383
267;03-DAPI-1-40x-485ms.tif;NBL;0.0651;0.0651;54.5067;0.795;3.5486;0.0518
268;03-DAPI-1-40x-485ms.tif;NBL;0.092;0.092;48.9446;0.5578;4.5036;0.0513
269;03-DAPI-1-40x-485ms.tif;NBL;0.0196;0.0196;67.0994;1.2486;1.3178;0.0245
270;03-DAPI-1-40x-485ms.tif;NBL;0.0933;0.0933;63.4837;0.764;5.924;0.0713
271;03-DAPI-1-40x-485ms.tif;NBL;0.0808;0.0808;85.4443;0.6027;6.9071;0.0487
272;03-DAPI-1-40x-485ms.tif;NBL;0.0648;0.0648;49.9464;0.7705;3.2355;0.0499
273;03-DAPI-1-40x-485ms.tif;NBL;0.0832;0.0832;96.1747;0.8892;8.0041;0.074
274;03-DAPI-1-40x-485ms.tif;NBL;0.0731;0.0731;76.2196;0.5579;5.5742;0.0408
275;03-DAPI-1-40x-485ms.tif;NBL;0.082;0.082;89.8466;0.9127;7.3702;0.0749
276;03-DAPI-1-40x-485ms.tif;NBL;0.086;0.086;80.4741;0.5637;6.9245;0.0485
277;03-DAPI-1-40x-485ms.tif;NBL;0.1069;0.1069;80.5756;0.4904;8.6119;0.0524
278;03-DAPI-1-40x-485ms.tif;NBL;0.1009;0.1009;92.4688;0.9011;9.3312;0.0909
279;03-DAPI-1-40x-485ms.tif;NBL;0.0421;0.0421;101.7887;1.4304;4.2854;0.0602
280;03-DAPI-1-40x-485ms.tif;NBL;0.1143;0.1143;76.8917;1.1861;8.7855;0.1355
281;03-DAPI-1-40x-485ms.tif;NBL;0.1259;0.1259;76.15;0.9983;9.5849;0.1257
282;03-DAPI-1-40x-485ms.tif;NBL;0.0633;0.0633;101.9863;1.2419;6.4516;0.0786
283;03-DAPI-1-40x-485ms.tif;NBL;0.1171;0.1171;71.2391;1.7563;8.3406;0.2056
284;03-DAPI-1-40x-485ms.tif;NBL;0.0929;0.0929;54.6379;1.5269;5.0749;0.1418
285;03-DAPI-1-40x-485ms.tif;NBL;0.0981;0.0981;73.281;1.6416;7.1882;0.161
286;03-DAPI-1-40x-485ms.tif;NBL;0.0918;0.0918;71.974;1.4433;6.607;0.1325
287;03-DAPI-1-40x-485ms.tif;NBL;0.0795;0.0795;95.1596;1.633;7.5686;0.1299
288;03-DAPI-1-40x-485ms.tif;NBL;0.0895;0.0895;104.9661;1.577;9.3964;0.1412
289;03-DAPI-1-40x-485ms.tif;NBL;0.0607;0.0607;100.5581;2.7478;6.0994;0.1667
290;03-DAPI-1-40x-485ms.tif;NBL;0.0601;0.0601;91.7509;2.4783;5.5154;0.149
291;03-DAPI-1-40x-485ms.tif;NBL;0.0296;0.0296;91.8791;2.1575;2.7217;0.0639
292;03-DAPI-1-40x-485ms.tif;NBL;0.0752;0.0752;81.0823;1.9957;6.097;0.1501
293;03-DAPI-1-40x-485ms.tif;NBL;0.0589;0.0589;89.2541;1.9208;5.2588;0.1132
294;03-DAPI-1-40x-485ms.tif;NBL;0.0562;0.0562;82.4382;2.6602;4.6336;0.1495
295;03-DAPI-1-40x-485ms.tif;NBL;0.1056;0.1056;68.2672;1.9527;7.2075;0.2062
296;03-DAPI-1-40x-485ms.tif;NBL;0.0793;0.0793;62.4391;1.8126;4.9526;0.1438
297;03-DAPI-1-40x-485ms.tif;NBL;0.0781;0.0781;93.4014;1.4;7.297;0.1094
298;03-DAPI-1-40x-485ms.tif;NBL;0.0632;0.0632;117.7388;2.1048;7.4353;0.1329
299;03-DAPI-1-40x-485ms.tif;NBL;0.046;0.046;117.4835;1.4222;5.4051;0.0654
300;03-DAPI-1-40x-485ms.tif;NBL;0.1261;0.1261;69.3589;1.5448;8.7451;0.1948
301;03-DAPI-1-40x-485ms.tif;NBL;0.0923;0.0923;50.1622;1.5417;4.6319;0.1424
302;03-DAPI-1-40x-485ms.tif;NBL;0.0734;0.0734;83.9467;1.5695;6.1576;0.1151
303;03-DAPI-1-40x-485ms.tif;NBL;0.0986;0.0986;40.1749;2.3421;3.9626;0.231
304;03-DAPI-1-40x-485ms.tif;NBL;0.0711;0.0711;93.5802;1.6977;6.6509;0.1207
305;03-DAPI-1-40x-485ms.tif;NBL;0.0572;0.0572;92.6357;1.7002;5.2972;0.0972
306;03-DAPI-1-40x-485ms.tif;NBL;0.053;0.053;79.8176;1.5635;4.2265;0.0828
307;03-DAPI-1-40x-485ms.tif;NBL;0.0825;0.0825;77.5553;1.3645;6.3956;0.1125
308;03-DAPI-1-40x-485ms.tif;NBL;0.0498;0.0498;96.4575;1.5795;4.804;0.0787
309;03-DAPI-1-40x-485ms.tif;NBL;0.116;0.116;74.044;1.637;8.5887;0.1899
310;03-DAPI-1-40x-485ms.tif;NBL;0.037;0.037;78.5103;1.4487;2.9049;0.0536
311;03-DAPI-1-40x-485ms.tif;NBL;0.0559;0.0559;74.4466;1.0602;4.1602;0.0592
312;03-DAPI-1-40x-485ms.tif;NBL;0.0872;0.0872;65.4291;1.1132;5.708;0.0971
313;03-DAPI-1-40x-485ms.tif;NBL;0.0683;0.0683;75.7361;1.2973;5.1691;0.0885
314;03-DAPI-1-40x-485ms.tif;NBL;0.0608;0.0608;113.8982;1.0357;6.9209;0.0629
315;03-DAPI-1-40x-485ms.tif;NBL;0.0615;0.0615;83.0511;1.1764;5.1096;0.0724
316;03-DAPI-1-40x-485ms.tif;NBL;0.0666;0.0666;110.4544;1.8632;7.3588;0.1241
317;03-DAPI-1-40x-485ms.tif;NBL;0.0622;0.0622;78.9546;1.4398;4.909;0.0895
318;03-DAPI-1-40x-485ms.tif;NBL;0.0612;0.0612;91.6489;1.3582;5.6087;0.0831
319;03-DAPI-1-40x-485ms.tif;NBL;0.084;0.084;84.301;1.5413;7.08;0.1294
320;03-DAPI-1-40x-485ms.tif;NBL;0.0496;0.0496;116.2998;0.9847;5.767;0.0488
321;03-DAPI-1-40x-485ms.tif;NBL;0.0321;0.0321;107.75;0.9628;3.4607;0.0309
322;03-DAPI-1-40x-485ms.tif;NBL;0.0394;0.0394;117.1322;0.8485;4.6136;0.0334
323;03-DAPI-1-40x-485ms.tif;NBL;0.0252;0.0252;60.2371;1.0776;1.5164;0.0271
324;03-DAPI-1-40x-485ms.tif;NBL;0.0566;0.0566;96.3621;0.8448;5.458;0.0479
325;03-DAPI-1-40x-485ms.tif;NBL;0.0511;0.0511;112.8747;0.9575;5.7687;0.0489
326;03-DAPI-1-40x-485ms.tif;NBL;0.0369;0.0369;75.8912;0.9676;2.7998;0.0357
327;03-DAPI-1-40x-485ms.tif;NBL;0.0289;0.0289;77.609;1.5526;2.24;0.0448
328;03-DAPI-1-40x-485ms.tif;NBL;0.0457;0.0457;72.9644;0.9406;3.3331;0.043
329;03-DAPI-1-40x-485ms.tif;NBL;0.074;0.074;94.3314;0.8959;6.9807;0.0663
330;03-DAPI-1-40x-485ms.tif;NBL;0.0352;0.0352;59.2747;1.071;2.0839;0.0377
331;03-DAPI-1-40x-485ms.tif;NBL;0.0664;0.0664;82.8497;0.9265;5.5017;0.0615
332;03-DAPI-1-40x-485ms.tif;NBL;0.0756;0.0756;49.693;1.528;3.7582;0.1156
333;03-DAPI-1-40x-485ms.tif;NBL;0.091;0.091;64.3063;1.6627;5.8543;0.1514
334;03-DAPI-1-40x-485ms.tif;NBL;0.0652;0.0652;75.8386;1.2379;4.9456;0.0807
335;03-DAPI-1-40x-485ms.tif;NBL;0.0681;0.0681;98.2962;1.1688;6.6981;0.0796
336;03-DAPI-1-40x-485ms.tif;NBL;0.049;0.049;117.8628;1.6814;5.7806;0.0825
337;03-DAPI-1-40x-485ms.tif;NBL;0.031;0.031;101.3671;1;3.1457;0.031
338;03-DAPI-1-40x-485ms.tif;NBL;0.0582;0.0582;92.5019;0.8545;5.3799;0.0497
339;03-DAPI-1-40x-485ms.tif;NBL;0.0479;0.0479;108.6463;0.9365;5.1989;0.0448
340;03-DAPI-1-40x-485ms.tif;NBL;0.0551;0.0551;116.5551;1.7441;6.4247;0.0961
341;03-DAPI-1-40x-485ms.tif;NBL;0.0424;0.0424;98.3504;1.5217;4.1726;0.0646
342;03-DAPI-1-40x-485ms.tif;NBL;0.0462;0.0462;112.6901;2.1972;5.209;0.1016
343;03-DAPI-1-40x-485ms.tif;NBL;0.0726;0.0726;57.4111;1.716;4.1675;0.1246
344;04-DAPI-1-40x-485ms.tif;NBL;0.05;0.05;106.4295;0.4469;5.3238;0.0224
345;04-DAPI-1-40x-485ms.tif;NBL;0.073;0.073;36.4428;0.737;2.6612;0.0538
346;04-DAPI-1-40x-485ms.tif;NBL;0.0735;0.0735;35.8331;0.5244;2.6323;0.0385
347;04-DAPI-1-40x-485ms.tif;NBL;0.0717;0.0717;79.9849;0.7504;5.7368;0.0538
348;04-DAPI-1-40x-485ms.tif;NBL;0.0866;0.0866;51.3308;1.0251;4.4447;0.0888
349;04-DAPI-1-40x-485ms.tif;NBL;0.0432;0.0432;62.7588;0.9925;2.7103;0.0429
350;04-DAPI-1-40x-485ms.tif;NBL;0.0633;0.0633;69.566;2.0154;4.4007;0.1275
351;04-DAPI-1-40x-485ms.tif;NBL;0.0707;0.0707;96.684;1.25;6.8401;0.0884
352;04-DAPI-1-40x-485ms.tif;NBL;0.074;0.074;84.0938;1.39;6.2231;0.1029
353;04-DAPI-1-40x-485ms.tif;NBL;0.0573;0.0573;112.4451;1.6098;6.4422;0.0922
354;04-DAPI-1-40x-485ms.tif;NBL;0.0664;0.0664;91.518;0.8203;6.0774;0.0545
355;04-DAPI-1-40x-485ms.tif;NBL;0.0814;0.0814;89.084;0.6467;7.2497;0.0526
356;04-DAPI-1-40x-485ms.tif;NBL;0.0807;0.0807;86.3589;0.7634;6.9717;0.0616
357;04-DAPI-1-40x-485ms.tif;NBL;0.0516;0.0516;101.1071;0.5105;5.2221;0.0264
358;04-DAPI-1-40x-485ms.tif;NBL;0.059;0.059;107.2408;1.3768;6.3302;0.0813
359;04-DAPI-1-40x-485ms.tif;NBL;0.0767;0.0767;102.3055;1.4342;7.8483;0.11
360;04-DAPI-1-40x-485ms.tif;NBL;0.1074;0.1074;44.9192;0.2576;4.8253;0.0277
361;04-DAPI-1-40x-485ms.tif;NBL;0.0587;0.0587;61.525;0.0887;3.6117;0.0052
362;04-DAPI-1-40x-485ms.tif;NBL;0.0723;0.0723;71.1667;0.1126;5.1429;0.0081
363;04-DAPI-1-40x-485ms.tif;NBL;0.0609;0.0609;55.8289;0.0392;3.3984;0.0024
364;04-DAPI-1-40x-485ms.tif;NBL;0.0922;0.0922;38.8235;0.0553;3.5807;0.0051
365;04-DAPI-1-40x-485ms.tif;NBL;0.0948;0.0948;61.1442;0.0149;5.7986;0.0014
366;04-DAPI-1-40x-485ms.tif;NBL;0.0841;0.0841;63.7987;0.0168;5.365;0.0014
367;04-DAPI-1-40x-485ms.tif;NBL;0.1114;0.1114;51.3681;0.0224;5.7243;0.0025
368;04-DAPI-1-40x-485ms.tif;NBL;0.0828;0.0828;49.9305;0.0118;4.1338;0.001
369;04-DAPI-1-40x-485ms.tif;NBL;0.0728;0.0728;59.301;0.0134;4.3176;0.001
370;04-DAPI-1-40x-485ms.tif;NBL;0.1002;0.1002;89.766;0.9848;8.9902;0.0986
371;04-DAPI-1-40x-485ms.tif;NBL;0.0809;0.0809;97.3445;1.441;7.8797;0.1166
372;04-DAPI-1-40x-485ms.tif;NBL;0.0599;0.0599;90.7754;0.9167;5.4371;0.0549
373;04-DAPI-1-40x-485ms.tif;NBL;0.0729;0.0729;79.8095;0.9613;5.8194;0.0701
374;04-DAPI-1-40x-485ms.tif;NBL;0.0716;0.0716;68.7591;0.9621;4.9242;0.0689
375;04-DAPI-1-40x-485ms.tif;NBL;0.0752;0.0752;97.7864;0.7287;7.3531;0.0548
376;04-DAPI-1-40x-485ms.tif;NBL;0.0722;0.0722;94.9068;0.8782;6.8482;0.0634
377;04-DAPI-1-40x-485ms.tif;NBL;0.0921;0.0921;81.3039;0.7562;7.4899;0.0697
378;04-DAPI-1-40x-485ms.tif;NBL;0.0814;0.0814;90.6773;1.0693;7.3793;0.087
379;04-DAPI-1-40x-485ms.tif;NBL;0.0576;0.0576;81.8136;0.9153;4.7139;0.0527
380;04-DAPI-1-40x-485ms.tif;NBL;0.0781;0.0781;100.5653;1.025;7.8567;0.0801
381;04-DAPI-1-40x-485ms.tif;NBL;0.0806;0.0806;105.0956;1.2907;8.4729;0.1041
382;04-DAPI-1-40x-485ms.tif;NBL;0.0893;0.0893;67.7947;1.0097;6.0541;0.0902
383;04-DAPI-1-40x-485ms.tif;NBL;0.0592;0.0592;71.7747;0.967;4.2523;0.0573
384;04-DAPI-1-40x-485ms.tif;NBL;0.0572;0.0572;65.7287;1.1271;3.7586;0.0645
385;04-DAPI-1-40x-485ms.tif;NBL;0.0724;0.0724;100.5742;1.1634;7.279;0.0842
386;04-DAPI-1-40x-485ms.tif;NBL;0.0839;0.0839;85.1798;1.1759;7.1445;0.0986
387;04-DAPI-1-40x-485ms.tif;NBL;0.0426;0.0426;71.8346;1.2926;3.0633;0.0551
388;04-DAPI-1-40x-485ms.tif;NBL;0.0935;0.0935;88.5499;1.0858;8.2823;0.1016
389;04-DAPI-1-40x-485ms.tif;NBL;0.0727;0.0727;92.1746;0.9507;6.7011;0.0691
390;04-DAPI-1-40x-485ms.tif;NBL;0.0628;0.0628;94.4957;2.0604;5.9367;0.1294
391;04-DAPI-1-40x-485ms.tif;NBL;0.0438;0.0438;74.2822;1.802;3.2563;0.079
392;04-DAPI-1-40x-485ms.tif;NBL;0.0639;0.0639;77.1273;1.9202;4.9293;0.1227
393;04-DAPI-1-40x-485ms.tif;NBL;0.0518;0.0518;59.1971;1.4507;3.0639;0.0751
394;04-DAPI-1-40x-485ms.tif;NBL;0.053;0.053;110.7131;1.5266;5.8624;0.0808
395;04-DAPI-1-40x-485ms.tif;NBL;0.064;0.064;111.2051;1.522;7.1192;0.0974
396;04-DAPI-1-40x-485ms.tif;NBL;0.0515;0.0515;89.3747;1.2589;4.6064;0.0649
397;04-DAPI-1-40x-485ms.tif;NBL;0.063;0.063;99.5232;1.4131;6.2742;0.0891
398;04-DAPI-1-40x-485ms.tif;NBL;0.0678;0.0678;91.4528;1.4656;6.202;0.0994
399;04-DAPI-1-40x-485ms.tif;NBL;0.0342;0.0342;124.4889;2.6254;4.255;0.0897
400;04-DAPI-1-40x-485ms.tif;NBL;0.0332;0.0332;101.3366;2.1732;3.3647;0.0722
401;04-DAPI-1-40x-485ms.tif;NBL;0.1037;0.1037;60.5805;2.1883;6.2842;0.227
402;04-DAPI-1-40x-485ms.tif;NBL;0.0448;0.0448;123.4262;1.632;5.5311;0.0731
403;04-DAPI-1-40x-485ms.tif;NBL;0.0506;0.0506;88.8991;1.4399;4.4951;0.0728
404;04-DAPI-1-40x-485ms.tif;NBL;0.025;0.025;53.9043;3.4826;1.3453;0.0869
405;04-DAPI-1-40x-485ms.tif;NBL;0.0621;0.0621;62.9528;2.2937;3.9072;0.1424
406;04-DAPI-1-40x-485ms.tif;NBL;0.0168;0.0168;68.7226;1.7226;1.1558;0.029
407;04-DAPI-1-40x-485ms.tif;NBL;0.0233;0.0233;52.8884;4.6233;1.2338;0.1079
408;04-DAPI-1-40x-485ms.tif;NBL;0.012;0.012;62.2523;2.2072;0.7498;0.0266
409;04-DAPI-1-40x-485ms.tif;NBL;0.0765;0.0765;100.0681;2.2184;7.6549;0.1697
410;04-DAPI-1-40x-485ms.tif;NBL;0.0958;0.0958;63.2933;2.427;6.0642;0.2325
411;04-DAPI-1-40x-485ms.tif;NBL;0.061;0.061;114.452;1.8238;6.9794;0.1112
412;04-DAPI-1-40x-485ms.tif;NBL;0.0661;0.0661;69.4975;1.7438;4.5924;0.1152
413;04-DAPI-1-40x-485ms.tif;NBL;0.0841;0.0841;92.2258;1.1574;7.7555;0.0973
414;04-DAPI-1-40x-485ms.tif;NBL;0.0565;0.0565;98.4626;2.1574;5.5663;0.122
415;04-DAPI-1-40x-485ms.tif;NBL;0.1;0.1;79.3742;1.8373;7.9409;0.1838
416;04-DAPI-1-40x-485ms.tif;NBL;0.0661;0.0661;86.7586;1.0493;5.7331;0.0693
417;04-DAPI-1-40x-485ms.tif;NBL;0.077;0.077;102.6803;1.438;7.9105;0.1108
418;04-DAPI-1-40x-485ms.tif;NBL;0.0638;0.0638;66.767;1.1786;4.2599;0.0752
419;04-DAPI-1-40x-485ms.tif;NBL;0.0915;0.0915;78.172;1.3784;7.1505;0.1261
420;04-DAPI-1-40x-485ms.tif;NBL;0.0496;0.0496;76.3764;1.5405;3.7873;0.0764
421;04-DAPI-1-40x-485ms.tif;NBL;0.0431;0.0431;81.4433;1.539;3.5084;0.0663
422;04-DAPI-1-40x-485ms.tif;NBL;0.0603;0.0603;62.5288;1.2716;3.7724;0.0767
423;04-DAPI-1-40x-485ms.tif;NBL;0.1007;0.1007;74.2015;0.9278;7.4717;0.0934
424;04-DAPI-1-40x-485ms.tif;NBL;0.0448;0.0448;96.0751;1.0073;4.3054;0.0451
425;04-DAPI-1-40x-485ms.tif;NBL;0.131;0.131;78.7978;1.3795;10.32;0.1807
426;04-DAPI-1-40x-485ms.tif;NBL;0.1077;0.1077;90.6576;1.426;9.7681;0.1536
427;04-DAPI-1-40x-485ms.tif;NBL;0.0788;0.0788;79.6419;1.4311;6.2739;0.1127
428;04-DAPI-1-40x-485ms.tif;NBL;0.0831;0.0831;84.1893;1.5;6.9975;0.1247
429;04-DAPI-1-40x-485ms.tif;NBL;0.1123;0.1123;82.8039;1.5014;9.2993;0.1686
430;04-DAPI-1-40x-485ms.tif;NBL;0.0964;0.0964;97.2027;1.2264;9.3659;0.1182
431;04-DAPI-1-40x-485ms.tif;NBL;0.0489;0.0489;90.6186;1.5211;4.4346;0.0744
432;04-DAPI-1-40x-485ms.tif;NBL;0.0913;0.0913;82.6801;1.5981;7.5449;0.1458
433;04-DAPI-1-40x-485ms.tif;NBL;0.0615;0.0615;85.1023;1.5132;5.2358;0.0931
434;04-DAPI-1-40x-485ms.tif;NBL;0.0696;0.0696;105.0031;1.3651;7.3033;0.0949
435;04-DAPI-1-40x-485ms.tif;NBL;0.0639;0.0639;90.202;1.489;5.7649;0.0952
436;04-DAPI-1-40x-485ms.tif;NBL;0.0374;0.0374;108.3768;2.1217;4.0571;0.0794
437;04-DAPI-1-40x-485ms.tif;NBL;0.0901;0.0901;105.6361;1.6012;9.5137;0.1442
438;04-DAPI-1-40x-485ms.tif;NBL;0.0383;0.0383;81.4561;1.6147;3.12;0.0618
439;04-DAPI-1-40x-485ms.tif;NBL;0.0559;0.0559;90.1709;1.4893;5.0388;0.0832
440;04-DAPI-1-40x-485ms.tif;NBL;0.0736;0.0736;98.4617;1.4985;7.2436;0.1102
441;04-DAPI-1-40x-485ms.tif;NBL;0.0461;0.0461;86.9459;1.4965;4.0095;0.069
442;04-DAPI-1-40x-485ms.tif;NBL;0.1064;0.1064;94.3038;1.4424;10.0382;0.1535
443;04-DAPI-1-40x-485ms.tif;NBL;0.0519;0.0519;95.3933;1.4059;4.9477;0.0729
444;04-DAPI-1-40x-485ms.tif;NBL;0.1042;0.1042;60.4094;1.2604;6.2926;0.1313
445;04-DAPI-1-40x-485ms.tif;NBL;0.1112;0.1112;62.5532;1.3493;6.9571;0.1501
446;04-DAPI-1-40x-485ms.tif;NBL;0.0852;0.0852;105.3822;1.0675;8.9762;0.0909
447;04-DAPI-1-40x-485ms.tif;NBL;0.0878;0.0878;95.2077;1.2101;8.3575;0.1062
448;04-DAPI-1-40x-485ms.tif;NBL;0.0905;0.0905;106.9149;1.1978;9.6752;0.1084
449;04-DAPI-1-40x-485ms.tif;NBL;0.0279;0.0279;81.6965;1.9027;2.2782;0.0531
450;04-DAPI-1-40x-485ms.tif;NBL;0.0502;0.0502;59.7775;2.3715;3.0031;0.1191
451;04-DAPI-1-40x-485ms.tif;NBL;0.0347;0.0347;111.2562;1.4906;3.8631;0.0518
452;04-DAPI-1-40x-485ms.tif;NBL;0.0909;0.0909;71.5632;1.9081;6.5072;0.1735
453;04-DAPI-1-40x-485ms.tif;NBL;0.069;0.069;78.3679;1.1352;5.4082;0.0783
454;04-DAPI-1-40x-485ms.tif;NBL;0.0258;0.0258;79.7941;0.8908;2.0607;0.023
455;04-DAPI-1-40x-485ms.tif;NBL;0.046;0.046;44.0637;1.1061;2.0272;0.0509
456;04-DAPI-1-40x-485ms.tif;NBL;0.0525;0.0525;40.3843;2.7045;2.1209;0.142
457;04-DAPI-1-40x-485ms.tif;NBL;0.053;0.053;37.2008;2.5943;1.9698;0.1374
458;04-DAPI-1-40x-485ms.tif;NBL;0.0765;0.0765;76.5248;1.2567;5.8539;0.0961
459;04-DAPI-1-40x-485ms.tif;NBL;0.0692;0.0692;72.7853;0.942;5.0387;0.0652
460;04-DAPI-1-40x-485ms.tif;NBL;0.04;0.04;55.4228;1.5908;2.2191;0.0637
461;04-DAPI-1-40x-485ms.tif;NBL;0.0634;0.0634;86.1455;0.8493;5.4589;0.0538
462;04-DAPI-1-40x-485ms.tif;NBL;0.0625;0.0625;72.7812;0.7135;4.5488;0.0446
463;04-DAPI-1-40x-485ms.tif;NBL;0.0947;0.0947;78.3608;0.6712;7.4229;0.0636
464;04-DAPI-1-40x-485ms.tif;NBL;0.1477;0.1477;76.6245;0.917;11.3158;0.1354
465;04-DAPI-1-40x-485ms.tif;NBL;0.0837;0.0837;80.3048;1.0804;6.7182;0.0904
466;04-DAPI-1-40x-485ms.tif;NBL;0.0164;0.0164;61.0132;1.8675;0.9997;0.0306
467;04-DAPI-1-40x-485ms.tif;NBL;0.1385;0.1385;48.2688;0.7547;6.6831;0.1045
468;04-DAPI-1-40x-485ms.tif;NBL;0.1035;0.1035;45.8092;0.7222;4.742;0.0748
469;04-DAPI-1-40x-485ms.tif;NBL;0.1259;0.1259;56.9353;0.581;7.1663;0.0731
470;04-DAPI-1-40x-485ms.tif;NBL;0.1058;0.1058;59.4369;0.7108;6.2881;0.0752
471;04-DAPI-1-40x-485ms.tif;NBL;0.1033;0.1033;87.6985;0.3813;9.0591;0.0394
472;04-DAPI-1-40x-485ms.tif;NBL;0.0557;0.0557;61.1832;0.6511;3.4057;0.0362
473;04-DAPI-1-40x-485ms.tif;NBL;0.0818;0.0818;107.3143;0.6804;8.7798;0.0557
474;04-DAPI-1-40x-485ms.tif;NBL;0.0324;0.0324;70.2274;0.6421;2.2784;0.0208
475;04-DAPI-1-40x-485ms.tif;NBL;0.1082;0.1082;56.5266;0.3952;6.1151;0.0428
476;04-DAPI-1-40x-485ms.tif;NBL;0.1093;0.1093;45.7696;0.4618;5.0011;0.0505
477;04-DAPI-1-40x-485ms.tif;NBL;0.0613;0.0613;51.8301;0.4319;3.1775;0.0265
478;04-DAPI-1-40x-485ms.tif;NBL;0.0705;0.0705;34.8154;0.2015;2.4555;0.0142
479;06-DAPI-1-40x-485ms.tif;NBL;0.1469;0.1469;92.3095;63.2888;13.562;9.2983
480;06-DAPI-1-40x-485ms.tif;NBL;0.1246;0.1246;65.4922;45.4843;8.1581;5.6658
481;06-DAPI-1-40x-485ms.tif;NBL;0.0997;0.0997;88.1306;59.5343;8.7882;5.9366
482;06-DAPI-1-40x-485ms.tif;NBL;0.074;0.074;55.717;40.1569;4.1232;2.9717
483;06-DAPI-1-40x-485ms.tif;NBL;0.0676;0.0676;51.8925;36.8941;3.5079;2.494
484;06-DAPI-1-40x-485ms.tif;NBL;0.0934;0.0934;75.8769;52.2474;7.0888;4.8812
485;06-DAPI-1-40x-485ms.tif;NBL;0.0877;0.0877;93.3168;63.1943;8.1814;5.5405
486;06-DAPI-1-40x-485ms.tif;NBL;0.0885;0.0885;82.6716;56.6176;7.3199;5.013
487;06-DAPI-1-40x-485ms.tif;NBL;0.0799;0.0799;97.4361;65.3533;7.7814;5.2192
488;06-DAPI-1-40x-485ms.tif;NBL;0.1087;0.1087;68.7924;47.7226;7.4794;5.1886
489;06-DAPI-1-40x-485ms.tif;NBL;0.0743;0.0743;60.4745;42.3124;4.4949;3.145
490;06-DAPI-1-40x-485ms.tif;NBL;0.1168;0.1168;63.0706;42.7509;7.3637;4.9913
491;06-DAPI-1-40x-485ms.tif;NBL;0.0805;0.0805;101.8342;68.9555;8.1989;5.5518
492;06-DAPI-1-40x-485ms.tif;NBL;0.0964;0.0964;94.1768;61.6306;9.0743;5.9384
493;06-DAPI-1-40x-485ms.tif;NBL;0.1111;0.1111;83.2793;55.3525;9.2533;6.1503
494;06-DAPI-1-40x-485ms.tif;NBL;0.064;0.064;58.3898;38.4746;3.7381;2.4631
495;06-DAPI-1-40x-485ms.tif;NBL;0.0895;0.0895;103.6267;68.7067;9.2765;6.1505
496;06-DAPI-1-40x-485ms.tif;NBL;0.0816;0.0816;70.3005;48.6941;5.7363;3.9733
497;06-DAPI-1-40x-485ms.tif;NBL;0.1286;0.1286;93.9772;62.8827;12.0837;8.0855
498;06-DAPI-1-40x-485ms.tif;NBL;0.0742;0.0742;92.2734;62.1667;6.8484;4.6139
499;06-DAPI-1-40x-485ms.tif;NBL;0.0994;0.0994;59.7762;46.3286;5.9413;4.6047
500;06-DAPI-1-40x-485ms.tif;NBL;0.1477;0.1477;57.3343;43.1572;8.467;6.3734
501;06-DAPI-1-40x-485ms.tif;NBL;0.1434;0.1434;50.4463;37.1369;7.2363;5.3271
502;06-DAPI-1-40x-485ms.tif;NBL;0.0975;0.0975;83.1301;58.2659;8.1092;5.6837
503;06-DAPI-1-40x-485ms.tif;NBL;0.164;0.164;50.8842;40.4408;8.3427;6.6304
504;06-DAPI-1-40x-485ms.tif;NBL;0.0982;0.0982;86.0762;59.1558;8.4526;5.809
505;06-DAPI-1-40x-485ms.tif;NBL;0.1;0.1;93.3536;63.3547;9.3394;6.3382
506;06-DAPI-1-40x-485ms.tif;NBL;0.0477;0.0477;48.3455;36.5636;2.3082;1.7457
507;06-DAPI-1-40x-485ms.tif;NBL;0.025;0.025;84.1652;60.7739;2.1005;1.5167
508;06-DAPI-1-40x-485ms.tif;NBL;0.1196;0.1196;81.9936;57.843;9.8044;6.9166
509;06-DAPI-1-40x-485ms.tif;NBL;0.1025;0.1025;93.6593;63.2794;9.6037;6.4886
510;06-DAPI-1-40x-485ms.tif;NBL;0.0846;0.0846;102.4051;66.759;8.6671;5.6502
511;06-DAPI-1-40x-485ms.tif;NBL;0.0428;0.0428;111.3807;75.1091;4.7617;3.211
512;06-DAPI-1-40x-485ms.tif;NBL;0.0602;0.0602;105.9405;69.4667;6.3799;4.1834
513;06-DAPI-1-40x-485ms.tif;NBL;0.057;0.057;62.2952;43.0895;3.5487;2.4546
514;06-DAPI-1-40x-485ms.tif;NBL;0.0853;0.0853;74.3677;54.7455;6.3426;4.6691
515;06-DAPI-1-40x-485ms.tif;NBL;0.0807;0.0807;56.4651;39.6022;4.5584;3.197
516;06-DAPI-1-40x-485ms.tif;NBL;0.0636;0.0636;99.773;64.9778;6.3441;4.1316
517;06-DAPI-1-40x-485ms.tif;NBL;0.0753;0.0753;81.1066;53.7565;6.1076;4.0481
518;06-DAPI-1-40x-485ms.tif;NBL;0.0866;0.0866;82.3596;52.7043;7.1314;4.5636
519;06-DAPI-1-40x-485ms.tif;NBL;0.0557;0.0557;50.6413;33.1501;2.8189;1.8453
520;06-DAPI-1-40x-485ms.tif;NBL;0.0314;0.0314;39.699;26.4567;1.2449;0.8296
521;06-DAPI-1-40x-485ms.tif;NBL;0.0847;0.0847;81.2971;54.694;6.8894;4.635
522;06-DAPI-1-40x-485ms.tif;NBL;0.1153;0.1153;89.9708;58.1976;10.3775;6.7127
523;06-DAPI-1-40x-485ms.tif;NBL;0.1336;0.1336;103.8765;69.1015;13.875;9.23
524;06-DAPI-1-40x-485ms.tif;NBL;0.0655;0.0655;91.2483;57.5911;5.9803;3.7744
525;06-DAPI-1-40x-485ms.tif;NBL;0.0581;0.0581;75.2037;48.4897;4.3657;2.8149
526;06-DAPI-1-40x-485ms.tif;NBL;0.0786;0.0786;61.3729;38.0856;4.8214;2.992
527;06-DAPI-1-40x-485ms.tif;NBL;0.0735;0.0735;85.5775;63.2999;6.2865;4.65
528;06-DAPI-1-40x-485ms.tif;NBL;0.0762;0.0762;115.3276;77.9274;8.7847;5.9359
529;06-DAPI-1-40x-485ms.tif;NBL;0.0693;0.0693;88.8122;59.8638;6.1579;4.1507
530;06-DAPI-1-40x-485ms.tif;NBL;0.094;0.094;93.6016;58.6824;8.7955;5.5142
531;06-DAPI-1-40x-485ms.tif;NBL;0.0538;0.0538;72.994;46.9637;3.9285;2.5276
532;06-DAPI-1-40x-485ms.tif;NBL;0.0526;0.0526;76.5773;51.0969;4.0299;2.689
533;06-DAPI-1-40x-485ms.tif;NBL;0.1011;0.1011;58.0268;36.5976;5.8682;3.7011
534;06-DAPI-1-40x-485ms.tif;NBL;0.0911;0.0911;101.8488;64.3738;9.2831;5.8674
535;06-DAPI-1-40x-485ms.tif;NBL;0.1047;0.1047;84.6187;53.3959;8.8604;5.591
536;06-DAPI-1-40x-485ms.tif;NBL;0.1357;0.1357;71.8201;46.0711;9.749;6.2538
537;06-DAPI-1-40x-485ms.tif;NBL;0.0847;0.0847;63.5045;39.6671;5.3816;3.3615
538;06-DAPI-1-40x-485ms.tif;NBL;0.1224;0.1224;56.1924;35.6028;6.8777;4.3576
539;06-DAPI-1-40x-485ms.tif;NBL;0.0747;0.0747;55.7703;34.5814;4.1634;2.5816
540;06-DAPI-1-40x-485ms.tif;NBL;0.0869;0.0869;68.0449;43.5481;5.9141;3.7849
541;06-DAPI-1-40x-485ms.tif;NBL;0.1115;0.1115;56.6751;37.0185;6.3218;4.1292
542;06-DAPI-1-40x-485ms.tif;NBL;0.08;0.08;73.1208;51.1737;5.8474;4.0923
543;06-DAPI-1-40x-485ms.tif;NBL;0.0766;0.0766;84.415;57.5283;6.4667;4.407
544;06-DAPI-1-40x-485ms.tif;NBL;0.0827;0.0827;70.9199;47.3635;5.8638;3.9161
545;06-DAPI-1-40x-485ms.tif;NBL;0.1206;0.1206;56.7795;37.1026;6.8448;4.4728
546;06-DAPI-1-40x-485ms.tif;NBL;0.0396;0.0396;51.8767;36.0411;2.0546;1.4274
547;06-DAPI-1-40x-485ms.tif;NBL;0.0876;0.0876;100.0235;66.767;8.7586;5.8465
548;06-DAPI-1-40x-485ms.tif;NBL;0.1;0.1;69.0282;45.2343;6.9058;4.5254
549;06-DAPI-1-40x-485ms.tif;NBL;0.107;0.107;57.5517;40.2323;6.1573;4.3044
550;06-DAPI-1-40x-485ms.tif;NBL;0.1152;0.1152;60.2486;39.4105;6.9427;4.5414
551;06-DAPI-1-40x-485ms.tif;NBL;0.0969;0.0969;99.4535;65.8275;9.6367;6.3785
552;06-DAPI-1-40x-485ms.tif;NBL;0.0709;0.0709;90.5574;58.4104;6.4164;4.1387
553;06-DAPI-1-40x-485ms.tif;NBL;0.0408;0.0408;65.5399;43.1888;2.6739;1.762
554;06-DAPI-1-40x-485ms.tif;NBL;0.0773;0.0773;84.3553;54.5197;6.517;4.212
555;06-DAPI-1-40x-485ms.tif;NBL;0.0736;0.0736;71.0959;46.0841;5.2304;3.3903
556;06-DAPI-1-40x-485ms.tif;NBL;0.1131;0.1131;72.3656;45.8349;8.182;5.1823
557;06-DAPI-1-40x-485ms.tif;NBL;0.0489;0.0489;55.0532;35.7672;2.6941;1.7503
558;06-DAPI-1-40x-485ms.tif;NBL;0.1069;0.1069;90.6579;62.8477;9.6895;6.7171
559;06-DAPI-1-40x-485ms.tif;NBL;0.0587;0.0587;73.9797;53.0222;4.3428;3.1125
560;06-DAPI-1-40x-485ms.tif;NBL;0.1125;0.1125;91.8235;61.2739;10.3321;6.8946
561;06-DAPI-1-40x-485ms.tif;NBL;0.0716;0.0716;99.9212;65.6697;7.1558;4.7029
562;06-DAPI-1-40x-485ms.tif;NBL;0.0713;0.0713;77.0107;50.8691;5.49;3.6264
563;06-DAPI-1-40x-485ms.tif;NBL;0.0587;0.0587;104.4972;68.6377;6.1342;4.0292
564;06-DAPI-1-40x-485ms.tif;NBL;0.0425;0.0425;105.9617;70.9337;4.5071;3.0171
565;06-DAPI-1-40x-485ms.tif;NBL;0.0624;0.0624;93.5426;63.6348;5.8363;3.9703
566;06-DAPI-1-40x-485ms.tif;NBL;0.0521;0.0521;102.0854;66.9333;5.3169;3.4861
567;06-DAPI-1-40x-485ms.tif;NBL;0.0645;0.0645;102.8653;67.1094;6.63;4.3254
568;06-DAPI-1-40x-485ms.tif;NBL;0.0808;0.0808;100.7074;67.6268;8.141;5.4668
569;06-DAPI-1-40x-485ms.tif;NBL;0.0645;0.0645;91.4108;60.633;5.8917;3.908
570;06-DAPI-1-40x-485ms.tif;NBL;0.0511;0.0511;93.2144;62.4098;4.7639;3.1896
571;06-DAPI-1-40x-485ms.tif;NBL;0.0955;0.0955;100.0148;66.0795;9.55;6.3097
572;06-DAPI-1-40x-485ms.tif;NBL;0.0502;0.0502;97.3888;66.2808;4.8927;3.3299
573;06-DAPI-1-40x-485ms.tif;NBL;0.0247;0.0247;67.1623;45.4474;1.6616;1.1243
574;06-DAPI-1-40x-485ms.tif;NBL;0.0773;0.0773;90.4663;60.75;6.9891;4.6934
575;06-DAPI-1-40x-485ms.tif;NBL;0.0845;0.0845;84.7651;56.4814;7.1649;4.7742
576;06-DAPI-1-40x-485ms.tif;NBL;0.0349;0.0349;96.5745;63.972;3.3742;2.2351
577;06-DAPI-1-40x-485ms.tif;NBL;0.0791;0.0791;107.3141;72.3416;8.4887;5.7223
578;06-DAPI-1-40x-485ms.tif;NBL;0.0751;0.0751;109.1532;73.4928;8.196;5.5183
579;06-DAPI-1-40x-485ms.tif;NBL;0.0681;0.0681;100.5111;68.5096;6.8491;4.6684
580;06-DAPI-1-40x-485ms.tif;NBL;0.055;0.055;109.5187;74.211;6.025;4.0826
581;06-DAPI-1-40x-485ms.tif;NBL;0.0193;0.0193;82.9326;57.0449;1.6018;1.1018
582;06-DAPI-1-40x-485ms.tif;NBL;0.0484;0.0484;111.0785;72.7265;5.3755;3.5195
583;06-DAPI-1-40x-485ms.tif;NBL;0.0764;0.0764;114.2188;77.8352;8.725;5.9457
584;06-DAPI-1-40x-485ms.tif;NBL;0.0419;0.0419;105.272;70.0544;4.4092;2.9341
585;06-DAPI-1-40x-485ms.tif;NBL;0.0648;0.0648;113.4238;75.6047;7.3474;4.8976
586;06-DAPI-1-40x-485ms.tif;NBL;0.0984;0.0984;111.8611;76.1169;11.0089;7.4911
587;06-DAPI-1-40x-485ms.tif;NBL;0.0412;0.0412;105.2368;72.5895;4.3392;2.9931
588;06-DAPI-1-40x-485ms.tif;NBL;0.0199;0.0199;106.6011;72.1421;2.1168;1.4325
589;06-DAPI-1-40x-485ms.tif;NBL;0.0434;0.0434;107.2;75.01;4.6528;3.2556
590;06-DAPI-1-40x-485ms.tif;NBL;0.0151;0.0151;93.2014;64.8777;1.4057;0.9785
591;06-DAPI-1-40x-485ms.tif;NBL;0.062;0.062;116.4081;79.1278;7.2123;4.9026
592;06-DAPI-1-40x-485ms.tif;NBL;0.0422;0.0422;112.3573;76.4756;4.7425;3.228
593;06-DAPI-1-40x-485ms.tif;NBL;0.0672;0.0672;87.2617;60.8627;5.861;4.0879
594;06-DAPI-1-40x-485ms.tif;NBL;0.0522;0.0522;119.0437;80.0582;6.2131;4.1784
595;06-DAPI-1-40x-485ms.tif;NBL;0.0901;0.0901;111.6313;75.2337;10.0536;6.7756
596;06-DAPI-1-40x-485ms.tif;NBL;0.085;0.085;90.2312;62.7995;7.6661;5.3355
597;06-DAPI-1-40x-485ms.tif;NBL;0.0543;0.0543;105.316;71.684;5.7138;3.8891
598;06-DAPI-1-40x-485ms.tif;NBL;0.0443;0.0443;100.1936;68.1887;4.4357;3.0188
599;06-DAPI-1-40x-485ms.tif;NBL;0.051;0.051;97.4894;64.4319;4.9718;3.2859
600;06-DAPI-1-40x-485ms.tif;NBL;0.0262;0.0262;59.6598;43.8548;1.5601;1.1468
601;06-DAPI-1-40x-485ms.tif;NBL;0.0518;0.0518;73.3187;49.9853;3.7948;2.5871
602;06-DAPI-1-40x-485ms.tif;NBL;0.0405;0.0405;109.1019;71.7426;4.4157;2.9036
603;06-DAPI-1-40x-485ms.tif;NBL;0.0549;0.0549;107.3814;71.4783;5.8957;3.9245
604;06-DAPI-1-40x-485ms.tif;NBL;0.0787;0.0787;96.6234;64.7255;7.6011;5.0918
605;06-DAPI-1-40x-485ms.tif;NBL;0.0647;0.0647;105.1091;69.5235;6.7974;4.4961
606;06-DAPI-1-40x-485ms.tif;NBL;0.0192;0.0192;93.5254;63.0226;1.7962;1.2104
607;07-DAPI-1-40x-485ms.tif;NBL;0.1532;0.1532;106.2096;1.1452;16.2726;0.1755
608;07-DAPI-1-40x-485ms.tif;NBL;0.1041;0.1041;83.1262;1.0136;8.65;0.1055
609;07-DAPI-1-40x-485ms.tif;NBL;0.1209;0.1209;86.8788;0.6284;10.5016;0.076
610;07-DAPI-1-40x-485ms.tif;NBL;0.1182;0.1182;67.3333;2.3122;7.9564;0.2732
611;07-DAPI-1-40x-485ms.tif;NBL;0.0741;0.0741;111.858;1.5739;8.2898;0.1166
612;07-DAPI-1-40x-485ms.tif;NBL;0.125;0.125;92.3255;1.3446;11.5407;0.1681
613;07-DAPI-1-40x-485ms.tif;NBL;0.0824;0.0824;97.9012;0.8827;8.0628;0.0727
614;07-DAPI-1-40x-485ms.tif;NBL;0.0367;0.0367;66.3136;2.2396;2.4321;0.0821
615;07-DAPI-1-40x-485ms.tif;NBL;0.0918;0.0918;95.9173;1.3251;8.8049;0.1216
616;07-DAPI-1-40x-485ms.tif;NBL;0.0656;0.0656;65.1686;1.1719;4.2781;0.0769
617;07-DAPI-1-40x-485ms.tif;NBL;0.0966;0.0966;100.9742;1.0494;9.7512;0.1013
618;07-DAPI-1-40x-485ms.tif;NBL;0.0778;0.0778;67.7476;1.2245;5.2707;0.0953
619;07-DAPI-1-40x-485ms.tif;NBL;0.0966;0.0966;66.664;1.4831;6.4378;0.1432
620;07-DAPI-1-40x-485ms.tif;NBL;0.071;0.071;103.0765;1.0061;7.3147;0.0714
621;07-DAPI-1-40x-485ms.tif;NBL;0.0684;0.0684;73.9063;0.6397;5.0522;0.0437
622;07-DAPI-1-40x-485ms.tif;NBL;0.0875;0.0875;93.7742;0.6613;8.2012;0.0578
623;07-DAPI-1-40x-485ms.tif;NBL;0.0982;0.0982;91.6552;0.6873;9.0004;0.0675
624;07-DAPI-1-40x-485ms.tif;NBL;0.1157;0.1157;74.2824;0.4353;8.5921;0.0503
625;07-DAPI-1-40x-485ms.tif;NBL;0.1138;0.1138;99.3985;1.101;11.3139;0.1253
626;07-DAPI-1-40x-485ms.tif;NBL;0.0961;0.0961;98.281;0.8025;9.4485;0.0771
627;07-DAPI-1-40x-485ms.tif;NBL;0.0782;0.0782;79.2275;1.534;6.1982;0.12
628;07-DAPI-1-40x-485ms.tif;NBL;0.0611;0.0611;83.8384;1.4938;5.1216;0.0913
629;07-DAPI-1-40x-485ms.tif;NBL;0.0981;0.0981;73.1482;2.3341;7.1751;0.2289
630;07-DAPI-1-40x-485ms.tif;NBL;0.1387;0.1387;70.9804;1.3185;9.843;0.1828
631;07-DAPI-1-40x-485ms.tif;NBL;0.0579;0.0579;97.3876;1.1966;5.6429;0.0693
632;07-DAPI-1-40x-485ms.tif;NBL;0.1182;0.1182;84.1175;1.4261;9.9397;0.1685
633;07-DAPI-1-40x-485ms.tif;NBL;0.074;0.074;91.1833;1.2566;6.7477;0.093
634;07-DAPI-1-40x-485ms.tif;NBL;0.0824;0.0824;112.6706;1.6285;9.2792;0.1341
635;07-DAPI-1-40x-485ms.tif;NBL;0.0719;0.0719;106.54;1.5701;7.6645;0.113
636;07-DAPI-1-40x-485ms.tif;NBL;0.0738;0.0738;108.9559;1.3485;8.0393;0.0995
637;07-DAPI-1-40x-485ms.tif;NBL;0.04;0.04;62.7371;1.4173;2.5119;0.0567
638;07-DAPI-1-40x-485ms.tif;NBL;0.0719;0.0719;74.629;0.6063;5.3688;0.0436
639;07-DAPI-1-40x-485ms.tif;NBL;0.0987;0.0987;78.3363;1.2846;7.735;0.1268
640;07-DAPI-1-40x-485ms.tif;NBL;0.0813;0.0813;79.9146;1.5073;6.4948;0.1225
641;07-DAPI-1-40x-485ms.tif;NBL;0.0824;0.0824;98.5547;1.4242;8.1166;0.1173
642;07-DAPI-1-40x-485ms.tif;NBL;0.071;0.071;96.3196;0.974;6.8352;0.0691
643;07-DAPI-1-40x-485ms.tif;NBL;0.0442;0.0442;98.2875;1.2998;4.3406;0.0574
644;07-DAPI-1-40x-485ms.tif;NBL;0.072;0.072;92.2048;1.2018;6.6432;0.0866
645;07-DAPI-1-40x-485ms.tif;NBL;0.0533;0.0533;88.2485;0.9063;4.7016;0.0483
646;07-DAPI-1-40x-485ms.tif;NBL;0.0421;0.0421;95.9149;0.9201;4.0381;0.0387
647;07-DAPI-1-40x-485ms.tif;NBL;0.0454;0.0454;81.6699;0.6531;3.7042;0.0296
648;07-DAPI-1-40x-485ms.tif;NBL;0.0519;0.0519;87.3808;0.7155;4.5321;0.0371
649;07-DAPI-1-40x-485ms.tif;NBL;0.0608;0.0608;92.8232;0.8768;5.6403;0.0533
650;07-DAPI-1-40x-485ms.tif;NBL;0.0841;0.0841;82.9355;1.0477;6.9743;0.0881
651;07-DAPI-1-40x-485ms.tif;NBL;0.0932;0.0932;73.0966;1.3003;6.8132;0.1212
652;07-DAPI-1-40x-485ms.tif;NBL;0.142;0.142;63.5141;1.728;9.0213;0.2454
653;07-DAPI-1-40x-485ms.tif;NBL;0.0662;0.0662;80.0082;0.8951;5.2957;0.0592
654;07-DAPI-1-40x-485ms.tif;NBL;0.0451;0.0451;74.9135;2.637;3.3815;0.119
655;07-DAPI-1-40x-485ms.tif;NBL;0.1016;0.1016;75.5182;1.438;7.6698;0.1461
656;07-DAPI-1-40x-485ms.tif;NBL;0.1186;0.1186;76.7402;1.6432;9.1012;0.1949
657;07-DAPI-1-40x-485ms.tif;NBL;0.0561;0.0561;73.793;1.3791;4.1396;0.0774
658;07-DAPI-1-40x-485ms.tif;NBL;0.0634;0.0634;89.1045;1.5873;5.6464;0.1006
659;07-DAPI-1-40x-485ms.tif;NBL;0.0673;0.0673;100.9774;1.4645;6.7932;0.0985
660;07-DAPI-1-40x-485ms.tif;NBL;0.0725;0.0725;104.3907;1.4805;7.5665;0.1073
661;07-DAPI-1-40x-485ms.tif;NBL;0.0705;0.0705;104.7969;1.5692;7.3913;0.1107
662;07-DAPI-1-40x-485ms.tif;NBL;0.0329;0.0329;81.9175;1.7063;2.6933;0.0561
663;07-DAPI-1-40x-485ms.tif;NBL;0.0867;0.0867;101.393;1.3367;8.7905;0.1159
664;07-DAPI-1-40x-485ms.tif;NBL;0.0954;0.0954;86.5848;1.3743;8.2582;0.1311
665;07-DAPI-1-40x-485ms.tif;NBL;0.0429;0.0429;106.2354;1.2532;4.5533;0.0537
666;07-DAPI-1-40x-485ms.tif;NBL;0.0719;0.0719;95.2896;1.5219;6.8551;0.1095
667;07-DAPI-1-40x-485ms.tif;NBL;0.0739;0.0739;94.8634;1.1747;7.0098;0.0868
668;07-DAPI-1-40x-485ms.tif;NBL;0.0723;0.0723;101.6096;1.3529;7.3429;0.0978
669;07-DAPI-1-40x-485ms.tif;NBL;0.0684;0.0684;101.481;1.1016;6.9372;0.0753
670;07-DAPI-1-40x-485ms.tif;NBL;0.0917;0.0917;103.0852;1.3527;9.4517;0.124
671;07-DAPI-1-40x-485ms.tif;NBL;0.0511;0.0511;85.9406;1.7558;4.3921;0.0897
672;07-DAPI-1-40x-485ms.tif;NBL;0.0358;0.0358;56.3485;1.0848;2.0177;0.0388
673;07-DAPI-1-40x-485ms.tif;NBL;0.0804;0.0804;40.2605;0.6127;3.2371;0.0493
674;07-DAPI-1-40x-485ms.tif;NBL;0.0985;0.0985;63.0088;0.7742;6.2079;0.0763
675;07-DAPI-1-40x-485ms.tif;NBL;0.1107;0.1107;74.3794;0.5529;8.2321;0.0612
676;07-DAPI-1-40x-485ms.tif;NBL;0.0724;0.0724;79.2114;0.7691;5.7329;0.0557
677;07-DAPI-1-40x-485ms.tif;NBL;0.0617;0.0617;103.4112;1.0439;6.3847;0.0645
678;07-DAPI-1-40x-485ms.tif;NBL;0.0696;0.0696;100.8081;0.7722;7.0115;0.0537
679;07-DAPI-1-40x-485ms.tif;NBL;0.0686;0.0686;103.8892;0.9272;7.1243;0.0636
680;07-DAPI-1-40x-485ms.tif;NBL;0.0604;0.0604;107.228;0.8456;6.4807;0.0511
681;07-DAPI-1-40x-485ms.tif;NBL;0.0489;0.0489;83.1463;0.7317;4.0689;0.0358
682;07-DAPI-1-40x-485ms.tif;NBL;0.0822;0.0822;78.5132;0.3285;6.4576;0.027
683;07-DAPI-1-40x-485ms.tif;NBL;0.0601;0.0601;64.3556;0.6841;3.8686;0.0411
684;07-DAPI-1-40x-485ms.tif;NBL;0.0648;0.0648;76.392;0.5846;4.9486;0.0379
685;07-DAPI-1-40x-485ms.tif;NBL;0.1015;0.1015;89.2535;0.4535;9.0551;0.046
686;07-DAPI-1-40x-485ms.tif;NBL;0.0705;0.0705;74.9692;0.6;5.2875;0.0423
687;07-DAPI-1-40x-485ms.tif;NBL;0.0786;0.0786;83.5166;0.587;6.561;0.0461
688;07-DAPI-1-40x-485ms.tif;NBL;0.0817;0.0817;67.1541;0.6574;5.4869;0.0537
689;07-DAPI-1-40x-485ms.tif;NBL;0.1261;0.1261;55.6222;0.5284;7.0131;0.0666
690;07-DAPI-1-40x-485ms.tif;NBL;0.0929;0.0929;47.6928;0.6203;4.4298;0.0576
691;07-DAPI-1-40x-485ms.tif;NBL;0.0541;0.0541;89.5852;0.3828;4.8506;0.0207
692;07-DAPI-1-40x-485ms.tif;NBL;0.0595;0.0595;83.5347;0.2755;4.9671;0.0164
693;07-DAPI-1-40x-485ms.tif;NBL;0.0882;0.0882;85.3333;0.4797;7.5278;0.0423
694;07-DAPI-1-40x-485ms.tif;NBL;0.0841;0.0841;92.2413;0.4194;7.7568;0.0353
695;07-DAPI-1-40x-485ms.tif;NBL;0.0525;0.0525;62.5289;0.4318;3.2839;0.0227
696;07-DAPI-1-40x-485ms.tif;NBL;0.0996;0.0996;74.1078;0.3976;7.3818;0.0396
697;07-DAPI-1-40x-485ms.tif;NBL;0.0685;0.0685;91.0713;0.374;6.2355;0.0256
698;07-DAPI-1-40x-485ms.tif;NBL;0.1102;0.1102;61.6339;0.1457;6.7947;0.0161
699;07-DAPI-1-40x-485ms.tif;NBL;0.0539;0.0539;53.7123;0.1791;2.8966;0.0097
700;07-DAPI-1-40x-485ms.tif;NBL;0.0805;0.0805;53.7857;0.5067;4.3304;0.0408
701;07-DAPI-1-40x-485ms.tif;NBL;0.083;0.083;64.7268;0.2353;5.3728;0.0195
702;07-DAPI-1-40x-485ms.tif;NBL;0.0579;0.0579;70.3015;0.1891;4.0735;0.011
703;07-DAPI-1-40x-485ms.tif;NBL;0.0798;0.0798;62.7646;0.2531;5.0056;0.0202
704;07-DAPI-1-40x-485ms.tif;NBL;0.0592;0.0592;77.7253;0.1813;4.6048;0.0107
705;07-DAPI-1-40x-485ms.tif;NBL;0.0607;0.0607;96.1986;0.2594;5.835;0.0157
706;07-DAPI-1-40x-485ms.tif;NBL;0.1215;0.1215;51.8616;0.0991;6.3026;0.012
707;07-DAPI-1-40x-485ms.tif;NBL;0.0916;0.0916;95.6114;1.3815;8.7561;0.1265
708;07-DAPI-1-40x-485ms.tif;NBL;0.1038;0.1038;97.604;1.3741;10.1353;0.1427
709;07-DAPI-1-40x-485ms.tif;NBL;0.1501;0.1501;102.2509;1.1649;15.3443;0.1748
710;07-DAPI-1-40x-485ms.tif;NBL;0.0918;0.0918;97.9102;1.1324;8.9878;0.1039
711;07-DAPI-1-40x-485ms.tif;NBL;0.076;0.076;96.9886;1.0986;7.3668;0.0834
712;07-DAPI-1-40x-485ms.tif;NBL;0.0719;0.0719;87.8446;1.2715;6.3196;0.0915
713;08-DAPI-1-40x-485ms.tif;NBL;0.0849;0.0849;64.5767;0.9169;5.4795;0.0778
714;08-DAPI-1-40x-485ms.tif;NBL;0.0796;0.0796;96.9455;0.9183;7.7211;0.0731
715;08-DAPI-1-40x-485ms.tif;NBL;0.077;0.077;45.7775;1.4465;3.5267;0.1114
716;08-DAPI-1-40x-485ms.tif;NBL;0.0605;0.0605;63.7168;1.1219;3.8579;0.0679
717;08-DAPI-1-40x-485ms.tif;NBL;0.0723;0.0723;48.3889;1.479;3.4969;0.1069
718;08-DAPI-1-40x-485ms.tif;NBL;0.0605;0.0605;59.7563;1.1093;3.6181;0.0672
719;08-DAPI-1-40x-485ms.tif;NBL;0.0505;0.0505;100.6882;0.9161;5.0803;0.0462
720;08-DAPI-1-40x-485ms.tif;NBL;0.0904;0.0904;69.3205;1.0912;6.2656;0.0986
721;08-DAPI-1-40x-485ms.tif;NBL;0.0669;0.0669;78.5932;0.8914;5.2617;0.0597
722;08-DAPI-1-40x-485ms.tif;NBL;0.0743;0.0743;64.4628;0.9431;4.7913;0.0701
723;08-DAPI-1-40x-485ms.tif;NBL;0.1037;0.1037;61.0052;0.9257;6.3282;0.096
724;08-DAPI-1-40x-485ms.tif;NBL;0.0875;0.0875;56.6166;0.8871;4.9515;0.0776
725;08-DAPI-1-40x-485ms.tif;NBL;0.076;0.076;33.9271;1.4057;2.5769;0.1068
726;08-DAPI-1-40x-485ms.tif;NBL;0.1153;0.1153;65.6877;1.4506;7.5766;0.1673
727;08-DAPI-1-40x-485ms.tif;NBL;0.1107;0.1107;79.5598;1.1353;8.8054;0.1257
728;08-DAPI-1-40x-485ms.tif;NBL;0.1003;0.1003;58.2186;1.0335;5.837;0.1036
729;08-DAPI-1-40x-485ms.tif;NBL;0.1179;0.1179;61.9089;0.8997;7.302;0.1061
730;08-DAPI-1-40x-485ms.tif;NBL;0.1521;0.1521;70.0585;1.1797;10.6578;0.1795
731;08-DAPI-1-40x-485ms.tif;NBL;0.0987;0.0987;91.3626;1.2637;9.0213;0.1248
732;08-DAPI-1-40x-485ms.tif;NBL;0.0623;0.0623;70.9199;1.4495;4.4171;0.0903
733;08-DAPI-1-40x-485ms.tif;NBL;0.1239;0.1239;74.1208;1.0911;9.1847;0.1352
734;08-DAPI-1-40x-485ms.tif;NBL;0.1112;0.1112;71.1522;1.3141;7.9135;0.1462
735;08-DAPI-1-40x-485ms.tif;NBL;0.041;0.041;74.5794;1.5053;3.0589;0.0617
736;08-DAPI-1-40x-485ms.tif;NBL;0.114;0.114;73.7916;1.118;8.4153;0.1275
737;08-DAPI-1-40x-485ms.tif;NBL;0.0803;0.0803;106.3014;1.0649;8.5355;0.0855
738;08-DAPI-1-40x-485ms.tif;NBL;0.1365;0.1365;80.655;1.5183;11.0095;0.2072
739;08-DAPI-1-40x-485ms.tif;NBL;0.0802;0.0802;108.7713;1.4479;8.722;0.1161
740;08-DAPI-1-40x-485ms.tif;NBL;0.0758;0.0758;80.9714;1.5408;6.1414;0.1169
741;08-DAPI-1-40x-485ms.tif;NBL;0.0355;0.0355;36.6606;1.8563;1.3008;0.0659
742;08-DAPI-1-40x-485ms.tif;NBL;0.0851;0.0851;98.2474;1.2946;8.3579;0.1101
743;08-DAPI-1-40x-485ms.tif;NBL;0.0771;0.0771;76.0084;1.1997;5.8639;0.0926
744;08-DAPI-1-40x-485ms.tif;NBL;0.0903;0.0903;75.6803;1.2019;6.8322;0.1085
745;08-DAPI-1-40x-485ms.tif;NBL;0.0707;0.0707;80.3129;1.0936;5.6819;0.0774
746;08-DAPI-1-40x-485ms.tif;NBL;0.1039;0.1039;98.4551;1.4729;10.2344;0.1531
747;08-DAPI-1-40x-485ms.tif;NBL;0.1022;0.1022;86.466;1.4851;8.838;0.1518
748;08-DAPI-1-40x-485ms.tif;NBL;0.0766;0.0766;72.4603;1.4065;5.5509;0.1077
749;08-DAPI-1-40x-485ms.tif;NBL;0.0992;0.0992;69.2998;1.1849;6.8728;0.1175
750;08-DAPI-1-40x-485ms.tif;NBL;0.1137;0.1137;65.9198;1.8015;7.4961;0.2049
751;08-DAPI-1-40x-485ms.tif;NBL;0.0584;0.0584;89.2138;1.0019;5.208;0.0585
752;08-DAPI-1-40x-485ms.tif;NBL;0.0843;0.0843;84.2342;1.4414;7.1018;0.1215
753;08-DAPI-1-40x-485ms.tif;NBL;0.0849;0.0849;78.7417;1.0396;6.6814;0.0882
754;08-DAPI-1-40x-485ms.tif;NBL;0.0728;0.0728;87.7496;1.3621;6.3889;0.0992
755;08-DAPI-1-40x-485ms.tif;NBL;0.0618;0.0618;79.2614;1.293;4.9022;0.08
756;08-DAPI-1-40x-485ms.tif;NBL;0.0804;0.0804;96.6464;1.1161;7.7707;0.0897
757;08-DAPI-1-40x-485ms.tif;NBL;0.1003;0.1003;86.855;0.8972;8.7081;0.09
758;08-DAPI-1-40x-485ms.tif;NBL;0.075;0.075;81.1274;1.2822;6.0828;0.0961
759;08-DAPI-1-40x-485ms.tif;NBL;0.0845;0.0845;104.3363;1.1309;8.8192;0.0956
760;08-DAPI-1-40x-485ms.tif;NBL;0.0434;0.0434;71.7925;1.1825;3.116;0.0513
761;08-DAPI-1-40x-485ms.tif;NBL;0.0705;0.0705;85.9631;1.0169;6.0629;0.0717
762;08-DAPI-1-40x-485ms.tif;NBL;0.0729;0.0729;94.7009;1.1116;6.9053;0.0811
763;08-DAPI-1-40x-485ms.tif;NBL;0.0758;0.0758;85.6466;1.0587;6.496;0.0803
764;08-DAPI-1-40x-485ms.tif;NBL;0.0923;0.0923;88.9824;1.0059;8.2166;0.0929
765;08-DAPI-1-40x-485ms.tif;NBL;0.0791;0.0791;97.9383;0.963;7.7471;0.0762
766;08-DAPI-1-40x-485ms.tif;NBL;0.0617;0.0617;69.3849;1.0703;4.2839;0.0661
767;08-DAPI-1-40x-485ms.tif;NBL;0.0876;0.0876;66.4213;1.0694;5.8162;0.0936
768;08-DAPI-1-40x-485ms.tif;NBL;0.0975;0.0975;46.3293;1.9733;4.5193;0.1925
769;08-DAPI-1-40x-485ms.tif;NBL;0.1071;0.1071;62.2411;1.0203;6.6658;0.1093
770;08-DAPI-1-40x-485ms.tif;NBL;0.1046;0.1046;71.1058;1.5425;7.4377;0.1613
771;08-DAPI-1-40x-485ms.tif;NBL;0.0832;0.0832;62.9661;0.9909;5.2403;0.0825
772;08-DAPI-1-40x-485ms.tif;NBL;0.0795;0.0795;69.4188;1.1637;5.5213;0.0926
773;08-DAPI-1-40x-485ms.tif;NBL;0.119;0.119;72.5852;1.052;8.64;0.1252
774;08-DAPI-1-40x-485ms.tif;NBL;0.0667;0.0667;74.0179;0.9431;4.9393;0.0629
775;08-DAPI-1-40x-485ms.tif;NBL;0.0827;0.0827;89.7848;0.8727;7.4236;0.0722
776;08-DAPI-1-40x-485ms.tif;NBL;0.0449;0.0449;56.6884;1.029;2.5465;0.0462
777;08-DAPI-1-40x-485ms.tif;NBL;0.0715;0.0715;87.0546;1.1684;6.2249;0.0836
778;08-DAPI-1-40x-485ms.tif;NBL;0.0916;0.0916;87.532;1.0794;8.0162;0.0988
779;08-DAPI-1-40x-485ms.tif;NBL;0.0599;0.0599;76.2754;0.9819;4.5686;0.0588
780;08-DAPI-1-40x-485ms.tif;NBL;0.0872;0.0872;102.1841;0.8197;8.9145;0.0715
781;08-DAPI-1-40x-485ms.tif;NBL;0.0468;0.0468;55.2181;1.3248;2.5824;0.062
782;08-DAPI-1-40x-485ms.tif;NBL;0.0699;0.0699;65.882;1.146;4.6037;0.0801
783;08-DAPI-1-40x-485ms.tif;NBL;0.1173;0.1173;88.3617;1.6707;10.3645;0.196
784;08-DAPI-1-40x-485ms.tif;NBL;0.0521;0.0521;50.5083;1.2542;2.6306;0.0653
785;08-DAPI-1-40x-485ms.tif;NBL;0.0812;0.0812;56.6511;1.0668;4.598;0.0866
786;08-DAPI-1-40x-485ms.tif;NBL;0.0807;0.0807;88.4462;1.0685;7.1402;0.0863
787;08-DAPI-1-40x-485ms.tif;NBL;0.0897;0.0897;103.9988;1.1536;9.3324;0.1035
788;08-DAPI-1-40x-485ms.tif;NBL;0.0856;0.0856;99.1001;1.3232;8.4842;0.1133
789;08-DAPI-1-40x-485ms.tif;NBL;0.0737;0.0737;88.4639;1.2548;6.5177;0.0924
790;08-DAPI-1-40x-485ms.tif;NBL;0.0827;0.0827;68.8491;1.0919;5.6926;0.0903
791;08-DAPI-1-40x-485ms.tif;NBL;0.0866;0.0866;84.8709;1.0589;7.3488;0.0917
792;08-DAPI-1-40x-485ms.tif;NBL;0.0718;0.0718;93.5106;1.0937;6.717;0.0786
793;08-DAPI-1-40x-485ms.tif;NBL;0.0761;0.0761;104.3039;0.9287;7.9337;0.0706
794;08-DAPI-1-40x-485ms.tif;NBL;0.0872;0.0872;97.1642;0.9303;8.4766;0.0812
795;08-DAPI-1-40x-485ms.tif;NBL;0.0854;0.0854;78.3126;0.8297;6.6875;0.0709
796;08-DAPI-1-40x-485ms.tif;NBL;0.1087;0.1087;90.5689;0.8573;9.847;0.0932
797;08-DAPI-1-40x-485ms.tif;NBL;0.0985;0.0985;84.5925;0.804;8.3344;0.0792
798;08-DAPI-1-40x-485ms.tif;NBL;0.0531;0.0531;59.317;0.8671;3.1474;0.046
799;08-DAPI-1-40x-485ms.tif;NBL;0.0843;0.0843;75.8507;0.8893;6.395;0.075
800;08-DAPI-1-40x-485ms.tif;NBL;0.0907;0.0907;70.0849;0.6926;6.3575;0.0628
801;08-DAPI-1-40x-485ms.tif;NBL;0.0693;0.0693;100.2113;0.5712;6.9482;0.0396
802;08-DAPI-1-40x-485ms.tif;NBL;0.0676;0.0676;84.8475;0.618;5.7357;0.0418
803;08-DAPI-1-40x-485ms.tif;NBL;0.0851;0.0851;61.4158;0.9311;5.2246;0.0792
804;08-DAPI-1-40x-485ms.tif;NBL;0.0677;0.0677;58.9359;1.2244;3.9905;0.0829
805;08-DAPI-1-40x-485ms.tif;NBL;0.0699;0.0699;43.5761;0.955;3.045;0.0667
806;08-DAPI-1-40x-485ms.tif;NBL;0.0795;0.0795;67.2005;0.7244;5.3448;0.0576
807;08-DAPI-1-40x-485ms.tif;NBL;0.0569;0.0569;49.5763;1.2328;2.8188;0.0701
808;08-DAPI-1-40x-485ms.tif;NBL;0.0604;0.0604;61.456;0.6014;3.7143;0.0363
809;08-DAPI-1-40x-485ms.tif;NBL;0.0436;0.0436;53.5498;0.8284;2.3358;0.0361
810;08-DAPI-1-40x-485ms.tif;NBL;0.0545;0.0545;71.5817;0.5956;3.8991;0.0324
811;08-DAPI-1-40x-485ms.tif;NBL;0.0373;0.0373;52.5872;0.7209;1.9629;0.0269
812;08-DAPI-1-40x-485ms.tif;NBL;0.0817;0.0817;58.1726;0.4861;4.753;0.0397
813;08-DAPI-1-40x-485ms.tif;NBL;0.0771;0.0771;57.5134;0.7525;4.4371;0.0581
814;08-DAPI-1-40x-485ms.tif;NBL;0.1227;0.1227;56.0336;0.733;6.8765;0.09
815;08-DAPI-1-40x-485ms.tif;NBL;0.0428;0.0428;84.7589;0.8401;3.6236;0.0359
816;08-DAPI-1-40x-485ms.tif;NBL;0.0882;0.0882;56.1193;0.6125;4.9506;0.054
817;08-DAPI-1-40x-485ms.tif;NBL;0.1004;0.1004;78.7341;0.4486;7.9025;0.045
818;08-DAPI-1-40x-485ms.tif;NBL;0.0558;0.0558;92.3405;0.3521;5.1501;0.0196
819;08-DAPI-1-40x-485ms.tif;NBL;0.0522;0.0522;62.8316;0.526;3.2793;0.0275
820;08-DAPI-1-40x-485ms.tif;NBL;0.0736;0.0736;84.4528;0.2861;6.213;0.0211
821;08-DAPI-1-40x-485ms.tif;NBL;0.1039;0.1039;94.4875;0.4823;9.8219;0.0501
822;08-DAPI-1-40x-485ms.tif;NBL;0.0755;0.0755;60.9152;0.3649;4.6004;0.0276
823;08-DAPI-1-40x-485ms.tif;NBL;0.036;0.036;38.7952;0.7349;1.3976;0.0265
824;08-DAPI-1-40x-485ms.tif;NBL;0.0507;0.0507;64.1756;0.6338;3.252;0.0321
825;08-DAPI-1-40x-485ms.tif;NBL;0.083;0.083;89.1595;0.6209;7.4009;0.0515
826;08-DAPI-1-40x-485ms.tif;NBL;0.0694;0.0694;76.0609;0.3797;5.282;0.0264
827;08-DAPI-1-40x-485ms.tif;NBL;0.0788;0.0788;84.5785;0.5744;6.6628;0.0452
828;08-DAPI-1-40x-485ms.tif;NBL;0.0869;0.0869;82.7978;0.578;7.1963;0.0502
829;08-DAPI-1-40x-485ms.tif;NBL;0.0931;0.0931;92.0781;0.5804;8.5724;0.054
830;08-DAPI-1-40x-485ms.tif;NBL;0.0825;0.0825;67.1211;0.5;5.5352;0.0412
831;08-DAPI-1-40x-485ms.tif;NBL;0.1083;0.1083;84.0621;0.6182;9.1031;0.0669
832;08-DAPI-1-40x-485ms.tif;NBL;0.0927;0.0927;74.8115;0.2881;6.9324;0.0267
833;08-DAPI-1-40x-485ms.tif;NBL;0.1092;0.1092;53.7863;0.6004;5.8712;0.0655
834;08-DAPI-1-40x-485ms.tif;NBL;0.0893;0.0893;77.6525;0.1567;6.9345;0.014
835;08-DAPI-1-40x-485ms.tif;NBL;0.0482;0.0482;49.1959;0.3581;2.3701;0.0173
836;08-DAPI-1-40x-485ms.tif;NBL;0.0676;0.0676;79.5522;0.0899;5.3777;0.0061
837;08-DAPI-1-40x-485ms.tif;NBL;0.0693;0.0693;40.0986;0.5023;2.7803;0.0348
838;08-DAPI-1-40x-485ms.tif;NBL;0.07;0.07;73;0.1054;5.109;0.0074
839;08-DAPI-1-40x-485ms.tif;NBL;0.0653;0.0653;58.8472;0.103;3.844;0.0067
840;08-DAPI-1-40x-485ms.tif;NBL;0.0672;0.0672;75.2649;0.1034;5.0552;0.0069
841;09-DAPI-1-40x-485ms.tif;NBL;0.1507;0.1507;81.9899;1.1454;12.3572;0.1726
842;09-DAPI-1-40x-485ms.tif;NBL;0.1124;0.1124;63.7268;0.9208;7.1637;0.1035
843;09-DAPI-1-40x-485ms.tif;NBL;0.0877;0.0877;80.2661;1.0012;7.0372;0.0878
844;09-DAPI-1-40x-485ms.tif;NBL;0.0859;0.0859;54.0821;1.9407;4.6477;0.1668
845;09-DAPI-1-40x-485ms.tif;NBL;0.0554;0.0554;33.7143;1.4305;1.8694;0.0793
846;09-DAPI-1-40x-485ms.tif;NBL;0.0636;0.0636;106.7099;1.0341;6.7852;0.0658
847;09-DAPI-1-40x-485ms.tif;NBL;0.1076;0.1076;99.4133;1.498;10.7007;0.1612
848;09-DAPI-1-40x-485ms.tif;NBL;0.066;0.066;95.4062;0.9901;6.2942;0.0653
849;09-DAPI-1-40x-485ms.tif;NBL;0.0868;0.0868;101.9087;0.6637;8.8462;0.0576
850;09-DAPI-1-40x-485ms.tif;NBL;0.1127;0.1127;99.6439;1.1068;11.2337;0.1248
851;09-DAPI-1-40x-485ms.tif;NBL;0.1602;0.1602;113.04;1.3083;18.1041;0.2095
852;09-DAPI-1-40x-485ms.tif;NBL;0.103;0.103;60.4299;1.3024;6.2227;0.1341
853;09-DAPI-1-40x-485ms.tif;NBL;0.0978;0.0978;74.4961;0.9401;7.2831;0.0919
854;09-DAPI-1-40x-485ms.tif;NBL;0.063;0.063;80.0413;1.3356;5.046;0.0842
855;09-DAPI-1-40x-485ms.tif;NBL;0.0586;0.0586;70.4481;1.2741;4.1278;0.0747
856;09-DAPI-1-40x-485ms.tif;NBL;0.1271;0.1271;56.3373;0.9095;7.1583;0.1156
857;09-DAPI-1-40x-485ms.tif;NBL;0.1197;0.1197;86.3536;1.0653;10.3351;0.1275
858;09-DAPI-1-40x-485ms.tif;NBL;0.0883;0.0883;90.2076;0.7518;7.9676;0.0664
859;09-DAPI-1-40x-485ms.tif;NBL;0.0974;0.0974;54.3419;0.6626;5.295;0.0646
860;09-DAPI-1-40x-485ms.tif;NBL;0.1162;0.1162;67.62;0.4071;7.8582;0.0473
861;09-DAPI-1-40x-485ms.tif;NBL;0.1051;0.1051;43.3891;0.6563;4.5621;0.069
862;09-DAPI-1-40x-485ms.tif;NBL;0.0958;0.0958;97.6557;0.5798;9.3566;0.0556
863;09-DAPI-1-40x-485ms.tif;NBL;0.072;0.072;87.5467;0.9081;6.3076;0.0654
864;09-DAPI-1-40x-485ms.tif;NBL;0.0424;0.0424;42.3964;0.4987;1.7987;0.0212
865;09-DAPI-1-40x-485ms.tif;NBL;0.1136;0.1136;64.3935;0.5043;7.3155;0.0573
866;09-DAPI-1-40x-485ms.tif;NBL;0.0757;0.0757;73.6347;0.8381;5.5769;0.0635
867;09-DAPI-1-40x-485ms.tif;NBL;0.1264;0.1264;82.933;0.7948;10.4836;0.1005
868;09-DAPI-1-40x-485ms.tif;NBL;0.1096;0.1096;97.2792;1.598;10.661;0.1751
869;09-DAPI-1-40x-485ms.tif;NBL;0.1212;0.1212;56.8953;0.4109;6.8958;0.0498
870;09-DAPI-1-40x-485ms.tif;NBL;0.1128;0.1128;43.8298;0.5154;4.9461;0.0582
871;09-DAPI-1-40x-485ms.tif;NBL;0.0632;0.0632;39.744;0.7491;2.5099;0.0473
872;09-DAPI-1-40x-485ms.tif;NBL;0.1043;0.1043;71.8824;0.4089;7.4956;0.0426
873;09-DAPI-1-40x-485ms.tif;NBL;0.0764;0.0764;78.3409;0.419;5.9844;0.032
874;09-DAPI-1-40x-485ms.tif;NBL;0.098;0.098;72.4839;0.1816;7.1021;0.0178
875;09-DAPI-1-40x-485ms.tif;NBL;0.113;0.113;65.4765;0.2248;7.3959;0.0254
876;09-DAPI-1-40x-485ms.tif;NBL;0.1057;0.1057;73.2156;0.154;7.7378;0.0163
877;09-DAPI-1-40x-485ms.tif;NBL;0.073;0.073;87.8262;0.3848;6.4135;0.0281
878;09-DAPI-1-40x-485ms.tif;NBL;0.0614;0.0614;90.2597;0.5106;5.5433;0.0314
879;09-DAPI-1-40x-485ms.tif;NBL;0.0902;0.0902;77.0999;0.5584;6.952;0.0503
880;09-DAPI-1-40x-485ms.tif;NBL;0.1484;0.1484;64.7376;0.973;9.6095;0.1444
881;09-DAPI-1-40x-485ms.tif;NBL;0.1061;0.1061;63.411;1.5491;6.7292;0.1644
882;09-DAPI-1-40x-485ms.tif;NBL;0.1489;0.1489;81.2245;0.9461;12.092;0.1408
883;09-DAPI-1-40x-485ms.tif;NBL;0.092;0.092;60.9811;1.0743;5.6111;0.0988
884;09-DAPI-1-40x-485ms.tif;NBL;0.0924;0.0924;85.6995;2.0164;7.9227;0.1864
885;09-DAPI-1-40x-485ms.tif;NBL;0.1011;0.1011;89.5655;1.2768;9.0576;0.1291
886;09-DAPI-1-40x-485ms.tif;NBL;0.0909;0.0909;106.6301;1.0537;9.6957;0.0958
887;09-DAPI-1-40x-485ms.tif;NBL;0.0624;0.0624;72.7287;0.9565;4.5377;0.0597
888;09-DAPI-1-40x-485ms.tif;NBL;0.1048;0.1048;66.471;1.8841;6.9673;0.1975
889;09-DAPI-1-40x-485ms.tif;NBL;0.0696;0.0696;111.8721;1.0967;7.781;0.0763
890;09-DAPI-1-40x-485ms.tif;NBL;0.1073;0.1073;104.7937;0.5541;11.2458;0.0595
891;09-DAPI-1-40x-485ms.tif;NBL;0.1092;0.1092;94.6243;1.0885;10.329;0.1188
892;09-DAPI-1-40x-485ms.tif;NBL;0.098;0.098;76.1805;0.9878;7.4643;0.0968
893;09-DAPI-1-40x-485ms.tif;NBL;0.0906;0.0906;78.4958;1.1425;7.112;0.1035
894;09-DAPI-1-40x-485ms.tif;NBL;0.0735;0.0735;86.2836;1.0015;6.3383;0.0736
895;09-DAPI-1-40x-485ms.tif;NBL;0.0832;0.0832;94.7001;1.5293;7.8814;0.1273
896;09-DAPI-1-40x-485ms.tif;NBL;0.0956;0.0956;103.7015;1.4325;9.9133;0.1369
897;09-DAPI-1-40x-485ms.tif;NBL;0.0307;0.0307;87.9329;1.3852;2.7002;0.0425
898;09-DAPI-1-40x-485ms.tif;NBL;0.1072;0.1072;74.5223;0.8715;7.9891;0.0934
899;09-DAPI-1-40x-485ms.tif;NBL;0.0678;0.0678;99.0832;0.8816;6.7195;0.0598
900;09-DAPI-1-40x-485ms.tif;NBL;0.1208;0.1208;53.5103;0.5463;6.4623;0.066
901;09-DAPI-1-40x-485ms.tif;NBL;0.1134;0.1134;74.8555;0.1962;8.4878;0.0222
902;09-DAPI-1-40x-485ms.tif;NBL;0.1114;0.1114;85.1061;0.5648;9.4839;0.0629
903;09-DAPI-1-40x-485ms.tif;NBL;0.0704;0.0704;67.2373;0.5963;4.7349;0.042
904;09-DAPI-1-40x-485ms.tif;NBL;0.0661;0.0661;63.0279;0.6305;4.1649;0.0417
905;09-DAPI-1-40x-485ms.tif;NBL;0.0566;0.0566;81.9808;1.0613;4.6434;0.0601
906;09-DAPI-1-40x-485ms.tif;NBL;0.0941;0.0941;109.6978;1.0761;10.3199;0.1012
907;09-DAPI-1-40x-485ms.tif;NBL;0.0957;0.0957;105.381;0.907;10.0853;0.0868
908;09-DAPI-1-40x-485ms.tif;NBL;0.0623;0.0623;57.0923;1.0331;3.5559;0.0643
909;09-DAPI-1-40x-485ms.tif;NBL;0.0778;0.0778;94.0488;0.6904;7.3169;0.0537
910;09-DAPI-1-40x-485ms.tif;NBL;0.0762;0.0762;75.8519;0.2607;5.7778;0.0199
911;10-DAPI-1-40x-485ms.tif;NBL;0.0883;0.0883;98.812;0.7985;8.7275;0.0705
912;10-DAPI-1-40x-485ms.tif;NBL;0.0622;0.0622;60.1937;1.8569;3.7425;0.1155
913;10-DAPI-1-40x-485ms.tif;NBL;0.0862;0.0862;76.2103;1.6184;6.5659;0.1394
914;10-DAPI-1-40x-485ms.tif;NBL;0.0911;0.0911;87.3321;1.519;7.96;0.1385
915;10-DAPI-1-40x-485ms.tif;NBL;0.0945;0.0945;93.2285;1.1665;8.811;0.1102
916;10-DAPI-1-40x-485ms.tif;NBL;0.0492;0.0492;78.1038;1.4106;3.8391;0.0693
917;10-DAPI-1-40x-485ms.tif;NBL;0.0635;0.0635;97.4103;0.8974;6.1833;0.057
918;10-DAPI-1-40x-485ms.tif;NBL;0.109;0.109;95.992;1.6607;10.4679;0.1811
919;10-DAPI-1-40x-485ms.tif;NBL;0.0588;0.0588;75.441;1.9188;4.4367;0.1128
920;10-DAPI-1-40x-485ms.tif;NBL;0.0241;0.0241;82.4685;1.6892;1.9865;0.0407
921;10-DAPI-1-40x-485ms.tif;NBL;0.0707;0.0707;102.4187;0.5997;7.2458;0.0424
922;10-DAPI-1-40x-485ms.tif;NBL;0.0921;0.0921;85.8681;0.775;7.9104;0.0714
923;10-DAPI-1-40x-485ms.tif;NBL;0.0291;0.0291;75.1903;0.6231;2.1865;0.0181
924;10-DAPI-1-40x-485ms.tif;NBL;0.0818;0.0818;54.3249;0.4602;4.4446;0.0377
925;10-DAPI-1-40x-485ms.tif;NBL;0.0446;0.0446;57.8224;0.6545;2.5787;0.0292
926;10-DAPI-1-40x-485ms.tif;NBL;0.0678;0.0678;78.4624;0.8928;5.3211;0.0605
927;10-DAPI-1-40x-485ms.tif;NBL;0.0837;0.0837;68.5136;0.8236;5.7318;0.0689
928;10-DAPI-1-40x-485ms.tif;NBL;0.0915;0.0915;78.2539;0.1744;7.158;0.016
929;10-DAPI-1-40x-485ms.tif;NBL;0.0933;0.0933;66.5198;0.3047;6.2074;0.0284
930;10-DAPI-1-40x-485ms.tif;NBL;0.0741;0.0741;74.6281;0.202;5.5307;0.015
931;10-DAPI-1-40x-485ms.tif;NBL;0.0829;0.0829;87.9463;0.1806;7.2907;0.015
932;10-DAPI-1-40x-485ms.tif;NBL;0.0443;0.0443;81.1324;0.2181;3.5918;0.0097
933;10-DAPI-1-40x-485ms.tif;NBL;0.0575;0.0575;104.317;0.5642;5.9991;0.0324
934;10-DAPI-1-40x-485ms.tif;NBL;0.1128;0.1128;70.6433;0.2183;7.9719;0.0246
935;10-DAPI-1-40x-485ms.tif;NBL;0.0766;0.0766;109.3088;0.2195;8.3737;0.0168
936;10-DAPI-1-40x-485ms.tif;NBL;0.0798;0.0798;82.2014;0.7728;6.5558;0.0616
937;10-DAPI-1-40x-485ms.tif;NBL;0.1008;0.1008;80.4747;1.0043;8.1121;0.1012
938;10-DAPI-1-40x-485ms.tif;NBL;0.0799;0.0799;82.625;0.7283;6.5985;0.0582
939;10-DAPI-1-40x-485ms.tif;NBL;0.0346;0.0346;78.5078;1.185;2.7174;0.041
940;10-DAPI-1-40x-485ms.tif;NBL;0.0987;0.0987;89.6418;1.2659;8.8513;0.125
941;10-DAPI-1-40x-485ms.tif;NBL;0.0629;0.0629;103.6879;1.4328;6.5255;0.0902
942;10-DAPI-1-40x-485ms.tif;NBL;0.0768;0.0768;73.2825;1.226;5.6298;0.0942
943;10-DAPI-1-40x-485ms.tif;NBL;0.0699;0.0699;69.5963;0.4984;4.8633;0.0348
944;10-DAPI-1-40x-485ms.tif;NBL;0.0745;0.0745;78.6725;0.9432;5.8646;0.0703
945;10-DAPI-1-40x-485ms.tif;NBL;0.0958;0.0958;91.6444;1.325;8.7806;0.127
946;10-DAPI-1-40x-485ms.tif;NBL;0.074;0.074;88.0968;1.6965;6.5193;0.1255
947;10-DAPI-1-40x-485ms.tif;NBL;0.0791;0.0791;69.0233;1.5021;5.4599;0.1188
948;10-DAPI-1-40x-485ms.tif;NBL;0.0583;0.0583;103.9572;1.8752;6.0574;0.1093
949;10-DAPI-1-40x-485ms.tif;NBL;0.053;0.053;87.6537;1.8668;4.6414;0.0988
950;10-DAPI-1-40x-485ms.tif;NBL;0.1043;0.1043;105.1686;1.2393;10.9665;0.1292
951;10-DAPI-1-40x-485ms.tif;NBL;0.0726;0.0726;28.29;4.5426;2.0536;0.3298
952;10-DAPI-1-40x-485ms.tif;NBL;0.0739;0.0739;86.859;1.0499;6.4183;0.0776
953;10-DAPI-1-40x-485ms.tif;NBL;0.1005;0.1005;103.4687;1.1156;10.3963;0.1121
954;10-DAPI-1-40x-485ms.tif;NBL;0.0774;0.0774;87.7546;1.4979;6.7892;0.1159
955;10-DAPI-1-40x-485ms.tif;NBL;0.1158;0.1158;57.9419;1.4161;6.7083;0.164
956;10-DAPI-1-40x-485ms.tif;NBL;0.1037;0.1037;105.5921;1.4718;10.9533;0.1527
957;10-DAPI-1-40x-485ms.tif;NBL;0.0444;0.0444;75.0782;2.3154;3.3319;0.1028
958;10-DAPI-1-40x-485ms.tif;NBL;0.0661;0.0661;53.0115;1.8801;3.503;0.1242
959;10-DAPI-1-40x-485ms.tif;NBL;0.0414;0.0414;64.2618;1.5419;2.6636;0.0639
960;10-DAPI-1-40x-485ms.tif;NBL;0.0933;0.0933;108.536;0.9977;10.1281;0.0931
961;10-DAPI-1-40x-485ms.tif;NBL;0.1068;0.1068;102.7195;1.4085;10.9674;0.1504
962;10-DAPI-1-40x-485ms.tif;NBL;0.0765;0.0765;87.5177;1.7943;6.6949;0.1373
963;10-DAPI-1-40x-485ms.tif;NBL;0.0898;0.0898;90.1969;1.5906;8.1036;0.1429
964;10-DAPI-1-40x-485ms.tif;NBL;0.1117;0.1117;101.0097;1.5063;11.2781;0.1682
965;10-DAPI-1-40x-485ms.tif;NBL;0.0505;0.0505;80.4516;1.7097;4.0592;0.0863
966;10-DAPI-1-40x-485ms.tif;NBL;0.1191;0.1191;103.0264;1.4781;12.2746;0.1761
967;10-DAPI-1-40x-485ms.tif;NBL;0.0323;0.0323;70.7114;1.7685;2.2865;0.0572
968;10-DAPI-1-40x-485ms.tif;NBL;0.0865;0.0865;86.1857;1.2585;7.4533;0.1088
969;10-DAPI-1-40x-485ms.tif;NBL;0.0936;0.0936;110.6454;1.3418;10.361;0.1257
970;10-DAPI-1-40x-485ms.tif;NBL;0.0858;0.0858;111.0847;2.5841;9.5343;0.2218
971;10-DAPI-1-40x-485ms.tif;NBL;0.0367;0.0367;79.0651;1.8284;2.8997;0.0671
972;10-DAPI-1-40x-485ms.tif;NBL;0.0873;0.0873;101.405;1.5689;8.8575;0.137
973;10-DAPI-1-40x-485ms.tif;NBL;0.0463;0.0463;66.0211;2.4637;3.0589;0.1141
974;10-DAPI-1-40x-485ms.tif;NBL;0.0774;0.0774;110.5863;1.1473;8.5556;0.0888
975;10-DAPI-1-40x-485ms.tif;NBL;0.0952;0.0952;92.7697;1.1653;8.828;0.1109
976;10-DAPI-1-40x-485ms.tif;NBL;0.0982;0.0982;105.9525;1.1967;10.4044;0.1175
977;10-DAPI-1-40x-485ms.tif;NBL;0.0489;0.0489;92.4612;1.8581;4.5247;0.0909
978;10-DAPI-1-40x-485ms.tif;NBL;0.0883;0.0883;105.0909;1.5135;9.2821;0.1337
979;10-DAPI-1-40x-485ms.tif;NBL;0.0951;0.0951;98.0765;1.5034;9.3224;0.1429
980;10-DAPI-1-40x-485ms.tif;NBL;0.0765;0.0765;80.0099;1.2426;6.1206;0.0951
981;10-DAPI-1-40x-485ms.tif;NBL;0.0648;0.0648;110.5561;1.4573;7.1617;0.0944
982;10-DAPI-1-40x-485ms.tif;NBL;0.1364;0.1364;106.2482;1.2331;14.4915;0.1682
983;10-DAPI-1-40x-485ms.tif;NBL;0.0951;0.0951;97.4658;1.8059;9.2643;0.1717
984;10-DAPI-1-40x-485ms.tif;NBL;0.0328;0.0328;77.0927;1.8179;2.5263;0.0596
985;10-DAPI-1-40x-485ms.tif;NBL;0.0703;0.0703;69.5077;1.0741;4.8873;0.0755
986;10-DAPI-1-40x-485ms.tif;NBL;0.0725;0.0725;107.226;0.6422;7.772;0.0465
987;10-DAPI-1-40x-485ms.tif;NBL;0.084;0.084;121.239;1.3269;10.1822;0.1114
988;10-DAPI-1-40x-485ms.tif;NBL;0.0495;0.0495;88.6447;1.8202;4.3861;0.0901
989;10-DAPI-1-40x-485ms.tif;NBL;0.0994;0.0994;83.8734;5.7085;8.3364;0.5674
990;10-DAPI-1-40x-485ms.tif;NBL;0.0898;0.0898;109.7947;6.1051;9.8644;0.5485
991;10-DAPI-1-40x-485ms.tif;NBL;0.1086;0.1086;118.2068;3.4236;12.8391;0.3719
992;10-DAPI-1-40x-485ms.tif;NBL;0.0716;0.0716;106.5742;3.5894;7.6323;0.2571
993;10-DAPI-1-40x-485ms.tif;NBL;0.0693;0.0693;78.3787;1.3459;5.4345;0.0933
994;10-DAPI-1-40x-485ms.tif;NBL;0.0998;0.0998;101.9011;1.0554;10.1724;0.1054
995;10-DAPI-1-40x-485ms.tif;NBL;0.1047;0.1047;91.5782;0.8736;9.5891;0.0915
996;10-DAPI-1-40x-485ms.tif;NBL;0.0661;0.0661;105.1872;1.2857;6.9508;0.085
997;10-DAPI-1-40x-485ms.tif;NBL;0.1177;0.1177;96.8885;2.1493;11.4067;0.253
998;10-DAPI-1-40x-485ms.tif;NBL;0.1047;0.1047;92.6653;1.8943;9.7029;0.1984
999;10-DAPI-1-40x-485ms.tif;NBL;0.1032;0.1032;98.2471;2.7224;10.1381;0.2809
1000;10-DAPI-1-40x-485ms.tif;NBL;0.066;0.066;94.0888;2.1086;6.2072;0.1391
1001;10-DAPI-1-40x-485ms.tif;NBL;0.0579;0.0579;107.9157;0.8146;6.2529;0.0472
1002;10-DAPI-1-40x-485ms.tif;NBL;0.0477;0.0477;80.5205;2.45;3.8443;0.117
1003;10-DAPI-1-40x-485ms.tif;NBL;0.0831;0.0831;93.2428;0.0966;7.75;0.008
1004;10-DAPI-1-40x-485ms.tif;NBL;0.0523;0.0523;58.8444;0.0664;3.0776;0.0035
1005;10-DAPI-1-40x-485ms.tif;NBL;0.0777;0.0777;80.5154;0.0503;6.2553;0.0039
1006;10-DAPI-1-40x-485ms.tif;NBL;0.0448;0.0448;88.7167;0.2421;3.9757;0.0109
1007;10-DAPI-1-40x-485ms.tif;NBL;0.0547;0.0547;94.629;0.1071;5.175;0.0059
1008;10-DAPI-1-40x-485ms.tif;NBL;0.0482;0.0482;69.6284;0.0856;3.3545;0.0041
1009;10-DAPI-1-40x-485ms.tif;NBL;0.0789;0.0789;106.4594;0.2572;8.398;0.0203
1010;10-DAPI-1-40x-485ms.tif;NBL;0.0726;0.0726;111.0717;0.3333;8.0628;0.0242
1011;10-DAPI-1-40x-485ms.tif;NBL;0.0931;0.0931;108.9744;0.141;10.1454;0.0131
1012;10-DAPI-1-40x-485ms.tif;NBL;0.066;0.066;63.2155;0.1316;4.1705;0.0087
1013;10-DAPI-1-40x-485ms.tif;NBL;0.0639;0.0639;0;0.2258;0;0.0144
1014;11-DAPI-1-40x-485ms.tif;NBL;0.153;0.153;93.9213;1.7539;14.3695;0.2683
1015;11-DAPI-1-40x-485ms.tif;NBL;0.0881;0.0881;70.3079;2.1453;6.1947;0.189
1016;11-DAPI-1-40x-485ms.tif;NBL;0.1363;0.1363;57.9291;2.453;7.8949;0.3343
1017;11-DAPI-1-40x-485ms.tif;NBL;0.1238;0.1238;43.0351;1.1192;5.328;0.1386
1018;11-DAPI-1-40x-485ms.tif;NBL;0.1146;0.1146;38.1828;4.1903;4.3751;0.4801
1019;11-DAPI-1-40x-485ms.tif;NBL;0.0911;0.0911;73.5595;2.5619;6.7046;0.2335
1020;11-DAPI-1-40x-485ms.tif;NBL;0.1506;0.1506;96.5101;1.6542;14.5352;0.2491
1021;11-DAPI-1-40x-485ms.tif;NBL;0.113;0.113;74.1278;2.0192;8.3732;0.2281
1022;11-DAPI-1-40x-485ms.tif;NBL;0.038;0.038;86.6429;3.3229;3.2905;0.1262
1023;11-DAPI-1-40x-485ms.tif;NBL;0.0971;0.0971;111.6849;2.3855;10.8461;0.2317
1024;11-DAPI-1-40x-485ms.tif;NBL;0.0358;0.0358;85.2636;3.0273;3.0531;0.1084
1025;11-DAPI-1-40x-485ms.tif;NBL;0.1897;0.1897;53.7786;2.4577;10.2002;0.4661
1026;11-DAPI-1-40x-485ms.tif;NBL;0.1334;0.1334;93.4841;1.4548;12.4666;0.194
1027;11-DAPI-1-40x-485ms.tif;NBL;0.085;0.085;116.9413;1.4189;9.9354;0.1206
1028;11-DAPI-1-40x-485ms.tif;NBL;0.0369;0.0369;78.1088;2.7118;2.8816;0.1
1029;11-DAPI-1-40x-485ms.tif;NBL;0.0396;0.0396;81.9096;2.7068;3.244;0.1072
1030;11-DAPI-1-40x-485ms.tif;NBL;0.018;0.018;89.9398;1.6386;1.62;0.0295
1031;11-DAPI-1-40x-485ms.tif;NBL;0.1517;0.1517;43.2682;2.681;6.5635;0.4067
1032;11-DAPI-1-40x-485ms.tif;NBL;0.1451;0.1451;49.5916;1.2476;7.1944;0.181
1033;11-DAPI-1-40x-485ms.tif;NBL;0.1688;0.1688;55.1112;1.5141;9.3048;0.2556
1034;11-DAPI-1-40x-485ms.tif;NBL;0.2291;0.2291;36.9469;0.7215;8.463;0.1653
1035;11-DAPI-1-40x-485ms.tif;NBL;0.091;0.091;107.2181;0.8129;9.7609;0.074
1036;11-DAPI-1-40x-485ms.tif;NBL;0.1092;0.1092;35.834;1.7604;3.9116;0.1922
1037;11-DAPI-1-40x-485ms.tif;NBL;0.0965;0.0965;35.775;1.4016;3.451;0.1352
1038;11-DAPI-1-40x-485ms.tif;NBL;0.0935;0.0935;105.7761;0.5186;9.8936;0.0485
1039;11-DAPI-1-40x-485ms.tif;NBL;0.076;0.076;116.0729;1.2214;8.8163;0.0928
1040;11-DAPI-1-40x-485ms.tif;NBL;0.0632;0.0632;25.3419;2.5189;1.6004;0.1591
1041;11-DAPI-1-40x-485ms.tif;NBL;0.0528;0.0528;46.5606;1.2177;2.4604;0.0643
1042;11-DAPI-1-40x-485ms.tif;NBL;0.0312;0.0312;35.1111;0.9688;1.0972;0.0303
1043;11-DAPI-1-40x-485ms.tif;NBL;0.1975;0.1975;44.2231;1.0401;8.7333;0.2054
1044;11-DAPI-1-40x-485ms.tif;NBL;0.2189;0.2189;25.0223;0.4869;5.4763;0.1066
1045;11-DAPI-1-40x-485ms.tif;NBL;0.1565;0.1565;31.0187;1.4119;4.8534;0.2209
1046;11-DAPI-1-40x-485ms.tif;NBL;0.1246;0.1246;61.8963;0.6211;7.7102;0.0774
1047;11-DAPI-1-40x-485ms.tif;NBL;0.1642;0.1642;32.9491;0.6927;5.4093;0.1137
1048;11-DAPI-1-40x-485ms.tif;NBL;0.1447;0.1447;51.7309;0.2189;7.488;0.0317
1049;11-DAPI-1-40x-485ms.tif;NBL;0.1667;0.1667;56.1621;0.0618;9.3604;0.0103
1050;11-DAPI-1-40x-485ms.tif;NBL;0.0879;0.0879;92.1716;1.3198;8.101;0.116
1051;11-DAPI-1-40x-485ms.tif;NBL;0.0991;0.0991;110.4261;1.6166;10.9396;0.1602
1052;11-DAPI-1-40x-485ms.tif;NBL;0.0579;0.0579;123.264;0.9794;7.1423;0.0567
1053;11-DAPI-1-40x-485ms.tif;NBL;0.0763;0.0763;115.5832;1.1579;8.8167;0.0883
1054;11-DAPI-1-40x-485ms.tif;NBL;0.073;0.073;120.3596;1.4175;8.7893;0.1035
1055;11-DAPI-1-40x-485ms.tif;NBL;0.181;0.181;47.1577;1.3064;8.535;0.2364
1056;11-DAPI-1-40x-485ms.tif;NBL;0.0829;0.0829;75.6623;2.2369;6.2724;0.1854
1057;11-DAPI-1-40x-485ms.tif;NBL;0.0769;0.0769;70.0564;2.6037;5.3895;0.2003
1058;11-DAPI-1-40x-485ms.tif;NBL;0.0752;0.0752;96.5022;1.3232;7.2565;0.0995
1059;11-DAPI-1-40x-485ms.tif;NBL;0.1591;0.1591;55.3561;1.1446;8.8056;0.1821
1060;11-DAPI-1-40x-485ms.tif;NBL;0.1436;0.1436;69.4943;1.102;9.9762;0.1582
1061;11-DAPI-1-40x-485ms.tif;NBL;0.1328;0.1328;76.8007;1.54;10.2001;0.2045
1062;11-DAPI-1-40x-485ms.tif;NBL;0.1387;0.1387;54.0313;1.0055;7.4926;0.1394
1063;11-DAPI-1-40x-485ms.tif;NBL;0.1141;0.1141;83.0998;1.2538;9.4858;0.1431
1064;11-DAPI-1-40x-485ms.tif;NBL;0.022;0.022;80.1034;4.4236;1.7644;0.0974
1065;11-DAPI-1-40x-485ms.tif;NBL;0.0738;0.0738;61.0353;1.6838;4.5035;0.1242
1066;11-DAPI-1-40x-485ms.tif;NBL;0.0817;0.0817;61.8924;1.2085;5.057;0.0987
1067;11-DAPI-1-40x-485ms.tif;NBL;0.0674;0.0674;50.1465;1.4541;3.379;0.098
1068;11-DAPI-1-40x-485ms.tif;NBL;0.0609;0.0609;114.1159;2.3422;6.9465;0.1426
1069;11-DAPI-1-40x-485ms.tif;NBL;0.1555;0.1555;47.2973;2.3601;7.3543;0.367
1070;11-DAPI-1-40x-485ms.tif;NBL;0.1017;0.1017;54.3479;1.4717;5.5256;0.1496
1071;11-DAPI-1-40x-485ms.tif;NBL;0.0222;0.0222;64.3512;1.6634;1.4314;0.037
1072;11-DAPI-1-40x-485ms.tif;NBL;0.1338;0.1338;52.2895;1.5661;6.9958;0.2095
1073;11-DAPI-1-40x-485ms.tif;NBL;0.0485;0.0485;60.3803;9.5861;2.9286;0.465
1074;11-DAPI-1-40x-485ms.tif;NBL;0.1501;0.1501;59.5365;2.8894;8.9344;0.4336
1075;11-DAPI-1-40x-485ms.tif;NBL;0.0655;0.0655;63.7103;3.4669;4.1755;0.2272
1076;11-DAPI-1-40x-485ms.tif;NBL;0.1617;0.1617;74.8879;2.4383;12.1075;0.3942
1077;11-DAPI-1-40x-485ms.tif;NBL;0.1568;0.1568;68.0125;1.9509;10.6638;0.3059
1078;11-DAPI-1-40x-485ms.tif;NBL;0.0245;0.0245;97.1195;1.5885;2.3816;0.039
1079;11-DAPI-1-40x-485ms.tif;NBL;0.1119;0.1119;48.6489;2.2997;5.4424;0.2573
1080;11-DAPI-1-40x-485ms.tif;NBL;0.0965;0.0965;68.622;1.5118;6.6195;0.1458
1081;11-DAPI-1-40x-485ms.tif;NBL;0.1644;0.1644;88.3591;1.7881;14.5252;0.2939
1082;11-DAPI-1-40x-485ms.tif;NBL;0.1215;0.1215;58.6295;1.5598;7.1251;0.1896
1083;11-DAPI-1-40x-485ms.tif;NBL;0.1283;0.1283;73.0888;2.2563;9.374;0.2894
1084;11-DAPI-1-40x-485ms.tif;NBL;0.0275;0.0275;74.0316;0.9249;2.0323;0.0254
1085;11-DAPI-1-40x-485ms.tif;NBL;0.111;0.111;85.7126;1.7722;9.5143;0.1967
1086;11-DAPI-1-40x-485ms.tif;NBL;0.096;0.096;94.548;1.7955;9.0793;0.1724
1087;11-DAPI-1-40x-485ms.tif;NBL;0.1223;0.1223;41.1145;2.1996;5.0278;0.269
1088;11-DAPI-1-40x-485ms.tif;NBL;0.1458;0.1458;67.9859;1.2299;9.9146;0.1794
1089;11-DAPI-1-40x-485ms.tif;NBL;0.154;0.154;70.4489;1.4609;10.8471;0.2249
1090;11-DAPI-1-40x-485ms.tif;NBL;0.1491;0.1491;83.2635;1.4745;12.4136;0.2198
1091;11-DAPI-1-40x-485ms.tif;NBL;0.1128;0.1128;49.7375;1.5106;5.6127;0.1705
1092;11-DAPI-1-40x-485ms.tif;NBL;0.1247;0.1247;102.9365;1.3124;12.8336;0.1636
1093;11-DAPI-1-40x-485ms.tif;NBL;0.1533;0.1533;75.4154;2.3744;11.5627;0.364
1094;11-DAPI-1-40x-485ms.tif;NBL;0.0625;0.0625;97.4531;3.849;6.0908;0.2406
1095;11-DAPI-1-40x-485ms.tif;NBL;0.1377;0.1377;88.7344;1.5319;12.2183;0.2109
1096;11-DAPI-1-40x-485ms.tif;NBL;0.1444;0.1444;71.6416;1.5642;10.3467;0.2259
1097;11-DAPI-1-40x-485ms.tif;NBL;0.1049;0.1049;60.7466;1.9338;6.3739;0.2029
1098;11-DAPI-1-40x-485ms.tif;NBL;0.1053;0.1053;91.9021;1.0196;9.6729;0.1073
1099;11-DAPI-1-40x-485ms.tif;NBL;0.0495;0.0495;58.1996;1.1974;2.8797;0.0592
1100;11-DAPI-1-40x-485ms.tif;NBL;0.1398;0.1398;57.9503;0.7943;8.099;0.111
1101;11-DAPI-1-40x-485ms.tif;NBL;0.1186;0.1186;44.7539;1.3715;5.3077;0.1627
1102;11-DAPI-1-40x-485ms.tif;NBL;0.1335;0.1335;39.9846;0.152;5.3365;0.0203
1103;11-DAPI-1-40x-485ms.tif;NBL;0.1432;0.1432;35.0909;0.1523;5.026;0.0218
1104;11-DAPI-1-40x-485ms.tif;NBL;0.0977;0.0977;89.3433;0.3022;8.7249;0.0295
1105;12-DAPI-1-40x-485ms.tif;NBL;0.1255;0.1255;86.8021;0.5972;10.8974;0.075
1106;12-DAPI-1-40x-485ms.tif;NBL;0.0911;0.0911;71.6357;0.7357;6.5293;0.0671
1107;12-DAPI-1-40x-485ms.tif;NBL;0.077;0.077;82.3662;0.5986;6.3455;0.0461
1108;12-DAPI-1-40x-485ms.tif;NBL;0.1118;0.1118;52.9427;0.7981;5.917;0.0892
1109;12-DAPI-1-40x-485ms.tif;NBL;0.0578;0.0578;93.4765;0.8068;5.4061;0.0467
1110;12-DAPI-1-40x-485ms.tif;NBL;0.1016;0.1016;79.8675;0.7682;8.1115;0.078
1111;12-DAPI-1-40x-485ms.tif;NBL;0.0598;0.0598;66.6842;0.7459;3.9869;0.0446
1112;12-DAPI-1-40x-485ms.tif;NBL;0.0707;0.0707;93.5966;0.7147;6.6216;0.0506
1113;12-DAPI-1-40x-485ms.tif;NBL;0.0357;0.0357;89.5927;0.7264;3.1984;0.0259
1114;12-DAPI-1-40x-485ms.tif;NBL;0.0551;0.0551;71.8839;0.7126;3.9623;0.0393
1115;12-DAPI-1-40x-485ms.tif;NBL;0.0928;0.0928;68.3298;1.5789;6.3392;0.1465
1116;12-DAPI-1-40x-485ms.tif;NBL;0.0915;0.0915;77.019;0.8209;7.045;0.0751
1117;12-DAPI-1-40x-485ms.tif;NBL;0.0988;0.0988;58.5148;0.9517;5.7842;0.0941
1118;12-DAPI-1-40x-485ms.tif;NBL;0.0806;0.0806;67.0215;0.9502;5.4033;0.0766
1119;12-DAPI-1-40x-485ms.tif;NBL;0.045;0.045;85.9831;0.9735;3.8719;0.0438
1120;12-DAPI-1-40x-485ms.tif;NBL;0.0776;0.0776;104.6098;1.2;8.1159;0.0931
1121;12-DAPI-1-40x-485ms.tif;NBL;0.0254;0.0254;51.6368;0.7692;1.3111;0.0195
1122;12-DAPI-1-40x-485ms.tif;NBL;0.0681;0.0681;73.8838;0.8742;5.0346;0.0596
1123;12-DAPI-1-40x-485ms.tif;NBL;0.0778;0.0778;71.1492;0.6834;5.5354;0.0532
1124;12-DAPI-1-40x-485ms.tif;NBL;0.0723;0.0723;47.1577;0.8408;3.4079;0.0608
1125;12-DAPI-1-40x-485ms.tif;NBL;0.1393;0.1393;45.8061;0.9969;6.3818;0.1389
1126;12-DAPI-1-40x-485ms.tif;NBL;0.0891;0.0891;72.4397;0.7674;6.4532;0.0684
1127;12-DAPI-1-40x-485ms.tif;NBL;0.0834;0.0834;104.4408;1.801;8.7147;0.1503
1128;12-DAPI-1-40x-485ms.tif;NBL;0.0665;0.0665;74.2496;2.4519;4.9387;0.1631
1129;12-DAPI-1-40x-485ms.tif;NBL;0.0358;0.0358;89.8879;1.5333;3.2186;0.0549
1130;12-DAPI-1-40x-485ms.tif;NBL;0.0479;0.0479;99.4694;0.8753;4.7598;0.0419
1131;12-DAPI-1-40x-485ms.tif;NBL;0.0383;0.0383;93.5694;1.0227;3.584;0.0392
1132;12-DAPI-1-40x-485ms.tif;NBL;0.0771;0.0771;84.9226;1.4037;6.5516;0.1083
1133;12-DAPI-1-40x-485ms.tif;NBL;0.0956;0.0956;107.193;1.4915;10.2471;0.1426
1134;12-DAPI-1-40x-485ms.tif;NBL;0.066;0.066;107.0559;1.2089;7.0627;0.0798
1135;12-DAPI-1-40x-485ms.tif;NBL;0.0641;0.0641;112.4687;1.4129;7.2123;0.0906
1136;12-DAPI-1-40x-485ms.tif;NBL;0.0397;0.0397;109.7186;1.0792;4.3573;0.0429
1137;12-DAPI-1-40x-485ms.tif;NBL;0.0614;0.0614;102.1466;1.1449;6.2733;0.0703
1138;12-DAPI-1-40x-485ms.tif;NBL;0.0789;0.0789;97.121;0.8817;7.6613;0.0696
1139;12-DAPI-1-40x-485ms.tif;NBL;0.029;0.029;85.9551;0.6854;2.4902;0.0199
1140;12-DAPI-1-40x-485ms.tif;NBL;0.0456;0.0456;92.2881;2.319;4.2058;0.1057
1141;12-DAPI-1-40x-485ms.tif;NBL;0.0546;0.0546;96.8549;1.334;5.2862;0.0728
1142;12-DAPI-1-40x-485ms.tif;NBL;0.0371;0.0371;26.1667;2.3889;0.971;0.0887
1143;12-DAPI-1-40x-485ms.tif;NBL;0.0205;0.0205;64.8095;2.6825;1.3291;0.055
1144;12-DAPI-1-40x-485ms.tif;NBL;0.0575;0.0575;113.8434;1.1736;6.547;0.0675
1145;12-DAPI-1-40x-485ms.tif;NBL;0.0162;0.0162;81.5101;2.2215;1.3178;0.0359
1146;12-DAPI-1-40x-485ms.tif;NBL;0.0212;0.0212;50.5333;1.8154;1.0692;0.0384
1147;12-DAPI-1-40x-485ms.tif;NBL;0.0697;0.0697;111.9221;1.4688;7.7967;0.1023
1148;12-DAPI-1-40x-485ms.tif;NBL;0.071;0.071;103.6147;1.4572;7.3529;0.1034
1149;12-DAPI-1-40x-485ms.tif;NBL;0.0401;0.0401;97.0378;1.5892;3.8958;0.0638
1150;12-DAPI-1-40x-485ms.tif;NBL;0.0597;0.0597;80.8109;1.5455;4.8227;0.0922
1151;12-DAPI-1-40x-485ms.tif;NBL;0.024;0.024;73.8643;2.3394;1.7713;0.0561
1152;12-DAPI-1-40x-485ms.tif;NBL;0.0372;0.0372;107.0933;1.4402;3.9858;0.0536
1153;12-DAPI-1-40x-485ms.tif;NBL;0.0589;0.0589;93.4088;1.453;5.5036;0.0856
1154;12-DAPI-1-40x-485ms.tif;NBL;0.0826;0.0826;37.5821;0.9737;3.1033;0.0804
1155;12-DAPI-1-40x-485ms.tif;NBL;0.0643;0.0643;88.4654;0.7369;5.6923;0.0474
1156;12-DAPI-1-40x-485ms.tif;NBL;0.0584;0.0584;76.6171;1.3792;4.4727;0.0805
1157;12-DAPI-1-40x-485ms.tif;NBL;0.0527;0.0527;57.2243;2.0185;3.0177;0.1064
1158;12-DAPI-1-40x-485ms.tif;NBL;0.0983;0.0983;56.4614;2.1854;5.5506;0.2148
1159;12-DAPI-1-40x-485ms.tif;NBL;0.1434;0.1434;42.7564;2.0923;6.1332;0.3001
1160;12-DAPI-1-40x-485ms.tif;NBL;0.156;0.156;71.2107;1.1739;11.1112;0.1832
1161;12-DAPI-1-40x-485ms.tif;NBL;0.0218;0.0218;68.2886;1.4876;1.4894;0.0324
1162;12-DAPI-1-40x-485ms.tif;NBL;0.1162;0.1162;65.2372;0.7292;7.5813;0.0847
1163;12-DAPI-1-40x-485ms.tif;NBL;0.1067;0.1067;67.2096;0.9288;7.1687;0.0991
1164;12-DAPI-1-40x-485ms.tif;NBL;0.0803;0.0803;61.0581;1.5595;4.9027;0.1252
1165;12-DAPI-1-40x-485ms.tif;NBL;0.0575;0.0575;77.7849;0.8717;4.4733;0.0501
1166;12-DAPI-1-40x-485ms.tif;NBL;0.078;0.078;81.5257;0.4826;6.3604;0.0377
1167;12-DAPI-1-40x-485ms.tif;NBL;0.0785;0.0785;42.2213;0.5533;3.3123;0.0434
1168;12-DAPI-1-40x-485ms.tif;NBL;0.0674;0.0674;66.3027;0.3929;4.4677;0.0265
1169;12-DAPI-1-40x-485ms.tif;NBL;0.0688;0.0688;47.7555;1.4685;3.2853;0.101
1170;12-DAPI-1-40x-485ms.tif;NBL;0.1359;0.1359;77.7804;0.7859;10.5665;0.1068
1171;12-DAPI-1-40x-485ms.tif;NBL;0.0892;0.0892;89.9501;0.4538;8.0229;0.0405
1172;12-DAPI-1-40x-485ms.tif;NBL;0.0888;0.0888;84.7396;0.5355;7.5214;0.0475
1173;12-DAPI-1-40x-485ms.tif;NBL;0.07;0.07;49.9426;0.9085;3.4953;0.0636
1174;12-DAPI-1-40x-485ms.tif;NBL;0.071;0.071;81.3578;0.656;5.7734;0.0465
1175;12-DAPI-1-40x-485ms.tif;NBL;0.1015;0.1015;64.6374;0.6492;6.5577;0.0659
1176;12-DAPI-1-40x-485ms.tif;NBL;0.1017;0.1017;42.317;0.7012;4.3024;0.0713
1177;12-DAPI-1-40x-485ms.tif;NBL;0.1021;0.1021;78.9947;0.4591;8.0658;0.0469
1178;12-DAPI-1-40x-485ms.tif;NBL;0.1067;0.1067;78.0956;0.4608;8.3299;0.0492
1179;12-DAPI-1-40x-485ms.tif;NBL;0.1254;0.1254;61.4862;0.8512;7.7125;0.1068
1180;12-DAPI-1-40x-485ms.tif;NBL;0.0939;0.0939;72.9572;0.2879;6.8477;0.027
1181;12-DAPI-1-40x-485ms.tif;NBL;0.0887;0.0887;28.3978;1.4663;2.5175;0.13
1182;12-DAPI-1-40x-485ms.tif;NBL;0.0265;0.0265;60.6926;0.6639;1.6069;0.0176
1183;12-DAPI-1-40x-485ms.tif;NBL;0.0507;0.0507;77.6617;0.3426;3.9353;0.0174
1184;12-DAPI-1-40x-485ms.tif;NBL;0.0559;0.0559;76.5359;0.1417;4.2769;0.0079
1185;12-DAPI-1-40x-485ms.tif;NBL;0.0824;0.0824;54.029;0.6601;4.4497;0.0544
1186;12-DAPI-1-40x-485ms.tif;NBL;0.0609;0.0609;68.369;0.3405;4.1618;0.0207
1187;12-DAPI-1-40x-485ms.tif;NBL;0.0742;0.0742;49.6199;0.2792;3.6827;0.0207
1188;12-DAPI-1-40x-485ms.tif;NBL;0.0876;0.0876;75.6283;0.2875;6.6224;0.0252
1189;12-DAPI-1-40x-485ms.tif;NBL;0.105;0.105;40.8502;0.1023;4.2907;0.0107
1190;12-DAPI-1-40x-485ms.tif;NBL;0.1128;0.1128;80.8962;0.3788;9.1289;0.0428
1191;12-DAPI-1-40x-485ms.tif;NBL;0.0417;0.0417;110.2969;1.3151;4.5957;0.0548
1192;12-DAPI-1-40x-485ms.tif;NBL;0.0817;0.0817;102.66;1.6733;8.3879;0.1367
1193;12-DAPI-1-40x-485ms.tif;NBL;0.0614;0.0614;83.6113;0.9717;5.135;0.0597
1194;12-DAPI-1-40x-485ms.tif;NBL;0.0858;0.0858;102.3616;1.4589;8.7856;0.1252
1195;12-DAPI-1-40x-485ms.tif;NBL;0.0678;0.0678;94.0176;1.5424;6.376;0.1046
1196;12-DAPI-1-40x-485ms.tif;NBL;0.0825;0.0825;84.8066;0.9171;6.9936;0.0756
1197;12-DAPI-1-40x-485ms.tif;NBL;0.0674;0.0674;104.723;1.3994;7.0565;0.0943
1198;12-DAPI-1-40x-485ms.tif;NBL;0.0601;0.0601;78.4856;1.5253;4.718;0.0917
1199;12-DAPI-1-40x-485ms.tif;NBL;0.0622;0.0622;101.0733;1.438;6.2842;0.0894
1200;12-DAPI-1-40x-485ms.tif;NBL;0.0757;0.0757;99.9599;1.3668;7.5707;0.1035
1201;12-DAPI-1-40x-485ms.tif;NBL;0.0514;0.0514;93.5021;1.1983;4.809;0.0616
1202;12-DAPI-1-40x-485ms.tif;NBL;0.0662;0.0662;102.7328;2.041;6.7998;0.1351
1203;12-DAPI-1-40x-485ms.tif;NBL;0.0781;0.0781;98.6875;1.4347;7.71;0.1121
1204;12-DAPI-1-40x-485ms.tif;NBL;0.0431;0.0431;95.136;1.8111;4.0982;0.078
1205;12-DAPI-1-40x-485ms.tif;NBL;0.037;0.037;110.6129;0.9003;4.0928;0.0333
1206;12-DAPI-1-40x-485ms.tif;NBL;0.0335;0.0335;105.8382;1.1392;3.5486;0.0382
1207;12-DAPI-1-40x-485ms.tif;NBL;0.0642;0.0642;84.5355;1.5422;5.4302;0.0991
1208;12-DAPI-1-40x-485ms.tif;NBL;0.042;0.042;68.2067;1.4522;2.8641;0.061
1209;12-DAPI-1-40x-485ms.tif;NBL;0.0884;0.0884;101.3791;1.8503;8.9653;0.1636
1210;12-DAPI-1-40x-485ms.tif;NBL;0.0691;0.0691;89.2857;1.8116;6.1713;0.1252
1211;12-DAPI-1-40x-485ms.tif;NBL;0.0521;0.0521;74.5938;2.1292;3.8851;0.1109
1212;12-DAPI-1-40x-485ms.tif;NBL;0.074;0.074;79.5806;2.0718;5.8891;0.1533
1213;12-DAPI-1-40x-485ms.tif;NBL;0.0778;0.0778;93.2301;1.8828;7.2533;0.1465
1214;12-DAPI-1-40x-485ms.tif;NBL;0.0458;0.0458;94.7773;1.7275;4.3398;0.0791
1215;12-DAPI-1-40x-485ms.tif;NBL;0.0361;0.0361;62.8168;2.0691;2.2697;0.0748
1216;12-DAPI-1-40x-485ms.tif;NBL;0.0361;0.0361;73.1622;1.9459;2.6436;0.0703
1217;12-DAPI-1-40x-485ms.tif;NBL;0.0875;0.0875;89.335;2.1005;7.8129;0.1837
1218;12-DAPI-1-40x-485ms.tif;NBL;0.0384;0.0384;93.5282;1.5791;3.5926;0.0607
1219;12-DAPI-1-40x-485ms.tif;NBL;0.0367;0.0367;80.9586;2.1627;2.9692;0.0793
1220;12-DAPI-1-40x-485ms.tif;NBL;0.034;0.034;82.1342;2.1406;2.7895;0.0727
1221;12-DAPI-1-40x-485ms.tif;NBL;0.0485;0.0485;97.7964;1.4743;4.7434;0.0715
1222;12-DAPI-1-40x-485ms.tif;NBL;0.0636;0.0636;94.3567;1.7457;5.9997;0.111
1223;12-DAPI-1-40x-485ms.tif;NBL;0.1009;0.1009;85.3312;1.9151;8.6109;0.1933
1224;12-DAPI-1-40x-485ms.tif;NBL;0.0533;0.0533;89.7312;1.9145;4.7806;0.102
1225;12-DAPI-1-40x-485ms.tif;NBL;0.0425;0.0425;113.2628;1.727;4.8176;0.0735
1226;12-DAPI-1-40x-485ms.tif;NBL;0.0439;0.0439;118.2691;1.6815;5.1974;0.0739
1227;12-DAPI-1-40x-485ms.tif;NBL;0.0804;0.0804;63.5088;3.8826;5.1063;0.3122
1228;12-DAPI-1-40x-485ms.tif;NBL;0.0639;0.0639;51.2054;2.039;3.2726;0.1303
1229;12-DAPI-1-40x-485ms.tif;NBL;0.0314;0.0314;103.7855;1.4325;3.2546;0.0449
1230;12-DAPI-1-40x-485ms.tif;NBL;0.0496;0.0496;83.0197;1.5098;4.1168;0.0749
1231;12-DAPI-1-40x-485ms.tif;NBL;0.0481;0.0481;74.2235;1.4312;3.5678;0.0688
1232;12-DAPI-1-40x-485ms.tif;NBL;0.049;0.049;86.3628;1.5642;4.2357;0.0767
1233;12-DAPI-1-40x-485ms.tif;NBL;0.0324;0.0324;82.806;1.5117;2.6865;0.049
1234;12-DAPI-1-40x-485ms.tif;NBL;0.0538;0.0538;73.8165;1.8952;3.9728;0.102
1235;12-DAPI-1-40x-485ms.tif;NBL;0.041;0.041;75.2725;0.8466;3.0873;0.0347
1236;12-DAPI-1-40x-485ms.tif;NBL;0.0522;0.0522;71.4595;2.1705;3.7296;0.1133
1237;12-DAPI-1-40x-485ms.tif;NBL;0.0242;0.0242;82.9776;1.0673;2.0078;0.0258
1238;12-DAPI-1-40x-485ms.tif;NBL;0.0907;0.0907;78.7452;0.9019;7.1431;0.0818
1239;12-DAPI-1-40x-485ms.tif;NBL;0.0341;0.0341;108.2643;1.0605;3.6887;0.0361
1240;12-DAPI-1-40x-485ms.tif;NBL;0.0419;0.0419;91.3394;1.4611;3.8256;0.0612
1241;12-DAPI-1-40x-485ms.tif;NBL;0.0393;0.0393;117.1105;1.9061;4.6;0.0749
1242;12-DAPI-1-40x-485ms.tif;NBL;0.1015;0.1015;78.0695;1.893;7.9205;0.1921
1243;12-DAPI-1-40x-485ms.tif;NBL;0.054;0.054;80.9277;1.2912;4.373;0.0698
1244;12-DAPI-1-40x-485ms.tif;NBL;0.0786;0.0786;101.7514;1.2983;7.9935;0.102
1245;12-DAPI-1-40x-485ms.tif;NBL;0.0528;0.0528;96.4743;1.3696;5.098;0.0724
1246;12-DAPI-1-40x-485ms.tif;NBL;0.0394;0.0394;80.2176;1.292;3.1596;0.0509
1247;12-DAPI-1-40x-485ms.tif;NBL;0.0292;0.0292;93.0855;1.3457;2.717;0.0393
1248;12-DAPI-1-40x-485ms.tif;NBL;0.0379;0.0379;83.1805;1.5845;3.15;0.06
1249;12-DAPI-1-40x-485ms.tif;NBL;0.0566;0.0566;77.0211;2.3927;4.3625;0.1355
1250;12-DAPI-1-40x-485ms.tif;NBL;0.0543;0.0543;99.958;1.1;5.4231;0.0597
1251;14-DAPI-1-40x-485ms.tif;NBL;0.0846;0.0846;59.5769;1.3744;5.0423;0.1163
1252;14-DAPI-1-40x-485ms.tif;NBL;0.0964;0.0964;90.1892;0.9471;8.6901;0.0913
1253;14-DAPI-1-40x-485ms.tif;NBL;0.1026;0.1026;67.907;0.3256;6.9705;0.0334
1254;14-DAPI-1-40x-485ms.tif;NBL;0.1055;0.1055;79.4516;0.5597;8.3797;0.059
1255;14-DAPI-1-40x-485ms.tif;NBL;0.0844;0.0844;88.2828;0.8085;7.4527;0.0683
1256;14-DAPI-1-40x-485ms.tif;NBL;0.0535;0.0535;69.1217;0.6856;3.6976;0.0367
1257;14-DAPI-1-40x-485ms.tif;NBL;0.1057;0.1057;79.7392;0.7033;8.4273;0.0743
1258;14-DAPI-1-40x-485ms.tif;NBL;0.0757;0.0757;58.9312;1.1175;4.4633;0.0846
1259;14-DAPI-1-40x-485ms.tif;NBL;0.0768;0.0768;59.0452;0.6299;4.536;0.0484
1260;14-DAPI-1-40x-485ms.tif;NBL;0.1159;0.1159;52.6695;0.5215;6.1036;0.0604
1261;14-DAPI-1-40x-485ms.tif;NBL;0.1773;0.1773;76.4933;0.8054;13.5623;0.1428
1262;14-DAPI-1-40x-485ms.tif;NBL;0.1219;0.1219;76.5272;0.6242;9.3251;0.0761
1263;14-DAPI-1-40x-485ms.tif;NBL;0.0942;0.0942;64.6267;2.174;6.0868;0.2048
1264;14-DAPI-1-40x-485ms.tif;NBL;0.099;0.099;74.3224;1.0175;7.3548;0.1007
1265;14-DAPI-1-40x-485ms.tif;NBL;0.0636;0.0636;106.9778;1.4659;6.8022;0.0932
1266;14-DAPI-1-40x-485ms.tif;NBL;0.0597;0.0597;76.1473;1.3818;4.5444;0.0825
1267;14-DAPI-1-40x-485ms.tif;NBL;0.1317;0.1317;82.8641;1.2982;10.9155;0.171
1268;14-DAPI-1-40x-485ms.tif;NBL;0.07;0.07;94.7473;1.3194;6.6311;0.0923
1269;14-DAPI-1-40x-485ms.tif;NBL;0.1136;0.1136;108.3849;1.0888;12.3133;0.1237
1270;14-DAPI-1-40x-485ms.tif;NBL;0.1157;0.1157;92.1642;1.1154;10.6605;0.129
1271;14-DAPI-1-40x-485ms.tif;NBL;0.1164;0.1164;89.1631;0.8891;10.3811;0.1035
1272;14-DAPI-1-40x-485ms.tif;NBL;0.1144;0.1144;77.3824;0.3643;8.8499;0.0417
1273;14-DAPI-1-40x-485ms.tif;NBL;0.0809;0.0809;57.1139;0.2922;4.6232;0.0237
1274;14-DAPI-1-40x-485ms.tif;NBL;0.1457;0.1457;40.1273;0.5622;5.8475;0.0819
1275;14-DAPI-1-40x-485ms.tif;NBL;0.0951;0.0951;53.7568;0.492;5.1097;0.0468
1276;14-DAPI-1-40x-485ms.tif;NBL;0.1217;0.1217;70.5954;0.4091;8.5946;0.0498
1277;14-DAPI-1-40x-485ms.tif;NBL;0.0401;0.0401;61.8216;0.4162;2.482;0.0167
1278;14-DAPI-1-40x-485ms.tif;NBL;0.0497;0.0497;47.9258;0.1332;2.3817;0.0066
1279;14-DAPI-1-40x-485ms.tif;NBL;0.0487;0.0487;60.804;0.5345;2.9623;0.026
1280;14-DAPI-1-40x-485ms.tif;NBL;0.085;0.085;67.47;0.5785;5.7323;0.0492
1281;14-DAPI-1-40x-485ms.tif;NBL;0.0673;0.0673;78.8419;0.3194;5.304;0.0215
1282;14-DAPI-1-40x-485ms.tif;NBL;0.0548;0.0548;57.2871;0.2495;3.1391;0.0137
1283;14-DAPI-1-40x-485ms.tif;NBL;0.0622;0.0622;71.9459;0.1204;4.4732;0.0075
1284;14-DAPI-1-40x-485ms.tif;NBL;0.0362;0.0362;61.5479;0.3772;2.2306;0.0137
1285;14-DAPI-1-40x-485ms.tif;NBL;0.0808;0.0808;83.8644;0.294;6.7794;0.0238
1286;14-DAPI-1-40x-485ms.tif;NBL;0.0814;0.0814;71.8653;0.3107;5.8484;0.0253
1287;14-DAPI-1-40x-485ms.tif;NBL;0.0964;0.0964;63.8333;0.2477;6.1506;0.0239
1288;14-DAPI-1-40x-485ms.tif;NBL;0.0909;0.0909;75.5334;0.278;6.8682;0.0253
1289;14-DAPI-1-40x-485ms.tif;NBL;0.0581;0.0581;46.8505;0.2262;2.7197;0.0131
1290;14-DAPI-1-40x-485ms.tif;NBL;0.0908;0.0908;51.9881;0.1075;4.7216;0.0098
1291;14-DAPI-1-40x-485ms.tif;NBL;0.0768;0.0768;79.0226;0.1441;6.0707;0.0111
1292;14-DAPI-1-40x-485ms.tif;NBL;0.0754;0.0754;73.4173;0.1813;5.5366;0.0137
1293;14-DAPI-1-40x-485ms.tif;NBL;0.1053;0.1053;64.9464;0.3278;6.8357;0.0345
1294;14-DAPI-1-40x-485ms.tif;NBL;0.0975;0.0975;73.6785;0.4316;7.1872;0.0421
1295;14-DAPI-1-40x-485ms.tif;NBL;0.0361;0.0361;53.5766;0.6276;1.9359;0.0227
1296;14-DAPI-1-40x-485ms.tif;NBL;0.0821;0.0821;64.4927;0.3884;5.2974;0.0319
1297;14-DAPI-1-40x-485ms.tif;NBL;0.0448;0.0448;77.8935;1.3511;3.4907;0.0605
1298;14-DAPI-1-40x-485ms.tif;NBL;0.0817;0.0817;93.5139;1.3493;7.6406;0.1102
1299;14-DAPI-1-40x-485ms.tif;NBL;0.0404;0.0404;90.328;1.3333;3.6461;0.0538
1300;14-DAPI-1-40x-485ms.tif;NBL;0.0728;0.0728;87.4888;0.9672;6.3699;0.0704
1301;14-DAPI-1-40x-485ms.tif;NBL;0.083;0.083;82.881;1.0928;6.8798;0.0907
1302;14-DAPI-1-40x-485ms.tif;NBL;0.0576;0.0576;73.3879;0.8004;4.2284;0.0461
1303;14-DAPI-1-40x-485ms.tif;NBL;0.0714;0.0714;75.696;0.6824;5.4045;0.0487
1304;14-DAPI-1-40x-485ms.tif;NBL;0.069;0.069;75.1478;0.8097;5.186;0.0559
1305;14-DAPI-1-40x-485ms.tif;NBL;0.1079;0.1079;90.9034;0.669;9.8045;0.0722
1306;14-DAPI-1-40x-485ms.tif;NBL;0.0966;0.0966;66.1517;0.7022;6.3883;0.0678
1307;14-DAPI-1-40x-485ms.tif;NBL;0.0551;0.0551;68.8858;0.6398;3.7971;0.0353
1308;14-DAPI-1-40x-485ms.tif;NBL;0.0626;0.0626;104.7747;0.7678;6.5598;0.0481
1309;14-DAPI-1-40x-485ms.tif;NBL;0.0697;0.0697;53.109;1.472;3.6997;0.1025
1310;14-DAPI-1-40x-485ms.tif;NBL;0.0474;0.0474;50.3181;1.5034;2.386;0.0713
1311;14-DAPI-1-40x-485ms.tif;NBL;0.0616;0.0616;55.8099;1.6039;3.4397;0.0988
1312;14-DAPI-1-40x-485ms.tif;NBL;0.0816;0.0816;75.8617;1.3391;6.1901;0.1093
1313;14-DAPI-1-40x-485ms.tif;NBL;0.0871;0.0871;97.1557;1.2951;8.4653;0.1128
1314;14-DAPI-1-40x-485ms.tif;NBL;0.0904;0.0904;61.2113;1.7131;5.5327;0.1548
1315;14-DAPI-1-40x-485ms.tif;NBL;0.0964;0.0964;64.7511;2.4099;6.239;0.2322
1316;14-DAPI-1-40x-485ms.tif;NBL;0.078;0.078;80.9138;1.2837;6.3126;0.1002
1317;14-DAPI-1-40x-485ms.tif;NBL;0.0461;0.0461;53.9482;2.1671;2.4878;0.0999
1318;14-DAPI-1-40x-485ms.tif;NBL;0.1279;0.1279;65.1908;1.4809;8.3398;0.1895
1319;14-DAPI-1-40x-485ms.tif;NBL;0.0646;0.0646;86.3966;1.3412;5.5779;0.0866
1320;14-DAPI-1-40x-485ms.tif;NBL;0.1092;0.1092;77.7654;1.3509;8.4887;0.1475
1321;14-DAPI-1-40x-485ms.tif;NBL;0.0751;0.0751;112.3035;1.3743;8.4325;0.1032
1322;14-DAPI-1-40x-485ms.tif;NBL;0.1053;0.1053;79.2814;0.968;8.3445;0.1019
1323;14-DAPI-1-40x-485ms.tif;NBL;0.0894;0.0894;103.8095;1.3034;9.2816;0.1165
1324;14-DAPI-1-40x-485ms.tif;NBL;0.0565;0.0565;77.048;1.3877;4.3557;0.0785
1325;14-DAPI-1-40x-485ms.tif;NBL;0.0634;0.0634;102.0685;1.3082;6.4679;0.0829
1326;14-DAPI-1-40x-485ms.tif;NBL;0.0674;0.0674;96.694;1.533;6.5155;0.1033
1327;14-DAPI-1-40x-485ms.tif;NBL;0.0348;0.0348;96.4081;1.2555;3.358;0.0437
1328;14-DAPI-1-40x-485ms.tif;NBL;0.0723;0.0723;90.3018;1.2357;6.5257;0.0893
1329;14-DAPI-1-40x-485ms.tif;NBL;0.0552;0.0552;45.1807;2.3811;2.4953;0.1315
1330;14-DAPI-1-40x-485ms.tif;NBL;0.1124;0.1124;64.918;1.7085;7.2976;0.1921
1331;14-DAPI-1-40x-485ms.tif;NBL;0.0953;0.0953;72.885;1.6071;6.9437;0.1531
1332;14-DAPI-1-40x-485ms.tif;NBL;0.0836;0.0836;58.3818;1.8208;4.8778;0.1521
1333;14-DAPI-1-40x-485ms.tif;NBL;0.0523;0.0523;81.5415;1.5913;4.2646;0.0832
1334;14-DAPI-1-40x-485ms.tif;NBL;0.0779;0.0779;101.1281;1.5125;7.8787;0.1178
1335;14-DAPI-1-40x-485ms.tif;NBL;0.0599;0.0599;93.4058;1.9565;5.5946;0.1172
1336;14-DAPI-1-40x-485ms.tif;NBL;0.077;0.077;105.5563;1.3127;8.1321;0.1011
1337;14-DAPI-1-40x-485ms.tif;NBL;0.0374;0.0374;106.5275;1.5623;3.9878;0.0585
1338;14-DAPI-1-40x-485ms.tif;NBL;0.0439;0.0439;100.9827;1.3753;4.4377;0.0604
1339;14-DAPI-1-40x-485ms.tif;NBL;0.0503;0.0503;106.3039;1.2565;5.3521;0.0633
1340;14-DAPI-1-40x-485ms.tif;NBL;0.0444;0.0444;102.1883;1.5232;4.535;0.0676
1341;14-DAPI-1-40x-485ms.tif;NBL;0.074;0.074;104.7859;1.585;7.7543;0.1173
1342;14-DAPI-1-40x-485ms.tif;NBL;0.0747;0.0747;105.2616;1.6177;7.8581;0.1208
1343;14-DAPI-1-40x-485ms.tif;NBL;0.0428;0.0428;75.0685;1.8934;3.2093;0.0809
1344;14-DAPI-1-40x-485ms.tif;NBL;0.1096;0.1096;95.8663;1.2366;10.5062;0.1355
1345;14-DAPI-1-40x-485ms.tif;NBL;0.0787;0.0787;70.2828;1.2593;5.529;0.0991
1346;14-DAPI-1-40x-485ms.tif;NBL;0.1197;0.1197;83.5385;1.3953;9.9982;0.167
1347;14-DAPI-1-40x-485ms.tif;NBL;0.0528;0.0528;104.3778;1.5749;5.5156;0.0832
1348;14-DAPI-1-40x-485ms.tif;NBL;0.0837;0.0837;103.2387;1.3502;8.6368;0.113
1349;14-DAPI-1-40x-485ms.tif;NBL;0.0312;0.0312;55.1042;1.2222;1.722;0.0382
1350;14-DAPI-1-40x-485ms.tif;NBL;0.013;0.013;69.7917;1.8583;0.9087;0.0242
1351;14-DAPI-1-40x-485ms.tif;NBL;0.0692;0.0692;103.7649;1.4906;7.1834;0.1032
1352;14-DAPI-1-40x-485ms.tif;NBL;0.043;0.043;89.1263;1.4444;3.8296;0.0621
1353;14-DAPI-1-40x-485ms.tif;NBL;0.0744;0.0744;92.9913;1.605;6.9219;0.1195
1354;14-DAPI-1-40x-485ms.tif;NBL;0.0642;0.0642;102.1453;1.2348;6.5614;0.0793
1355;14-DAPI-1-40x-485ms.tif;NBL;0.0688;0.0688;104.0994;1.4448;7.1613;0.0994
1356;14-DAPI-1-40x-485ms.tif;NBL;0.0566;0.0566;66.4713;2.4061;3.765;0.1363
1357;14-DAPI-1-40x-485ms.tif;NBL;0.1426;0.1426;56.2085;1.5289;8.0141;0.218
1358;14-DAPI-1-40x-485ms.tif;NBL;0.0643;0.0643;62.9359;1.5936;4.0496;0.1025
1359;15-DAPI-1-40x-485ms.tif;NBL;0.1159;0.1159;86.0272;0.8109;9.9693;0.094
1360;15-DAPI-1-40x-485ms.tif;NBL;0.0791;0.0791;101.8093;1.2593;8.0533;0.0996
1361;15-DAPI-1-40x-485ms.tif;NBL;0.0594;0.0594;59.1481;1.1846;3.5106;0.0703
1362;15-DAPI-1-40x-485ms.tif;NBL;0.1019;0.1019;59.7401;0.5847;6.0868;0.0596
1363;15-DAPI-1-40x-485ms.tif;NBL;0.0876;0.0876;84.0991;1.3383;7.3641;0.1172
1364;15-DAPI-1-40x-485ms.tif;NBL;0.1583;0.1583;50.7882;1.6532;8.0404;0.2617
1365;15-DAPI-1-40x-485ms.tif;NBL;0.1138;0.1138;94.0296;1.2717;10.7028;0.1447
1366;15-DAPI-1-40x-485ms.tif;NBL;0.1098;0.1098;101.2164;0.8765;11.1145;0.0962
1367;15-DAPI-1-40x-485ms.tif;NBL;0.0712;0.0712;90.1387;0.8567;6.4161;0.061
1368;15-DAPI-1-40x-485ms.tif;NBL;0.0799;0.0799;105.7133;0.663;8.4424;0.053
1369;15-DAPI-1-40x-485ms.tif;NBL;0.0678;0.0678;103.7056;0.9584;7.033;0.065
1370;15-DAPI-1-40x-485ms.tif;NBL;0.1043;0.1043;103.1061;0.2393;10.7514;0.025
1371;15-DAPI-1-40x-485ms.tif;NBL;0.087;0.087;61.0374;0.4302;5.3116;0.0374
1372;15-DAPI-1-40x-485ms.tif;NBL;0.0715;0.0715;65.8771;0.8862;4.7106;0.0634
1373;15-DAPI-1-40x-485ms.tif;NBL;0.1277;0.1277;93.3364;0.4019;11.9202;0.0513
1374;15-DAPI-1-40x-485ms.tif;NBL;0.1118;0.1118;72.1515;0.6777;8.0638;0.0757
1375;15-DAPI-1-40x-485ms.tif;NBL;0.1094;0.1094;73.8135;1.4603;8.0734;0.1597
1376;15-DAPI-1-40x-485ms.tif;NBL;0.0656;0.0656;68.8479;1.3719;4.5196;0.0901
1377;15-DAPI-1-40x-485ms.tif;NBL;0.0777;0.0777;101.9441;1.3156;7.9201;0.1022
1378;15-DAPI-1-40x-485ms.tif;NBL;0.1047;0.1047;103.9648;1.3451;10.8861;0.1408
1379;15-DAPI-1-40x-485ms.tif;NBL;0.0461;0.0461;93.9671;1.4047;4.3333;0.0648
1380;15-DAPI-1-40x-485ms.tif;NBL;0.096;0.096;62.4554;0.1672;5.9975;0.0161
1381;15-DAPI-1-40x-485ms.tif;NBL;0.0822;0.0822;65.4789;0.3905;5.3855;0.0321
1382;15-DAPI-1-40x-485ms.tif;NBL;0.0582;0.0582;60.2929;0.25;3.5066;0.0145
1383;15-DAPI-1-40x-485ms.tif;NBL;0.0725;0.0725;80.7335;11.488;5.8518;0.8327
1384;15-DAPI-1-40x-485ms.tif;NBL;0.0516;0.0516;119.1071;1.5084;6.1518;0.0779
1385;15-DAPI-1-40x-485ms.tif;NBL;0.0629;0.0629;70.2362;0.6603;4.4202;0.0416
1386;15-DAPI-1-40x-485ms.tif;NBL;0.0854;0.0854;91.1283;0.4676;7.7819;0.0399
1387;15-DAPI-1-40x-485ms.tif;NBL;0.0558;0.0558;82.5175;0.5389;4.6022;0.0301
1388;15-DAPI-1-40x-485ms.tif;NBL;0.0559;0.0559;81.101;0.1495;4.532;0.0084
1389;15-DAPI-1-40x-485ms.tif;NBL;0.0409;0.0409;74.4854;1.2812;3.047;0.0524
1390;15-DAPI-1-40x-485ms.tif;NBL;0.0725;0.0725;107.6347;1.4281;7.8016;0.1035
1391;15-DAPI-1-40x-485ms.tif;NBL;0.0685;0.0685;92.626;0.6466;6.3419;0.0443
1392;15-DAPI-1-40x-485ms.tif;NBL;0.0731;0.0731;98.8709;1.3605;7.2308;0.0995
1393;15-DAPI-1-40x-485ms.tif;NBL;0.1092;0.1092;105.337;1.2853;11.4984;0.1403
1394;15-DAPI-1-40x-485ms.tif;NBL;0.0788;0.0788;92.1997;0.9931;7.2631;0.0782
1395;15-DAPI-1-40x-485ms.tif;NBL;0.1099;0.1099;47.1925;1.7611;5.1873;0.1936
1396;15-DAPI-1-40x-485ms.tif;NBL;0.0741;0.0741;60.6911;1.7174;4.4978;0.1273
1397;15-DAPI-1-40x-485ms.tif;NBL;0.0698;0.0698;81.2395;1.2706;5.6681;0.0887
1398;15-DAPI-1-40x-485ms.tif;NBL;0.0843;0.0843;105.6216;1.3526;8.9049;0.114
1399;15-DAPI-1-40x-485ms.tif;NBL;0.0722;0.0722;71.2662;1.6391;5.1424;0.1183
1400;15-DAPI-1-40x-485ms.tif;NBL;0.0532;0.0532;91.4388;1.4816;4.8617;0.0788
1401;15-DAPI-1-40x-485ms.tif;NBL;0.0586;0.0586;119.1685;1.75;6.9825;0.1025
1402;15-DAPI-1-40x-485ms.tif;NBL;0.0725;0.0725;112.4311;1.8323;8.1493;0.1328
1403;15-DAPI-1-40x-485ms.tif;NBL;0.0933;0.0933;71.6151;1.8337;6.6828;0.1711
1404;15-DAPI-1-40x-485ms.tif;NBL;0.0566;0.0566;86.5096;1.9962;4.9;0.1131
1405;15-DAPI-1-40x-485ms.tif;NBL;0.1357;0.1357;83.7914;1.5396;11.374;0.209
1406;15-DAPI-1-40x-485ms.tif;NBL;0.1338;0.1338;110.8832;1.4509;14.835;0.1941
1407;15-DAPI-1-40x-485ms.tif;NBL;0.0343;0.0343;94.8354;1.4747;3.2517;0.0506
1408;15-DAPI-1-40x-485ms.tif;NBL;0.0832;0.0832;99.575;1.3351;8.2871;0.1111
1409;15-DAPI-1-40x-485ms.tif;NBL;0.0939;0.0939;105.0439;1.3179;9.8593;0.1237
1410;15-DAPI-1-40x-485ms.tif;NBL;0.091;0.091;102.9404;1.124;9.3714;0.1023
1411;15-DAPI-1-40x-485ms.tif;NBL;0.0665;0.0665;92.7912;1.2398;6.172;0.0825
1412;15-DAPI-1-40x-485ms.tif;NBL;0.0922;0.0922;98.9765;1.3671;9.1287;0.1261
1413;15-DAPI-1-40x-485ms.tif;NBL;0.0664;0.0664;112.7549;1.3611;7.4876;0.0904
1414;15-DAPI-1-40x-485ms.tif;NBL;0.1613;0.1613;60.004;1.6812;9.6816;0.2713
1415;15-DAPI-1-40x-485ms.tif;NBL;0.0958;0.0958;99.7044;1.3182;9.5528;0.1263
1416;15-DAPI-1-40x-485ms.tif;NBL;0.0492;0.0492;93.0265;1.8344;4.5726;0.0902
1417;15-DAPI-1-40x-485ms.tif;NBL;0.0405;0.0405;53.3271;2.0965;2.1583;0.0849
1418;15-DAPI-1-40x-485ms.tif;NBL;0.0507;0.0507;72.1884;1.6788;3.658;0.0851
1419;15-DAPI-1-40x-485ms.tif;NBL;0.096;0.096;89.6904;1.2881;8.6128;0.1237
1420;15-DAPI-1-40x-485ms.tif;NBL;0.0817;0.0817;109.988;1.429;8.9867;0.1168
1421;15-DAPI-1-40x-485ms.tif;NBL;0.0728;0.0728;79.6855;1.5261;5.8018;0.1111
1422;15-DAPI-1-40x-485ms.tif;NBL;0.0777;0.0777;89.1746;1.3715;6.9281;0.1066
1423;15-DAPI-1-40x-485ms.tif;NBL;0.1076;0.1076;80.8558;1.0655;8.7032;0.1147
1424;15-DAPI-1-40x-485ms.tif;NBL;0.0589;0.0589;78.5083;1.035;4.6257;0.061
1425;15-DAPI-1-40x-485ms.tif;NBL;0.0567;0.0567;105.6367;1.8356;5.9948;0.1042
1426;15-DAPI-1-40x-485ms.tif;NBL;0.0938;0.0938;102.9479;1.5243;9.6514;0.1429
1427;15-DAPI-1-40x-485ms.tif;NBL;0.087;0.087;67.485;1.8329;5.8727;0.1595
1428;15-DAPI-1-40x-485ms.tif;NBL;0.0714;0.0714;114.0912;1.6337;8.1458;0.1166
1429;15-DAPI-1-40x-485ms.tif;NBL;0.078;0.078;99.911;1.4409;7.7947;0.1124
1430;15-DAPI-1-40x-485ms.tif;NBL;0.0547;0.0547;86.1151;1.4881;4.7094;0.0814
1431;15-DAPI-1-40x-485ms.tif;NBL;0.07;0.07;105.7566;1.7132;7.4016;0.1199
1432;15-DAPI-1-40x-485ms.tif;NBL;0.0862;0.0862;103.1083;1.403;8.8832;0.1209
1433;15-DAPI-1-40x-485ms.tif;NBL;0.0256;0.0256;69.4407;1.7924;1.7782;0.0459
1434;15-DAPI-1-40x-485ms.tif;NBL;0.0509;0.0509;80.548;2.3518;4.0991;0.1197
1435;15-DAPI-1-40x-485ms.tif;NBL;0.1002;0.1002;94.8537;1.5536;9.4998;0.1556
1436;15-DAPI-1-40x-485ms.tif;NBL;0.049;0.049;76.1372;1.5022;3.7342;0.0737
1437;15-DAPI-1-40x-485ms.tif;NBL;0.0356;0.0356;56.9299;1.4909;2.0262;0.0531
1438;15-DAPI-1-40x-485ms.tif;NBL;0.0651;0.0651;107.4117;1.5033;6.9929;0.0979
1439;15-DAPI-1-40x-485ms.tif;NBL;0.0633;0.0633;112.2093;1.1527;7.0983;0.0729
1440;15-DAPI-1-40x-485ms.tif;NBL;0.1771;0.1771;68.7702;1.5221;12.1781;0.2695
1441;15-DAPI-1-40x-485ms.tif;NBL;0.0994;0.0994;93.6015;1.3734;9.3033;0.1365
1442;15-DAPI-1-40x-485ms.tif;NBL;0.0645;0.0645;101.8434;1.1667;6.5641;0.0752
1443;15-DAPI-1-40x-485ms.tif;NBL;0.0451;0.0451;65.2476;1.6995;2.9452;0.0767
1444;15-DAPI-1-40x-485ms.tif;NBL;0.0931;0.0931;70.1492;0.9359;6.5308;0.0871
1445;15-DAPI-1-40x-485ms.tif;NBL;0.0789;0.0789;88.1953;1.2297;6.9572;0.097
1446;15-DAPI-1-40x-485ms.tif;NBL;0.1131;0.1131;95.1516;1.3964;10.7582;0.1579
